Date,NAV
2006-04-01,10.00070
2006-04-02,10.00070
2006-04-03,10.00070
2006-04-04,10.00070
2006-04-05,10.00070
2006-04-06,10.00070
2006-04-07,10.00070
2006-04-08,10.00070
2006-04-09,10.00070
2006-04-10,10.00070
2006-04-11,10.00070
2006-04-12,10.00070
2006-04-13,10.00070
2006-04-14,10.00070
2006-04-15,10.00070
2006-04-16,10.00070
2006-04-17,10.00070
2006-04-18,10.00070
2006-04-19,10.00070
2006-04-20,10.00070
2006-04-21,10.00070
2006-04-22,10.00070
2006-04-23,10.00070
2006-04-24,10.00070
2006-04-25,10.00070
2006-04-26,10.00070
2006-04-27,10.00070
2006-04-28,10.00070
2006-04-29,10.00070
2006-04-30,10.00070
2006-05-01,10.00070
2006-05-02,10.00070
2006-05-03,10.00070
2006-05-04,10.00070
2006-05-05,10.00070
2006-05-06,10.00070
2006-05-07,10.00070
2006-05-08,10.00070
2006-05-09,10.00070
2006-05-10,10.00070
2006-05-11,10.00070
2006-05-12,10.00070
2006-05-13,10.00070
2006-05-14,10.00070
2006-05-15,10.00070
2006-05-16,10.00070
2006-05-17,10.00070
2006-05-18,10.00070
2006-05-19,10.00070
2006-05-20,10.00070
2006-05-21,10.00070
2006-05-22,10.00070
2006-05-23,10.00070
2006-05-24,10.00070
2006-05-25,10.00070
2006-05-26,10.00070
2006-05-27,10.00070
2006-05-28,10.00070
2006-05-29,10.00070
2006-05-30,10.00070
2006-05-31,10.00070
2006-06-01,10.00070
2006-06-02,10.00070
2006-06-03,10.00070
2006-06-04,10.00070
2006-06-05,10.00070
2006-06-06,10.00070
2006-06-07,10.00070
2006-06-08,10.00070
2006-06-09,10.00070
2006-06-10,10.00070
2006-06-11,10.00070
2006-06-12,10.00070
2006-06-13,10.00070
2006-06-14,10.00070
2006-06-15,10.00070
2006-06-16,10.00070
2006-06-17,10.00070
2006-06-18,10.00070
2006-06-19,10.00070
2006-06-20,10.00070
2006-06-21,10.00070
2006-06-22,10.00070
2006-06-23,10.00070
2006-06-24,10.00070
2006-06-25,10.00070
2006-06-26,10.00070
2006-06-27,10.00070
2006-06-28,10.00070
2006-06-29,10.00070
2006-06-30,10.00070
2006-07-01,10.00070
2006-07-02,10.00070
2006-07-03,10.00070
2006-07-04,10.00070
2006-07-05,10.00070
2006-07-06,10.00070
2006-07-07,10.00070
2006-07-08,10.00070
2006-07-09,10.00070
2006-07-10,10.00070
2006-07-11,10.00070
2006-07-12,10.00070
2006-07-13,10.00070
2006-07-14,10.00070
2006-07-15,10.00070
2006-07-16,10.00070
2006-07-17,10.00070
2006-07-18,10.00070
2006-07-19,10.00070
2006-07-20,10.00070
2006-07-21,10.00070
2006-07-22,10.00070
2006-07-23,10.00070
2006-07-24,10.00070
2006-07-25,10.00070
2006-07-26,10.00070
2006-07-27,10.00070
2006-07-28,10.00070
2006-07-29,10.00070
2006-07-30,10.00070
2006-07-31,10.00070
2006-08-01,10.00070
2006-08-02,10.00070
2006-08-03,10.00070
2006-08-04,10.00070
2006-08-05,10.00070
2006-08-06,10.00070
2006-08-07,10.00070
2006-08-08,10.00070
2006-08-09,10.00070
2006-08-10,10.00070
2006-08-11,10.00070
2006-08-12,10.00070
2006-08-13,10.00070
2006-08-14,10.00070
2006-08-15,10.00070
2006-08-16,10.00070
2006-08-17,10.00070
2006-08-18,10.00070
2006-08-19,10.00070
2006-08-20,10.00070
2006-08-21,10.00070
2006-08-22,10.00070
2006-08-23,10.00070
2006-08-24,10.00070
2006-08-25,10.00070
2006-08-26,10.00070
2006-08-27,10.00070
2006-08-28,10.00070
2006-08-29,10.00070
2006-08-30,10.00070
2006-08-31,10.00070
2006-09-01,10.00070
2006-09-02,10.00070
2006-09-03,10.00070
2006-09-04,10.00070
2006-09-05,10.00070
2006-09-06,10.00070
2006-09-07,10.00070
2006-09-08,10.00070
2006-09-09,10.00070
2006-09-10,10.00070
2006-09-11,10.00070
2006-09-12,10.00070
2006-09-13,10.00070
2006-09-14,10.00070
2006-09-15,10.00070
2006-09-16,10.00070
2006-09-17,10.00070
2006-09-18,10.00070
2006-09-19,10.00070
2006-09-20,10.00070
2006-09-21,10.00070
2006-09-22,10.00070
2006-09-23,10.00070
2006-09-24,10.00070
2006-09-25,10.00070
2006-09-26,10.00070
2006-09-27,10.00070
2006-09-28,10.00070
2006-09-29,10.00070
2006-09-30,10.00070
2006-10-01,10.00070
2006-10-02,10.00070
2006-10-03,10.00070
2006-10-04,10.00070
2006-10-05,10.00070
2006-10-06,10.00070
2006-10-07,10.00070
2006-10-08,10.00070
2006-10-09,10.00070
2006-10-10,10.00070
2006-10-11,10.00070
2006-10-12,10.00070
2006-10-13,10.00070
2006-10-14,10.00070
2006-10-15,10.00070
2006-10-16,10.00070
2006-10-17,10.00070
2006-10-18,10.00070
2006-10-19,10.00070
2006-10-20,10.00070
2006-10-21,10.00070
2006-10-22,10.00070
2006-10-23,10.00070
2006-10-24,10.00070
2006-10-25,10.00070
2006-10-26,10.00070
2006-10-27,10.00070
2006-10-28,10.00070
2006-10-29,10.00070
2006-10-30,10.00070
2006-10-31,10.00070
2006-11-01,10.00070
2006-11-02,10.00070
2006-11-03,10.00070
2006-11-04,10.00070
2006-11-05,10.00070
2006-11-06,10.00070
2006-11-07,10.00070
2006-11-08,10.00070
2006-11-09,10.00070
2006-11-10,10.00070
2006-11-11,10.00070
2006-11-12,10.00070
2006-11-13,10.00070
2006-11-14,10.00070
2006-11-15,10.00070
2006-11-16,10.00070
2006-11-17,10.00070
2006-11-18,10.00070
2006-11-19,10.00070
2006-11-20,10.00070
2006-11-21,10.00070
2006-11-22,10.00070
2006-11-23,10.00070
2006-11-24,10.00070
2006-11-25,10.00070
2006-11-26,10.00070
2006-11-27,10.00070
2006-11-28,10.00070
2006-11-29,10.00070
2006-11-30,10.00070
2006-12-01,10.00070
2006-12-02,10.00070
2006-12-03,10.00070
2006-12-04,10.00070
2006-12-05,10.00070
2006-12-06,10.00070
2006-12-07,10.00070
2006-12-08,10.00070
2006-12-09,10.00070
2006-12-10,10.00070
2006-12-11,10.00070
2006-12-12,10.00070
2006-12-13,10.00070
2006-12-14,10.00070
2006-12-15,10.00070
2006-12-16,10.00070
2006-12-17,10.00070
2006-12-18,10.00070
2006-12-19,10.00070
2006-12-20,10.00070
2006-12-21,10.00070
2006-12-22,10.00070
2006-12-23,10.00070
2006-12-24,10.00070
2006-12-25,10.00070
2006-12-26,10.00070
2006-12-27,10.00070
2006-12-28,10.00070
2006-12-29,10.00070
2006-12-30,10.00070
2006-12-31,10.00070
2007-01-01,10.00070
2007-01-02,10.00070
2007-01-03,10.00070
2007-01-04,10.00070
2007-01-05,10.00070
2007-01-06,10.00070
2007-01-07,10.00070
2007-01-08,10.00070
2007-01-09,10.00070
2007-01-10,10.00070
2007-01-11,10.00070
2007-01-12,10.00070
2007-01-13,10.00070
2007-01-14,10.00070
2007-01-15,10.00070
2007-01-16,10.00070
2007-01-17,10.00070
2007-01-18,10.00070
2007-01-19,10.00070
2007-01-20,10.00070
2007-01-21,10.00070
2007-01-22,10.00070
2007-01-23,10.00070
2007-01-24,10.00070
2007-01-25,10.00070
2007-01-26,10.00070
2007-01-27,10.00070
2007-01-28,10.00070
2007-01-29,10.00070
2007-01-30,10.00070
2007-01-31,10.00070
2007-02-01,10.00070
2007-02-02,10.00070
2007-02-03,10.00070
2007-02-04,10.00070
2007-02-05,10.00070
2007-02-06,10.00070
2007-02-07,10.00070
2007-02-08,10.00070
2007-02-09,10.00070
2007-02-10,10.00070
2007-02-11,10.00070
2007-02-12,10.00070
2007-02-13,10.00070
2007-02-14,10.00070
2007-02-15,10.00070
2007-02-16,10.00070
2007-02-17,10.00070
2007-02-18,10.00070
2007-02-19,10.00070
2007-02-20,10.00070
2007-02-21,10.00070
2007-02-22,10.00070
2007-02-23,10.00070
2007-02-24,10.00070
2007-02-25,10.00070
2007-02-26,10.00070
2007-02-27,10.00070
2007-02-28,10.00070
2007-03-01,10.00070
2007-03-02,10.00070
2007-03-03,10.00070
2007-03-04,10.00070
2007-03-05,10.00070
2007-03-06,10.00070
2007-03-07,10.00070
2007-03-08,10.00070
2007-03-09,10.00070
2007-03-10,10.00070
2007-03-11,10.00070
2007-03-12,10.00070
2007-03-13,10.00070
2007-03-14,10.00070
2007-03-15,10.00070
2007-03-16,10.00070
2007-03-17,10.00070
2007-03-18,10.00070
2007-03-19,10.00070
2007-03-20,10.00070
2007-03-21,10.00070
2007-03-22,10.00070
2007-03-23,10.00070
2007-03-24,10.00070
2007-03-25,10.00070
2007-03-26,10.00070
2007-03-27,10.00070
2007-03-28,10.00070
2007-03-29,10.00070
2007-03-30,10.00070
2007-03-31,10.00070
2007-04-01,10.00070
2007-04-02,10.00070
2007-04-03,10.00070
2007-04-04,10.00070
2007-04-05,10.00070
2007-04-06,10.00070
2007-04-07,10.00070
2007-04-08,10.00070
2007-04-09,10.00070
2007-04-10,10.00070
2007-04-11,10.00070
2007-04-12,10.00070
2007-04-13,10.00070
2007-04-14,10.00070
2007-04-15,10.00070
2007-04-16,10.00070
2007-04-17,10.00070
2007-04-18,10.00070
2007-04-19,10.00070
2007-04-20,10.00070
2007-04-21,10.00070
2007-04-22,10.00070
2007-04-23,10.00070
2007-04-24,10.00070
2007-04-25,10.00070
2007-04-26,10.00070
2007-04-27,10.00070
2007-04-28,10.00070
2007-04-29,10.00070
2007-04-30,10.00070
2007-05-01,10.00070
2007-05-02,10.00070
2007-05-03,10.00070
2007-05-04,10.00070
2007-05-05,10.00070
2007-05-06,10.00070
2007-05-07,10.00070
2007-05-08,10.00070
2007-05-09,10.00070
2007-05-10,10.00070
2007-05-11,10.00070
2007-05-12,10.00070
2007-05-13,10.00070
2007-05-14,10.00070
2007-05-15,10.00070
2007-05-16,10.00070
2007-05-17,10.00070
2007-05-18,10.00070
2007-05-19,10.00070
2007-05-20,10.00070
2007-05-21,10.00070
2007-05-22,10.00070
2007-05-23,10.00070
2007-05-24,10.00070
2007-05-25,10.00070
2007-05-26,10.00070
2007-05-27,10.00070
2007-05-28,10.00070
2007-05-29,10.00070
2007-05-30,10.00070
2007-05-31,10.00070
2007-06-01,10.00070
2007-06-02,10.00070
2007-06-03,10.00070
2007-06-04,10.00070
2007-06-05,10.00070
2007-06-06,10.00070
2007-06-07,10.00070
2007-06-08,10.00070
2007-06-09,10.00070
2007-06-10,10.00070
2007-06-11,10.00070
2007-06-12,10.00070
2007-06-13,10.00070
2007-06-14,10.00070
2007-06-15,10.00070
2007-06-16,10.00070
2007-06-17,10.00070
2007-06-18,10.00070
2007-06-19,10.00070
2007-06-20,10.00070
2007-06-21,10.00070
2007-06-22,10.00070
2007-06-23,10.00070
2007-06-24,10.00070
2007-06-25,10.00070
2007-06-26,10.00070
2007-06-27,10.00070
2007-06-28,10.00070
2007-06-29,10.00070
2007-06-30,10.00070
2007-07-01,10.00070
2007-07-02,10.00070
2007-07-03,10.00070
2007-07-04,10.00070
2007-07-05,10.00070
2007-07-06,10.00070
2007-07-07,10.00070
2007-07-08,10.00070
2007-07-09,10.00070
2007-07-10,10.00070
2007-07-11,10.00070
2007-07-12,10.00070
2007-07-13,10.00070
2007-07-14,10.00070
2007-07-15,10.00070
2007-07-16,10.00070
2007-07-17,10.00070
2007-07-18,10.00070
2007-07-19,10.00070
2007-07-20,10.00070
2007-07-21,10.00070
2007-07-22,10.00070
2007-07-23,10.00070
2007-07-24,10.00070
2007-07-25,10.00070
2007-07-26,10.00070
2007-07-27,10.00070
2007-07-28,10.00070
2007-07-29,10.00070
2007-07-30,10.00070
2007-07-31,10.00070
2007-08-01,10.00070
2007-08-02,10.00070
2007-08-03,10.00070
2007-08-04,10.00070
2007-08-05,10.00070
2007-08-06,10.00070
2007-08-07,10.00070
2007-08-08,10.00070
2007-08-09,10.00070
2007-08-10,10.00070
2007-08-11,10.00070
2007-08-12,10.00070
2007-08-13,10.00070
2007-08-14,10.00070
2007-08-15,10.00070
2007-08-16,10.00070
2007-08-17,10.00070
2007-08-18,10.00070
2007-08-19,10.00070
2007-08-20,10.00070
2007-08-21,10.00070
2007-08-22,10.00070
2007-08-23,10.00070
2007-08-24,10.00070
2007-08-25,10.00070
2007-08-26,10.00070
2007-08-27,10.00070
2007-08-28,10.00070
2007-08-29,10.00070
2007-08-30,10.00070
2007-08-31,10.00070
2007-09-01,10.00070
2007-09-02,10.00070
2007-09-03,10.00070
2007-09-04,10.00070
2007-09-05,10.00070
2007-09-06,10.00070
2007-09-07,10.00070
2007-09-08,10.00070
2007-09-09,10.00070
2007-09-10,10.00070
2007-09-11,10.00070
2007-09-12,10.00070
2007-09-13,10.00070
2007-09-14,10.00070
2007-09-15,10.00070
2007-09-16,10.00070
2007-09-17,10.00070
2007-09-18,10.00070
2007-09-19,10.00070
2007-09-20,10.00070
2007-09-21,10.00070
2007-09-22,10.00070
2007-09-23,10.00070
2007-09-24,10.00070
2007-09-25,10.00070
2007-09-26,10.00070
2007-09-27,10.00070
2007-09-28,10.00070
2007-09-29,10.00070
2007-09-30,10.00070
2007-10-01,10.00070
2007-10-02,10.00070
2007-10-03,10.00070
2007-10-04,10.00070
2007-10-05,10.00070
2007-10-06,10.00070
2007-10-07,10.00070
2007-10-08,10.00070
2007-10-09,10.00070
2007-10-10,10.00070
2007-10-11,10.00070
2007-10-12,10.00070
2007-10-13,10.00070
2007-10-14,10.00070
2007-10-15,10.00070
2007-10-16,10.00070
2007-10-17,10.00070
2007-10-18,10.00070
2007-10-19,10.00070
2007-10-20,10.00070
2007-10-21,10.00070
2007-10-22,10.00070
2007-10-23,10.00070
2007-10-24,10.00070
2007-10-25,10.00070
2007-10-26,10.00070
2007-10-27,10.00070
2007-10-28,10.00070
2007-10-29,10.00070
2007-10-30,10.00070
2007-10-31,10.00070
2007-11-01,10.00070
2007-11-02,10.00070
2007-11-03,10.00070
2007-11-04,10.00070
2007-11-05,10.00070
2007-11-06,10.00070
2007-11-07,10.00070
2007-11-08,10.00070
2007-11-09,10.00070
2007-11-10,10.00070
2007-11-11,10.00070
2007-11-12,10.00070
2007-11-13,10.00070
2007-11-14,10.00070
2007-11-15,10.00070
2007-11-16,10.00070
2007-11-17,10.00070
2007-11-18,10.00070
2007-11-19,10.00070
2007-11-20,10.00070
2007-11-21,10.00070
2007-11-22,10.00070
2007-11-23,10.00070
2007-11-24,10.00070
2007-11-25,10.00070
2007-11-26,10.00070
2007-11-27,10.00070
2007-11-28,10.00070
2007-11-29,10.00070
2007-11-30,10.00070
2007-12-01,10.00070
2007-12-02,10.00070
2007-12-03,10.00070
2007-12-04,10.00070
2007-12-05,10.00070
2007-12-06,10.00070
2007-12-07,10.00070
2007-12-08,10.00070
2007-12-09,10.00070
2007-12-10,10.00070
2007-12-11,10.00070
2007-12-12,10.00070
2007-12-13,10.00070
2007-12-14,10.00070
2007-12-15,10.00070
2007-12-16,10.00070
2007-12-17,10.00070
2007-12-18,10.00070
2007-12-19,10.00070
2007-12-20,10.00070
2007-12-21,10.00070
2007-12-22,10.00070
2007-12-23,10.00070
2007-12-24,10.00070
2007-12-25,10.00070
2007-12-26,10.00070
2007-12-27,10.00070
2007-12-28,10.00070
2007-12-29,10.00070
2007-12-30,10.00070
2007-12-31,10.00070
2008-01-01,10.00070
2008-01-02,10.00070
2008-01-03,10.00070
2008-01-04,10.00070
2008-01-05,10.00070
2008-01-06,10.00070
2008-01-07,10.00070
2008-01-08,10.00070
2008-01-09,10.00070
2008-01-10,10.00070
2008-01-11,10.00070
2008-01-12,10.00070
2008-01-13,10.00070
2008-01-14,10.00070
2008-01-15,10.00070
2008-01-16,10.00070
2008-01-17,10.00070
2008-01-18,10.00070
2008-01-19,10.00070
2008-01-20,10.00070
2008-01-21,10.00070
2008-01-22,10.00070
2008-01-23,10.00070
2008-01-24,10.00070
2008-01-25,10.00070
2008-01-26,10.00070
2008-01-27,10.00070
2008-01-28,10.00070
2008-01-29,10.00070
2008-01-30,10.00070
2008-01-31,10.00070
2008-02-01,10.00070
2008-02-02,10.00070
2008-02-03,10.00070
2008-02-04,10.00070
2008-02-05,10.00070
2008-02-06,10.00070
2008-02-07,10.00070
2008-02-08,10.00070
2008-02-09,10.00070
2008-02-10,10.00070
2008-02-11,10.00070
2008-02-12,10.00070
2008-02-13,10.00070
2008-02-14,10.00070
2008-02-15,10.00070
2008-02-16,10.00070
2008-02-17,10.00070
2008-02-18,10.00070
2008-02-19,10.00070
2008-02-20,10.00070
2008-02-21,10.00070
2008-02-22,10.00070
2008-02-23,10.00070
2008-02-24,10.00070
2008-02-25,10.00070
2008-02-26,10.00070
2008-02-27,10.00070
2008-02-28,10.00070
2008-02-29,10.00070
2008-03-01,10.00070
2008-03-02,10.00070
2008-03-03,10.00070
2008-03-04,10.00070
2008-03-05,10.00070
2008-03-06,10.00070
2008-03-07,10.00070
2008-03-08,10.00070
2008-03-09,10.00070
2008-03-10,10.00070
2008-03-11,10.00070
2008-03-12,10.00070
2008-03-13,10.00070
2008-03-14,10.00070
2008-03-15,10.00070
2008-03-16,10.00070
2008-03-17,10.00070
2008-03-18,10.00070
2008-03-19,10.00070
2008-03-20,10.00070
2008-03-21,10.00070
2008-03-22,10.00070
2008-03-23,10.00070
2008-03-24,10.00070
2008-03-25,10.00070
2008-03-26,10.00070
2008-03-27,10.00070
2008-03-28,10.00070
2008-03-29,10.00070
2008-03-30,10.00070
2008-03-31,10.00070
2008-04-01,10.00070
2008-04-02,10.00070
2008-04-03,10.00070
2008-04-04,10.00070
2008-04-05,10.00070
2008-04-06,10.00070
2008-04-07,10.00070
2008-04-08,10.00070
2008-04-09,10.00070
2008-04-10,10.00070
2008-04-11,10.00070
2008-04-12,10.00070
2008-04-13,10.00070
2008-04-14,10.00070
2008-04-15,10.00070
2008-04-16,10.00070
2008-04-17,10.00070
2008-04-18,10.00070
2008-04-19,10.00070
2008-04-20,10.00070
2008-04-21,10.00070
2008-04-22,10.00070
2008-04-23,10.00070
2008-04-24,10.00070
2008-04-25,10.00070
2008-04-26,10.00070
2008-04-27,10.00070
2008-04-28,10.00070
2008-04-29,10.00070
2008-04-30,10.00070
2008-05-01,10.00070
2008-05-02,10.00070
2008-05-03,10.00070
2008-05-04,10.00070
2008-05-05,10.00070
2008-05-06,10.00070
2008-05-07,10.00070
2008-05-08,10.00070
2008-05-09,10.00070
2008-05-10,10.00070
2008-05-11,10.00070
2008-05-12,10.00070
2008-05-13,10.00070
2008-05-14,10.00070
2008-05-15,10.00070
2008-05-16,10.00070
2008-05-17,10.00070
2008-05-18,10.00070
2008-05-19,10.00070
2008-05-20,10.00070
2008-05-21,10.00070
2008-05-22,10.00070
2008-05-23,10.00070
2008-05-24,10.00070
2008-05-25,10.00070
2008-05-26,10.00070
2008-05-27,10.00070
2008-05-28,10.00070
2008-05-29,10.00070
2008-05-30,10.00070
2008-05-31,10.00070
2008-06-01,10.00070
2008-06-02,10.00070
2008-06-03,10.00070
2008-06-04,10.00070
2008-06-05,10.00070
2008-06-06,10.00070
2008-06-07,10.00070
2008-06-08,10.00070
2008-06-09,10.00070
2008-06-10,10.00070
2008-06-11,10.00070
2008-06-12,10.00070
2008-06-13,10.00070
2008-06-14,10.00070
2008-06-15,10.00070
2008-06-16,10.00070
2008-06-17,10.00070
2008-06-18,10.00070
2008-06-19,10.00070
2008-06-20,10.00070
2008-06-21,10.00070
2008-06-22,10.00070
2008-06-23,10.00070
2008-06-24,10.00070
2008-06-25,10.00070
2008-06-26,10.00070
2008-06-27,10.00070
2008-06-28,10.00070
2008-06-29,10.00070
2008-06-30,10.00070
2008-07-01,10.00070
2008-07-02,10.00070
2008-07-03,10.00070
2008-07-04,10.00070
2008-07-05,10.00070
2008-07-06,10.00070
2008-07-07,10.00070
2008-07-08,10.00070
2008-07-09,10.00070
2008-07-10,10.00070
2008-07-11,10.00070
2008-07-12,10.00070
2008-07-13,10.00070
2008-07-14,10.00070
2008-07-15,10.00070
2008-07-16,10.00070
2008-07-17,10.00070
2008-07-18,10.00070
2008-07-19,10.00070
2008-07-20,10.00070
2008-07-21,10.00070
2008-07-22,10.00070
2008-07-23,10.00070
2008-07-24,10.00070
2008-07-25,10.00070
2008-07-26,10.00070
2008-07-27,10.00070
2008-07-28,10.00070
2008-07-29,10.00070
2008-07-30,10.00070
2008-07-31,10.00070
2008-08-01,10.00070
2008-08-02,10.00070
2008-08-03,10.00070
2008-08-04,10.00070
2008-08-05,10.00070
2008-08-06,10.00070
2008-08-07,10.00070
2008-08-08,10.00070
2008-08-09,10.00070
2008-08-10,10.00070
2008-08-11,10.00070
2008-08-12,10.00070
2008-08-13,10.00070
2008-08-14,10.00070
2008-08-15,10.00070
2008-08-16,10.00070
2008-08-17,10.00070
2008-08-18,10.00070
2008-08-19,10.00070
2008-08-20,10.00070
2008-08-21,10.00070
2008-08-22,10.00070
2008-08-23,10.00070
2008-08-24,10.00070
2008-08-25,10.00070
2008-08-26,10.00070
2008-08-27,10.00070
2008-08-28,10.00070
2008-08-29,10.00070
2008-08-30,10.00070
2008-08-31,10.00070
2008-09-01,10.00070
2008-09-02,10.00070
2008-09-03,10.00070
2008-09-04,10.00070
2008-09-05,10.00070
2008-09-06,10.00070
2008-09-07,10.00070
2008-09-08,10.00070
2008-09-09,10.00070
2008-09-10,10.00070
2008-09-11,10.00070
2008-09-12,10.00070
2008-09-13,10.00070
2008-09-14,10.00070
2008-09-15,10.00070
2008-09-16,10.00070
2008-09-17,10.00070
2008-09-18,10.00070
2008-09-19,10.00070
2008-09-20,10.00070
2008-09-21,10.00070
2008-09-22,10.00070
2008-09-23,10.00070
2008-09-24,10.00070
2008-09-25,10.00070
2008-09-26,10.00070
2008-09-27,10.00070
2008-09-28,10.00070
2008-09-29,10.00070
2008-09-30,10.00070
2008-10-01,10.00070
2008-10-02,10.00070
2008-10-03,10.00070
2008-10-04,10.00070
2008-10-05,10.00070
2008-10-06,10.00070
2008-10-07,10.00070
2008-10-08,10.00070
2008-10-09,10.00070
2008-10-10,10.00070
2008-10-11,10.00070
2008-10-12,10.00070
2008-10-13,10.00070
2008-10-14,10.00070
2008-10-15,10.00070
2008-10-16,10.00070
2008-10-17,10.00070
2008-10-18,10.00070
2008-10-19,10.00070
2008-10-20,10.00070
2008-10-21,10.00070
2008-10-22,10.00070
2008-10-23,10.00070
2008-10-24,10.00070
2008-10-25,10.00070
2008-10-26,10.00070
2008-10-27,10.00070
2008-10-28,10.00070
2008-10-29,10.00070
2008-10-30,10.00070
2008-10-31,10.00070
2008-11-01,10.00070
2008-11-02,10.00070
2008-11-03,10.00070
2008-11-04,10.00070
2008-11-05,10.00070
2008-11-06,10.00070
2008-11-07,10.00070
2008-11-08,10.00070
2008-11-09,10.00070
2008-11-10,10.00070
2008-11-11,10.00070
2008-11-12,10.00070
2008-11-13,10.00070
2008-11-14,10.00070
2008-11-15,10.00070
2008-11-16,10.00070
2008-11-17,10.00070
2008-11-18,10.00070
2008-11-19,10.00070
2008-11-20,10.00070
2008-11-21,10.00070
2008-11-22,10.00070
2008-11-23,10.00070
2008-11-24,10.00070
2008-11-25,10.00070
2008-11-26,10.00070
2008-11-27,10.00070
2008-11-28,10.00070
2008-11-29,10.00070
2008-11-30,10.00070
2008-12-01,10.00070
2008-12-02,10.00070
2008-12-03,10.00070
2008-12-04,10.00070
2008-12-05,10.00070
2008-12-06,10.00070
2008-12-07,10.00070
2008-12-08,10.00070
2008-12-09,10.00070
2008-12-10,10.00070
2008-12-11,10.00070
2008-12-12,10.00070
2008-12-13,10.00070
2008-12-14,10.00070
2008-12-15,10.00070
2008-12-16,10.00070
2008-12-17,10.00070
2008-12-18,10.00070
2008-12-19,10.00070
2008-12-20,10.00070
2008-12-21,10.00070
2008-12-22,10.00070
2008-12-23,10.00070
2008-12-24,10.00070
2008-12-25,10.00070
2008-12-26,10.00070
2008-12-27,10.00070
2008-12-28,10.00070
2008-12-29,10.00070
2008-12-30,10.00070
2008-12-31,10.00070
2009-01-01,10.00070
2009-01-02,10.00070
2009-01-03,10.00070
2009-01-04,10.00070
2009-01-05,10.00070
2009-01-06,10.00070
2009-01-07,10.00070
2009-01-08,10.00070
2009-01-09,10.00070
2009-01-10,10.00070
2009-01-11,10.00070
2009-01-12,10.00070
2009-01-13,10.00070
2009-01-14,10.00070
2009-01-15,10.00070
2009-01-16,10.00070
2009-01-17,10.00070
2009-01-18,10.00070
2009-01-19,10.00070
2009-01-20,10.00070
2009-01-21,10.00070
2009-01-22,10.00070
2009-01-23,10.00070
2009-01-24,10.00070
2009-01-25,10.00070
2009-01-26,10.00070
2009-01-27,10.00070
2009-01-28,10.00070
2009-01-29,10.00070
2009-01-30,10.00070
2009-01-31,10.00070
2009-02-01,10.00070
2009-02-02,10.00070
2009-02-03,10.00070
2009-02-04,10.00070
2009-02-05,10.00070
2009-02-06,10.00070
2009-02-07,10.00070
2009-02-08,10.00070
2009-02-09,10.00070
2009-02-10,10.00070
2009-02-11,10.00070
2009-02-12,10.00070
2009-02-13,10.00070
2009-02-14,10.00070
2009-02-15,10.00070
2009-02-16,10.00070
2009-02-17,10.00070
2009-02-18,10.00070
2009-02-19,10.00070
2009-02-20,10.00070
2009-02-21,10.00070
2009-02-22,10.00070
2009-02-23,10.00070
2009-02-24,10.00070
2009-02-25,10.00070
2009-02-26,10.00070
2009-02-27,10.00070
2009-02-28,10.00070
2009-03-01,10.00070
2009-03-02,10.00070
2009-03-03,10.00070
2009-03-04,10.00070
2009-03-05,10.00070
2009-03-06,10.00070
2009-03-07,10.00070
2009-03-08,10.00070
2009-03-09,10.00070
2009-03-10,10.00070
2009-03-11,10.00070
2009-03-12,10.00070
2009-03-13,10.00070
2009-03-14,10.00070
2009-03-15,10.00070
2009-03-16,10.00070
2009-03-17,10.00070
2009-03-18,10.00070
2009-03-19,10.00070
2009-03-20,10.00070
2009-03-21,10.00070
2009-03-22,10.00070
2009-03-23,10.00070
2009-03-24,10.00070
2009-03-25,10.00070
2009-03-26,10.00070
2009-03-27,10.00070
2009-03-28,10.00070
2009-03-29,10.00070
2009-03-30,10.00070
2009-03-31,10.00070
2009-04-01,10.00070
2009-04-02,10.00070
2009-04-03,10.00070
2009-04-04,10.00070
2009-04-05,10.00070
2009-04-06,10.00070
2009-04-07,10.00070
2009-04-08,10.00070
2009-04-09,10.00070
2009-04-10,10.00070
2009-04-11,10.00070
2009-04-12,10.00070
2009-04-13,10.00070
2009-04-14,10.00070
2009-04-15,10.00070
2009-04-16,10.00070
2009-04-17,10.00070
2009-04-18,10.00070
2009-04-19,10.00070
2009-04-20,10.00070
2009-04-21,10.00070
2009-04-22,10.00070
2009-04-23,10.00070
2009-04-24,10.00070
2009-04-25,10.00070
2009-04-26,10.00070
2009-04-27,10.00070
2009-04-28,10.00070
2009-04-29,10.00070
2009-04-30,10.00070
2009-05-01,10.00070
2009-05-02,10.00070
2009-05-03,10.00070
2009-05-04,10.00070
2009-05-05,10.00070
2009-05-06,10.00070
2009-05-07,10.00070
2009-05-08,10.00070
2009-05-09,10.00070
2009-05-10,10.00070
2009-05-11,10.00070
2009-05-12,10.00070
2009-05-13,10.00070
2009-05-14,10.00070
2009-05-15,10.00070
2009-05-16,10.00070
2009-05-17,10.00070
2009-05-18,10.00070
2009-05-19,10.00070
2009-05-20,10.00070
2009-05-21,10.00070
2009-05-22,10.00070
2009-05-23,10.00070
2009-05-24,10.00070
2009-05-25,10.00070
2009-05-26,10.00070
2009-05-27,10.00070
2009-05-28,10.00070
2009-05-29,10.00070
2009-05-30,10.00070
2009-05-31,10.00070
2009-06-01,10.00070
2009-06-02,10.00070
2009-06-03,10.00070
2009-06-04,10.00070
2009-06-05,10.00070
2009-06-06,10.00070
2009-06-07,10.00070
2009-06-08,10.00070
2009-06-09,10.00070
2009-06-10,10.00070
2009-06-11,10.00070
2009-06-12,10.00070
2009-06-13,10.00070
2009-06-14,10.00070
2009-06-15,10.00070
2009-06-16,10.00070
2009-06-17,10.00070
2009-06-18,10.00070
2009-06-19,10.00070
2009-06-20,10.00070
2009-06-21,10.00070
2009-06-22,10.00070
2009-06-23,10.00070
2009-06-24,10.00070
2009-06-25,10.00070
2009-06-26,10.00070
2009-06-27,10.00070
2009-06-28,10.00070
2009-06-29,10.00070
2009-06-30,10.00070
2009-07-01,10.00070
2009-07-02,10.00070
2009-07-03,10.00070
2009-07-04,10.00070
2009-07-05,10.00070
2009-07-06,10.00070
2009-07-07,10.00070
2009-07-08,10.00070
2009-07-09,10.00070
2009-07-10,10.00070
2009-07-11,10.00070
2009-07-12,10.00070
2009-07-13,10.00070
2009-07-14,10.00070
2009-07-15,10.00070
2009-07-16,10.00070
2009-07-17,10.00070
2009-07-18,10.00070
2009-07-19,10.00070
2009-07-20,10.00070
2009-07-21,10.00070
2009-07-22,10.00070
2009-07-23,10.00070
2009-07-24,10.00070
2009-07-25,10.00070
2009-07-26,10.00070
2009-07-27,10.00070
2009-07-28,10.00070
2009-07-29,10.00070
2009-07-30,10.00070
2009-07-31,10.00070
2009-08-01,10.00070
2009-08-02,10.00070
2009-08-03,10.00070
2009-08-04,10.00070
2009-08-05,10.00070
2009-08-06,10.00070
2009-08-07,10.00070
2009-08-08,10.00070
2009-08-09,10.00070
2009-08-10,10.00070
2009-08-11,10.00070
2009-08-12,10.00070
2009-08-13,10.00070
2009-08-14,10.00070
2009-08-15,10.00070
2009-08-16,10.00070
2009-08-17,10.00070
2009-08-18,10.00070
2009-08-19,10.00070
2009-08-20,10.00070
2009-08-21,10.00070
2009-08-22,10.00070
2009-08-23,10.00070
2009-08-24,10.00070
2009-08-25,10.00070
2009-08-26,10.00070
2009-08-27,10.00070
2009-08-28,10.00070
2009-08-29,10.00070
2009-08-30,10.00070
2009-08-31,10.00070
2009-09-01,10.00070
2009-09-02,10.00070
2009-09-03,10.00070
2009-09-04,10.00070
2009-09-05,10.00070
2009-09-06,10.00070
2009-09-07,10.00070
2009-09-08,10.00070
2009-09-09,10.00070
2009-09-10,10.00070
2009-09-11,10.00070
2009-09-12,10.00070
2009-09-13,10.00070
2009-09-14,10.00070
2009-09-15,10.00070
2009-09-16,10.00070
2009-09-17,10.00070
2009-09-18,10.00070
2009-09-19,10.00070
2009-09-20,10.00070
2009-09-21,10.00070
2009-09-22,10.00070
2009-09-23,10.00070
2009-09-24,10.00070
2009-09-25,10.00070
2009-09-26,10.00070
2009-09-27,10.00070
2009-09-28,10.00070
2009-09-29,10.00070
2009-09-30,10.00070
2009-10-01,10.00070
2009-10-02,10.00070
2009-10-03,10.00070
2009-10-04,10.00070
2009-10-05,10.00070
2009-10-06,10.00070
2009-10-07,10.00070
2009-10-08,10.00070
2009-10-09,10.00070
2009-10-10,10.00070
2009-10-11,10.00070
2009-10-12,10.00070
2009-10-13,10.00070
2009-10-14,10.00070
2009-10-15,10.00070
2009-10-16,10.00070
2009-10-17,10.00070
2009-10-18,10.00070
2009-10-19,10.00070
2009-10-20,10.00070
2009-10-21,10.00070
2009-10-22,10.00070
2009-10-23,10.00070
2009-10-24,10.00070
2009-10-25,10.00070
2009-10-26,10.00070
2009-10-27,10.00070
2009-10-28,10.00070
2009-10-29,10.00070
2009-10-30,10.00070
2009-10-31,10.00070
2009-11-01,10.00070
2009-11-02,10.00070
2009-11-03,10.00070
2009-11-04,10.00070
2009-11-05,10.00070
2009-11-06,10.00070
2009-11-07,10.00070
2009-11-08,10.00070
2009-11-09,10.00070
2009-11-10,10.00070
2009-11-11,10.00070
2009-11-12,10.00070
2009-11-13,10.00070
2009-11-14,10.00070
2009-11-15,10.00070
2009-11-16,10.00070
2009-11-17,10.00070
2009-11-18,10.00070
2009-11-19,10.00070
2009-11-20,10.00070
2009-11-21,10.00070
2009-11-22,10.00070
2009-11-23,10.00070
2009-11-24,10.00070
2009-11-25,10.00070
2009-11-26,10.00070
2009-11-27,10.00070
2009-11-28,10.00070
2009-11-29,10.00070
2009-11-30,10.00070
2009-12-01,10.00070
2009-12-02,10.00070
2009-12-03,10.00070
2009-12-04,10.00070
2009-12-05,10.00070
2009-12-06,10.00070
2009-12-07,10.00070
2009-12-08,10.00070
2009-12-09,10.00070
2009-12-10,10.00070
2009-12-11,10.00070
2009-12-12,10.00070
2009-12-13,10.00070
2009-12-14,10.00070
2009-12-15,10.00070
2009-12-16,10.00070
2009-12-17,10.00070
2009-12-18,10.00070
2009-12-19,10.00070
2009-12-20,10.00070
2009-12-21,10.00070
2009-12-22,10.00070
2009-12-23,10.00070
2009-12-24,10.00070
2009-12-25,10.00070
2009-12-26,10.00070
2009-12-27,10.00070
2009-12-28,10.00070
2009-12-29,10.00070
2009-12-30,10.00070
2009-12-31,10.00070
2010-01-01,10.00070
2010-01-02,10.00070
2010-01-03,10.00070
2010-01-04,10.00070
2010-01-05,10.00070
2010-01-06,10.00070
2010-01-07,10.00070
2010-01-08,10.00070
2010-01-09,10.00070
2010-01-10,10.00070
2010-01-11,10.00070
2010-01-12,10.00070
2010-01-13,10.00070
2010-01-14,10.00070
2010-01-15,10.00070
2010-01-16,10.00070
2010-01-17,10.00070
2010-01-18,10.00070
2010-01-19,10.00070
2010-01-20,10.00070
2010-01-21,10.00070
2010-01-22,10.00070
2010-01-23,10.00070
2010-01-24,10.00070
2010-01-25,10.00070
2010-01-26,10.00070
2010-01-27,10.00070
2010-01-28,10.00070
2010-01-29,10.00070
2010-01-30,10.00070
2010-01-31,10.00070
2010-02-01,10.00070
2010-02-02,10.00070
2010-02-03,10.00070
2010-02-04,10.00070
2010-02-05,10.00070
2010-02-06,10.00070
2010-02-07,10.00070
2010-02-08,10.00070
2010-02-09,10.00070
2010-02-10,10.00070
2010-02-11,10.00070
2010-02-12,10.00070
2010-02-13,10.00070
2010-02-14,10.00070
2010-02-15,10.00070
2010-02-16,10.00070
2010-02-17,10.00070
2010-02-18,10.00070
2010-02-19,10.00070
2010-02-20,10.00070
2010-02-21,10.00070
2010-02-22,10.00070
2010-02-23,10.00070
2010-02-24,10.00070
2010-02-25,10.00070
2010-02-26,10.00070
2010-02-27,10.00070
2010-02-28,10.00070
2010-03-01,10.00070
2010-03-02,10.00070
2010-03-03,10.00070
2010-03-04,10.00070
2010-03-05,10.00070
2010-03-06,10.00070
2010-03-07,10.00070
2010-03-08,10.00070
2010-03-09,10.00070
2010-03-10,10.00070
2010-03-11,10.00070
2010-03-12,10.00070
2010-03-13,10.00070
2010-03-14,10.00070
2010-03-15,10.00070
2010-03-16,10.00070
2010-03-17,10.00070
2010-03-18,10.00070
2010-03-19,10.00070
2010-03-20,10.00070
2010-03-21,10.00070
2010-03-22,10.00070
2010-03-23,10.00070
2010-03-24,10.00070
2010-03-25,10.00070
2010-03-26,10.00070
2010-03-27,10.00070
2010-03-28,10.00070
2010-03-29,10.00070
2010-03-30,10.00070
2010-03-31,10.00070
2010-04-01,10.00070
2010-04-02,10.00070
2010-04-03,10.00070
2010-04-04,10.00070
2010-04-05,10.00070
2010-04-06,10.00070
2010-04-07,10.00070
2010-04-08,10.00070
2010-04-09,10.00070
2010-04-10,10.00070
2010-04-11,10.00070
2010-04-12,10.00070
2010-04-13,10.00070
2010-04-14,10.00070
2010-04-15,10.00070
2010-04-16,10.00070
2010-04-17,10.00070
2010-04-18,10.00070
2010-04-19,10.00070
2010-04-20,10.00070
2010-04-21,10.00070
2010-04-22,10.00070
2010-04-23,10.00070
2010-04-24,10.00070
2010-04-25,10.00070
2010-04-26,10.00070
2010-04-27,10.00070
2010-04-28,10.00070
2010-04-29,10.00070
2010-04-30,10.00070
2010-05-01,10.00070
2010-05-02,10.00070
2010-05-03,10.00070
2010-05-04,10.00070
2010-05-05,10.00070
2010-05-06,10.00070
2010-05-07,10.00070
2010-05-08,10.00070
2010-05-09,10.00070
2010-05-10,10.00070
2010-05-11,10.00070
2010-05-12,10.00070
2010-05-13,10.00070
2010-05-14,10.00070
2010-05-15,10.00070
2010-05-16,10.00070
2010-05-17,10.00070
2010-05-18,10.00070
2010-05-19,10.00070
2010-05-20,10.00070
2010-05-21,10.00070
2010-05-22,10.00070
2010-05-23,10.00070
2010-05-24,10.00070
2010-05-25,10.00070
2010-05-26,10.00070
2010-05-27,10.00070
2010-05-28,10.00070
2010-05-29,10.00070
2010-05-30,10.00070
2010-05-31,10.00070
2010-06-01,10.00070
2010-06-02,10.00070
2010-06-03,10.00070
2010-06-04,10.00070
2010-06-05,10.00070
2010-06-06,10.00070
2010-06-07,10.00070
2010-06-08,10.00070
2010-06-09,10.00070
2010-06-10,10.00070
2010-06-11,10.00070
2010-06-12,10.00070
2010-06-13,10.00070
2010-06-14,10.00070
2010-06-15,10.00070
2010-06-16,10.00070
2010-06-17,10.00070
2010-06-18,10.00070
2010-06-19,10.00070
2010-06-20,10.00070
2010-06-21,10.00070
2010-06-22,10.00070
2010-06-23,10.00070
2010-06-24,10.00070
2010-06-25,10.00070
2010-06-26,10.00070
2010-06-27,10.00070
2010-06-28,10.00070
2010-06-29,10.00070
2010-06-30,10.00070
2010-07-01,10.00070
2010-07-02,10.00070
2010-07-03,10.00070
2010-07-04,10.00070
2010-07-05,10.00070
2010-07-06,10.00070
2010-07-07,10.00070
2010-07-08,10.00070
2010-07-09,10.00070
2010-07-10,10.00070
2010-07-11,10.00070
2010-07-12,10.00070
2010-07-13,10.00070
2010-07-14,10.00070
2010-07-15,10.00070
2010-07-16,10.00070
2010-07-17,10.00070
2010-07-18,10.00070
2010-07-19,10.00070
2010-07-20,10.00070
2010-07-21,10.00070
2010-07-22,10.00070
2010-07-23,10.00070
2010-07-24,10.00070
2010-07-25,10.00070
2010-07-26,10.00070
2010-07-27,10.00070
2010-07-28,10.00070
2010-07-29,10.00070
2010-07-30,10.00070
2010-07-31,10.00070
2010-08-01,10.00070
2010-08-02,10.00070
2010-08-03,10.00070
2010-08-04,10.00070
2010-08-05,10.00070
2010-08-06,10.00070
2010-08-07,10.00070
2010-08-08,10.00070
2010-08-09,10.00070
2010-08-10,10.00070
2010-08-11,10.00070
2010-08-12,10.00070
2010-08-13,10.00070
2010-08-14,10.00070
2010-08-15,10.00070
2010-08-16,10.00070
2010-08-17,10.00070
2010-08-18,10.00070
2010-08-19,10.00070
2010-08-20,10.00070
2010-08-21,10.00070
2010-08-22,10.00070
2010-08-23,10.00070
2010-08-24,10.00070
2010-08-25,10.00070
2010-08-26,10.00070
2010-08-27,10.00070
2010-08-28,10.00070
2010-08-29,10.00070
2010-08-30,10.00070
2010-08-31,10.00070
2010-09-01,10.00070
2010-09-02,10.00070
2010-09-03,10.00070
2010-09-04,10.00070
2010-09-05,10.00070
2010-09-06,10.00070
2010-09-07,10.00070
2010-09-08,10.00070
2010-09-09,10.00070
2010-09-10,10.00070
2010-09-11,10.00070
2010-09-12,10.00070
2010-09-13,10.00070
2010-09-14,10.00070
2010-09-15,10.00070
2010-09-16,10.00070
2010-09-17,10.00070
2010-09-18,10.00070
2010-09-19,10.00070
2010-09-20,10.00070
2010-09-21,10.00070
2010-09-22,10.00070
2010-09-23,10.00070
2010-09-24,10.00070
2010-09-25,10.00070
2010-09-26,10.00070
2010-09-27,10.00070
2010-09-28,10.00070
2010-09-29,10.00070
2010-09-30,10.00070
2010-10-01,10.00070
2010-10-02,10.00070
2010-10-03,10.00070
2010-10-04,10.00070
2010-10-05,10.00070
2010-10-06,10.00070
2010-10-07,10.00070
2010-10-08,10.00070
2010-10-09,10.00070
2010-10-10,10.00070
2010-10-11,10.00070
2010-10-12,10.00070
2010-10-13,10.00070
2010-10-14,10.00070
2010-10-15,10.00070
2010-10-16,10.00070
2010-10-17,10.00070
2010-10-18,10.00070
2010-10-19,10.00070
2010-10-20,10.00070
2010-10-21,10.00070
2010-10-22,10.00070
2010-10-23,10.00070
2010-10-24,10.00070
2010-10-25,10.00070
2010-10-26,10.00070
2010-10-27,10.00070
2010-10-28,10.00070
2010-10-29,10.00070
2010-10-30,10.00070
2010-10-31,10.00070
2010-11-01,10.00070
2010-11-02,10.00070
2010-11-03,10.00070
2010-11-04,10.00070
2010-11-05,10.00070
2010-11-06,10.00070
2010-11-07,10.00070
2010-11-08,10.00070
2010-11-09,10.00070
2010-11-10,10.00070
2010-11-11,10.00070
2010-11-12,10.00070
2010-11-13,10.00070
2010-11-14,10.00070
2010-11-15,10.00070
2010-11-16,10.00070
2010-11-17,10.00070
2010-11-18,10.00070
2010-11-19,10.00070
2010-11-20,10.00070
2010-11-21,10.00070
2010-11-22,10.00070
2010-11-23,10.00070
2010-11-24,10.00070
2010-11-25,10.00070
2010-11-26,10.00070
2010-11-27,10.00070
2010-11-28,10.00070
2010-11-29,10.00070
2010-11-30,10.00070
2010-12-01,10.00070
2010-12-02,10.00070
2010-12-03,10.00070
2010-12-04,10.00070
2010-12-05,10.00070
2010-12-06,10.00070
2010-12-07,10.00070
2010-12-08,10.00070
2010-12-09,10.00070
2010-12-10,10.00070
2010-12-11,10.00070
2010-12-12,10.00070
2010-12-13,10.00070
2010-12-14,10.00070
2010-12-15,10.00070
2010-12-16,10.00070
2010-12-17,10.00070
2010-12-18,10.00070
2010-12-19,10.00070
2010-12-20,10.00070
2010-12-21,10.00070
2010-12-22,10.00070
2010-12-23,10.00070
2010-12-24,10.00070
2010-12-25,10.00070
2010-12-26,10.00070
2010-12-27,10.00070
2010-12-28,10.00070
2010-12-29,10.00070
2010-12-30,10.00070
2010-12-31,10.00070
2011-01-01,10.00070
2011-01-02,10.00070
2011-01-03,10.00070
2011-01-04,10.00070
2011-01-05,10.00070
2011-01-06,10.00070
2011-01-07,10.00070
2011-01-08,10.00070
2011-01-09,10.00070
2011-01-10,10.00070
2011-01-11,10.00070
2011-01-12,10.00070
2011-01-13,10.00070
2011-01-14,10.00070
2011-01-15,10.00070
2011-01-16,10.00070
2011-01-17,10.00070
2011-01-18,10.00070
2011-01-19,10.00070
2011-01-20,10.00070
2011-01-21,10.00070
2011-01-22,10.00070
2011-01-23,10.00070
2011-01-24,10.00070
2011-01-25,10.00070
2011-01-26,10.00070
2011-01-27,10.00070
2011-01-28,10.00070
2011-01-29,10.00070
2011-01-30,10.00070
2011-01-31,10.00070
2011-02-01,10.00070
2011-02-02,10.00070
2011-02-03,10.00070
2011-02-04,10.00070
2011-02-05,10.00070
2011-02-06,10.00070
2011-02-07,10.00070
2011-02-08,10.00070
2011-02-09,10.00070
2011-02-10,10.00070
2011-02-11,10.00070
2011-02-12,10.00070
2011-02-13,10.00070
2011-02-14,10.00070
2011-02-15,10.00070
2011-02-16,10.00070
2011-02-17,10.00070
2011-02-18,10.00070
2011-02-19,10.00070
2011-02-20,10.00070
2011-02-21,10.00070
2011-02-22,10.00070
2011-02-23,10.00070
2011-02-24,10.00070
2011-02-25,10.00070
2011-02-26,10.00070
2011-02-27,10.00070
2011-02-28,10.00070
2011-03-01,10.00070
2011-03-02,10.00070
2011-03-03,10.00070
2011-03-04,10.00070
2011-03-05,10.00070
2011-03-06,10.00070
2011-03-07,10.00070
2011-03-08,10.00070
2011-03-09,10.00070
2011-03-10,10.00070
2011-03-11,10.00070
2011-03-12,10.00070
2011-03-13,10.00070
2011-03-14,10.00070
2011-03-15,10.00070
2011-03-16,10.00070
2011-03-17,10.00070
2011-03-18,10.00070
2011-03-19,10.00070
2011-03-20,10.00070
2011-03-21,10.00070
2011-03-22,10.00070
2011-03-23,10.00070
2011-03-24,10.00070
2011-03-25,10.00070
2011-03-26,10.00070
2011-03-27,10.00070
2011-03-28,10.00070
2011-03-29,10.00070
2011-03-30,10.00070
2011-03-31,10.00070
2011-04-01,10.00070
2011-04-02,10.00070
2011-04-03,10.00070
2011-04-04,10.00070
2011-04-05,10.00070
2011-04-06,10.00070
2011-04-07,10.00070
2011-04-08,10.00070
2011-04-09,10.00070
2011-04-10,10.00070
2011-04-11,10.00070
2011-04-12,10.00070
2011-04-13,10.00070
2011-04-14,10.00070
2011-04-15,10.00070
2011-04-16,10.00070
2011-04-17,10.00070
2011-04-18,10.00070
2011-04-19,10.00070
2011-04-20,10.00070
2011-04-21,10.00070
2011-04-22,10.00070
2011-04-23,10.00070
2011-04-24,10.00070
2011-04-25,10.00070
2011-04-26,10.00070
2011-04-27,10.00070
2011-04-28,10.00070
2011-04-29,10.00070
2011-04-30,10.00070
2011-05-01,10.00070
2011-05-02,10.00070
2011-05-03,10.00070
2011-05-04,10.00070
2011-05-05,10.00070
2011-05-06,10.00070
2011-05-07,10.00070
2011-05-08,10.00070
2011-05-09,10.00070
2011-05-10,10.00070
2011-05-11,10.00070
2011-05-12,10.00070
2011-05-13,10.00070
2011-05-14,10.00070
2011-05-15,10.00070
2011-05-16,10.00070
2011-05-17,10.00070
2011-05-18,10.00070
2011-05-19,10.00070
2011-05-20,10.00070
2011-05-21,10.00070
2011-05-22,10.00070
2011-05-23,10.00070
2011-05-24,10.00070
2011-05-25,10.00070
2011-05-26,10.00070
2011-05-27,10.00070
2011-05-28,10.00070
2011-05-29,10.00070
2011-05-30,10.00070
2011-05-31,10.00070
2011-06-01,10.00070
2011-06-02,10.00070
2011-06-03,10.00070
2011-06-04,10.00070
2011-06-05,10.00070
2011-06-06,10.00070
2011-06-07,10.00070
2011-06-08,10.00070
2011-06-09,10.00070
2011-06-10,10.00070
2011-06-11,10.00070
2011-06-12,10.00070
2011-06-13,10.00070
2011-06-14,10.00070
2011-06-15,10.00070
2011-06-16,10.00070
2011-06-17,10.00070
2011-06-18,10.00070
2011-06-19,10.00070
2011-06-20,10.00070
2011-06-21,10.00070
2011-06-22,10.00070
2011-06-23,10.00070
2011-06-24,10.00070
2011-06-25,10.00070
2011-06-26,10.00070
2011-06-27,10.00070
2011-06-28,10.00070
2011-06-29,10.00070
2011-06-30,10.00070
2011-07-01,10.00070
2011-07-02,10.00070
2011-07-03,10.00070
2011-07-04,10.00070
2011-07-05,10.00070
2011-07-06,10.00070
2011-07-07,10.00070
2011-07-08,10.00070
2011-07-09,10.00070
2011-07-10,10.00070
2011-07-11,10.00070
2011-07-12,10.00070
2011-07-13,10.00070
2011-07-14,10.00070
2011-07-15,10.00070
2011-07-16,10.00070
2011-07-17,10.00070
2011-07-18,10.00070
2011-07-19,10.00070
2011-07-20,10.00070
2011-07-21,10.00070
2011-07-22,10.00070
2011-07-23,10.00070
2011-07-24,10.00070
2011-07-25,10.00070
2011-07-26,10.00070
2011-07-27,10.00070
2011-07-28,10.00070
2011-07-29,10.00070
2011-07-30,10.00070
2011-07-31,10.00070
2011-08-01,10.00070
2011-08-02,10.00070
2011-08-03,10.00070
2011-08-04,10.00070
2011-08-05,10.00070
2011-08-06,10.00070
2011-08-07,10.00070
2011-08-08,10.00070
2011-08-09,10.00070
2011-08-10,10.00070
2011-08-11,10.00070
2011-08-12,10.00070
2011-08-13,10.00070
2011-08-14,10.00070
2011-08-15,10.00070
2011-08-16,10.00070
2011-08-17,10.00070
2011-08-18,10.00070
2011-08-19,10.00070
2011-08-20,10.00070
2011-08-21,10.00070
2011-08-22,10.00070
2011-08-23,10.00070
2011-08-24,10.00070
2011-08-25,10.00070
2011-08-26,10.00070
2011-08-27,10.00070
2011-08-28,10.00070
2011-08-29,10.00070
2011-08-30,10.00070
2011-08-31,10.00070
2011-09-01,10.00070
2011-09-02,10.00070
2011-09-03,10.00070
2011-09-04,10.00070
2011-09-05,10.00070
2011-09-06,10.00070
2011-09-07,10.00070
2011-09-08,10.00070
2011-09-09,10.00070
2011-09-10,10.00070
2011-09-11,10.00070
2011-09-12,10.00070
2011-09-13,10.00070
2011-09-14,10.00070
2011-09-15,10.00070
2011-09-16,10.00070
2011-09-17,10.00070
2011-09-18,10.00070
2011-09-19,10.00070
2011-09-20,10.00070
2011-09-21,10.00070
2011-09-22,10.00070
2011-09-23,10.00070
2011-09-24,10.00070
2011-09-25,10.00070
2011-09-26,10.00070
2011-09-27,10.00070
2011-09-28,10.00070
2011-09-29,10.00070
2011-09-30,10.00070
2011-10-01,10.00070
2011-10-02,10.00070
2011-10-03,10.00070
2011-10-04,10.00070
2011-10-05,10.00070
2011-10-06,10.00070
2011-10-07,10.00070
2011-10-08,10.00070
2011-10-09,10.00070
2011-10-10,10.00070
2011-10-11,10.00070
2011-10-12,10.00070
2011-10-13,10.00070
2011-10-14,10.00070
2011-10-15,10.00070
2011-10-16,10.00070
2011-10-17,10.00070
2011-10-18,10.00070
2011-10-19,10.00070
2011-10-20,10.00070
2011-10-21,10.00070
2011-10-22,10.00070
2011-10-23,10.00070
2011-10-24,10.00070
2011-10-25,10.00070
2011-10-26,10.00070
2011-10-27,10.00070
2011-10-28,10.00070
2011-10-29,10.00070
2011-10-30,10.00070
2011-10-31,10.00070
2011-11-01,10.00070
2011-11-02,10.00070
2011-11-03,10.00070
2011-11-04,10.00070
2011-11-05,10.00070
2011-11-06,10.00070
2011-11-07,10.00070
2011-11-08,10.00070
2011-11-09,10.00070
2011-11-10,10.00070
2011-11-11,10.00070
2011-11-12,10.00070
2011-11-13,10.00070
2011-11-14,10.00070
2011-11-15,10.00070
2011-11-16,10.00070
2011-11-17,10.00070
2011-11-18,10.00070
2011-11-19,10.00070
2011-11-20,10.00070
2011-11-21,10.00070
2011-11-22,10.00070
2011-11-23,10.00070
2011-11-24,10.00070
2011-11-25,10.00070
2011-11-26,10.00070
2011-11-27,10.00070
2011-11-28,10.00070
2011-11-29,10.00070
2011-11-30,10.00070
2011-12-01,10.00070
2011-12-02,10.00070
2011-12-03,10.00070
2011-12-04,10.00070
2011-12-05,10.00070
2011-12-06,10.00070
2011-12-07,10.00070
2011-12-08,10.00070
2011-12-09,10.00070
2011-12-10,10.00070
2011-12-11,10.00070
2011-12-12,10.00070
2011-12-13,10.00070
2011-12-14,10.00070
2011-12-15,10.00070
2011-12-16,10.00070
2011-12-17,10.00070
2011-12-18,10.00070
2011-12-19,10.00070
2011-12-20,10.00070
2011-12-21,10.00070
2011-12-22,10.00070
2011-12-23,10.00070
2011-12-24,10.00070
2011-12-25,1000.07000
2011-12-26,1000.07000
2011-12-27,1000.07000
2011-12-28,1000.07000
2011-12-29,1000.07000
2011-12-30,1000.07000
2011-12-31,1000.07000
2012-01-01,1000.07000
2012-01-02,1000.07000
2012-01-03,1000.07000
2012-01-04,1000.07000
2012-01-05,1000.07000
2012-01-06,1000.07000
2012-01-07,1000.07000
2012-01-08,1000.07000
2012-01-09,1000.07000
2012-01-10,1000.07000
2012-01-11,1000.07000
2012-01-12,1000.07000
2012-01-13,1000.07000
2012-01-14,1000.07000
2012-01-15,1000.07000
2012-01-16,1000.07000
2012-01-17,1000.07000
2012-01-18,1000.07000
2012-01-19,1000.07000
2012-01-20,1000.07000
2012-01-21,1000.07000
2012-01-22,1000.07000
2012-01-23,1000.07000
2012-01-24,1000.07000
2012-01-25,1000.07000
2012-01-26,1000.07000
2012-01-27,1000.07000
2012-01-28,1000.07000
2012-01-29,1000.07000
2012-01-30,1000.07000
2012-01-31,1000.07000
2012-02-01,1000.07000
2012-02-02,1000.07000
2012-02-03,1000.07000
2012-02-04,1000.07000
2012-02-05,1000.07000
2012-02-06,1000.07000
2012-02-07,1000.07000
2012-02-08,1000.07000
2012-02-09,1000.07000
2012-02-10,1000.07000
2012-02-11,1000.07000
2012-02-12,1000.07000
2012-02-13,1000.07000
2012-02-14,1000.07000
2012-02-15,1000.07000
2012-02-16,1000.07000
2012-02-17,1000.07000
2012-02-18,1000.07000
2012-02-19,1000.07000
2012-02-20,1000.07000
2012-02-21,1000.07000
2012-02-22,1000.07000
2012-02-23,1000.07000
2012-02-24,1000.07000
2012-02-25,1000.07000
2012-02-26,1000.07000
2012-02-27,1000.07000
2012-02-28,1000.07000
2012-02-29,1000.07000
2012-03-01,1000.07000
2012-03-02,1000.07000
2012-03-03,1000.07000
2012-03-04,1000.07000
2012-03-05,1000.07000
2012-03-06,1000.07000
2012-03-07,1000.07000
2012-03-08,1000.07000
2012-03-09,1000.07000
2012-03-10,1000.07000
2012-03-11,1000.07000
2012-03-12,1000.07000
2012-03-13,1000.07000
2012-03-14,1000.07000
2012-03-15,1000.07000
2012-03-16,1000.07000
2012-03-17,1000.07000
2012-03-18,1000.07000
2012-03-19,1000.07000
2012-03-20,1000.07000
2012-03-21,1000.09080
2012-03-22,1000.07000
2012-03-23,1000.07000
2012-03-24,1000.07000
2012-03-25,1000.07000
2012-03-26,1000.07000
2012-03-27,1000.07000
2012-03-28,1000.07000
2012-03-29,1000.07000
2012-03-30,1000.07000
2012-03-31,1000.07000
2012-04-01,1000.07000
2012-04-02,1000.07000
2012-04-03,1000.07000
2012-04-04,1000.07000
2012-04-05,1000.07000
2012-04-06,1000.07000
2012-04-07,1000.07000
2012-04-08,1000.07000
2012-04-09,1000.07000
2012-04-10,1000.07000
2012-04-11,1000.07000
2012-04-12,1000.07000
2012-04-13,1000.07000
2012-04-14,1000.07000
2012-04-15,1000.07000
2012-04-16,1000.07000
2012-04-17,1000.07000
2012-04-18,1000.07000
2012-04-19,1000.07000
2012-04-20,1000.07000
2012-04-21,1000.07000
2012-04-22,1000.07000
2012-04-23,1000.07000
2012-04-24,1000.07000
2012-04-25,1000.07000
2012-04-26,1000.07000
2012-04-27,1000.07000
2012-04-28,1000.07000
2012-04-29,1000.07000
2012-04-30,1000.07000
2012-05-01,1000.07000
2012-05-02,1000.07000
2012-05-03,1000.07000
2012-05-04,1000.07000
2012-05-05,1000.07000
2012-05-06,1000.07000
2012-05-07,1000.07000
2012-05-08,1000.07000
2012-05-09,1000.07000
2012-05-10,1000.07000
2012-05-11,1000.07000
2012-05-12,1000.07000
2012-05-13,1000.07000
2012-05-14,1000.07000
2012-05-15,1000.07000
2012-05-16,1000.07000
2012-05-17,1000.07000
2012-05-18,1000.07000
2012-05-19,1000.07000
2012-05-20,1000.07000
2012-05-21,1000.07000
2012-05-22,1000.07000
2012-05-23,1000.07000
2012-05-24,1000.07000
2012-05-25,1000.07000
2012-05-26,1000.07000
2012-05-27,1000.07000
2012-05-28,1000.07000
2012-05-29,1000.07000
2012-05-30,1000.07000
2012-05-31,1000.07000
2012-06-01,1000.07000
2012-06-02,1000.07000
2012-06-03,1000.07000
2012-06-04,1000.07000
2012-06-05,1000.07000
2012-06-06,1000.07000
2012-06-07,1000.07000
2012-06-08,1000.07000
2012-06-09,1000.07000
2012-06-10,1000.07000
2012-06-11,1000.07000
2012-06-12,1000.07000
2012-06-13,1000.07000
2012-06-14,1000.07000
2012-06-15,1000.07000
2012-06-16,1000.07000
2012-06-17,1000.07000
2012-06-18,1000.07000
2012-06-19,1000.07000
2012-06-20,1000.07000
2012-06-21,1000.07000
2012-06-22,1000.07000
2012-06-23,1000.07000
2012-06-24,1000.07000
2012-06-25,1000.07000
2012-06-26,1000.07000
2012-06-27,1000.07000
2012-06-28,1000.07000
2012-06-29,1000.07000
2012-06-30,1000.07000
2012-07-01,1000.07000
2012-07-02,1000.07000
2012-07-03,1000.07000
2012-07-04,1000.07000
2012-07-05,1000.07000
2012-07-06,1000.07000
2012-07-07,1000.07000
2012-07-08,1000.07000
2012-07-09,1000.07000
2012-07-10,1000.07000
2012-07-11,1000.07000
2012-07-12,1000.07000
2012-07-13,1000.07000
2012-07-14,1000.07000
2012-07-15,1000.07000
2012-07-16,1000.07000
2012-07-17,1000.07000
2012-07-18,1000.07000
2012-07-19,1000.07000
2012-07-20,1000.07000
2012-07-21,1000.07000
2012-07-22,1000.07000
2012-07-23,1000.07000
2012-07-24,1000.07000
2012-07-25,1000.07000
2012-07-26,1000.07000
2012-07-27,1000.07000
2012-07-28,1000.07000
2012-07-29,1000.07000
2012-07-30,1000.07000
2012-07-31,1000.07000
2012-08-01,1000.07000
2012-08-02,1000.07000
2012-08-03,1000.07000
2012-08-04,1000.07000
2012-08-05,1000.07000
2012-08-06,1000.07000
2012-08-07,1000.07000
2012-08-08,1000.07000
2012-08-09,1000.07000
2012-08-10,1000.07000
2012-08-11,1000.07000
2012-08-12,1000.07000
2012-08-13,1000.07000
2012-08-14,1000.07000
2012-08-15,1000.07000
2012-08-16,1000.07000
2012-08-17,1000.07000
2012-08-18,1000.07000
2012-08-19,1000.07000
2012-08-20,1000.07000
2012-08-21,1000.07000
2012-08-22,1000.07000
2012-08-23,1000.07000
2012-08-24,1000.07000
2012-08-25,1000.07000
2012-08-26,1000.07000
2012-08-27,1000.07000
2012-08-28,1000.07000
2012-08-29,1000.07000
2012-08-30,1000.07000
2012-08-31,1000.07000
2012-09-01,1000.07000
2012-09-02,1000.07000
2012-09-03,1000.07000
2012-09-04,1000.07000
2012-09-05,1000.07000
2012-09-06,1000.07000
2012-09-07,1000.07000
2012-09-08,1000.07000
2012-09-09,1000.07000
2012-09-10,1000.07000
2012-09-11,1000.07000
2012-09-12,1000.07000
2012-09-13,1000.07000
2012-09-14,1000.07000
2012-09-15,1000.07000
2012-09-16,1000.07000
2012-09-17,1000.07000
2012-09-18,1000.07000
2012-09-19,1000.07000
2012-09-20,1000.07000
2012-09-21,1000.07000
2012-09-22,1000.07000
2012-09-23,1000.07000
2012-09-24,1000.07000
2012-09-25,1000.07000
2012-09-26,1000.07000
2012-09-27,1000.07000
2012-09-28,1000.07000
2012-09-29,1000.07000
2012-09-30,1000.07000
2012-10-01,1000.07000
2012-10-02,1000.07000
2012-10-03,1000.07000
2012-10-04,1000.07000
2012-10-05,1000.07000
2012-10-06,1000.07000
2012-10-07,1000.07000
2012-10-08,1000.07000
2012-10-09,1000.07000
2012-10-10,1000.07000
2012-10-11,1000.07000
2012-10-12,1000.07000
2012-10-14,1000.07000
2012-10-15,1000.07000
2012-10-16,1000.07000
2012-10-17,1000.07000
2012-10-18,1000.07000
2012-10-19,1000.07000
2012-10-21,1000.07000
2012-10-22,1000.07000
2012-10-23,1000.07000
2012-10-24,1000.07000
2012-10-25,1000.07000
2012-10-28,1000.07000
2012-10-29,1000.07000
2012-10-30,1000.07000
2012-10-31,1000.07000
2012-11-01,1000.07000
2012-11-02,1000.07000
2012-11-04,1000.07000
2012-11-05,1000.07000
2012-11-06,1000.07000
2012-11-07,1000.07000
2012-11-08,1000.07000
2012-11-09,1000.07000
2012-11-11,1000.07000
2012-11-12,1000.07000
2012-11-14,1000.07000
2012-11-15,1000.07000
2012-11-16,1000.07000
2012-11-18,1000.07000
2012-11-19,1000.07000
2012-11-20,1000.07000
2012-11-21,1000.07000
2012-11-22,1000.07000
2012-11-23,1000.07000
2012-11-25,1000.07000
2012-11-26,1000.07000
2012-11-27,1000.07000
2012-11-28,1000.07000
2012-11-29,1000.07000
2012-11-30,1000.07000
2012-12-02,1000.07000
2012-12-03,1000.07000
2012-12-04,1000.07000
2012-12-05,1000.07000
2012-12-06,1000.07000
2012-12-07,1000.07000
2012-12-09,1000.07000
2012-12-10,1000.07000
2012-12-11,1000.07000
2012-12-12,1000.07000
2012-12-13,1000.07000
2012-12-14,1000.07000
2012-12-16,1000.07000
2012-12-17,1000.07000
2012-12-18,1000.07000
2012-12-19,1000.07000
2012-12-20,1000.07000
2012-12-21,1000.07000
2012-12-23,1000.07000
2012-12-24,1000.07000
2012-12-25,1000.07000
2012-12-26,1000.07000
2012-12-27,1000.07000
2012-12-28,1000.07000
2012-12-30,1000.07000
2012-12-31,1000.07000
2013-01-01,1000.07000
2013-01-02,1000.07000
2013-01-03,1000.07000
2013-01-04,1000.07000
2013-01-06,1000.07000
2013-01-07,1000.07000
2013-01-08,1000.07000
2013-01-09,1000.07000
2013-01-10,1000.07000
2013-01-11,1000.07000
2013-01-13,1000.07000
2013-01-14,1000.07000
2013-01-15,1000.07000
2013-01-16,1000.07000
2013-01-17,1000.07000
2013-01-18,1000.07000
2013-01-20,1000.07000
2013-01-21,1000.07000
2013-01-22,1000.07000
2013-01-23,1000.07000
2013-01-24,1000.07000
2013-01-27,1000.07000
2013-01-28,1000.07000
2013-01-29,1000.07000
2013-01-30,1000.07000
2013-01-31,1000.07000
2013-02-01,1000.07000
2013-02-03,1000.07000
2013-02-04,1000.07000
2013-02-05,1000.07000
2013-02-06,1000.07000
2013-02-07,1000.07000
2013-02-08,1000.07000
2013-02-10,1000.07000
2013-02-11,1000.07000
2013-02-12,1000.07000
2013-02-13,1000.07000
2013-02-14,1000.07000
2013-02-15,1000.07000
2013-02-17,1000.07000
2013-02-18,1000.07000
2013-02-19,1000.07000
2013-02-20,1000.07000
2013-02-21,1000.07000
2013-02-22,1000.07000
2013-02-24,1000.07000
2013-02-25,1000.07000
2013-02-26,1000.07000
2013-02-27,1000.07000
2013-02-28,1000.07000
2013-03-01,1000.07000
2013-03-03,1000.07000
2013-03-04,1000.07000
2013-03-05,1000.07000
2013-03-06,1000.07000
2013-03-07,1000.07000
2013-03-08,1000.07000
2013-03-10,1000.07000
2013-03-11,1000.07000
2013-03-12,1000.07000
2013-03-13,1000.07000
2013-03-14,1000.07000
2013-03-15,1000.07000
2013-03-17,1000.07000
2013-03-18,1000.07000
2013-03-19,1000.07000
2013-03-20,1000.07000
2013-03-21,1000.07000
2013-03-22,1000.07000
2013-03-24,1000.07000
2013-03-25,1000.07000
2013-03-26,1000.07000
2013-03-27,1000.07000
2013-03-28,1000.07000
2013-03-31,1000.07000
2013-04-01,1000.07000
2013-04-02,1000.07000
2013-04-03,1000.07000
2013-04-04,1000.07000
2013-04-05,1000.07000
2013-04-07,1000.07000
2013-04-08,1000.07000
2013-04-09,1000.07000
2013-04-10,1000.07000
2013-04-11,1000.07000
2013-04-12,1000.07000
2013-04-14,1000.07000
2013-04-15,1000.07000
2013-04-16,1000.07000
2013-04-17,1000.07000
2013-04-18,1000.07000
2013-04-21,1000.07000
2013-04-22,1000.07000
2013-04-23,1000.07000
2013-04-24,1000.07000
2013-04-25,1000.07000
2013-04-26,1000.07000
2013-04-28,1000.07000
2013-04-29,1000.07000
2013-04-30,1000.07000
2013-05-01,1000.07000
2013-05-02,1000.07000
2013-05-03,1000.07000
2013-05-05,1000.07000
2013-05-06,1000.07000
2013-05-07,1000.07000
2013-05-08,1000.07000
2013-05-09,1000.07000
2013-05-10,1000.07000
2013-05-12,1000.07000
2013-05-13,1000.07000
2013-05-14,1000.07000
2013-05-15,1000.07000
2013-05-16,1000.07000
2013-05-17,1000.07000
2013-05-19,1000.07000
2013-05-20,1000.07000
2013-05-21,1000.07000
2013-05-22,1000.07000
2013-05-23,1000.07000
2013-05-24,1000.07000
2013-05-26,1000.07000
2013-05-27,1000.07000
2013-05-28,1000.07000
2013-05-29,1000.07000
2013-05-30,1000.07000
2013-05-31,1000.07000
2013-06-02,1000.07000
2013-06-03,1000.07000
2013-06-04,1000.07000
2013-06-05,1000.07000
2013-06-06,1000.07000
2013-06-07,1000.07000
2013-06-09,1000.07000
2013-06-10,1000.07000
2013-06-11,1000.07000
2013-06-12,1000.07000
2013-06-13,1000.07000
2013-06-14,1000.07000
2013-06-16,1000.07000
2013-06-17,1000.07000
2013-06-18,1000.07000
2013-06-19,1000.07000
2013-06-20,1000.07000
2013-06-21,1000.07000
2013-06-23,1000.07000
2013-06-24,1000.07000
2013-06-25,1000.07000
2013-06-26,1000.07000
2013-06-27,1000.07000
2013-06-28,1000.07000
2013-07-01,1000.07000
2013-07-02,1000.07000
2013-07-03,1000.07000
2013-07-04,1000.07000
2013-07-05,1000.07000
2013-07-07,1000.07000
2013-07-08,1000.07000
2013-07-09,1000.07000
2013-07-10,1000.07000
2013-07-11,1000.07000
2013-07-12,1000.07000
2013-07-14,1000.07000
2013-07-15,1000.07000
2013-07-16,997.52990
2013-07-17,997.88700
2013-07-18,998.42370
2013-07-19,998.69640
2013-07-21,999.23280
2013-07-22,999.50750
2013-07-23,999.74080
2013-07-24,998.78370
2013-07-25,999.09030
2013-07-26,999.40000
2013-07-28,1000.01790
2013-07-29,1000.07000
2013-07-30,1000.07000
2013-07-31,1000.07000
2013-08-01,1000.07000
2013-08-02,1000.07000
2013-08-04,1000.07000
2013-08-05,1000.07000
2013-08-06,1000.07000
2013-08-07,1000.07000
2013-08-08,1000.07000
2013-08-11,1000.07000
2013-08-12,1000.07000
2013-08-13,1000.07000
2013-08-14,1000.07000
2013-08-15,1000.07000
2013-08-16,1000.07000
2013-08-18,1000.07000
2013-08-19,1000.07000
2013-08-20,1000.07000
2013-08-21,1000.07000
2013-08-22,1000.07000
2013-08-23,1000.07000
2013-08-25,1000.07000
2013-08-26,1000.07000
2013-08-27,1000.07000
2013-08-28,1000.07000
2013-08-29,1000.07000
2013-08-30,1000.07000
2013-09-01,1000.07000
2013-09-02,1000.07000
2013-09-03,1000.07000
2013-09-04,1000.07000
2013-09-05,1000.07000
2013-09-06,1000.07000
2013-09-09,1000.07000
2013-09-10,1000.07000
2013-09-11,1000.07000
2013-09-12,1000.07000
2013-09-13,1000.07000
2013-09-15,1000.07000
2013-09-16,1000.07000
2013-09-17,1000.07000
2013-09-18,1000.07000
2013-09-19,1000.07000
2013-09-20,1000.07000
2013-09-22,1000.07000
2013-09-23,1000.07000
2013-09-24,1000.07000
2013-09-25,1000.07000
2013-09-26,1000.10280
2013-09-27,1000.10280
2013-09-29,1000.10280
2013-09-30,1000.10280
2013-10-01,1000.10280
2013-10-02,1000.10280
2013-10-03,1000.10280
2013-10-04,1000.10280
2013-10-06,1000.10280
2013-10-07,1000.10280
2013-10-08,1000.14560
2013-10-09,1000.14560
2013-10-10,1000.14560
2013-10-11,1000.14560
2013-10-13,1000.14560
2013-10-14,1000.14560
2013-10-15,1000.14560
2013-10-16,1000.14560
2013-10-17,1000.14560
2013-10-18,1000.14560
2013-10-20,1000.14560
2013-10-21,1000.14560
2013-10-22,1000.14560
2013-10-23,1000.14560
2013-10-24,1000.14560
2013-10-25,1000.14560
2013-10-27,1000.14560
2013-10-28,1000.14560
2013-10-29,1000.14560
2013-10-30,1000.14560
2013-10-31,1000.14560
2013-11-01,1000.14560
2013-11-04,1000.14560
2013-11-05,1000.14560
2013-11-06,1000.14560
2013-11-07,1000.14560
2013-11-08,1000.14560
2013-11-10,1000.14560
2013-11-11,1000.14560
2013-11-12,1000.14560
2013-11-13,1000.14560
2013-11-14,1000.14560
2013-11-17,1000.14560
2013-11-18,1000.14560
2013-11-19,1000.14560
2013-11-20,1000.14560
2013-11-21,1000.14560
2013-11-22,1000.14560
2013-11-24,1000.14560
2013-11-25,1000.14560
2013-11-26,1000.14560
2013-11-27,1000.14560
2013-11-28,1000.14560
2013-11-29,1000.14560
2013-12-01,1000.14560
2013-12-02,1000.14560
2013-12-03,1000.14560
2013-12-04,1000.14560
2013-12-05,1000.14560
2013-12-06,1000.14560
2013-12-08,1000.14560
2013-12-09,1000.14560
2013-12-10,1000.14560
2013-12-11,1000.14560
2013-12-12,1000.14560
2013-12-13,1000.14560
2013-12-15,1000.14560
2013-12-16,1000.14560
2013-12-17,1000.14560
2013-12-18,1000.14560
2013-12-19,1000.14560
2013-12-20,1000.14560
2013-12-22,1000.14560
2013-12-23,1000.14560
2013-12-24,1000.14560
2013-12-25,1000.14560
2013-12-26,1000.14560
2013-12-27,1000.14560
2013-12-29,1000.14560
2013-12-30,1000.14560
2013-12-31,1000.14560
2014-01-01,1000.14560
2014-01-02,1000.14560
2014-01-03,1000.14560
2014-01-05,1000.14560
2014-01-06,1000.14560
2014-01-07,1000.14560
2014-01-08,1000.14560
2014-01-09,1000.14560
2014-01-10,1000.14560
2014-01-12,1000.14560
2014-01-13,1000.14560
2014-01-14,1000.14560
2014-01-15,1000.14560
2014-01-16,1000.14560
2014-01-17,1000.14560
2014-01-19,1000.14560
2014-01-20,1000.14560
2014-01-21,1000.14560
2014-01-22,1000.14560
2014-01-23,1000.14560
2014-01-24,1000.14560
2014-01-26,1000.14560
2014-01-27,1000.14560
2014-01-28,1000.14560
2014-01-29,1000.14560
2014-01-30,1000.14560
2014-01-31,1000.14560
2014-02-02,1000.14560
2014-02-03,1000.14560
2014-02-04,1000.14560
2014-02-05,1000.14560
2014-02-06,1000.14560
2014-02-07,1000.14560
2014-02-09,1000.14560
2014-02-10,1000.14560
2014-02-11,1000.14560
2014-02-12,1000.14560
2014-02-13,1000.14560
2014-02-14,1000.14560
2014-02-16,1000.14560
2014-02-17,1000.14560
2014-02-18,1000.14560
2014-02-19,1000.14560
2014-02-20,1000.14560
2014-02-21,1000.14560
2014-02-23,1000.14560
2014-02-24,1000.14560
2014-02-25,1000.14560
2014-02-26,1000.14560
2014-02-27,1000.14560
2014-02-28,1000.14560
2014-03-02,1000.14560
2014-03-03,1000.14560
2014-03-04,1000.14560
2014-03-05,1000.14560
2014-03-06,1000.14560
2014-03-07,1000.14560
2014-03-09,1000.14560
2014-03-10,1000.14560
2014-03-11,1000.14560
2014-03-12,1000.14560
2014-03-13,1000.14560
2014-03-14,1000.14560
2014-03-17,1000.14560
2014-03-18,1000.14560
2014-03-19,1000.14560
2014-03-20,1000.14560
2014-03-21,1000.14560
2014-03-23,1000.14560
2014-03-24,1000.14560
2014-03-25,1000.14560
2014-03-26,1000.14560
2014-03-27,1000.14560
2014-03-28,1000.30370
2014-04-01,1000.30370
2014-04-02,1000.30370
2014-04-03,1000.30370
2014-04-04,1000.30370
2014-04-06,1000.30370
2014-04-07,1000.30370
2014-04-08,1000.30370
2014-04-09,1000.30370
2014-04-10,1000.30370
2014-04-11,1000.30370
2014-04-14,1000.30370
2014-04-15,1000.30370
2014-04-16,1000.30370
2014-04-17,1000.30370
2014-04-20,1000.30370
2014-04-21,1000.30370
2014-04-22,1000.30370
2014-04-23,1000.30370
2014-04-24,1000.30370
2014-04-25,1000.30370
2014-04-27,1000.30370
2014-04-28,1000.30370
2014-04-29,1000.30370
2014-04-30,1000.30370
2014-05-01,1000.30370
2014-05-02,1000.30370
2014-05-04,1000.30370
2014-05-05,1000.30370
2014-05-06,1000.30370
2014-05-07,1000.30370
2014-05-08,1000.30370
2014-05-09,1000.30370
2014-05-11,1000.30370
2014-05-12,1000.30370
2014-05-13,1000.30370
2014-05-14,1000.30370
2014-05-15,1000.30370
2014-05-16,1000.30370
2014-05-18,1000.30370
2014-05-19,1000.30370
2014-05-20,1000.30370
2014-05-21,1000.30370
2014-05-22,1000.30370
2014-05-23,1000.30370
2014-05-25,1000.30370
2014-05-26,1000.30370
2014-05-27,1000.30370
2014-05-28,1000.30370
2014-05-29,1000.30370
2014-05-30,1000.30370
2014-06-01,1000.30370
2014-06-02,1000.30370
2014-06-03,1000.30370
2014-06-04,1000.30370
2014-06-05,1000.30370
2014-06-06,1000.30370
2014-06-08,1000.30370
2014-06-09,1000.30370
2014-06-10,1000.30370
2014-06-11,1000.30370
2014-06-12,1000.30370
2014-06-13,1000.30370
2014-06-15,1000.30370
2014-06-16,1000.30370
2014-06-17,1000.30370
2014-06-18,1000.30370
2014-06-19,1000.30370
2014-06-20,1000.30370
2014-06-22,1000.30370
2014-06-23,1000.30370
2014-06-24,1000.30370
2014-06-25,1000.30370
2014-06-26,1000.30370
2014-06-27,1000.30370
2014-06-29,1000.30370
2014-06-30,1000.30370
2014-07-01,1000.30370
2014-07-02,1000.30370
2014-07-03,1000.30370
2014-07-04,1000.30370
2014-07-06,1000.30370
2014-07-07,1000.30370
2014-07-08,1000.30370
2014-07-09,1000.30370
2014-07-10,1000.30370
2014-07-11,1000.30370
2014-07-13,1000.30370
2014-07-14,1000.30370
2014-07-15,1000.30370
2014-07-16,1000.30370
2014-07-17,1000.30370
2014-07-18,1000.30370
2014-07-20,1000.30370
2014-07-21,1000.30370
2014-07-22,1000.30370
2014-07-23,1000.30370
2014-07-24,1000.30370
2014-07-25,1000.30370
2014-07-27,1000.30370
2014-07-28,1000.30370
2014-07-29,1000.30370
2014-07-30,1000.30370
2014-07-31,1000.30370
2014-08-01,1000.30370
2014-08-03,1000.30370
2014-08-04,1000.30370
2014-08-05,1000.30370
2014-08-06,1000.30370
2014-08-07,1000.30370
2014-08-08,1000.30370
2014-08-10,1000.30370
2014-08-11,1000.30370
2014-08-12,1000.30370
2014-08-13,1000.30370
2014-08-14,1000.30370
2014-08-18,1000.30370
2014-08-19,1000.30370
2014-08-20,1000.30370
2014-08-21,1000.30370
2014-08-22,1000.30370
2014-08-24,1000.30370
2014-08-25,1000.30370
2014-08-26,1000.30370
2014-08-27,1000.30370
2014-08-28,1000.30370
2014-08-31,1000.30370
2014-09-01,1000.30370
2014-09-02,1000.30370
2014-09-03,1000.30370
2014-09-04,1000.30370
2014-09-05,1000.30370
2014-09-07,1000.30370
2014-09-08,1000.30370
2014-09-09,1000.30370
2014-09-10,1000.30370
2014-09-11,1000.30370
2014-09-12,1000.30370
2014-09-14,1000.30370
2014-09-15,1000.30370
2014-09-16,1000.30370
2014-09-17,1000.30370
2014-09-18,1000.30370
2014-09-19,1000.30370
2014-09-21,1000.30370
2014-09-22,1000.30370
2014-09-23,1000.30370
2014-09-24,1000.30370
2014-09-25,1000.30370
2014-09-26,1000.30370
2014-09-28,1000.30370
2014-09-29,1000.30370
2014-09-30,1000.30370
2014-10-01,1000.30370
2014-10-06,1000.30370
2014-10-07,1000.30370
2014-10-08,1000.30370
2014-10-09,1000.30370
2014-10-10,1000.30370
2014-10-12,1000.30370
2014-10-13,1000.30370
2014-10-14,1000.30370
2014-10-15,1000.30370
2014-10-16,1000.30370
2014-10-17,1000.30370
2014-10-19,1000.30370
2014-10-20,1000.30370
2014-10-21,1000.30370
2014-10-22,1000.30370
2014-10-26,1000.30370
2014-10-27,1000.30370
2014-10-28,1000.30370
2014-10-29,1000.30370
2014-10-30,1000.30370
2014-10-31,1000.30370
2014-11-02,1000.30370
2014-11-03,1000.30370
2014-11-04,1000.30370
2014-11-05,1000.30370
2014-11-06,1000.30370
2014-11-07,1000.30370
2014-11-09,1000.30370
2014-11-10,1000.30370
2014-11-11,1000.30370
2014-11-12,1000.30370
2014-11-13,1000.30370
2014-11-14,1000.30370
2014-11-16,1000.30370
2014-11-17,1000.30370
2014-11-18,1000.30370
2014-11-19,1000.30370
2014-11-20,1000.30370
2014-11-21,1000.30370
2014-11-23,1000.30370
2014-11-24,1000.30370
2014-11-25,1000.30370
2014-11-26,1000.30370
2014-11-27,1000.30370
2014-11-28,1000.30370
2014-11-30,1000.30370
2014-12-01,1000.30370
2014-12-02,1000.30370
2014-12-03,1000.30370
2014-12-04,1000.30370
2014-12-05,1000.30370
2014-12-07,1000.30370
2014-12-08,1000.30370
2014-12-09,1000.30370
2014-12-10,1000.30370
2014-12-11,1000.30370
2014-12-12,1000.30370
2014-12-14,1000.30370
2014-12-15,1000.30370
2014-12-16,1000.30370
2014-12-17,1000.30370
2014-12-18,1000.30370
2014-12-19,1000.30370
2014-12-21,1000.30370
2014-12-22,1000.30370
2014-12-23,1000.30370
2014-12-24,1000.30370
2014-12-25,1000.30370
2014-12-26,1000.30370
2014-12-28,1000.30370
2014-12-29,1000.30370
2014-12-30,1000.30370
2014-12-31,1000.30370
2015-01-01,1000.30370
2015-01-02,1000.30370
2015-01-04,1000.30370
2015-01-05,1000.30370
2015-01-06,1000.30370
2015-01-07,1000.30370
2015-01-08,1000.30370
2015-01-09,1000.30370
2015-01-11,1000.30370
2015-01-12,1000.30370
2015-01-13,1000.30370
2015-01-14,1000.30370
2015-01-15,1000.30370
2015-01-16,1000.30370
2015-01-18,1000.30370
2015-01-19,1000.30370
2015-01-20,1000.30370
2015-01-21,1000.30370
2015-01-22,1000.30370
2015-01-23,1000.30370
2015-01-26,1000.30370
2015-01-27,1000.30370
2015-01-28,1000.30370
2015-01-29,1000.30370
2015-01-30,1000.30370
2015-02-01,1000.30370
2015-02-02,1000.30370
2015-02-03,1000.30370
2015-02-04,1000.30370
2015-02-05,1000.30370
2015-02-06,1000.30370
2015-02-08,1000.30370
2015-02-09,1000.30370
2015-02-10,1000.30370
2015-02-11,1000.30370
2015-02-12,1000.30370
2015-02-13,1000.30370
2015-02-15,1000.30370
2015-02-16,1000.30370
2015-02-17,1000.30370
2015-02-18,1000.30370
2015-02-19,1000.30370
2015-02-20,1000.30370
2015-02-22,1000.30370
2015-02-23,1000.30370
2015-02-24,1000.30370
2015-02-25,1000.30370
2015-02-26,1000.30370
2015-02-27,1000.30370
2015-03-01,1000.30370
2015-03-02,1000.30370
2015-03-03,1000.30370
2015-03-04,1000.30370
2015-03-05,1000.30370
2015-03-08,1000.30370
2015-03-09,1000.30370
2015-03-10,1000.30370
2015-03-11,1000.30370
2015-03-12,1000.30370
2015-03-13,1000.30370
2015-03-15,1000.30370
2015-03-16,1000.30370
2015-03-17,1000.30370
2015-03-18,1000.30370
2015-03-19,1000.30370
2015-03-20,1000.30370
2015-03-22,1000.30370
2015-03-23,1000.30370
2015-03-24,1000.30370
2015-03-25,1000.30370
2015-03-26,1000.30370
2015-03-27,1000.30370
2015-03-29,1000.30370
2015-03-30,1000.30370
2015-03-31,1000.31890
2015-04-05,1000.31890
2015-04-06,1000.31890
2015-04-07,1000.38990
2015-04-08,1000.40100
2015-04-09,1000.43030
2015-04-10,1000.43030
2015-04-12,1000.43030
2015-04-13,1000.43030
2015-04-14,1000.43030
2015-04-15,1000.43030
2015-04-16,1000.43030
2015-04-17,1000.43030
2015-04-19,1000.43030
2015-04-20,1000.43030
2015-04-21,1000.43030
2015-04-22,1000.43030
2015-04-23,1000.43030
2015-04-24,1000.43030
2015-04-26,1000.43030
2015-04-27,1000.43030
2015-04-28,1000.43030
2015-04-29,1000.43030
2015-04-30,1000.43030
2015-05-04,1000.43030
2015-05-05,1000.43030
2015-05-06,1000.43030
2015-05-07,1000.43030
2015-05-08,1000.43030
2015-05-10,1000.43030
2015-05-11,1000.43030
2015-05-12,1000.43030
2015-05-13,1000.43030
2015-05-14,1000.43030
2015-05-15,1000.43030
2015-05-17,1000.43030
2015-05-18,1000.43030
2015-05-19,1000.43030
2015-05-20,1000.43030
2015-05-21,1000.43030
2015-05-22,1000.43030
2015-05-24,1000.43030
2015-05-25,1000.43030
2015-05-26,1000.43030
2015-05-27,1000.43030
2015-05-28,1000.43030
2015-05-29,1000.43030
2015-05-31,1000.43030
2015-06-01,1000.43030
2015-06-02,1000.43030
2015-06-03,1000.43030
2015-06-04,1000.43030
2015-06-05,1000.43030
2015-06-07,1000.43030
2015-06-08,1000.43030
2015-06-09,1000.43030
2015-06-10,1000.43030
2015-06-11,1000.43030
2015-06-12,1000.43030
2015-06-14,1000.43030
2015-06-15,1000.43030
2015-06-16,1000.43030
2015-06-17,1000.43030
2015-06-18,1000.43030
2015-06-19,1000.43030
2015-06-21,1000.43030
2015-06-22,1000.43030
2015-06-23,1000.43030
2015-06-24,1000.43030
2015-06-25,1000.43030
2015-06-26,1000.43030
2015-06-28,1000.43030
2015-06-29,1000.43030
2015-06-30,1000.43030
2015-07-01,1000.43030
2015-07-02,1000.43030
2015-07-03,1000.43030
2015-07-05,1000.43030
2015-07-06,1000.43030
2015-07-07,1000.43030
2015-07-08,1000.43030
2015-07-09,1000.43030
2015-07-10,1000.43030
2015-07-12,1000.43030
2015-07-13,1000.43030
2015-07-14,1000.43030
2015-07-15,1000.43030
2015-07-16,1000.43030
2015-07-17,1000.43030
2015-07-19,1000.43030
2015-07-20,1000.43030
2015-07-21,1000.43030
2015-07-22,1000.43030
2015-07-23,1000.43030
2015-07-24,1000.43030
2015-07-26,1000.43030
2015-07-27,1000.43030
2015-07-28,1000.43030
2015-07-29,1000.43030
2015-07-30,1000.43030
2015-07-31,1000.43030
2015-08-02,1000.43030
2015-08-03,1000.43030
2015-08-04,1000.43030
2015-08-05,1000.43030
2015-08-06,1000.43030
2015-08-07,1000.43030
2015-08-09,1000.43030
2015-08-10,1000.43030
2015-08-11,1000.43030
2015-08-12,1000.43030
2015-08-13,1000.43030
2015-08-14,1000.43030
2015-08-16,1000.43030
2015-08-17,1000.43030
2015-08-18,1000.43030
2015-08-19,1000.43030
2015-08-20,1000.43030
2015-08-21,1000.43030
2015-08-23,1000.43030
2015-08-24,1000.43030
2015-08-25,1000.43030
2015-08-26,1000.43030
2015-08-27,1000.43030
2015-08-28,1000.43030
2015-08-30,1000.43030
2015-08-31,1000.43030
2015-09-01,1000.43030
2015-09-02,1000.43030
2015-09-03,1000.43030
2015-09-04,1000.43030
2015-09-06,1000.43030
2015-09-07,1000.43030
2015-09-08,1000.43030
2015-09-09,1000.43030
2015-09-10,1000.43030
2015-09-11,1000.43030
2015-09-13,1000.43030
2015-09-14,1000.43030
2015-09-15,1000.43030
2015-09-16,1000.43030
2015-09-17,1000.43030
2015-09-18,1000.43030
2015-09-20,1000.43030
2015-09-21,1000.43030
2015-09-22,1000.43030
2015-09-23,1000.43030
2015-09-24,1000.43030
2015-09-27,1000.43030
2015-09-28,1000.43030
2015-09-29,1000.43030
2015-09-30,1000.44030
2015-10-01,1000.46820
2015-10-04,1000.46820
2015-10-05,1000.46820
2015-10-06,1000.46820
2015-10-07,1000.46820
2015-10-08,1000.46820
2015-10-09,1000.46820
2015-10-11,1000.46820
2015-10-12,1000.46820
2015-10-13,1000.46820
2015-10-14,1000.46820
2015-10-15,1000.46820
2015-10-16,1000.46820
2015-10-18,1000.46820
2015-10-19,1000.46820
2015-10-20,1000.46820
2015-10-21,1000.46820
2015-10-22,1000.46820
2015-10-23,1000.46820
2015-10-25,1000.46820
2015-10-26,1000.46820
2015-10-27,1000.46820
2015-10-28,1000.46820
2015-10-29,1000.46820
2015-10-30,1000.46820
2015-11-01,1000.46820
2015-11-02,1000.46820
2015-11-03,1000.46820
2015-11-04,1000.46820
2015-11-05,1000.46820
2015-11-06,1000.46820
2015-11-08,1000.46820
2015-11-09,1000.46820
2015-11-10,1000.46820
2015-11-12,1000.46820
2015-11-13,1000.46820
2015-11-15,1000.46820
2015-11-16,1000.46820
2015-11-17,1000.46820
2015-11-18,1000.46820
2015-11-19,1000.46820
2015-11-20,1000.46820
2015-11-22,1000.46820
2015-11-23,1000.46820
2015-11-24,1000.46820
2015-11-25,1000.46820
2015-11-26,1000.46820
2015-11-27,1000.46820
2015-11-29,1000.46820
2015-11-30,1000.46820
2015-12-01,1000.46820
2015-12-02,1000.46820
2015-12-03,1000.46820
2015-12-04,1000.46820
2015-12-06,1000.46820
2015-12-07,1000.46820
2015-12-08,1000.46820
2015-12-09,1000.46820
2015-12-10,1000.46820
2015-12-11,1000.46820
2015-12-13,1000.46820
2015-12-14,1000.46820
2015-12-15,1000.46820
2015-12-16,1000.46820
2015-12-17,1000.46820
2015-12-18,1000.46820
2015-12-20,1000.46820
2015-12-21,1000.46820
2015-12-22,1000.46820
2015-12-23,1000.46820
2015-12-27,1000.46820
2015-12-28,1000.46820
2015-12-29,1000.46820
2015-12-30,1000.46820
2015-12-31,1000.46820
2016-01-01,1000.46820
2016-01-03,1000.46820
2016-01-04,1000.46820
2016-01-05,1000.46820
2016-01-06,1000.46820
2016-01-07,1000.46820
2016-01-08,1000.46820
2016-01-10,1000.46820
2016-01-11,1000.46820
2016-01-12,1000.46820
2016-01-13,1000.46820
2016-01-14,1000.46820
2016-01-15,1000.46820
2016-01-17,1000.46820
2016-01-18,1000.46820
2016-01-19,1000.46820
2016-01-20,1000.46820
2016-01-21,1000.46820
2016-01-22,1000.46820
2016-01-24,1000.46820
2016-01-25,1000.46820
2016-01-26,1000.46820
2016-01-27,1000.46820
2016-01-28,1000.46820
2016-01-29,1000.46820
2016-01-31,1000.46820
2016-02-01,1000.46820
2016-02-02,1000.46820
2016-02-03,1000.46820
2016-02-04,1000.46820
2016-02-05,1000.46820
2016-02-07,1000.46820
2016-02-08,1000.46820
2016-02-09,1000.46820
2016-02-10,1000.46820
2016-02-11,1000.46820
2016-02-12,1000.46820
2016-02-14,1000.46820
2016-02-15,1000.46820
2016-02-16,1000.46820
2016-02-17,1000.46820
2016-02-18,1000.46820
2016-02-21,1000.46820
2016-02-22,1000.46820
2016-02-23,1000.46820
2016-02-24,1000.46820
2016-02-25,1000.46820
2016-02-26,1000.46820
2016-02-28,1000.46820
2016-02-29,1000.46820
2016-03-01,1000.46820
2016-03-02,1000.46820
2016-03-03,1000.46820
2016-03-04,1000.46820
2016-03-07,1000.46820
2016-03-08,1000.46820
2016-03-09,1000.46820
2016-03-10,1000.46820
2016-03-11,1000.46820
2016-03-13,1000.46820
2016-03-14,1000.46820
2016-03-15,1000.46820
2016-03-16,1000.46820
2016-03-17,1000.46820
2016-03-18,1000.46820
2016-03-20,1000.46820
2016-03-21,1000.46820
2016-03-22,1000.46820
2016-03-23,1000.46820
2016-03-27,1000.46820
2016-03-28,1000.46820
2016-03-29,1000.46820
2016-03-30,1000.46820
2016-03-31,1000.56950
2016-04-03,1000.56950
2016-04-04,1000.56950
2016-04-05,1000.86120
2016-04-06,1000.87180
2016-04-07,1000.87180
2016-04-10,1000.87180
2016-04-11,1000.87180
2016-04-12,1000.88930
2016-04-13,1000.88930
2016-04-17,1000.88930
2016-04-18,1000.88930
2016-04-19,1000.88930
2016-04-20,1000.88930
2016-04-21,1000.88930
2016-04-22,1000.88930
2016-04-24,1000.88930
2016-04-25,1000.88930
2016-04-26,1000.88930
2016-04-27,1000.88930
2016-04-28,1000.88930
2016-04-29,1000.88930
2016-05-01,1000.88930
2016-05-02,1000.88930
2016-05-03,1000.88930
2016-05-04,1000.88930
2016-05-05,1000.88930
2016-05-06,1000.88930
2016-05-08,1000.88930
2016-05-09,1000.88930
2016-05-10,1000.88930
2016-05-11,1000.88930
2016-05-12,1000.88930
2016-05-13,1000.88930
2016-05-15,1000.88930
2016-05-16,1000.88930
2016-05-17,1000.88930
2016-05-18,1000.88930
2016-05-19,1000.88930
2016-05-20,1000.88930
2016-05-22,1000.88930
2016-05-23,1000.88930
2016-05-24,1000.88930
2016-05-25,1000.88930
2016-05-26,1000.88930
2016-05-27,1000.88930
2016-05-29,1000.88930
2016-05-30,1000.88930
2016-05-31,1000.88930
2016-06-01,1000.88930
2016-06-02,1000.88930
2016-06-03,1000.88930
2016-06-05,1000.88930
2016-06-06,1000.88930
2016-06-07,1000.88930
2016-06-08,1000.88930
2016-06-09,1000.88930
2016-06-10,1000.88930
2016-06-12,1000.88930
2016-06-13,1000.88930
2016-06-14,1000.88930
2016-06-15,1000.88930
2016-06-16,1000.88930
2016-06-17,1000.88930
2016-06-19,1000.88930
2016-06-20,1000.88930
2016-06-21,1000.88930
2016-06-22,1000.88930
2016-06-23,1000.88930
2016-06-24,1000.88930
2016-06-26,1000.88930
2016-06-27,1000.88930
2016-06-28,1000.88930
2016-06-29,1000.88930
2016-06-30,1000.88930
2016-07-01,1000.88930
2016-07-03,1000.88930
2016-07-04,1000.88930
2016-07-05,1000.88930
2016-07-06,1000.88930
2016-07-07,1000.88930
2016-07-08,1000.88930
2016-07-10,1000.88930
2016-07-11,1000.88930
2016-07-12,1000.88930
2016-07-13,1000.88930
2016-07-14,1000.88930
2016-07-15,1000.88930
2016-07-17,1000.88930
2016-07-18,1000.88930
2016-07-19,1000.88930
2016-07-20,1000.88930
2016-07-21,1000.88930
2016-07-22,1000.88930
2016-07-24,1000.88930
2016-07-25,1000.88930
2016-07-26,1000.88930
2016-07-27,1000.88930
2016-07-28,1000.88930
2016-07-29,1000.88930
2016-07-31,1000.88930
2016-08-01,1000.88930
2016-08-02,1000.88930
2016-08-03,1000.88930
2016-08-04,1000.88930
2016-08-05,1000.88930
2016-08-07,1000.88930
2016-08-08,1000.88930
2016-08-09,1000.88930
2016-08-10,1000.88930
2016-08-11,1000.88930
2016-08-12,1000.88930
2016-08-15,1000.88930
2016-08-16,1000.88930
2016-08-17,1000.88930
2016-08-18,1000.88930
2016-08-19,1000.88930
2016-08-21,1000.88930
2016-08-22,1000.88930
2016-08-23,1000.88930
2016-08-24,1000.88930
2016-08-25,1000.88930
2016-08-26,1000.88930
2016-08-28,1000.88930
2016-08-29,1000.88930
2016-08-30,1000.88930
2016-08-31,1000.88930
2016-09-01,1000.88930
2016-09-02,1000.88930
2016-09-05,1000.88930
2016-09-06,1000.88930
2016-09-07,1000.88930
2016-09-08,1000.88930
2016-09-09,1000.88930
2016-09-11,1000.88930
2016-09-12,1000.88930
2016-09-13,1000.88930
2016-09-14,1000.88930
2016-09-15,1000.88930
2016-09-16,1000.88930
2016-09-18,1000.88930
2016-09-19,1000.88930
2016-09-20,1000.88930
2016-09-21,1000.88930
2016-09-22,1000.88930
2016-09-23,1000.88930
2016-09-25,1000.88930
2016-09-26,1000.88930
2016-09-27,1000.88930
2016-09-28,1000.88930
2016-09-29,1000.88930
2016-09-30,1000.88930
2016-10-02,1000.88930
2016-10-03,1000.88930
2016-10-04,1000.88930
2016-10-05,1000.88930
2016-10-06,1000.88930
2016-10-07,1000.88930
2016-10-09,1000.88930
2016-10-10,1000.88930
2016-10-12,1000.88930
2016-10-13,1000.88930
2016-10-14,1000.88930
2016-10-16,1000.88930
2016-10-17,1000.88930
2016-10-18,1000.88930
2016-10-19,1000.88930
2016-10-20,1000.88930
2016-10-21,1000.88930
2016-10-23,1000.88930
2016-10-24,1000.88930
2016-10-25,1000.88930
2016-10-26,1000.88930
2016-10-27,1000.88930
2016-10-28,1000.88930
2016-10-31,1000.88930
2016-11-01,1000.88930
2016-11-02,1000.88930
2016-11-03,1000.88930
2016-11-04,1000.88930
2016-11-06,1000.88930
2016-11-07,1000.88930
2016-11-08,1000.88930
2016-11-09,1000.88930
2016-11-10,1000.88930
2016-11-11,1000.88930
2016-11-14,1000.88930
2016-11-15,1000.88930
2016-11-16,1000.88930
2016-11-17,1000.88930
2016-11-18,1000.88930
2016-11-20,1000.88930
2016-11-21,1000.88930
2016-11-22,1000.88930
2016-11-23,1000.88930
2016-11-24,1000.88930
2016-11-25,1000.88930
2016-11-27,1000.88930
2016-11-28,1000.88930
2016-11-29,1000.88930
2016-11-30,1000.88930
2016-12-01,1000.88930
2016-12-02,1000.88930
2016-12-04,1000.88930
2016-12-05,1000.88930
2016-12-06,1000.88930
2016-12-07,1000.88930
2016-12-08,1000.88930
2016-12-09,1000.88930
2016-12-12,1000.88930
2016-12-13,1000.88930
2016-12-14,1000.88930
2016-12-15,1000.88930
2016-12-16,1000.88930
2016-12-18,1000.88930
2016-12-19,1000.88930
2016-12-20,1000.88930
2016-12-21,1000.88930
2016-12-22,1000.88930
2016-12-23,1000.88930
2016-12-25,1000.88930
2016-12-26,1000.88930
2016-12-27,1000.88930
2016-12-28,1000.88930
2016-12-29,1000.88930
2016-12-30,1000.88930
2017-01-01,1000.88930
2017-01-02,1000.88930
2017-01-03,1000.88930
2017-01-04,1000.88930
2017-01-05,1000.88930
2017-01-06,1000.88930
2017-01-08,1000.88930
2017-01-09,1000.88930
2017-01-10,1000.88930
2017-01-11,1000.88930
2017-01-12,1000.88930
2017-01-13,1000.88930
2017-01-15,1000.88930
2017-01-16,1000.88930
2017-01-17,1000.88930
2017-01-18,1000.88930
2017-01-19,1000.88930
2017-01-20,1000.88930
2017-01-22,1000.88930
2017-01-23,1000.88930
2017-01-24,1000.88930
2017-01-25,1000.88930
2017-01-26,1000.88930
2017-01-27,1000.88930
2017-01-29,1000.88930
2017-01-30,1000.88930
2017-01-31,1000.88930
2017-02-01,1000.88930
2017-02-02,1000.88930
2017-02-03,1000.88930
2017-02-05,1000.88930
2017-02-06,1000.88930
2017-02-07,1000.88930
2017-02-08,1000.88930
2017-02-09,1000.88930
2017-02-10,1000.88930
2017-02-12,1000.88930
2017-02-13,1000.88930
2017-02-14,1000.88930
2017-02-15,1000.88930
2017-02-16,1000.88930
2017-02-17,1000.88930
2017-02-19,1000.88930
2017-02-20,1000.88930
2017-02-21,1000.88930
2017-02-22,1000.88930
2017-02-23,1000.88930
2017-02-26,1000.88930
2017-02-27,1000.88930
2017-02-28,1000.88930
2017-03-01,1000.88930
2017-03-02,1000.88930
2017-03-03,1000.88930
2017-03-05,1000.88930
2017-03-06,1000.88930
2017-03-07,1000.88930
2017-03-08,1000.88930
2017-03-09,1000.88930
2017-03-10,1000.88930
2017-03-13,1000.88930
2017-03-14,1000.88930
2017-03-15,1000.88930
2017-03-16,1000.88930
2017-03-17,1000.88930
2017-03-19,1000.88930
2017-03-20,1000.88930
2017-03-21,1000.88930
2017-03-22,1000.88930
2017-03-23,1000.88930
2017-03-24,1000.88930
2017-03-26,1000.88930
2017-03-27,1000.88930
2017-03-28,1000.88930
2017-03-29,1000.88930
2017-03-30,1000.88930
2017-03-31,1000.88930
2017-04-02,1000.88930
2017-04-03,1000.88930
2017-04-04,1000.88930
2017-04-05,1000.88930
2017-04-06,1000.88930
2017-04-07,1000.88930
2017-04-09,1000.88930
2017-04-10,1000.88930
2017-04-11,1000.88930
2017-04-12,1000.88930
2017-04-13,1000.88930
2017-04-16,1000.88930
2017-04-17,1000.88930
2017-04-18,1000.88930
2017-04-19,1000.88930
2017-04-20,1000.88930
2017-04-21,1000.88930
2017-04-23,1000.88930
2017-04-24,1000.88930
2017-04-25,1000.88930
2017-04-26,1000.88930
2017-04-27,1000.88930
2017-04-28,1000.88930
2017-05-01,1000.88930
2017-05-02,1000.88930
2017-05-03,1000.88930
2017-05-04,1000.88930
2017-05-05,1000.88930
2017-05-07,1000.88930
2017-05-08,1000.88930
2017-05-09,1000.88930
2017-05-10,1000.88930
2017-05-11,1000.88930
2017-05-12,1000.88930
2017-05-14,1000.88930
2017-05-15,1000.88930
2017-05-16,1000.88930
2017-05-17,1000.88930
2017-05-18,1000.88930
2017-05-19,1000.88930
2017-05-21,1000.88930
2017-05-22,1000.88930
2017-05-23,1000.88930
2017-05-24,1000.88930
2017-05-25,1000.88930
2017-05-26,1000.88930
2017-05-28,1000.88930
2017-05-29,1000.88930
2017-05-30,1000.88930
2017-05-31,1000.88930
2017-06-01,1000.88930
2017-06-02,1000.88930
2017-06-04,1000.88930
2017-06-05,1000.88930
2017-06-06,1000.88930
2017-06-07,1000.88930
2017-06-08,1000.88930
2017-06-09,1000.88930
2017-06-11,1000.88930
2017-06-12,1000.88930
2017-06-13,1000.88930
2017-06-14,1000.88930
2017-06-15,1000.88930
2017-06-16,1000.88930
2017-06-18,1000.88930
2017-06-19,1000.88930
2017-06-20,1000.88930
2017-06-21,1000.88930
2017-06-22,1000.88930
2017-06-23,1000.88930
2017-06-26,1000.88930
2017-06-27,1000.88930
2017-06-28,1000.88930
2017-06-29,1000.88930
2017-06-30,1000.88930
2017-07-02,1000.88930
2017-07-03,1000.88930
2017-07-04,1000.88930
2017-07-05,1000.88930
2017-07-06,1000.88930
2017-07-07,1000.88930
2017-07-09,1000.88930
2017-07-10,1000.88930
2017-07-11,1000.88930
2017-07-12,1000.88930
2017-07-13,1000.88930
2017-07-14,1000.88930
2017-07-16,1000.88930
2017-07-17,1000.88930
2017-07-18,1000.88930
2017-07-19,1000.88930
2017-07-20,1000.88930
2017-07-21,1000.88930
2017-07-23,1000.88930
2017-07-24,1000.88930
2017-07-25,1000.88930
2017-07-26,1000.88930
2017-07-27,1000.88930
2017-07-28,1000.88930
2017-07-30,1000.88930
2017-07-31,1000.88930
2017-08-01,1000.88930
2017-08-02,1000.88930
2017-08-03,1000.88930
2017-08-04,1000.88930
2017-08-06,1000.88930
2017-08-07,1000.88930
2017-08-08,1000.88930
2017-08-09,1000.88930
2017-08-10,1000.88930
2017-08-11,1000.88930
2017-08-13,1000.88930
2017-08-14,1000.88930
2017-08-15,1000.88930
2017-08-16,1000.88930
2017-08-17,1000.88930
2017-08-18,1000.88930
2017-08-20,1000.88930
2017-08-21,1000.88930
2017-08-22,1000.88930
2017-08-23,1000.88930
2017-08-24,1000.88930
2017-08-27,1000.88930
2017-08-28,1000.88930
2017-08-29,1000.88930
2017-08-30,1000.88930
2017-08-31,1000.88930
2017-09-01,1000.88930
2017-09-03,1000.88930
2017-09-04,1000.88930
2017-09-05,1000.88930
2017-09-06,1000.88930
2017-09-07,1000.88930
2017-09-08,1000.88930
2017-09-10,1000.88930
2017-09-11,1000.88930
2017-09-12,1000.88930
2017-09-13,1000.88930
2017-09-14,1000.88930
2017-09-15,1000.88930
2017-09-17,1000.88930
2017-09-18,1000.88930
2017-09-19,1000.88930
2017-09-20,1000.88930
2017-09-21,1000.88930
2017-09-22,1000.88930
2017-09-24,1000.88930
2017-09-25,1000.88930
2017-09-26,1000.88930
2017-09-27,1000.88930
2017-09-28,1000.88930
2017-09-29,1000.88930
2017-10-02,1000.88930
2017-10-03,1000.88930
2017-10-04,1000.88930
2017-10-05,1000.88930
2017-10-06,1000.88930
2017-10-08,1000.88930
2017-10-09,1000.88930
2017-10-10,1000.88930
2017-10-11,1000.88930
2017-10-12,1000.88930
2017-10-13,1000.88930
2017-10-15,1000.88930
2017-10-16,1000.88930
2017-10-17,1000.88930
2017-10-18,1000.88930
2017-10-22,1000.88930
2017-10-23,1000.88930
2017-10-24,1000.88930
2017-10-25,1000.88930
2017-10-26,1000.88930
2017-10-27,1000.88930
2017-10-29,1000.88930
2017-10-30,1000.88930
2017-10-31,1000.88930
2017-11-01,1000.88930
2017-11-02,1000.88930
2017-11-03,1000.88930
2017-11-05,1000.88930
2017-11-06,1000.88930
2017-11-07,1000.88930
2017-11-08,1000.88930
2017-11-09,1000.88930
2017-11-10,1000.88930
2017-11-12,1000.88930
2017-11-13,1000.88930
2017-11-14,1000.88930
2017-11-15,1000.88930
2017-11-16,1000.88930
2017-11-17,1000.88930
2017-11-19,1000.88930
2017-11-20,1000.88930
2017-11-21,1000.88930
2017-11-22,1000.88930
2017-11-23,1000.88930
2017-11-24,1000.88930
2017-11-26,1000.88930
2017-11-27,1000.88930
2017-11-28,1000.88930
2017-11-29,1000.88930
2017-11-30,1000.88930
2017-12-03,1000.88930
2017-12-04,1000.88930
2017-12-05,1000.88930
2017-12-06,1000.88930
2017-12-07,1000.88930
2017-12-08,1000.88930
2017-12-10,1000.88930
2017-12-11,1000.88930
2017-12-12,1000.88930
2017-12-13,1000.88930
2017-12-14,1000.88930
2017-12-15,1000.88930
2017-12-17,1000.88930
2017-12-18,1000.88930
2017-12-19,1000.88930
2017-12-20,1000.88930
2017-12-21,1000.88930
2017-12-22,1000.88930
2017-12-25,1000.88930
2017-12-26,1000.88930
2017-12-27,1000.88930
2017-12-28,1000.88930
2017-12-29,1000.88930
2017-12-31,1000.88930
2018-01-01,1000.88930
2018-01-02,1000.88930
2018-01-03,1000.88930
2018-01-04,1000.88930
2018-01-05,1000.88930
2018-01-07,1000.88930
2018-01-08,1000.88930
2018-01-09,1000.88930
2018-01-10,1000.88930
2018-01-11,1000.88930
2018-01-12,1000.88930
2018-01-14,1000.88930
2018-01-15,1000.88930
2018-01-16,1000.88930
2018-01-17,1000.88930
2018-01-18,1000.88930
2018-01-19,1000.88930
2018-01-21,1000.88930
2018-01-22,1000.88930
2018-01-23,1000.88930
2018-01-24,1000.88930
2018-01-25,1000.88930
2018-01-28,1000.88930
2018-01-29,1000.88930
2018-01-30,1000.88930
2018-01-31,1000.88930
2018-02-01,1000.88930
2018-02-02,1000.88930
2018-02-04,1000.88930
2018-02-05,1000.88930
2018-02-06,1000.88930
2018-02-07,1000.88930
2018-02-08,1000.88930
2018-02-09,1000.88930
2018-02-11,1000.88930
2018-02-12,1000.88930
2018-02-13,1000.88930
2018-02-14,1000.88930
2018-02-15,1000.88930
2018-02-16,1000.88930
2018-02-19,1000.88930
2018-02-20,1000.88930
2018-02-21,1000.88930
2018-02-22,1000.88930
2018-02-23,1000.88930
2018-02-25,1000.88930
2018-02-26,1000.88930
2018-02-27,1000.88930
2018-02-28,1000.88930
2018-03-01,1000.88930
2018-03-04,1000.88930
2018-03-05,1000.88930
2018-03-06,1000.88930
2018-03-07,1000.88930
2018-03-08,1000.88930
2018-03-09,1000.88930
2018-03-11,1000.88930
2018-03-12,1000.88930
2018-03-13,1000.88930
2018-03-14,1000.88930
2018-03-15,1000.88930
2018-03-16,1000.88930
2018-03-18,1000.88930
2018-03-19,1000.88930
2018-03-20,1000.88930
2018-03-21,1000.88930
2018-03-22,1000.88930
2018-03-23,1000.88930
2018-03-25,1000.88930
2018-03-26,1000.88930
2018-03-27,1000.88930
2018-03-28,1000.88930
2018-04-02,1000.88930
2018-04-03,1000.88930
2018-04-04,1000.88930
2018-04-05,1000.88930
2018-04-06,1000.88930
2018-04-08,1000.88930
2018-04-09,1000.88930
2018-04-10,1000.88930
2018-04-11,1000.88930
2018-04-12,1000.88930
2018-04-13,1000.88930
2018-04-15,1000.88930
2018-04-16,1000.88930
2018-04-17,1000.88930
2018-04-18,1000.88930
2018-04-19,1000.88930
2018-04-20,1000.88930
2018-04-22,1000.88930
2018-04-23,1000.88930
2018-04-24,1000.88930
2018-04-25,1000.88930
2018-04-26,1000.88930
2018-04-27,1000.88930
2018-05-01,1000.88930
2018-05-02,1000.88930
2018-05-03,1000.88930
2018-05-04,1000.88930
2018-05-06,1000.88930
2018-05-07,1000.88930
2018-05-08,1000.88930
2018-05-09,1000.88930
2018-05-10,1000.88930
2018-05-11,1000.88930
2018-05-13,1000.88930
2018-05-14,1000.88930
2018-05-15,1000.88930
2018-05-16,1000.88930
2018-05-17,1000.88930
2018-05-18,1000.88930
2018-05-20,1000.88930
2018-05-21,1000.88930
2018-05-22,1000.88930
2018-05-23,1000.88930
2018-05-24,1000.88930
2018-05-25,1000.88930
2018-05-27,1000.88930
2018-05-28,1000.88930
2018-05-29,1000.88930
2018-05-30,1000.88930
2018-05-31,1000.88930
2018-06-01,1000.88930
2018-06-03,1000.88930
2018-06-04,1000.88930
2018-06-05,1000.88930
2018-06-06,1000.88930
2018-06-07,1000.88930
2018-06-08,1000.88930
2018-06-10,1000.88930
2018-06-11,1000.88930
2018-06-12,1000.88930
2018-06-13,1000.88930
2018-06-14,1000.88930
2018-06-15,1000.88930
2018-06-17,1000.88930
2018-06-18,1000.88930
2018-06-19,1000.88930
2018-06-20,1000.88930
2018-06-21,1000.88930
2018-06-22,1000.88930
2018-06-24,1000.88930
2018-06-25,1000.88930
2018-06-26,1000.88930
2018-06-27,1000.88930
2018-06-28,1000.88930
2018-06-29,1000.88930
2018-07-01,1000.88930
2018-07-02,1000.88930
2018-07-03,1000.88930
2018-07-04,1000.88930
2018-07-05,1000.88930
2018-07-06,1000.88930
2018-07-08,1000.88930
2018-07-09,1000.88930
2018-07-10,1000.88930
2018-07-11,1000.88930
2018-07-12,1000.88930
2018-07-13,1000.88930
2018-07-15,1000.88930
2018-07-16,1000.88930
2018-07-17,1000.88930
2018-07-18,1000.88930
2018-07-19,1000.88930
2018-07-20,1000.88930
2018-07-22,1000.88930
2018-07-23,1000.88930
2018-07-24,1000.88930
2018-07-25,1000.88930
2018-07-26,1000.88930
2018-07-27,1000.88930
2018-07-29,1000.88930
2018-07-30,1000.88930
2018-07-31,1000.88930
2018-08-01,1000.88930
2018-08-02,1000.88930
2018-08-03,1000.88930
2018-08-05,1000.88930
2018-08-06,1000.88930
2018-08-07,1000.88930
2018-08-08,1000.88930
2018-08-09,1000.88930
2018-08-10,1000.88930
2018-08-12,1000.88930
2018-08-13,1000.88930
2018-08-14,1000.88930
2018-08-15,1000.88930
2018-08-16,1000.88930
2018-08-19,1000.88930
2018-08-20,1000.88930
2018-08-21,1000.88930
2018-08-22,1000.88930
2018-08-23,1000.88930
2018-08-24,1000.88930
2018-08-26,1000.88930
2018-08-27,1000.88930
2018-08-28,1000.88930
2018-08-29,1000.88930
2018-08-30,1000.88930
2018-08-31,1000.88930
2018-09-02,1000.88930
2018-09-03,1000.88930
2018-09-04,1000.88930
2018-09-05,1000.88930
2018-09-06,1000.88930
2018-09-07,1000.88930
2018-09-09,977.81810
2018-09-10,989.14450
2018-09-11,989.31690
2018-09-12,989.49900
2018-09-13,989.68650
2018-09-16,990.25320
2018-09-17,974.39770
2018-09-18,974.58670
2018-09-20,974.95680
2018-09-21,975.14570
2018-09-23,975.51810
2018-09-24,919.70990
2018-09-25,919.87270
2018-09-26,920.02600
2018-09-27,920.18920
2018-09-28,920.35580
2018-09-30,920.67960
2018-10-02,921.00300
2018-10-03,921.20020
2018-10-04,921.34740
2018-10-07,921.80200
2018-10-08,921.95370
2018-10-09,922.11290
2018-10-10,922.27320
2018-10-11,922.43410
2018-10-14,922.92000
2018-10-15,923.08170
2018-10-16,923.24450
2018-10-18,923.57150
2018-10-21,924.05920
2018-10-22,924.22390
2018-10-23,924.38870
2018-10-24,924.55350
2018-10-25,924.71850
2018-10-28,925.21210
2018-10-29,925.37770
2018-10-30,925.54460
2018-10-31,925.71410
2018-11-01,925.88220
2018-11-04,926.38780
2018-11-05,926.55390
2018-11-08,927.06290
2018-11-11,927.56980
2018-11-12,927.74440
2018-11-13,927.91060
2018-11-14,928.08000
2018-11-15,928.25460
2018-11-18,928.74850
2018-11-19,928.91550
2018-11-20,929.08440
2018-11-21,929.25270
2018-11-25,929.92590
2018-11-26,930.08990
2018-11-27,930.25600
2018-11-28,930.42800
2018-11-29,930.59800
2018-12-02,931.11100
2018-12-03,931.27820
2018-12-04,931.44500
2018-12-05,931.61610
2018-12-06,931.78310
2018-12-09,932.29270
2018-12-10,932.44490
2018-12-11,932.60920
2018-12-12,932.79780
2018-12-13,932.97730
2018-12-14,933.14840
2018-12-16,933.48520
2018-12-17,933.65460
2018-12-18,933.82710
2018-12-19,934.00040
2018-12-20,934.16360
2018-12-21,934.33210
2018-12-23,934.67430
2018-12-24,934.83930
2018-12-25,935.01030
2018-12-26,935.18670
2018-12-27,935.36160
2018-12-28,935.53490
2018-12-30,935.88750
2018-12-31,936.06410
2019-01-01,936.23930
2019-01-02,936.41930
2019-01-03,936.59520
2019-01-04,936.77110
2019-01-06,937.12280
2019-01-07,937.29940
2019-01-08,937.47590
2019-01-09,937.65270
2019-01-10,937.82940
2019-01-11,938.00600
2019-01-13,938.35930
2019-01-14,938.53600
2019-01-15,938.71240
2019-01-16,938.88890
2019-01-17,939.06320
2019-01-18,939.23880
2019-01-20,939.59000
2019-01-21,939.76520
2019-01-22,939.94060
2019-01-23,940.11440
2019-01-24,940.28870
2019-01-25,940.46000
2019-01-27,940.80280
2019-01-28,940.97410
2019-01-29,941.14820
2019-01-30,941.32050
2019-01-31,941.49260
2019-02-01,941.65920
2019-02-03,942.00180
2019-02-04,942.16450
2019-02-05,942.33490
2019-02-06,942.50320
2019-02-07,942.69870
2019-02-08,942.86770
2019-02-10,943.20550
2019-02-11,943.37380
2019-02-12,943.52110
2019-02-13,943.69010
2019-02-14,943.85810
2019-02-15,944.02120
2019-02-17,944.35990
2019-02-18,944.52200
2019-02-19,944.68990
2019-02-20,944.85940
2019-02-21,945.02980
2019-02-22,945.19640
2019-02-24,945.53170
2019-02-25,945.69930
2019-02-26,945.86480
2019-02-27,946.03170
2019-02-28,946.19770
2019-03-01,946.36270
2019-03-04,946.85890
2019-03-05,947.02230
2019-03-06,947.18800
2019-03-07,947.35300
2019-03-08,947.51560
2019-03-10,947.84360
2019-03-11,948.00790
2019-03-12,948.17800
2019-03-13,948.35580
2019-03-14,948.52980
2019-03-15,948.69130
2019-03-17,949.02460
2019-03-18,949.18590
2019-03-19,949.35300
2019-03-20,949.52070
2019-03-21,949.69230
2019-03-22,949.83320
2019-03-24,950.20550
2019-03-25,950.37910
2019-03-26,950.55260
2019-03-27,950.73940
2019-03-28,950.91340
2019-03-29,951.45180
2019-03-31,951.81270
2019-04-01,951.99330
2019-04-02,952.20370
2019-04-03,952.37290
2019-04-04,952.57160
2019-04-05,952.74770
2019-04-07,953.10760
2019-04-08,953.28320
2019-04-09,953.45110
2019-04-10,953.63040
2019-04-11,953.80060
2019-04-12,953.95350
2019-04-14,954.30850
2019-04-15,954.48700
2019-04-16,954.66570
2019-04-17,954.84240
2019-04-18,955.01960
2019-04-21,955.55140
2019-04-22,955.72880
2019-04-23,955.90580
2019-04-24,956.08230
2019-04-25,956.25600
2019-04-26,956.43250
2019-04-29,956.96020
2019-04-30,957.13570
2019-05-01,957.31120
2019-05-02,957.48650
2019-05-03,957.66100
2019-05-05,958.01110
2019-05-06,958.18430
2019-05-07,958.35950
2019-05-08,958.53350
2019-05-09,958.70980
2019-05-10,958.88240
2019-05-12,959.22850
2019-05-13,959.40130
2019-05-14,959.57100
2019-05-15,959.74210
2019-05-16,959.91500
2019-05-17,960.08760
2019-05-19,960.43130
2019-05-20,960.60310
2019-05-21,960.76940
2019-05-22,960.94510
2019-05-23,961.11770
2019-05-24,961.28780
2019-05-26,961.62550
2019-05-27,961.79420
2019-05-28,961.96520
2019-05-29,962.13600
2019-05-30,962.30650
2019-05-31,962.47170
2019-06-02,962.80240
2019-06-03,962.96380
2019-06-04,963.12690
2019-06-05,963.28660
2019-06-06,963.44470
2019-06-07,963.60390
2019-06-09,963.92220
2019-06-10,964.08000
2019-06-11,964.23750
2019-06-12,964.39080
2019-06-13,964.54150
2019-06-14,964.69100
2019-06-16,964.98990
2019-06-17,965.13920
2019-06-18,965.28950
2019-06-19,965.43800
2019-06-20,965.57790
2019-06-21,965.72740
2019-06-23,966.03540
2019-06-24,966.18060
2019-06-25,966.33410
2019-06-26,966.48280
2019-06-27,966.63760
2019-06-28,966.83050
2019-06-30,967.14390
2019-07-01,967.31360
2019-07-02,967.47290
2019-07-03,967.65050
2019-07-04,967.82640
2019-07-05,967.96240
2019-07-07,968.29430
2019-07-08,968.45340
2019-07-09,968.60840
2019-07-10,968.76470
2019-07-11,968.92400
2019-07-12,969.07640
2019-07-14,969.38400
2019-07-15,969.54670
2019-07-16,969.71020
2019-07-17,969.86610
2019-07-18,970.01850
2019-07-19,970.17150
2019-07-21,970.48000
2019-07-22,970.62890
2019-07-23,970.78190
2019-07-24,970.93430
2019-07-25,971.08700
2019-07-26,971.23940
2019-07-28,971.54550
2019-07-29,971.69970
2019-07-30,971.85350
2019-07-31,972.00370
2019-08-01,972.15630
2019-08-02,972.30470
2019-08-04,972.60070
2019-08-05,972.74570
2019-08-06,972.89500
2019-08-07,973.04870
2019-08-08,973.19270
2019-08-09,973.33560
2019-08-12,973.76650
2019-08-13,973.90940
2019-08-14,974.04890
2019-08-15,974.19100
2019-08-16,974.33240
2019-08-18,974.61280
2019-08-19,974.74860
2019-08-20,974.88790
2019-08-21,975.02560
2019-08-22,975.16450
2019-08-23,975.30270
2019-08-25,975.57860
2019-08-26,975.71610
2019-08-27,975.85290
2019-08-28,975.99240
2019-08-29,976.13260
2019-08-30,976.25920
2019-09-02,976.67960
2019-09-03,976.81470
2019-09-04,976.95550
2019-09-05,977.09330
2019-09-06,977.23010
2019-09-08,977.50100
2019-09-09,977.63740
2019-09-10,977.77240
2019-09-11,977.91170
2019-09-12,978.28650
2019-09-13,978.42170
2019-09-15,978.70000
2019-09-16,978.83950
2019-09-17,978.97640
2019-09-18,979.11410
2019-09-19,979.24940
2019-09-20,979.37020
2019-09-22,979.65100
2019-09-23,979.75190
2019-09-24,979.87810
2019-09-25,980.00640
2019-09-26,980.18530
2019-09-29,980.64820
2019-09-30,981.02070
2019-10-01,981.25580
2019-10-02,981.39730
2019-10-03,981.55600
2019-10-04,981.75570
2019-10-06,982.04420
2019-10-07,982.21580
2019-10-08,982.35880
2019-10-09,982.50260
2019-10-10,982.64780
2019-10-11,982.82630
2019-10-13,983.10030
2019-10-14,983.25230
2019-10-15,983.39970
2019-10-16,983.53720
2019-10-17,983.70160
2019-10-18,983.83900
2019-10-21,984.25120
2019-10-22,984.34380
2019-10-23,984.48120
2019-10-24,984.62510
2019-10-25,984.76760
2019-10-28,985.18150
2019-10-29,985.32330
2019-10-30,985.47790
2019-10-31,985.64600
2019-11-03,986.06020
2019-11-04,986.19000
2019-11-05,986.31160
2019-11-06,986.43840
2019-11-07,986.57270
2019-11-08,986.70830
2019-11-10,986.97990
2019-11-11,987.11500
2019-11-12,987.25080
2019-11-13,987.38810
2019-11-14,987.52490
2019-11-15,987.66340
2019-11-17,987.93210
2019-11-18,988.06570
2019-11-19,988.20010
2019-11-20,988.33680
2019-11-21,988.47060
2019-11-22,988.60550
2019-11-24,988.87620
2019-11-25,989.01030
2019-11-26,989.14420
2019-11-27,989.28140
2019-11-28,989.41920
2019-12-01,989.82870
2019-12-02,989.96290
2019-12-03,990.09690
2019-12-04,990.22920
2019-12-05,990.36500
2019-12-06,990.50490
2019-12-08,990.77880
2019-12-09,990.91710
2019-12-10,991.04950
2019-12-11,991.18280
2019-12-12,991.31050
2019-12-15,991.69830
2019-12-16,991.83020
2019-12-17,991.96290
2019-12-18,992.09990
2019-12-19,992.23360
2019-12-20,992.33060
2019-12-22,992.62400
2019-12-23,992.75850
2019-12-25,993.02350
2019-12-26,993.15330
2019-12-29,993.54970
2019-12-30,993.67580
2019-12-31,993.80790
2020-01-01,993.94780
2020-01-02,994.11010
2020-01-05,994.43250
2020-01-06,994.54940
2020-01-07,994.67640
2020-01-08,994.79600
2020-01-09,994.92870
2020-01-12,995.30310
2020-01-13,995.39980
2020-01-14,995.52090
2020-01-15,995.64980
2020-01-16,995.79090
2020-01-19,996.20160
2020-01-20,996.34510
2020-01-21,996.48830
2020-01-22,996.62510
2020-01-23,996.75690
2020-01-26,997.17440
2020-01-27,997.31490
2020-01-28,997.45170
2020-01-29,997.59460
2020-01-30,997.73930
2020-01-31,997.87740
2020-02-02,998.15690
2020-02-03,998.29980
2020-02-04,998.44090
2020-02-05,998.58280
2020-02-06,998.73550
2020-02-09,999.16710
2020-02-10,999.29820
2020-02-11,999.47130
2020-02-12,999.65000
2020-02-13,999.79580
2020-02-16,1000.21630
2020-02-17,1000.35530
2020-02-18,1000.49390
2020-02-19,1000.63510
2020-02-23,1000.88930
2020-02-24,1000.88930
2020-02-25,1000.88930
2020-02-26,1000.88930
2020-02-27,1000.88930
2020-02-28,1000.88930
2020-03-01,1000.88930
2020-03-02,1000.88930
2020-03-03,1000.88930
2020-03-04,1000.88930
2020-03-05,1000.88930
2020-03-08,1000.88930
2020-03-10,1000.88930
2020-03-11,1000.88930
2020-03-12,1000.88930
2020-03-15,1000.88930
2020-03-16,1000.88930
2020-03-17,1000.88930
2020-03-18,1000.88930
2020-03-19,1000.53370
2020-03-22,1000.88930
2020-03-23,1000.69210
2020-03-24,1000.56200
2020-03-25,1000.69910
2020-03-26,1000.88930
2020-03-29,1000.88930
2020-03-30,1000.88930
2020-03-31,1000.88930
2020-04-02,1000.88930
2020-04-06,1000.88930
2020-04-07,1000.88930
2020-04-08,1000.88930
2020-04-09,1000.88930
2020-04-12,1000.88930
2020-04-14,1000.88930
2020-04-15,1000.88930
2020-04-16,1000.88930
2020-04-17,1000.88930
2020-04-19,1000.88930
2020-04-20,1000.88930
2020-04-21,1000.88930
2020-04-22,1000.88930
2020-04-23,1000.88930
2020-04-26,1000.88930
2020-04-27,1000.88930
2020-04-28,1000.88930
2020-04-29,1000.88930
2020-04-30,1000.88930
2020-05-03,1000.88930
2020-05-04,1000.88930
2020-05-05,1000.88930
2020-05-06,1000.88930
2020-05-07,1000.88930
2020-05-10,1000.88930
2020-05-11,1000.88930
2020-05-12,1000.88930
2020-05-13,1000.88930
2020-05-14,1000.88930
2020-05-17,1000.88930
2020-05-18,1000.88930
2020-05-19,1000.88930
2020-05-20,1000.88930
2020-05-21,1000.88930
2020-05-25,1000.88930
2020-05-26,1000.88930
2020-05-27,1000.88930
2020-05-28,1000.88930
2020-05-29,1000.88930
2020-05-31,1000.88930
2020-06-01,1000.88930
2020-06-02,1000.88930
2020-06-03,1000.88930
2020-06-04,1000.88930
2020-06-07,1000.88930
2020-06-08,1000.88930
2020-06-09,1000.88930
2020-06-10,1000.88930
2020-06-11,1000.88930
2020-06-12,1000.88930
2020-06-14,1000.88930
2020-06-15,1000.88930
2020-06-16,1000.88930
2020-06-17,1000.88930
2020-06-18,1000.88930
2020-06-21,1000.88930
2020-06-22,1000.88930
2020-06-23,1000.88930
2020-06-24,1000.88930
2020-06-25,1000.88930
2020-06-28,1000.88930
2020-06-29,1000.88930
2020-06-30,1000.88930
2020-07-01,1000.88930
2020-07-02,1000.88930
2020-07-05,1000.88930
2020-07-06,1000.88930
2020-07-07,1000.88930
2020-07-08,1000.88930
2020-07-09,1000.88930
2020-07-12,1000.88930
2020-07-13,1000.88930
2020-07-14,1000.88930
2020-07-15,1000.88930
2020-07-16,1000.88930
2020-07-19,1000.88930
2020-07-20,1000.88930
2020-07-21,1000.88930
2020-07-22,1000.88930
2020-07-23,1000.88930
2020-07-25,1000.98390
2020-07-26,1000.88930
2020-07-27,1000.88930
2020-07-28,1000.88930
2020-07-29,1000.88930
2020-07-30,1000.88930
2020-08-02,1000.88930
2020-08-03,1000.88930
2020-08-04,1000.88930
2020-08-05,1000.88930
2020-08-06,1000.88930
2020-08-09,1000.88930
2020-08-10,1000.88930
2020-08-11,1000.88930
2020-08-12,1000.88930
2020-08-13,1000.88930
2020-08-16,1000.88930
2020-08-17,1000.88930
2020-08-18,1000.88930
2020-08-19,1000.88930
2020-08-20,1000.88930
2020-08-23,1000.88930
2020-08-24,1000.88930
2020-08-25,1000.88930
2020-08-26,1000.88930
2020-08-27,1000.88930
2020-08-30,1000.88930
2020-08-31,1000.88930
2020-09-01,1000.88930
2020-09-02,1000.88930
2020-09-03,1000.88930
2020-09-06,1000.88930
2020-09-07,1000.88930
2020-09-08,1000.88930
2020-09-09,1000.88930
2020-09-10,1000.88930
2020-09-13,1000.88930
2020-09-14,1000.88930
2020-09-15,1000.88930
2020-09-16,1000.88930
2020-09-17,1000.88930
2020-09-18,1000.88930
2020-09-20,1000.88930
2020-09-21,1000.88930
2020-09-22,1000.88930
2020-09-23,1000.88930
2020-09-24,1000.88930
2020-09-27,1000.88930
2020-09-28,1000.88930
2020-09-29,1000.88930
2020-09-30,1000.88930
2020-10-03,1001.06010
2020-10-04,1000.88930
2020-10-05,1000.88930
2020-10-06,1000.88930
2020-10-07,1000.88930
2020-10-08,1000.88930
2020-10-09,1000.88930
2020-10-11,1000.88930
2020-10-12,1000.88930
2020-10-13,1000.88930
2020-10-14,1000.88930
2020-10-15,1000.88930
2020-10-18,1000.88930
2020-10-19,1000.88930
2020-10-20,1000.88930
2020-10-21,1000.88930
2020-10-22,1000.88930
2020-10-25,1000.88930
2020-10-26,1000.88930
2020-10-27,1000.88930
2020-10-28,1000.88930
2020-10-29,1000.88930
2020-10-30,1000.98900
2020-11-01,1000.88930
2020-11-02,1000.88930
2020-11-03,1000.88930
2020-11-04,1000.88930
2020-11-05,1000.88930
2020-11-08,1000.88930
2020-11-09,1000.88930
2020-11-10,1000.88930
2020-11-11,1000.88930
2020-11-12,1000.88930
2020-11-16,1000.88930
2020-11-17,1000.88930
2020-11-18,1000.88930
2020-11-19,1000.88930
2020-11-22,1000.88930
2020-11-23,1000.88930
2020-11-24,1000.88930
2020-11-25,1000.88930
2020-11-26,1000.88930
2020-11-30,1000.88930
2020-12-01,1000.88930
2020-12-02,1000.88930
2020-12-03,1000.88930
2020-12-06,1000.88930
2020-12-07,1000.88930
2020-12-08,1000.88930
2020-12-09,1000.88930
2020-12-10,1000.88930
2020-12-13,1000.88930
2020-12-14,1000.88930
2020-12-15,1000.88930
2020-12-16,1000.88930
2020-12-17,1000.88930
2020-12-18,1000.88930
2020-12-20,1000.88930
2020-12-21,1000.88930
2020-12-22,1000.88930
2020-12-23,1000.88930
2020-12-27,1000.88930
2020-12-28,1000.88930
2020-12-29,1000.88930
2020-12-30,1000.88930
2020-12-31,1000.88930
2021-01-03,1000.88930
2021-01-04,1000.88930
2021-01-05,1000.88930
2021-01-06,1000.88930
2021-01-07,1000.88930
2021-01-08,1000.88930
2021-01-10,1000.88930
2021-01-11,1000.88930
2021-01-12,1000.88930
2021-01-13,1000.88930
2021-01-14,1000.88930
2021-01-17,1000.88930
2021-01-18,1000.88930
2021-01-19,1000.88930
2021-01-20,1000.88930
2021-01-21,1000.88930
2021-01-24,1000.88930
2021-01-26,1000.88930
2021-01-27,1000.88930
2021-01-28,1000.88930
2021-01-29,1000.88930
2021-01-31,1000.88930
2021-02-01,1000.88930
2021-02-02,1000.88930
2021-02-03,1000.88930
2021-02-04,1000.88930
2021-02-07,1000.88930
2021-02-08,1000.88930
2021-02-09,1000.88930
2021-02-10,1000.88930
2021-02-11,1000.88930
2021-02-12,1000.88930
2021-02-14,1000.88930
2021-02-15,1000.88930
2021-02-16,1000.88930
2021-02-17,1000.88930
2021-02-18,1000.88930
2021-02-21,1000.88930
2021-02-22,1000.88930
2021-02-23,1000.88930
2021-02-24,1000.88930
2021-02-25,1000.88930
2021-02-26,1000.88930
2021-02-28,1000.88930
2021-03-01,1000.88930
2021-03-02,1000.88930
2021-03-03,1000.88930
2021-03-04,1000.88930
2021-03-07,1000.88930
2021-03-08,1000.88930
2021-03-09,1000.88930
2021-03-11,1000.88930
2021-03-14,1000.88930
2021-03-15,1000.88930
2021-03-16,1000.88930
2021-03-17,1000.88930
2021-03-18,1000.88930
2021-03-21,1000.88930
2021-03-22,1000.88930
2021-03-23,1000.88930
2021-03-24,1000.88930
2021-03-25,1000.88930
2021-03-29,1000.88930
2021-03-30,1000.88930
2021-03-31,1000.88930
2021-04-04,1000.88930
2021-04-05,1000.88930
2021-04-06,1000.88930
2021-04-07,1000.88930
2021-04-08,1000.88930
2021-04-10,1000.97120
2021-04-11,1000.88930
2021-04-12,1000.88930
2021-04-13,1000.97190
2021-04-14,1000.88930
2021-04-15,1000.88930
2021-04-18,1000.88930
2021-04-19,1000.88930
2021-04-21,1000.88930
2021-04-22,1000.88930
2021-04-25,1000.88930
2021-04-26,1000.88930
2021-04-27,1000.88930
2021-04-28,1000.88930
2021-04-29,1000.88930
2021-05-02,1000.88930
2021-05-03,1000.88930
2021-05-04,1000.88930
2021-05-05,1000.88930
2021-05-06,1000.88930
2021-05-09,1000.88930
2021-05-10,1000.88930
2021-05-11,1000.88930
2021-05-13,1000.88930
2021-05-16,1000.88930
2021-05-17,1000.88930
2021-05-18,1000.88930
2021-05-19,1000.88930
2021-05-20,1000.88930
2021-05-23,1000.88930
2021-05-24,1000.88930
2021-05-25,1000.88930
2021-05-26,1000.88930
2021-05-27,1000.88930
2021-05-30,1000.88930
2021-05-31,1000.88930
2021-06-01,1000.88930
2021-06-02,1000.88930
2021-06-03,1000.88930
2021-06-06,1000.88930
2021-06-07,1000.88930
2021-06-08,1000.88930
2021-06-09,1000.88930
2021-06-10,1000.88930
2021-06-13,1000.88930
2021-06-14,1000.88930
2021-06-15,1000.88930
2021-06-16,1000.88930
2021-06-17,1000.88930
2021-06-20,1000.88930
2021-06-21,1000.88930
2021-06-22,1000.88930
2021-06-23,1000.88930
2021-06-24,1000.88930
2021-06-27,1000.88930
2021-06-28,1000.88930
2021-06-29,1000.88930
2021-06-30,1000.88930
2021-07-01,1000.88930
2021-07-04,1000.88930
2021-07-05,1000.88930
2021-07-06,1000.88930
2021-07-07,1000.88930
2021-07-08,1000.88930
2021-07-11,1000.88930
2021-07-12,1000.88930
2021-07-13,1000.88930
2021-07-14,1000.88930
2021-07-15,1000.88930
2021-07-18,1000.88930
2021-07-19,1000.88930
2021-07-21,1000.88930
2021-07-22,1000.88930
2021-07-25,1000.88930
2021-07-26,1000.88930
2021-07-27,1000.88930
2021-07-28,1000.88930
2021-07-29,1000.88930
2021-07-30,1000.88930
2021-08-01,1000.88930
2021-08-02,1000.88930
2021-08-03,1000.88930
2021-08-04,1000.88930
2021-08-05,1000.88930
2021-08-08,1000.88930
2021-08-09,1000.88930
2021-08-10,1000.88930
2021-08-11,1000.88930
2021-08-12,1000.88930
2021-08-15,1001.05580
2021-08-16,1000.88930
2021-08-17,1000.88930
2021-08-19,1000.88930
2021-08-22,1000.88930
2021-08-23,1000.88930
2021-08-24,1000.88930
2021-08-25,1000.88930
2021-08-26,1000.88930
2021-08-27,1000.88930
2021-08-29,1000.88930
2021-08-30,1000.88930
2021-08-31,1000.88930
2021-09-01,1000.88930
2021-09-02,1000.88930
2021-09-05,1000.88930
2021-09-06,1000.88930
2021-09-07,1000.88930
2021-09-08,1000.88930
2021-09-11,1001.05690
2021-09-12,1000.88930
2021-09-13,1000.88930
2021-09-14,1000.88930
2021-09-15,1000.88930
2021-09-16,1000.88930
2021-09-19,1000.88930
2021-09-20,1000.88930
2021-09-21,1000.88930
2021-09-22,1000.88930
2021-09-23,1000.88930
2021-09-26,1000.88930
2021-09-27,1000.88930
2021-09-28,1000.88930
2021-09-29,1000.88930
2021-09-30,1000.88930
2021-10-03,1000.88930
2021-10-04,1000.88930
2021-10-05,1000.88930
2021-10-06,1000.88930
2021-10-07,1000.88930
2021-10-10,1000.88930
2021-10-11,1000.88930
2021-10-12,1000.88930
2021-10-13,1000.88930
2021-10-14,1000.88930
2021-10-15,1000.97630
2021-10-17,1000.88930
2021-10-18,1000.88930
2021-10-19,1000.88930
2021-10-20,1000.88930
2021-10-21,1000.88930
2021-10-23,1000.95860
2021-10-24,1000.88930
2021-10-25,1000.88930
2021-10-26,1000.88930
2021-10-27,1000.88930
2021-10-28,1000.88930
2021-10-29,1000.88930
2021-10-31,1000.88930
2021-11-01,1000.88930
2021-11-02,1000.88930
2021-11-05,1001.08050
2021-11-07,1000.88930
2021-11-08,1000.88930
2021-11-09,1000.88930
2021-11-10,1000.88930
2021-11-11,1000.88930
2021-11-14,1000.88930
2021-11-15,1000.88930
2021-11-16,1000.88930
2021-11-17,1000.88930
2021-11-21,1000.88930
2021-11-22,1000.88930
2021-11-23,1000.88930
2021-11-24,1000.88930
2021-11-25,1000.88930
2021-11-28,1000.88930
2021-11-29,1000.88930
2021-11-30,1000.88930
2021-12-01,1000.88930
2021-12-02,1000.88930
2021-12-05,1000.88930
2021-12-06,1000.88930
2021-12-07,1000.88930
2021-12-08,1000.88930
2021-12-09,1000.88930
2021-12-12,1000.88930
2021-12-13,1000.88930
2021-12-14,1000.88930
2021-12-15,1000.88930
2021-12-16,1000.88930
2021-12-19,1000.88930
2021-12-20,1000.88930
2021-12-21,1000.88930
2021-12-22,1000.88930
2021-12-23,1000.88930
2021-12-25,1000.97930
2021-12-26,1000.88930
2021-12-27,1000.88930
2021-12-28,1000.88930
2021-12-29,1000.88930
2021-12-30,1000.88930
