Date,NAV
2006-04-01,1024.62070
2006-04-02,1024.62070
2006-04-03,1024.62070
2006-04-04,1024.62070
2006-04-05,1024.62070
2006-04-06,1024.62070
2006-04-07,1024.62070
2006-04-08,1024.62070
2006-04-09,1024.62070
2006-04-10,1024.62070
2006-04-11,1024.62070
2006-04-12,1024.62070
2006-04-13,1024.62070
2006-04-14,1024.62070
2006-04-15,1024.62070
2006-04-16,1024.62070
2006-04-17,1024.62070
2006-04-18,1024.62070
2006-04-19,1024.62070
2006-04-20,1024.62070
2006-04-21,1024.62070
2006-04-22,1024.62070
2006-04-23,1024.62070
2006-04-24,1024.62070
2006-04-25,1024.62070
2006-04-26,1024.62070
2006-04-27,1024.62070
2006-04-28,1024.62070
2006-04-29,1024.62070
2006-04-30,1024.62070
2006-05-01,1024.62070
2006-05-02,1024.62070
2006-05-03,1024.62070
2006-05-04,1024.62070
2006-05-05,1024.62070
2006-05-06,1024.62070
2006-05-07,1024.62070
2006-05-08,1024.62070
2006-05-09,1024.62070
2006-05-10,1024.62070
2006-05-11,1024.62070
2006-05-12,1024.62070
2006-05-13,1024.62070
2006-05-14,1024.62070
2006-05-15,1024.62070
2006-05-16,1024.62070
2006-05-17,1024.62070
2006-05-18,1024.62070
2006-05-19,1024.62070
2006-05-20,1024.62070
2006-05-21,1024.62070
2006-05-22,1024.62070
2006-05-23,1024.62070
2006-05-24,1024.62070
2006-05-25,1024.62070
2006-05-26,1024.62070
2006-05-27,1024.62070
2006-05-28,1024.62070
2006-05-29,1024.62070
2006-05-30,1024.62070
2006-05-31,1024.62070
2006-06-01,1024.62070
2006-06-02,1024.62070
2006-06-03,1024.62070
2006-06-04,1024.62070
2006-06-05,1024.62070
2006-06-06,1024.62070
2006-06-07,1024.62070
2006-06-08,1024.62070
2006-06-09,1024.62070
2006-06-10,1024.62070
2006-06-11,1024.62070
2006-06-12,1024.62070
2006-06-13,1024.62070
2006-06-14,1024.62070
2006-06-15,1024.62070
2006-06-16,1024.62070
2006-06-17,1024.62070
2006-06-18,1024.62070
2006-06-19,1024.62070
2006-06-20,1024.62070
2006-06-21,1024.62070
2006-06-22,1024.62070
2006-06-23,1024.62070
2006-06-24,1024.62070
2006-06-25,1024.62070
2006-06-26,1024.62070
2006-06-27,1024.62070
2006-06-28,1024.62070
2006-06-29,1024.62070
2006-06-30,1024.62070
2006-07-01,1024.62070
2006-07-02,1024.62070
2006-07-03,1024.62070
2006-07-04,1024.62070
2006-07-05,1024.62070
2006-07-06,1024.62070
2006-07-07,1024.62070
2006-07-08,1024.62070
2006-07-09,1024.62070
2006-07-10,1024.62070
2006-07-11,1024.62070
2006-07-12,1024.62070
2006-07-13,1024.62070
2006-07-14,1024.62070
2006-07-15,1024.62070
2006-07-16,1024.62070
2006-07-17,1024.62070
2006-07-18,1024.62070
2006-07-19,1024.62070
2006-07-20,1024.62070
2006-07-21,1024.62070
2006-07-22,1024.62070
2006-07-23,1024.62070
2006-07-24,1024.62070
2006-07-25,1024.62070
2006-07-26,1024.62070
2006-07-27,1024.62070
2006-07-28,1024.62070
2006-07-29,1024.62070
2006-07-30,1024.62070
2006-07-31,1024.62070
2006-08-01,1024.62070
2006-08-02,1024.62070
2006-08-03,1024.62070
2006-08-04,1024.62070
2006-08-05,1024.62070
2006-08-06,1024.62070
2006-08-07,1024.62070
2006-08-08,1024.62070
2006-08-09,1024.62070
2006-08-10,1024.62070
2006-08-11,1024.62070
2006-08-12,1024.62070
2006-08-13,1024.62070
2006-08-14,1024.62070
2006-08-15,1024.62070
2006-08-16,1024.62070
2006-08-17,1024.62070
2006-08-18,1024.62070
2006-08-19,1024.62070
2006-08-20,1024.62070
2006-08-21,1024.62070
2006-08-22,1024.62070
2006-08-23,1024.62070
2006-08-24,1024.62070
2006-08-25,1024.62070
2006-08-26,1024.62070
2006-08-27,1024.62070
2006-08-28,1024.62070
2006-08-29,1024.62070
2006-08-30,1024.62070
2006-08-31,1024.62070
2006-09-01,1024.62070
2006-09-02,1024.62070
2006-09-03,1024.62070
2006-09-04,1024.62070
2006-09-05,1024.62070
2006-09-06,1024.62070
2006-09-07,1024.62070
2006-09-08,1024.62070
2006-09-09,1024.62070
2006-09-10,1024.62070
2006-09-11,1024.62070
2006-09-12,1024.62070
2006-09-13,1024.62070
2006-09-14,1024.62070
2006-09-15,1024.62070
2006-09-16,1024.62070
2006-09-17,1024.62070
2006-09-18,1024.62070
2006-09-19,1024.62070
2006-09-20,1024.62070
2006-09-21,1024.62070
2006-09-22,1024.62070
2006-09-23,1024.62070
2006-09-24,1024.62070
2006-09-25,1024.62070
2006-09-26,1024.62070
2006-09-27,1024.62070
2006-09-28,1024.62070
2006-09-29,1024.62070
2006-09-30,1024.62070
2006-10-01,1024.62070
2006-10-02,1024.62070
2006-10-03,1024.62070
2006-10-04,1024.62070
2006-10-05,1024.62070
2006-10-06,1024.62070
2006-10-07,1024.62070
2006-10-08,1024.62070
2006-10-09,1024.62070
2006-10-10,1024.62070
2006-10-11,1024.62070
2006-10-12,1024.62070
2006-10-13,1024.62070
2006-10-14,1024.62070
2006-10-15,1024.62070
2006-10-16,1024.62070
2006-10-17,1024.62070
2006-10-18,1024.62070
2006-10-19,1024.62070
2006-10-20,1024.62070
2006-10-21,1024.62070
2006-10-22,1024.62070
2006-10-23,1024.62070
2006-10-24,1024.62070
2006-10-25,1024.62070
2006-10-26,1024.62070
2006-10-27,1024.62070
2006-10-28,1024.62070
2006-10-29,1024.62070
2006-10-30,1024.62070
2006-10-31,1024.62070
2006-11-01,1024.62070
2006-11-02,1024.62070
2006-11-03,1024.62070
2006-11-04,1024.62070
2006-11-05,1024.62070
2006-11-06,1024.62070
2006-11-07,1024.62070
2006-11-08,1024.62070
2006-11-09,1024.62070
2006-11-10,1024.62070
2006-11-11,1024.62070
2006-11-12,1024.62070
2006-11-13,1024.62070
2006-11-14,1024.62070
2006-11-15,1024.62070
2006-11-16,1024.62070
2006-11-17,1024.62070
2006-11-18,1024.62070
2006-11-19,1024.62070
2006-11-20,1024.62070
2006-11-21,1024.62070
2006-11-22,1024.62070
2006-11-23,1024.62070
2006-11-24,1024.62070
2006-11-25,1024.62070
2006-11-26,1024.62070
2006-11-27,1024.62070
2006-11-28,1024.62070
2006-11-29,1024.62070
2006-11-30,1024.62070
2006-12-01,1024.62070
2006-12-02,1024.62070
2006-12-03,1024.62070
2006-12-04,1024.62070
2006-12-05,1024.62070
2006-12-06,1024.62070
2006-12-07,1024.62070
2006-12-08,1024.62070
2006-12-09,1024.62070
2006-12-10,1024.62070
2006-12-11,1024.62070
2006-12-12,1024.62070
2006-12-13,1024.85190
2006-12-14,1024.62070
2006-12-15,1024.81230
2006-12-16,1025.01830
2006-12-17,1025.22430
2006-12-18,1025.42640
2006-12-19,1025.62560
2006-12-20,1025.83000
2006-12-21,1024.62360
2006-12-22,1024.83070
2006-12-23,1025.04190
2006-12-24,1025.25310
2006-12-25,1025.46430
2006-12-26,1025.68020
2006-12-27,1025.90300
2006-12-28,1024.62640
2006-12-29,1024.85670
2006-12-30,1025.07620
2006-12-31,1025.29580
2007-01-01,1025.51550
2007-01-02,1025.73090
2007-01-03,1025.93900
2007-01-04,1024.63200
2007-01-05,1024.83830
2007-01-06,1025.04620
2007-01-07,1025.25410
2007-01-08,1025.46260
2007-01-09,1025.67210
2007-01-10,1025.88100
2007-01-11,1024.63850
2007-01-12,1024.84520
2007-01-15,1025.47040
2007-01-16,1025.67670
2007-01-17,1025.88310
2007-01-18,1024.64230
2007-01-19,1024.84170
2007-01-20,1025.04840
2007-01-21,1025.25640
2007-01-22,1025.46520
2007-01-23,1025.67130
2007-01-24,1025.87850
2007-01-25,1024.68720
2007-01-26,1024.88950
2007-01-27,1025.09680
2007-01-28,1025.30400
2007-01-29,1025.50820
2007-01-30,1025.71340
2007-01-31,1025.91910
2007-02-01,1026.12490
2007-02-02,1024.71830
2007-02-03,1024.92360
2007-02-04,1025.13170
2007-02-05,1025.33930
2007-02-06,1025.54070
2007-02-07,1025.74400
2007-02-08,1024.75850
2007-02-09,1024.95810
2007-02-10,1025.15860
2007-02-11,1025.35900
2007-02-12,1025.55690
2007-02-13,1025.75540
2007-02-14,1025.95820
2007-02-15,1024.76050
2007-02-16,1024.97130
2007-02-17,1025.18190
2007-02-18,1025.39250
2007-02-19,1025.60470
2007-02-20,1025.82030
2007-02-21,1026.03510
2007-02-22,1024.76720
2007-02-23,1024.97060
2007-02-24,1025.17410
2007-02-25,1025.37750
2007-02-26,1025.58230
2007-02-27,1025.78540
2007-02-28,1025.99260
2007-03-01,1024.77310
2007-03-02,1024.98870
2007-03-03,1025.20130
2007-03-04,1025.41360
2007-03-05,1025.62130
2007-03-06,1025.82940
2007-03-07,1026.03910
2007-03-08,1024.77910
2007-03-09,1024.99460
2007-03-10,1025.21230
2007-03-11,1025.43000
2007-03-12,1025.64750
2007-03-13,1025.86510
2007-03-14,1026.08230
2007-03-15,1024.78570
2007-03-16,1025.01590
2007-03-17,1025.25550
2007-03-18,1025.49510
2007-03-19,1025.73470
2007-03-20,1025.99590
2007-03-21,1026.32560
2007-03-22,1024.79080
2007-03-23,1025.02560
2007-03-24,1025.27010
2007-03-25,1025.51500
2007-03-26,1025.75870
2007-03-27,1026.00260
2007-03-28,1026.25800
2007-03-29,1024.79660
2007-03-30,1025.11390
2007-03-31,1025.44090
2007-04-01,1025.76810
2007-04-02,1026.09560
2007-04-03,1026.33740
2007-04-04,1026.56690
2007-04-05,1024.80260
2007-04-06,1025.03380
2007-04-07,1025.25940
2007-04-08,1025.48510
2007-04-09,1025.71000
2007-04-10,1025.93420
2007-04-11,1026.15660
2007-04-12,1024.80950
2007-04-13,1025.03790
2007-04-14,1025.26460
2007-04-15,1025.49130
2007-04-16,1025.71900
2007-04-17,1025.95370
2007-04-18,1026.18560
2007-04-19,1024.81530
2007-04-20,1025.05030
2007-04-21,1025.28150
2007-04-22,1025.51270
2007-04-23,1025.74270
2007-04-24,1025.97240
2007-04-25,1026.19870
2007-04-26,1024.82100
2007-04-27,1025.08100
2007-04-28,1025.31980
2007-04-29,1025.55840
2007-04-30,1025.79100
2007-05-01,1026.02370
2007-05-02,1026.25620
2007-05-03,1024.85220
2007-05-04,1025.08690
2007-05-05,1025.31280
2007-05-06,1025.53880
2007-05-07,1025.76180
2007-05-08,1025.98100
2007-05-09,1026.19580
2007-05-10,1024.87820
2007-05-11,1025.10070
2007-05-12,1025.32230
2007-05-13,1025.54390
2007-05-14,1025.77050
2007-05-15,1025.99790
2007-05-16,1026.22440
2007-05-17,1024.88440
2007-05-18,1025.11710
2007-05-19,1025.34260
2007-05-20,1025.56820
2007-05-21,1025.78880
2007-05-22,1026.00850
2007-05-23,1026.22750
2007-05-24,1024.89050
2007-05-25,1025.11430
2007-05-26,1025.33610
2007-05-27,1025.55800
2007-05-28,1025.77680
2007-05-29,1025.98980
2007-05-30,1026.20200
2007-05-31,1024.89660
2007-06-01,1025.10220
2007-06-02,1025.31180
2007-06-03,1025.52120
2007-06-04,1025.73060
2007-06-05,1025.93530
2007-06-06,1026.14020
2007-06-07,1024.90280
2007-06-08,1025.09750
2007-06-09,1025.30650
2007-06-10,1025.51550
2007-06-11,1025.72560
2007-06-12,1025.93700
2007-06-13,1026.12410
2007-06-14,1024.90880
2007-06-15,1025.09870
2007-06-16,1025.29760
2007-06-17,1025.49660
2007-06-18,1025.69720
2007-06-19,1025.89740
2007-06-20,1026.09310
2007-06-21,1024.91470
2007-06-22,1025.11060
2007-06-23,1025.31500
2007-06-24,1025.51940
2007-06-25,1025.72970
2007-06-26,1025.94100
2007-06-27,1026.15490
2007-06-28,1024.93020
2007-06-29,1025.14020
2007-06-30,1025.35170
2007-07-01,1025.56310
2007-07-02,1025.77460
2007-07-03,1025.98480
2007-07-04,1026.18940
2007-07-05,1024.93580
2007-07-06,1025.14530
2007-07-07,1025.35480
2007-07-08,1025.56430
2007-07-09,1025.77050
2007-07-10,1025.97250
2007-07-11,1026.16550
2007-07-12,1024.94110
2007-07-13,1025.14440
2007-07-14,1025.34320
2007-07-15,1025.54190
2007-07-16,1025.74040
2007-07-17,1025.93870
2007-07-18,1026.13720
2007-07-19,1024.94660
2007-07-20,1025.14780
2007-07-21,1025.34590
2007-07-22,1025.54380
2007-07-23,1025.74100
2007-07-24,1025.93870
2007-07-25,1026.13570
2007-07-26,1024.94750
2007-07-27,1025.15710
2007-07-28,1025.36800
2007-07-29,1025.57870
2007-07-30,1025.78620
2007-07-31,1025.99790
2007-08-01,1026.20940
2007-08-02,1024.94750
2007-08-03,1025.15770
2007-08-04,1025.36900
2007-08-05,1025.58030
2007-08-06,1025.79230
2007-08-07,1025.99650
2007-08-08,1026.19970
2007-08-09,1024.94750
2007-08-10,1025.15910
2007-08-11,1025.36100
2007-08-12,1025.56330
2007-08-13,1025.76560
2007-08-14,1025.97120
2007-08-15,1026.17660
2007-08-16,1024.94750
2007-08-17,1025.14840
2007-08-18,1025.35970
2007-08-19,1025.57100
2007-08-20,1025.78210
2007-08-21,1025.98430
2007-08-22,1026.18660
2007-08-23,1024.94750
2007-08-24,1025.15200
2007-08-25,1025.35570
2007-08-26,1025.55910
2007-08-27,1025.76170
2007-08-28,1025.96470
2007-08-29,1026.16770
2007-08-30,1024.94750
2007-08-31,1025.14400
2007-09-01,1025.34960
2007-09-02,1025.55550
2007-09-03,1025.76350
2007-09-04,1025.96610
2007-09-05,1026.16810
2007-09-06,1024.94750
2007-09-07,1025.14030
2007-09-08,1025.34270
2007-09-09,1025.54510
2007-09-10,1025.74380
2007-09-11,1025.94250
2007-09-12,1026.14110
2007-09-13,1024.94750
2007-09-14,1025.15510
2007-09-15,1025.36410
2007-09-16,1025.57300
2007-09-17,1025.78200
2007-09-18,1025.98890
2007-09-19,1026.19720
2007-09-20,1024.94750
2007-09-21,1025.15160
2007-09-22,1025.36510
2007-09-23,1025.57860
2007-09-24,1025.78950
2007-09-25,1025.99480
2007-09-26,1026.20020
2007-09-27,1024.94750
2007-09-28,1025.16370
2007-09-29,1025.38120
2007-09-30,1025.59840
2007-10-01,1025.80930
2007-10-02,1026.02020
2007-10-03,1026.22870
2007-10-04,1024.94750
2007-10-05,1025.15360
2007-10-06,1025.35990
2007-10-07,1025.56620
2007-10-08,1025.77560
2007-10-09,1025.98480
2007-10-10,1026.19400
2007-10-11,1024.94750
2007-10-12,1025.16150
2007-10-13,1025.37680
2007-10-14,1025.59220
2007-10-15,1025.80680
2007-10-16,1026.02190
2007-10-17,1026.23710
2007-10-18,1024.94750
2007-10-19,1025.16310
2007-10-20,1025.37700
2007-10-21,1025.59100
2007-10-22,1025.80490
2007-10-23,1026.01890
2007-10-24,1026.23320
2007-10-25,1024.94750
2007-10-26,1025.16150
2007-10-27,1025.37580
2007-10-28,1025.58990
2007-10-29,1025.80410
2007-10-30,1026.02130
2007-10-31,1026.23890
2007-11-01,1024.94750
2007-11-02,1025.15940
2007-11-03,1025.37680
2007-11-04,1025.59400
2007-11-05,1025.81160
2007-11-06,1026.03460
2007-11-07,1026.25760
2007-11-08,1024.94750
2007-11-09,1025.16050
2007-11-10,1025.38330
2007-11-11,1025.60610
2007-11-12,1025.82900
2007-11-13,1026.05350
2007-11-14,1026.27800
2007-11-15,1024.94750
2007-11-16,1025.17190
2007-11-17,1025.39580
2007-11-18,1025.61970
2007-11-19,1025.84350
2007-11-20,1026.06730
2007-11-21,1026.28940
2007-11-22,1024.94750
2007-11-23,1025.15080
2007-11-24,1025.36470
2007-11-25,1025.57860
2007-11-26,1025.79570
2007-11-27,1026.01450
2007-11-28,1026.23290
2007-11-29,1024.94750
2007-11-30,1025.15980
2007-12-01,1025.37750
2007-12-02,1025.59510
2007-12-03,1025.81060
2007-12-04,1026.02580
2007-12-05,1026.23820
2007-12-06,1024.94750
2007-12-07,1025.14880
2007-12-08,1025.35700
2007-12-09,1025.56510
2007-12-10,1025.77660
2007-12-11,1025.98870
2007-12-12,1026.20230
2007-12-13,1024.94750
2007-12-14,1025.16040
2007-12-15,1025.37640
2007-12-16,1025.59240
2007-12-17,1025.80820
2007-12-18,1026.02180
2007-12-19,1026.23550
2007-12-20,1026.23550
2007-12-21,1026.23550
2007-12-22,1026.23550
2007-12-23,1026.23550
2007-12-24,1026.23550
2007-12-25,1026.23550
2007-12-26,1026.23550
2007-12-27,1026.23550
2007-12-28,1026.23550
2007-12-29,1026.23550
2007-12-30,1026.23550
2007-12-31,1026.23550
2008-01-01,1026.23550
2008-01-02,1026.23550
2008-01-03,1026.23550
2008-01-04,1026.23550
2008-01-05,1026.23550
2008-01-06,1026.23550
2008-01-07,1026.23550
2008-01-08,1026.23550
2008-01-09,1026.23550
2008-01-10,1026.23550
2008-01-11,1026.23550
2008-01-12,1026.23550
2008-01-13,1026.23550
2008-01-14,1026.23550
2008-01-15,1026.23550
2008-01-16,1026.23550
2008-01-17,1026.23550
2008-01-18,1026.23550
2008-01-19,1026.23550
2008-01-20,1026.23550
2008-01-21,1026.23550
2008-01-22,1026.23550
2008-01-23,1026.23550
2008-01-24,1026.23550
2008-01-25,1026.23550
2008-01-26,1026.23550
2008-01-27,1026.23550
2008-01-28,1026.23550
2008-01-29,1026.23550
2008-01-30,1026.23550
2008-01-31,1026.23550
2008-02-01,1026.23550
2008-02-02,1026.23550
2008-02-03,1026.23550
2008-02-04,1026.23550
2008-02-05,1026.23550
2008-02-06,1026.23550
2008-02-07,1026.23550
2008-02-08,1026.23550
2008-02-09,1026.23550
2008-02-10,1026.23550
2008-02-11,1026.23550
2008-02-12,1026.23550
2008-02-13,1026.23550
2008-02-14,1026.23550
2008-02-15,1026.23550
2008-02-16,1026.23550
2008-02-17,1026.23550
2008-02-18,1026.23550
2008-02-19,1026.23550
2008-02-20,1026.23550
2008-02-21,1026.23550
2008-02-22,1026.23550
2008-02-23,1026.23550
2008-02-24,1026.23550
2008-02-25,1026.23550
2008-02-26,1026.23550
2008-02-27,1026.23550
2008-02-28,1026.23550
2008-02-29,1026.23550
2008-03-01,1026.23550
2008-03-02,1026.23550
2008-03-03,1026.23550
2008-03-04,1026.23550
2008-03-05,1026.23550
2008-03-06,1026.23550
2008-03-07,1026.23550
2008-03-08,1026.23550
2008-03-09,1026.23550
2008-03-10,1026.23550
2008-03-11,1026.23550
2008-03-12,1026.23550
2008-03-13,1026.23550
2008-03-14,1026.23550
2008-03-15,1026.23550
2008-03-16,1026.23550
2008-03-17,1026.23550
2008-03-18,1026.23550
2008-03-19,1026.23550
2008-03-20,1026.23550
2008-03-21,1026.23550
2008-03-22,1026.23550
2008-03-23,1026.23550
2008-03-24,1026.23550
2008-03-25,1026.23550
2008-03-26,1026.23550
2008-03-27,1026.23550
2008-03-28,1026.23550
2008-03-29,1026.23550
2008-03-30,1026.23550
2008-03-31,1026.23550
2008-04-01,1026.23550
2008-04-02,1026.23550
2008-04-03,1026.23550
2008-04-04,1026.23550
2008-04-05,1026.23550
2008-04-06,1026.23550
2008-04-07,1026.23550
2008-04-08,1026.23550
2008-04-09,1026.23550
2008-04-10,1026.23550
2008-04-11,1026.23550
2008-04-12,1026.23550
2008-04-13,1026.23550
2008-04-14,1026.23550
2008-04-15,1026.23550
2008-04-16,1026.23550
2008-04-17,1026.23550
2008-04-18,1026.23550
2008-04-19,1026.23550
2008-04-20,1026.23550
2008-04-21,1026.23550
2008-04-22,1026.23550
2008-04-23,1026.23550
2008-04-24,1026.23550
2008-04-25,1026.23550
2008-04-26,1026.23550
2008-04-27,1026.23550
2008-04-28,1026.23550
2008-04-29,1026.23550
2008-04-30,1026.23550
2008-05-01,1026.23550
2008-05-02,1026.23550
2008-05-03,1026.23550
2008-05-04,1026.23550
2008-05-05,1026.23550
2008-05-06,1026.23550
2008-05-07,1026.23550
2008-05-08,1026.23550
2008-05-09,1026.23550
2008-05-10,1026.23550
2008-05-11,1026.23550
2008-05-12,1026.23550
2008-05-13,1026.23550
2008-05-14,1026.23550
2008-05-15,1026.23550
2008-05-16,1026.23550
2008-05-17,1026.23550
2008-05-18,1026.23550
2008-05-19,1026.23550
2008-05-20,1026.23550
2008-05-21,1026.23550
2008-05-22,1026.23550
2008-05-23,1026.23550
2008-05-24,1026.23550
2008-05-25,1026.23550
2008-05-26,1026.23550
2008-05-27,1026.23550
2008-05-28,1026.23550
2008-05-29,1026.23550
2008-05-30,1026.23550
2008-05-31,1026.23550
2008-06-01,1026.23550
2008-06-02,1026.23550
2008-06-03,1026.23550
2008-06-04,1026.23550
2008-06-05,1026.23550
2008-06-06,1026.23550
2008-06-07,1026.23550
2008-06-08,1026.23550
2008-06-09,1026.23550
2008-06-10,1026.23550
2008-06-11,1026.23550
2008-06-12,1026.23550
2008-06-13,1026.23550
2008-06-14,1026.23550
2008-06-15,1026.23550
2008-06-16,1026.23550
2008-06-17,1026.23550
2008-06-18,1026.23550
2008-06-19,1026.23550
2008-06-20,1026.23550
2008-06-21,1026.23550
2008-06-22,1026.23550
2008-06-23,1026.23550
2008-06-24,1026.23550
2008-06-25,1026.23550
2008-06-26,1026.23550
2008-06-27,1026.23550
2008-06-28,1026.23550
2008-06-29,1026.23550
2008-06-30,1026.23550
2008-07-01,1026.23550
2008-07-02,1026.23550
2008-07-03,1026.23550
2008-07-04,1026.23550
2008-07-05,1026.23550
2008-07-06,1026.23550
2008-07-07,1026.23550
2008-07-08,1026.23550
2008-07-09,1026.23550
2008-07-10,1026.23550
2008-07-11,1026.23550
2008-07-12,1026.23550
2008-07-13,1026.23550
2008-07-14,1026.23550
2008-07-15,1026.23550
2008-07-16,1026.23550
2008-07-17,1026.23550
2008-07-18,1026.23550
2008-07-19,1026.23550
2008-07-20,1026.23550
2008-07-21,1026.23550
2008-07-22,1026.23550
2008-07-23,1026.23550
2008-07-24,1026.23550
2008-07-25,1026.23550
2008-07-26,1026.23550
2008-07-27,1026.23550
2008-07-28,1026.23550
2008-07-29,1026.23550
2008-07-30,1026.23550
2008-07-31,1026.23550
2008-08-01,1026.23550
2008-08-02,1026.23550
2008-08-03,1026.23550
2008-08-04,1026.23550
2008-08-05,1026.23550
2008-08-06,1026.23550
2008-08-07,1026.23550
2008-08-08,1026.23550
2008-08-09,1026.23550
2008-08-10,1026.23550
2008-08-11,1026.23550
2008-08-12,1026.23550
2008-08-13,1026.23550
2008-08-14,1026.23550
2008-08-15,1026.23550
2008-08-16,1026.23550
2008-08-17,1026.23550
2008-08-18,1026.23550
2008-08-19,1026.23550
2008-08-20,1026.23550
2008-08-21,1026.23550
2008-08-22,1026.23550
2008-08-23,1026.23550
2008-08-24,1026.23550
2008-08-25,1026.23550
2008-08-26,1026.23550
2008-08-27,1026.23550
2008-08-28,1026.23550
2008-08-29,1026.23550
2008-08-30,1026.23550
2008-08-31,1026.23550
2008-09-01,1026.23550
2008-09-02,1026.23550
2008-09-03,1026.23550
2008-09-04,1026.23550
2008-09-05,1026.23550
2008-09-06,1026.23550
2008-09-07,1026.23550
2008-09-08,1026.23550
2008-09-09,1026.23550
2008-09-10,1026.23550
2008-09-11,1026.23550
2008-09-12,1026.23550
2008-09-13,1026.23550
2008-09-14,1026.23550
2008-09-15,1026.23550
2008-09-16,1026.23550
2008-09-17,1026.23550
2008-09-18,1026.23550
2008-09-19,1026.23550
2008-09-20,1026.23550
2008-09-21,1026.23550
2008-09-22,1026.23550
2008-09-23,1026.23550
2008-09-24,1026.23550
2008-09-25,1026.23550
2008-09-26,1026.23550
2008-09-27,1026.23550
2008-09-28,1026.23550
2008-09-29,1026.23550
2008-09-30,1026.23550
2008-10-01,1026.23550
2008-10-02,1026.23550
2008-10-03,1026.23550
2008-10-04,1026.23550
2008-10-05,1026.23550
2008-10-06,1026.23550
2008-10-07,1026.23550
2008-10-08,1026.23550
2008-10-09,1026.23550
2008-10-10,1026.23550
2008-10-11,1026.23550
2008-10-12,1026.23550
2008-10-13,1026.23550
2008-10-14,1026.23550
2008-10-15,1026.23550
2008-10-16,1026.23550
2008-10-17,1026.23550
2008-10-18,1026.23550
2008-10-19,1026.23550
2008-10-20,1026.23550
2008-10-21,1026.23550
2008-10-22,1026.23550
2008-10-23,1026.23550
2008-10-24,1026.23550
2008-10-25,1026.23550
2008-10-26,1026.23550
2008-10-27,1026.23550
2008-10-28,1026.23550
2008-10-29,1026.23550
2008-10-30,1026.23550
2008-10-31,1026.23550
2008-11-01,1026.23550
2008-11-02,1026.23550
2008-11-03,1026.23550
2008-11-04,1026.23550
2008-11-05,1026.23550
2008-11-06,1026.23550
2008-11-07,1026.23550
2008-11-08,1026.23550
2008-11-09,1026.23550
2008-11-10,1026.23550
2008-11-11,1026.23550
2008-11-12,1026.23550
2008-11-13,1026.23550
2008-11-14,1026.23550
2008-11-15,1026.23550
2008-11-16,1026.23550
2008-11-17,1026.23550
2008-11-18,1026.23550
2008-11-19,1026.23550
2008-11-20,1026.23550
2008-11-21,1026.23550
2008-11-22,1026.23550
2008-11-23,1026.23550
2008-11-24,1026.23550
2008-11-25,1026.23550
2008-11-26,1026.23550
2008-11-27,1026.23550
2008-11-28,1026.23550
2008-11-29,1026.23550
2008-11-30,1026.23550
2008-12-01,1026.23550
2008-12-02,1026.23550
2008-12-03,1026.23550
2008-12-04,1026.23550
2008-12-05,1026.23550
2008-12-06,1026.23550
2008-12-07,1026.23550
2008-12-08,1026.23550
2008-12-09,1026.23550
2008-12-10,1026.23550
2008-12-11,1026.23550
2008-12-12,1026.23550
2008-12-13,1026.23550
2008-12-14,1026.23550
2008-12-15,1026.23550
2008-12-16,1026.23550
2008-12-17,1026.23550
2008-12-18,1026.23550
2008-12-19,1026.23550
2008-12-20,1026.23550
2008-12-21,1026.23550
2008-12-22,1026.23550
2008-12-23,1026.23550
2008-12-24,1026.23550
2008-12-25,1026.23550
2008-12-26,1026.23550
2008-12-27,1026.23550
2008-12-28,1026.23550
2008-12-29,1026.23550
2008-12-30,1026.23550
2008-12-31,1026.23550
2009-01-01,1026.23550
2009-01-02,1026.23550
2009-01-03,1026.23550
2009-01-04,1026.23550
2009-01-05,1026.23550
2009-01-06,1026.23550
2009-01-07,1026.23550
2009-01-08,1026.23550
2009-01-09,1026.23550
2009-01-10,1026.23550
2009-01-11,1026.23550
2009-01-12,1026.23550
2009-01-13,1026.23550
2009-01-14,1026.23550
2009-01-15,1026.23550
2009-01-16,1026.23550
2009-01-17,1026.23550
2009-01-18,1026.23550
2009-01-19,1026.23550
2009-01-20,1026.23550
2009-01-21,1026.23550
2009-01-22,1026.23550
2009-01-23,1026.23550
2009-01-24,1026.23550
2009-01-25,1026.23550
2009-01-26,1026.23550
2009-01-27,1026.23550
2009-01-28,1026.23550
2009-01-29,1026.23550
2009-01-30,1026.23550
2009-01-31,1026.23550
2009-02-01,1026.23550
2009-02-02,1026.23550
2009-02-03,1026.23550
2009-02-04,1026.23550
2009-02-05,1026.23550
2009-02-06,1026.23550
2009-02-07,1026.23550
2009-02-08,1026.23550
2009-02-09,1026.23550
2009-02-10,1026.23550
2009-02-11,1026.23550
2009-02-12,1026.23550
2009-02-13,1026.23550
2009-02-14,1026.23550
2009-02-15,1026.23550
2009-02-16,1026.23550
2009-02-17,1026.23550
2009-02-18,1026.23550
2009-02-19,1026.23550
2009-02-20,1026.23550
2009-02-21,1026.23550
2009-02-22,1026.23550
2009-02-23,1026.23550
2009-02-24,1026.23550
2009-02-25,1026.23550
2009-02-26,1026.23550
2009-02-27,1026.23550
2009-02-28,1026.23550
2009-03-01,1026.23550
2009-03-02,1026.23550
2009-03-03,1026.23550
2009-03-04,1026.23550
2009-03-05,1026.23550
2009-03-06,1026.23550
2009-03-07,1026.23550
2009-03-08,1026.23550
2009-03-09,1026.23550
2009-03-10,1026.23550
2009-03-11,1026.23550
2009-03-12,1026.23550
2009-03-13,1026.23550
2009-03-14,1026.23550
2009-03-15,1026.23550
2009-03-16,1026.23550
2009-03-17,1026.23550
2009-03-18,1026.23550
2009-03-19,1026.23550
2009-03-20,1026.23550
2009-03-21,1026.23550
2009-03-22,1026.23550
2009-03-23,1026.23550
2009-03-24,1026.23550
2009-03-25,1026.23550
2009-03-26,1026.23550
2009-03-27,1026.23550
2009-03-28,1026.23550
2009-03-29,1026.23550
2009-03-30,1026.23550
2009-03-31,1026.23550
2009-04-01,1026.23550
2009-04-02,1026.23550
2009-04-03,1026.23550
2009-04-04,1026.23550
2009-04-05,1026.23550
2009-04-06,1026.23550
2009-04-07,1026.23550
2009-04-08,1026.23550
2009-04-09,1026.23550
2009-04-10,1026.23550
2009-04-11,1026.23550
2009-04-12,1026.23550
2009-04-13,1026.23550
2009-04-14,1026.23550
2009-04-15,1026.23550
2009-04-16,1026.23550
2009-04-17,1026.23550
2009-04-18,1026.23550
2009-04-19,1026.23550
2009-04-20,1026.23550
2009-04-21,1026.23550
2009-04-22,1026.23550
2009-04-23,1026.23550
2009-04-24,1026.23550
2009-04-25,1026.23550
2009-04-26,1026.23550
2009-04-27,1026.23550
2009-04-28,1026.23550
2009-04-29,1026.23550
2009-04-30,1026.23550
2009-05-01,1026.23550
2009-05-02,1026.23550
2009-05-03,1026.23550
2009-05-04,1026.23550
2009-05-05,1026.23550
2009-05-06,1026.23550
2009-05-07,1026.23550
2009-05-08,1026.23550
2009-05-09,1026.23550
2009-05-10,1026.23550
2009-05-11,1026.23550
2009-05-12,1026.23550
2009-05-13,1026.23550
2009-05-14,1026.23550
2009-05-15,1026.23550
2009-05-16,1026.23550
2009-05-17,1026.23550
2009-05-18,1026.23550
2009-05-19,1026.23550
2009-05-20,1026.23550
2009-05-21,1026.23550
2009-05-22,1026.23550
2009-05-23,1026.23550
2009-05-24,1026.23550
2009-05-25,1026.23550
2009-05-26,1026.23550
2009-05-27,1026.23550
2009-05-28,1026.23550
2009-05-29,1026.23550
2009-05-30,1026.23550
2009-05-31,1026.23550
2009-06-01,1026.23550
2009-06-02,1026.23550
2009-06-03,1026.23550
2009-06-04,1026.23550
2009-06-05,1026.23550
2009-06-06,1026.23550
2009-06-07,1026.23550
2009-06-08,1026.23550
2009-06-09,1026.23550
2009-06-10,1026.23550
2009-06-11,1026.23550
2009-06-12,1026.23550
2009-06-13,1026.23550
2009-06-14,1026.23550
2009-06-15,1026.23550
2009-06-16,1026.23550
2009-06-17,1026.23550
2009-06-18,1026.23550
2009-06-19,1026.23550
2009-06-20,1026.23550
2009-06-21,1026.23550
2009-06-22,1026.23550
2009-06-23,1026.23550
2009-06-24,1026.23550
2009-06-25,1026.23550
2009-06-26,1026.23550
2009-06-27,1026.23550
2009-06-28,1026.23550
2009-06-29,1026.23550
2009-06-30,1026.23550
2009-07-01,1026.23550
2009-07-02,1026.23550
2009-07-03,1026.23550
2009-07-04,1026.23550
2009-07-05,1026.23550
2009-07-06,1026.23550
2009-07-07,1026.23550
2009-07-08,1026.23550
2009-07-09,1026.23550
2009-07-10,1026.23550
2009-07-11,1026.23550
2009-07-12,1026.23550
2009-07-13,1026.23550
2009-07-14,1026.23550
2009-07-15,1026.23550
2009-07-16,1026.23550
2009-07-17,1026.23550
2009-07-18,1026.23550
2009-07-19,1026.23550
2009-07-20,1026.23550
2009-07-21,1026.23550
2009-07-22,1026.23550
2009-07-23,1026.23550
2009-07-24,1026.23550
2009-07-25,1026.23550
2009-07-26,1026.23550
2009-07-27,1026.23550
2009-07-28,1026.23550
2009-07-29,1026.23550
2009-07-30,1026.23550
2009-07-31,1026.23550
2009-08-01,1026.23550
2009-08-02,1026.23550
2009-08-03,1026.23550
2009-08-04,1026.23550
2009-08-05,1026.23550
2009-08-06,1026.23550
2009-08-07,1026.23550
2009-08-08,1026.23550
2009-08-09,1026.23550
2009-08-10,1026.23550
2009-08-11,1026.23550
2009-08-12,1026.23550
2009-08-13,1026.23550
2009-08-14,1026.23550
2009-08-15,1026.23550
2009-08-16,1026.23550
2009-08-17,1026.23550
2009-08-18,1026.23550
2009-08-19,1026.23550
2009-08-20,1026.23550
2009-08-21,1026.23550
2009-08-22,1026.23550
2009-08-23,1026.23550
2009-08-24,1026.23550
2009-08-25,1026.23550
2009-08-26,1026.23550
2009-08-27,1026.23550
2009-08-28,1026.23550
2009-08-29,1026.23550
2009-08-30,1026.23550
2009-08-31,1026.23550
2009-09-01,1026.23550
2009-09-02,1026.23550
2009-09-03,1026.23550
2009-09-04,1026.23550
2009-09-05,1026.23550
2009-09-06,1026.23550
2009-09-07,1026.23550
2009-09-08,1026.23550
2009-09-09,1026.23550
2009-09-10,1026.23550
2009-09-11,1026.23550
2009-09-12,1026.23550
2009-09-13,1026.23550
2009-09-14,1026.23550
2009-09-15,1026.23550
2009-09-16,1026.23550
2009-09-17,1026.23550
2009-09-18,1026.23550
2009-09-19,1026.23550
2009-09-20,1026.23550
2009-09-21,1026.23550
2009-09-22,1026.23550
2009-09-23,1026.23550
2009-09-24,1026.23550
2009-09-25,1026.23550
2009-09-26,1026.23550
2009-09-27,1026.23550
2009-09-28,1026.23550
2009-09-29,1026.23550
2009-09-30,1026.23550
2009-10-01,1026.23550
2009-10-02,1026.23550
2009-10-03,1026.23550
2009-10-04,1026.23550
2009-10-05,1026.23550
2009-10-06,1026.23550
2009-10-07,1026.23550
2009-10-08,1026.23550
2009-10-09,1026.23550
2009-10-10,1026.23550
2009-10-11,1026.23550
2009-10-12,1026.23550
2009-10-13,1026.23550
2009-10-14,1026.23550
2009-10-15,1026.33420
2009-10-16,1026.42570
2009-10-17,1026.33170
2009-10-19,1026.42320
2009-10-20,1026.51160
2009-10-21,1026.61260
2009-10-22,1026.73290
2009-10-23,1026.85280
2009-10-24,1026.23550
2009-10-25,1026.34440
2009-10-26,1026.46470
2009-10-27,1026.58420
2009-10-28,1026.70310
2009-10-29,1026.83520
2009-10-30,1026.96730
2009-10-31,1026.23540
2009-11-01,1026.36770
2009-11-02,1026.49970
2009-11-03,1026.63170
2009-11-04,1026.76400
2009-11-05,1026.89630
2009-11-06,1027.02700
2009-11-07,1026.23560
2009-11-08,1026.35280
2009-11-09,1026.48370
2009-11-10,1026.61480
2009-11-11,1026.74600
2009-11-12,1026.87710
2009-11-13,1027.00960
2009-11-14,1026.23550
2009-11-15,1026.37160
2009-11-16,1026.50380
2009-11-17,1026.63540
2009-11-18,1026.76750
2009-11-19,1026.89950
2009-11-20,1027.03160
2009-11-21,1026.23550
2009-11-22,1026.35900
2009-11-23,1026.49090
2009-11-24,1026.62250
2009-11-25,1026.75420
2009-11-26,1026.88640
2009-11-27,1027.01870
2009-11-28,1026.23560
2009-11-29,1026.37860
2009-11-30,1026.50900
2009-12-01,1026.63970
2009-12-02,1026.77030
2009-12-03,1026.90100
2009-12-04,1027.03170
2009-12-05,1026.23550
2009-12-06,1026.35740
2009-12-07,1026.48800
2009-12-08,1026.61870
2009-12-09,1026.75260
2009-12-10,1026.88640
2009-12-11,1027.02040
2009-12-12,1026.23550
2009-12-13,1026.35550
2009-12-14,1026.48930
2009-12-15,1026.62440
2009-12-16,1026.75960
2009-12-17,1026.89440
2009-12-18,1027.07070
2009-12-19,1026.23560
2009-12-20,1026.36560
2009-12-21,1026.48880
2009-12-22,1026.61190
2009-12-23,1026.72720
2009-12-24,1026.84750
2009-12-25,1026.23540
2009-12-26,1026.34870
2009-12-27,1026.46870
2009-12-28,1026.58870
2009-12-29,1026.70590
2009-12-30,1026.82610
2009-12-31,1026.95260
2010-01-01,1027.07760
2010-01-02,1026.23550
2010-01-03,1026.35440
2010-01-04,1026.47360
2010-01-05,1026.59720
2010-01-06,1026.72320
2010-01-07,1026.85090
2010-01-08,1026.97770
2010-01-09,1026.23550
2010-01-10,1026.35210
2010-01-11,1026.47920
2010-01-12,1026.60580
2010-01-13,1026.73210
2010-01-14,1026.85850
2010-01-15,1026.97430
2010-01-16,1026.23570
2010-01-17,1026.34970
2010-01-18,1026.46600
2010-01-19,1026.58490
2010-01-20,1026.70580
2010-01-21,1026.82700
2010-01-22,1026.94840
2010-01-23,1026.23540
2010-01-24,1026.36840
2010-01-25,1026.48960
2010-01-26,1026.61100
2010-01-27,1026.73250
2010-01-28,1026.84400
2010-01-29,1026.95090
2010-01-30,1026.23550
2010-01-31,1026.34590
2010-02-01,1026.45440
2010-02-02,1026.56330
2010-02-03,1026.67390
2010-02-04,1026.75310
2010-02-05,1026.87240
2010-02-06,1026.23560
2010-02-07,1026.36710
2010-02-08,1026.48690
2010-02-09,1026.60350
2010-02-10,1026.72000
2010-02-11,1026.83340
2010-02-12,1026.23570
2010-02-13,1026.35770
2010-02-14,1026.47170
2010-02-15,1026.58790
2010-02-16,1026.70420
2010-02-17,1026.81980
2010-02-18,1026.93550
2010-02-19,1027.04940
2010-02-20,1026.23560
2010-02-21,1026.34550
2010-02-22,1026.45960
2010-02-23,1026.57240
2010-02-24,1026.68530
2010-02-25,1026.78090
2010-02-26,1026.87580
2010-02-27,1026.23560
2010-02-28,1026.32840
2010-03-01,1026.42320
2010-03-02,1026.42320
2010-03-03,1026.42320
2010-03-04,1026.42320
2010-03-05,1026.42320
2010-03-06,1026.42320
2010-03-07,1026.42320
2010-03-08,1026.42320
2010-03-09,1026.42320
2010-03-10,1026.42320
2010-03-11,1026.42320
2010-03-12,1026.42320
2010-03-13,1026.42320
2010-03-14,1026.42320
2010-03-15,1026.42320
2010-03-16,1026.42320
2010-03-17,1026.42320
2010-03-18,1026.42320
2010-03-19,1026.42320
2010-03-20,1026.42320
2010-03-21,1026.42320
2010-03-22,1026.42320
2010-03-23,1026.42320
2010-03-24,1026.42320
2010-03-25,1026.42320
2010-03-26,1026.42320
2010-03-27,1026.42320
2010-03-28,1026.42320
2010-03-29,1026.42320
2010-03-30,1026.42320
2010-03-31,1026.42320
2010-04-01,1026.42320
2010-04-02,1026.42320
2010-04-03,1026.42320
2010-04-04,1026.42320
2010-04-05,1026.42320
2010-04-06,1026.42320
2010-04-07,1026.42320
2010-04-08,1026.42320
2010-04-09,1026.42320
2010-04-10,1026.42320
2010-04-11,1026.42320
2010-04-12,1026.42320
2010-04-13,1026.42320
2010-04-14,1026.42320
2010-04-15,1026.42320
2010-04-16,1026.42320
2010-04-17,1026.42320
2010-04-18,1026.42320
2010-04-19,1026.42320
2010-04-20,1026.42320
2010-04-21,1026.42320
2010-04-22,1026.42320
2010-04-23,1026.42320
2010-04-24,1026.42320
2010-04-25,1026.42320
2010-04-26,1026.42320
2010-04-27,1026.42320
2010-04-28,1026.42320
2010-04-29,1026.42320
2010-04-30,1026.42320
2010-05-01,1026.42320
2010-05-02,1026.42320
2010-05-03,1026.42320
2010-05-04,1026.42320
2010-05-05,1026.42320
2010-05-06,1026.42320
2010-05-07,1026.42320
2010-05-08,1026.42320
2010-05-09,1026.42320
2010-05-10,1026.42320
2010-05-11,1026.42320
2010-05-12,1026.42320
2010-05-13,1026.42320
2010-05-14,1026.42320
2010-05-15,1026.42320
2010-05-16,1026.42320
2010-05-17,1026.42320
2010-05-18,1026.42320
2010-05-19,1026.42320
2010-05-20,1026.42320
2010-05-21,1026.42320
2010-05-22,1026.42320
2010-05-23,1026.42320
2010-05-24,1026.42320
2010-05-25,1026.42320
2010-05-26,1026.42320
2010-05-27,1026.42320
2010-05-28,1026.42320
2010-05-29,1026.42320
2010-05-30,1026.42320
2010-05-31,1026.42320
2010-06-01,1026.42320
2010-06-02,1026.42320
2010-06-03,1026.42320
2010-06-04,1026.42320
2010-06-05,1026.42320
2010-06-06,1026.42320
2010-06-07,1026.42320
2010-06-08,1026.42320
2010-06-09,1026.42320
2010-06-10,1026.42320
2010-06-11,1026.42320
2010-06-12,1026.42320
2010-06-13,1026.42320
2010-06-14,1026.42320
2010-06-15,1026.42320
2010-06-16,1026.42320
2010-06-17,1026.42320
2010-06-18,1026.42320
2010-06-19,1026.42320
2010-06-20,1026.42320
2010-06-21,1026.42320
2010-06-22,1026.42320
2010-06-23,1026.42320
2010-06-24,1026.42320
2010-06-25,1026.42320
2010-06-26,1026.42320
2010-06-27,1026.42320
2010-06-28,1026.42320
2010-06-29,1026.42320
2010-06-30,1026.42320
2010-07-01,1026.42320
2010-07-02,1026.42320
2010-07-03,1026.42320
2010-07-04,1026.42320
2010-07-05,1026.42320
2010-07-06,1026.42320
2010-07-07,1026.42320
2010-07-08,1026.42320
2010-07-09,1026.42320
2010-07-10,1026.42320
2010-07-11,1026.42320
2010-07-12,1026.42320
2010-07-13,1026.42320
2010-07-14,1026.42320
2010-07-15,1026.42320
2010-07-16,1026.42320
2010-07-17,1026.42320
2010-07-18,1026.42320
2010-07-19,1026.42320
2010-07-20,1026.42320
2010-07-21,1026.42320
2010-07-22,1026.42320
2010-07-23,1026.42320
2010-07-24,1026.42320
2010-07-25,1026.42320
2010-07-26,1026.42320
2010-07-27,1026.42320
2010-07-28,1026.42320
2010-07-29,1026.42320
2010-07-30,1026.42320
2010-07-31,1026.42320
2010-08-01,1026.42320
2010-08-02,1026.42320
2010-08-03,1026.42320
2010-08-04,1026.42320
2010-08-05,1026.42320
2010-08-06,1026.42320
2010-08-07,1026.42320
2010-08-08,1026.42320
2010-08-09,1026.42320
2010-08-10,1026.42320
2010-08-11,1026.42320
2010-08-12,1026.42320
2010-08-13,1026.42320
2010-08-14,1026.42320
2010-08-15,1026.42320
2010-08-16,1026.42320
2010-08-17,1026.42320
2010-08-18,1026.42320
2010-08-19,1026.42320
2010-08-20,1026.42320
2010-08-21,1026.42320
2010-08-22,1026.42320
2010-08-23,1026.42320
2010-08-24,1026.42320
2010-08-25,1026.42320
2010-08-26,1026.42320
2010-08-27,1026.42320
2010-08-28,1026.42320
2010-08-29,1026.42320
2010-08-30,1026.42320
2010-08-31,1026.59690
2010-09-01,1026.75020
2010-09-02,1026.90010
2010-09-03,1027.05030
2010-09-04,1026.42330
2010-09-05,1026.58760
2010-09-06,1026.73770
2010-09-07,1026.89560
2010-09-08,1027.05010
2010-09-09,1027.22040
2010-09-10,1026.42300
2010-09-11,1026.59330
2010-09-12,1026.74860
2010-09-13,1026.90860
2010-09-14,1027.07010
2010-09-15,1027.23660
2010-09-16,1027.40730
2010-09-17,1027.58440
2010-09-18,1026.42330
2010-09-19,1026.59960
2010-09-20,1026.77850
2010-09-21,1026.95740
2010-09-22,1027.13650
2010-09-23,1027.31870
2010-09-24,1027.50670
2010-09-25,1026.42320
2010-09-26,1026.60580
2010-09-27,1026.79400
2010-09-28,1026.98600
2010-09-29,1027.18100
2010-09-30,1027.37600
2010-10-01,1027.56840
2010-10-02,1026.42330
2010-10-03,1026.61610
2010-10-04,1026.80840
2010-10-05,1027.00090
2010-10-06,1027.19410
2010-10-07,1027.38680
2010-10-08,1027.57510
2010-10-09,1026.42320
2010-10-10,1026.61130
2010-10-11,1026.80090
2010-10-12,1027.01520
2010-10-13,1027.20480
2010-10-14,1027.38950
2010-10-15,1027.57790
2010-10-16,1026.42320
2010-10-17,1026.61380
2010-10-18,1026.80640
2010-10-19,1026.99820
2010-10-20,1027.19000
2010-10-21,1027.37890
2010-10-22,1027.48790
2010-10-23,1026.42330
2010-10-24,1026.60100
2010-10-25,1026.70400
2010-10-26,1026.78900
2010-10-27,1026.83270
2010-10-28,1027.02450
2010-10-29,1027.22170
2010-10-30,1026.42310
2010-10-31,1026.62830
2010-11-01,1026.66450
2010-11-02,1026.70530
2010-11-03,1026.76300
2010-11-04,1026.95040
2010-11-05,1026.42310
2010-11-06,1026.62520
2010-11-07,1026.81250
2010-11-08,1027.01310
2010-11-09,1027.21320
2010-11-10,1027.41350
2010-11-11,1027.61360
2010-11-12,1027.81390
2010-11-13,1026.42310
2010-11-14,1026.60310
2010-11-15,1026.80340
2010-11-16,1027.00370
2010-11-17,1027.20390
2010-11-18,1027.40410
2010-11-19,1027.60440
2010-11-20,1026.42340
2010-11-21,1026.62000
2010-11-22,1026.82000
2010-11-23,1027.01760
2010-11-24,1027.21830
2010-11-25,1027.41480
2010-11-26,1027.61290
2010-11-27,1026.42550
2010-11-28,1026.62400
2010-11-29,1026.79440
2010-11-30,1026.98990
2010-12-01,1027.18510
2010-12-02,1027.37720
2010-12-03,1027.57320
2010-12-04,1026.42550
2010-12-05,1026.63430
2010-12-06,1026.83370
2010-12-07,1027.03480
2010-12-08,1027.23620
2010-12-09,1027.43730
2010-12-10,1027.43730
2010-12-11,1027.43730
2010-12-12,1027.43730
2010-12-13,1027.43730
2010-12-14,1027.43730
2010-12-15,1027.43730
2010-12-16,1027.43730
2010-12-17,1027.43730
2010-12-18,1027.43730
2010-12-19,1027.43730
2010-12-20,1027.43730
2010-12-21,1027.43730
2010-12-22,1027.43730
2010-12-23,1027.43730
2010-12-24,1027.43730
2010-12-25,1027.43730
2010-12-26,1027.43730
2010-12-27,1027.43730
2010-12-28,1027.43730
2010-12-29,1027.43730
2010-12-30,1027.43730
2010-12-31,1027.43730
2011-01-01,1027.43730
2011-01-02,1027.43730
2011-01-03,1027.43730
2011-01-04,1027.43730
2011-01-05,1027.43730
2011-01-06,1027.43730
2011-01-07,1027.43730
2011-01-08,1027.43730
2011-01-09,1027.43730
2011-01-10,1027.43730
2011-01-11,1027.43730
2011-01-12,1027.43730
2011-01-13,1027.43730
2011-01-14,1027.43730
2011-01-15,1027.43730
2011-01-16,1027.43730
2011-01-17,1027.43730
2011-01-18,1027.43730
2011-01-19,1027.43730
2011-01-20,1027.43730
2011-01-21,1027.43730
2011-01-22,1027.43730
2011-01-23,1027.43730
2011-01-24,1027.43730
2011-01-25,1027.43730
2011-01-26,1027.43730
2011-01-27,1027.43730
2011-01-28,1027.43730
2011-01-29,1027.43730
2011-01-30,1027.43730
2011-01-31,1027.43730
2011-02-01,1027.43730
2011-02-02,1027.43730
2011-02-03,1027.43730
2011-02-04,1027.43730
2011-02-05,1027.43730
2011-02-06,1027.43730
2011-02-07,1027.43730
2011-02-08,1027.43730
2011-02-09,1027.43730
2011-02-10,1027.43730
2011-02-11,1027.43730
2011-02-12,1027.43730
2011-02-13,1027.43730
2011-02-14,1027.43730
2011-02-15,1027.43730
2011-02-16,1027.43730
2011-02-17,1027.43730
2011-02-18,1027.43730
2011-02-19,1027.43730
2011-02-20,1027.43730
2011-02-21,1027.43730
2011-02-22,1027.43730
2011-02-23,1027.43730
2011-02-24,1027.43730
2011-02-25,1027.43730
2011-02-26,1027.43730
2011-02-27,1027.43730
2011-02-28,1027.43730
2011-03-01,1027.43730
2011-03-02,1027.43730
2011-03-03,1027.43730
2011-03-04,1027.43730
2011-03-05,1027.43730
2011-03-06,1027.43730
2011-03-07,1027.43730
2011-03-08,1027.43730
2011-03-09,1027.43730
2011-03-10,1027.43730
2011-03-11,1027.43730
2011-03-12,1027.43730
2011-03-13,1027.43730
2011-03-14,1027.43730
2011-03-15,1027.43730
2011-03-16,1027.43730
2011-03-17,1027.43730
2011-03-18,1027.43730
2011-03-19,1027.43730
2011-03-20,1027.43730
2011-03-21,1027.43730
2011-03-22,1027.43730
2011-03-23,1027.43730
2011-03-24,1027.43730
2011-03-25,1027.43730
2011-03-26,1027.43730
2011-03-27,1027.43730
2011-03-28,1027.43730
2011-03-29,1027.43730
2011-03-30,1027.43730
2011-03-31,1027.43730
2011-04-01,1027.43730
2011-04-02,1027.43730
2011-04-03,1027.43730
2011-04-04,1027.43730
2011-04-05,1027.43730
2011-04-06,1027.43730
2011-04-07,1027.43730
2011-04-08,1027.43730
2011-04-09,1027.43730
2011-04-10,1027.43730
2011-04-11,1027.43730
2011-04-12,1027.43730
2011-04-13,1027.43730
2011-04-14,1027.43730
2011-04-15,1027.43730
2011-04-16,1027.43730
2011-04-17,1027.43730
2011-04-18,1027.43730
2011-04-19,1027.43730
2011-04-20,1027.43730
2011-04-21,1027.43730
2011-04-22,1027.43730
2011-04-23,1027.43730
2011-04-24,1027.43730
2011-04-25,1027.43730
2011-04-26,1027.43730
2011-04-27,1027.43730
2011-04-28,1027.43730
2011-04-29,1027.43730
2011-04-30,1027.43730
2011-05-01,1027.43730
2011-05-02,1027.43730
2011-05-03,1027.43730
2011-05-04,1027.43730
2011-05-05,1027.43730
2011-05-06,1027.43730
2011-05-07,1027.43730
2011-05-08,1027.43730
2011-05-09,1027.43730
2011-05-10,1027.43730
2011-05-11,1027.43730
2011-05-12,1027.43730
2011-05-13,1027.43730
2011-05-14,1027.43730
2011-05-15,1027.43730
2011-05-16,1027.43730
2011-05-17,1027.43730
2011-05-18,1027.43730
2011-05-19,1027.43730
2011-05-20,1027.43730
2011-05-21,1027.43730
2011-05-22,1027.43730
2011-05-23,1027.43730
2011-05-24,1027.43730
2011-05-25,1027.43730
2011-05-26,1027.43730
2011-05-27,1027.43730
2011-05-28,1027.43730
2011-05-29,1027.43730
2011-05-30,1027.43730
2011-05-31,1027.43730
2011-06-01,1027.43730
2011-06-02,1027.43730
2011-06-03,1027.43730
2011-06-04,1027.43730
2011-06-05,1027.43730
2011-06-06,1027.43730
2011-06-07,1027.43730
2011-06-08,1027.43730
2011-06-09,1027.43730
2011-06-10,1027.43730
2011-06-11,1027.43730
2011-06-12,1027.43730
2011-06-13,1027.43730
2011-06-14,1027.43730
2011-06-15,1027.43730
2011-06-16,1027.43730
2011-06-17,1027.43730
2011-06-18,1027.43730
2011-06-19,1027.43730
2011-06-20,1027.43730
2011-06-21,1027.43730
2011-06-22,1027.43730
2011-06-23,1027.43730
2011-06-24,1027.43730
2011-06-25,1027.43730
2011-06-26,1027.43730
2011-06-27,1027.43730
2011-06-28,1027.43730
2011-06-29,1027.43730
2011-06-30,1027.43730
2011-07-01,1027.43730
2011-07-02,1027.43730
2011-07-03,1027.43730
2011-07-04,1027.43730
2011-07-05,1027.43730
2011-07-06,1027.43730
2011-07-07,1027.43730
2011-07-08,1027.43730
2011-07-09,1027.43730
2011-07-10,1027.43730
2011-07-11,1027.43730
2011-07-12,1027.43730
2011-07-13,1027.43730
2011-07-14,1027.43730
2011-07-15,1027.43730
2011-07-16,1027.43730
2011-07-17,1027.43730
2011-07-18,1027.43730
2011-07-19,1027.43730
2011-07-20,1027.43730
2011-07-21,1027.43730
2011-07-22,1027.43730
2011-07-23,1027.43730
2011-07-24,1027.43730
2011-07-25,1027.43730
2011-07-26,1027.43730
2011-07-27,1027.43730
2011-07-28,1027.43730
2011-07-29,1027.43730
2011-07-30,1027.43730
2011-07-31,1027.43730
2011-08-01,1027.43730
2011-08-02,1027.43730
2011-08-03,1027.43730
2011-08-04,1027.43730
2011-08-05,1027.43730
2011-08-06,1027.43730
2011-08-07,1027.43730
2011-08-08,1027.43730
2011-08-09,1027.43730
2011-08-10,1027.43730
2011-08-11,1027.43730
2011-08-12,1027.43730
2011-08-13,1027.43730
2011-08-14,1027.43730
2011-08-15,1027.43730
2011-08-16,1027.43730
2011-08-17,1027.43730
2011-08-18,1027.43730
2011-08-19,1027.43730
2011-08-20,1027.43730
2011-08-21,1027.43730
2011-08-22,1027.43730
2011-08-23,1027.43730
2011-08-24,1027.43730
2011-08-25,1027.43730
2011-08-26,1027.43730
2011-08-27,1027.43730
2011-08-28,1027.43730
2011-08-29,1027.43730
2011-08-30,1027.43730
2011-08-31,1027.43730
2011-09-01,1027.43730
2011-09-02,1027.43730
2011-09-03,1027.43730
2011-09-04,1027.43730
2011-09-05,1027.43730
2011-09-06,1027.43730
2011-09-07,1027.43730
2011-09-08,1027.43730
2011-09-09,1027.43730
2011-09-10,1027.43730
2011-09-11,1027.43730
2011-09-12,1027.43730
2011-09-13,1027.43730
2011-09-14,1027.43730
2011-09-15,1027.43730
2011-09-16,1027.43730
2011-09-17,1027.43730
2011-09-18,1027.43730
2011-09-19,1027.43730
2011-09-20,1027.43730
2011-09-21,1027.43730
2011-09-22,1027.43730
2011-09-23,1027.43730
2011-09-24,1027.43730
2011-09-25,1027.43730
2011-09-26,1027.43730
2011-09-27,1027.43730
2011-09-28,1027.43730
2011-09-29,1027.43730
2011-09-30,1027.43730
2011-10-01,1027.43730
2011-10-02,1027.43730
2011-10-03,1027.43730
2011-10-04,1027.43730
2011-10-05,1027.43730
2011-10-06,1027.43730
2011-10-07,1027.43730
2011-10-08,1027.43730
2011-10-09,1027.43730
2011-10-10,1027.43730
2011-10-11,1027.43730
2011-10-12,1027.43730
2011-10-13,1027.43730
2011-10-14,1027.43730
2011-10-15,1027.43730
2011-10-16,1027.43730
2011-10-17,1027.43730
2011-10-18,1027.43730
2011-10-19,1027.43730
2011-10-20,1027.43730
2011-10-21,1027.43730
2011-10-22,1027.43730
2011-10-23,1027.43730
2011-10-24,1027.43730
2011-10-25,1027.43730
2011-10-26,1027.43730
2011-10-27,1027.43730
2011-10-28,1027.43730
2011-10-29,1027.43730
2011-10-30,1027.43730
2011-10-31,1027.43730
2011-11-01,1027.43730
2011-11-02,1027.43730
2011-11-03,1027.43730
2011-11-04,1027.43730
2011-11-05,1027.43730
2011-11-06,1027.43730
2011-11-07,1027.43730
2011-11-08,1027.43730
2011-11-09,1027.43730
2011-11-10,1027.43730
2011-11-11,1027.43730
2011-11-12,1027.43730
2011-11-13,1027.43730
2011-11-14,1027.43730
2011-11-15,1027.43730
2011-11-16,1027.43730
2011-11-17,1027.43730
2011-11-18,1027.43730
2011-11-19,1027.43730
2011-11-20,1027.43730
2011-11-21,1027.43730
2011-11-22,1027.43730
2011-11-23,1027.43730
2011-11-24,1027.43730
2011-11-25,1027.43730
2011-11-26,1027.43730
2011-11-27,1027.43730
2011-11-28,1027.43730
2011-11-29,1027.43730
2011-11-30,1027.43730
2011-12-01,1027.43730
2011-12-02,1027.43730
2011-12-03,1027.43730
2011-12-04,1027.43730
2011-12-05,1027.43730
2011-12-06,1027.43730
2011-12-07,1027.43730
2011-12-08,1027.43730
2011-12-09,1027.43730
2011-12-10,1027.43730
2011-12-11,1027.43730
2011-12-12,1027.43730
2011-12-13,1027.43730
2011-12-14,1027.43730
2011-12-15,1027.43730
2011-12-16,1027.43730
2011-12-17,1027.43730
2011-12-18,1027.43730
2011-12-19,1027.43730
2011-12-20,1027.43730
2011-12-21,1027.43730
2011-12-22,1027.43730
2011-12-23,1027.43730
2011-12-24,1027.43730
2011-12-25,1027.43730
2011-12-26,1027.43730
2011-12-27,1027.43730
2011-12-28,1027.43730
2011-12-29,1027.43730
2011-12-30,1027.43730
2011-12-31,1027.43730
2012-01-01,1027.43730
2012-01-02,1027.43730
2012-01-03,1027.43730
2012-01-04,1027.43730
2012-01-05,1027.43730
2012-01-06,1027.43730
2012-01-07,1027.43730
2012-01-08,1027.43730
2012-01-09,1027.43730
2012-01-10,1027.43730
2012-01-11,1027.43730
2012-01-12,1027.43730
2012-01-13,1027.43730
2012-01-14,1027.43730
2012-01-15,1027.43730
2012-01-16,1027.43730
2012-01-17,1027.43730
2012-01-18,1027.43730
2012-01-19,1027.43730
2012-01-20,1027.43730
2012-01-21,1027.43730
2012-01-22,1027.43730
2012-01-23,1027.43730
2012-01-24,1027.43730
2012-01-25,1027.43730
2012-01-26,1027.43730
2012-01-27,1027.43730
2012-01-28,1027.43730
2012-01-29,1027.43730
2012-01-30,1027.43730
2012-01-31,1027.43730
2012-02-01,1027.43730
2012-02-02,1027.43730
2012-02-03,1027.43730
2012-02-04,1027.43730
2012-02-05,1027.43730
2012-02-06,1027.43730
2012-02-07,1027.43730
2012-02-08,1027.43730
2012-02-09,1027.43730
2012-02-10,1027.43730
2012-02-11,1027.43730
2012-02-12,1027.43730
2012-02-13,1027.43730
2012-02-14,1027.43730
2012-02-15,1027.43730
2012-02-16,1027.43730
2012-02-17,1027.43730
2012-02-18,1027.43730
2012-02-19,1027.43730
2012-02-20,1027.43730
2012-02-21,1027.43730
2012-02-22,1027.43730
2012-02-23,1027.43730
2012-02-24,1027.43730
2012-02-25,1027.43730
2012-02-26,1027.43730
2012-02-27,1027.43730
2012-02-28,1027.43730
2012-02-29,1027.43730
2012-03-01,1027.43730
2012-03-02,1027.43730
2012-03-03,1027.43730
2012-03-04,1027.43730
2012-03-05,1027.43730
2012-03-06,1027.43730
2012-03-07,1027.43730
2012-03-08,1027.43730
2012-03-09,1027.43730
2012-03-10,1027.43730
2012-03-11,1027.43730
2012-03-12,1027.43730
2012-03-13,1027.43730
2012-03-14,1027.43730
2012-03-15,1027.43730
2012-03-16,1027.43730
2012-03-17,1027.43730
2012-03-18,1027.43730
2012-03-19,1027.43730
2012-03-20,1027.43730
2012-03-21,1027.43730
2012-03-22,1027.43730
2012-03-23,1027.43730
2012-03-24,1027.43730
2012-03-25,1027.43730
2012-03-26,1027.43730
2012-03-27,1027.43730
2012-03-28,1027.43730
2012-03-29,1027.43730
2012-03-30,1027.43730
2012-03-31,1027.43730
2012-04-01,1027.43730
2012-04-02,1027.43730
2012-04-03,1027.43730
2012-04-04,1027.43730
2012-04-05,1027.43730
2012-04-06,1027.43730
2012-04-07,1027.43730
2012-04-08,1027.43730
2012-04-09,1027.43730
2012-04-10,1027.43730
2012-04-11,1027.43730
2012-04-12,1027.43730
2012-04-13,1027.43730
2012-04-14,1027.43730
2012-04-15,1027.43730
2012-04-16,1027.43730
2012-04-17,1027.43730
2012-04-18,1027.43730
2012-04-19,1027.43730
2012-04-20,1027.43730
2012-04-21,1027.43730
2012-04-22,1027.43730
2012-04-23,1027.43730
2012-04-24,1027.43730
2012-04-25,1027.43730
2012-04-26,1027.43730
2012-04-27,1027.43730
2012-04-28,1027.43730
2012-04-29,1027.43730
2012-04-30,1027.43730
2012-05-01,1027.43730
2012-05-02,1027.43730
2012-05-03,1027.43730
2012-05-04,1027.43730
2012-05-05,1027.43730
2012-05-06,1027.43730
2012-05-07,1027.43730
2012-05-08,1027.43730
2012-05-09,1027.43730
2012-05-10,1027.43730
2012-05-11,1027.43730
2012-05-12,1027.43730
2012-05-13,1027.43730
2012-05-14,1027.43730
2012-05-15,1027.43730
2012-05-16,1027.43730
2012-05-17,1027.43730
2012-05-18,1027.43730
2012-05-19,1027.43730
2012-05-20,1027.43730
2012-05-21,1027.43730
2012-05-22,1027.43730
2012-05-23,1027.43730
2012-05-24,1027.43730
2012-05-25,1027.43730
2012-05-26,1027.43730
2012-05-27,1027.43730
2012-05-28,1027.43730
2012-05-29,1027.43730
2012-05-30,1027.43730
2012-05-31,1027.43730
2012-06-01,1027.43730
2012-06-02,1027.43730
2012-06-03,1027.43730
2012-06-04,1027.43730
2012-06-05,1027.43730
2012-06-06,1027.43730
2012-06-07,1027.43730
2012-06-08,1027.43730
2012-06-09,1027.43730
2012-06-10,1027.43730
2012-06-11,1027.43730
2012-06-12,1027.43730
2012-06-13,1027.43730
2012-06-14,1027.43730
2012-06-15,1027.43730
2012-06-16,1027.43730
2012-06-17,1027.43730
2012-06-18,1027.43730
2012-06-19,1027.43730
2012-06-20,1027.43730
2012-06-21,1027.43730
2012-06-22,1027.43730
2012-06-23,1027.43730
2012-06-24,1027.43730
2012-06-25,1027.43730
2012-06-26,1027.43730
2012-06-27,1027.43730
2012-06-28,1027.43730
2012-06-29,1027.43730
2012-06-30,1027.43730
2012-07-01,1027.43730
2012-07-02,1027.43730
2012-07-03,1027.43730
2012-07-04,1027.43730
2012-07-05,1027.43730
2012-07-06,1027.43730
2012-07-07,1027.43730
2012-07-08,1027.43730
2012-07-09,1027.43730
2012-07-10,1027.43730
2012-07-11,1027.43730
2012-07-12,1027.43730
2012-07-13,1027.43730
2012-07-14,1027.43730
2012-07-15,1027.43730
2012-07-16,1027.43730
2012-07-17,1027.43730
2012-07-18,1027.43730
2012-07-19,1027.43730
2012-07-20,1027.43730
2012-07-21,1027.43730
2012-07-22,1027.43730
2012-07-23,1027.43730
2012-07-24,1027.43730
2012-07-25,1027.43730
2012-07-26,1027.43730
2012-07-27,1027.43730
2012-07-28,1027.43730
2012-07-29,1027.43730
2012-07-30,1027.43730
2012-07-31,1027.43730
2012-08-01,1027.43730
2012-08-02,1027.43730
2012-08-03,1027.43730
2012-08-04,1027.43730
2012-08-05,1027.43730
2012-08-06,1027.43730
2012-08-07,1027.43730
2012-08-08,1027.43730
2012-08-09,1027.43730
2012-08-10,1027.43730
2012-08-11,1027.43730
2012-08-12,1027.43730
2012-08-13,1027.43730
2012-08-14,1027.43730
2012-08-15,1027.43730
2012-08-16,1027.43730
2012-08-17,1027.43730
2012-08-18,1027.43730
2012-08-19,1027.43730
2012-08-20,1027.43730
2012-08-21,1027.43730
2012-08-22,1027.43730
2012-08-23,1027.43730
2012-08-24,1027.43730
2012-08-25,1027.43730
2012-08-26,1027.43730
2012-08-27,1027.43730
2012-08-28,1027.43730
2012-08-29,1027.43730
2012-08-30,1027.43730
2012-08-31,1027.43730
2012-09-01,1027.43730
2012-09-02,1027.43730
2012-09-03,1027.43730
2012-09-04,1027.43730
2012-09-05,1027.43730
2012-09-06,1027.43730
2012-09-07,1027.43730
2012-09-08,1027.43730
2012-09-09,1027.43730
2012-09-10,1027.43730
2012-09-11,1027.43730
2012-09-12,1027.43730
2012-09-13,1027.43730
2012-09-14,1027.43730
2012-09-15,1027.43730
2012-09-16,1027.43730
2012-09-17,1027.43730
2012-09-18,1027.43730
2012-09-19,1027.43730
2012-09-20,1027.43730
2012-09-21,1027.43730
2012-09-22,1027.43730
2012-09-23,1027.43730
2012-09-24,1027.43730
2012-09-25,1027.43730
2012-09-26,1027.43730
2012-09-27,1027.43730
2012-09-28,1027.43730
2012-09-29,1027.43730
2012-09-30,1027.43730
2012-10-01,1027.43730
2012-10-02,1027.43730
2012-10-03,1027.43730
2012-10-04,1027.43730
2012-10-05,1027.43730
2012-10-06,1027.43730
2012-10-07,1027.43730
2012-10-08,1027.43730
2012-10-09,1027.43730
2012-10-10,1027.43730
2012-10-11,1027.43730
2012-10-12,1027.43730
2012-10-13,1027.43730
2012-10-14,1027.43730
2012-10-15,1027.43730
2012-10-16,1027.43730
2012-10-17,1027.43730
2012-10-18,1027.43730
2012-10-19,1027.43730
2012-10-20,1027.43730
2012-10-21,1027.43730
2012-10-22,1027.43730
2012-10-23,1027.43730
2012-10-24,1027.43730
2012-10-25,1027.43730
2012-10-26,1027.43730
2012-10-27,1027.43730
2012-10-28,1027.43730
2012-10-29,1027.43730
2012-10-30,1027.43730
2012-10-31,1027.43730
2012-11-01,1027.43730
2012-11-02,1027.43730
2012-11-03,1027.43730
2012-11-04,1027.43730
2012-11-05,1027.43730
2012-11-06,1027.43730
2012-11-07,1027.43730
2012-11-08,1027.43730
2012-11-09,1027.43730
2012-11-10,1027.43730
2012-11-11,1027.43730
2012-11-12,1027.43730
2012-11-13,1027.43730
2012-11-14,1027.43730
2012-11-15,1027.43730
2012-11-16,1027.43730
2012-11-17,1027.43730
2012-11-18,1027.43730
2012-11-19,1027.43730
2012-11-20,1027.43730
2012-11-21,1027.43730
2012-11-22,1027.43730
2012-11-23,1027.43730
2012-11-24,1027.43730
2012-11-25,1027.43730
2012-11-26,1027.43730
2012-11-27,1027.43730
2012-11-28,1027.43730
2012-11-29,1027.43730
2012-11-30,1027.43730
2012-12-01,1027.43730
2012-12-02,1027.43730
2012-12-03,1027.43730
2012-12-04,1027.43730
2012-12-05,1027.43730
2012-12-06,1027.43730
2012-12-07,1027.43730
2012-12-08,1027.43730
2012-12-09,1027.43730
2012-12-10,1027.43730
2012-12-11,1027.43730
2012-12-12,1027.43730
2012-12-13,1027.43730
2012-12-14,1027.43730
2012-12-15,1027.43730
2012-12-16,1027.43730
2012-12-17,1027.43730
2012-12-18,1027.43730
2012-12-19,1027.43730
2012-12-20,1027.43730
2012-12-21,1027.43730
2012-12-22,1027.43730
2012-12-23,1027.43730
2012-12-24,1027.43730
2012-12-25,1027.43730
2012-12-26,1027.43730
2012-12-27,1027.43730
2012-12-28,1027.43730
2012-12-29,1027.43730
2012-12-30,1027.43730
2012-12-31,1027.43730
2013-01-01,1027.43730
2013-01-02,1027.43730
2013-01-03,1027.43730
2013-01-04,1027.43730
2013-01-05,1027.43730
2013-01-06,1027.43730
2013-01-07,1027.43730
2013-01-08,1027.43730
2013-01-09,1027.43730
2013-01-10,1027.43730
2013-01-11,1027.43730
2013-01-12,1027.43730
2013-01-13,1027.43730
2013-01-14,1027.43730
2013-01-15,1027.43730
2013-01-16,1027.43730
2013-01-17,1027.43730
2013-01-18,1027.43730
2013-01-19,1027.43730
2013-01-20,1027.43730
2013-01-21,1027.43730
2013-01-22,1027.43730
2013-01-23,1027.43730
2013-01-24,1027.43730
2013-01-25,1027.43730
2013-01-26,1027.43730
2013-01-27,1027.43730
2013-01-28,1027.43730
2013-01-29,1027.43730
2013-01-30,1027.43730
2013-01-31,1027.43730
2013-02-01,1027.43730
2013-02-02,1027.43730
2013-02-03,1027.43730
2013-02-04,1027.43730
2013-02-05,1027.43730
2013-02-06,1027.43730
2013-02-07,1027.43730
2013-02-08,1027.43730
2013-02-09,1027.43730
2013-02-10,1027.43730
2013-02-11,1027.43730
2013-02-12,1027.43730
2013-02-13,1027.43730
2013-02-14,1027.43730
2013-02-15,1027.43730
2013-02-16,1027.43730
2013-02-17,1027.43730
2013-02-18,1027.43730
2013-02-19,1027.43730
2013-02-20,1027.43730
2013-02-21,1027.43730
2013-02-22,1027.43730
2013-02-23,1027.43730
2013-02-24,1027.43730
2013-02-25,1027.43730
2013-02-26,1027.43730
2013-02-27,1027.43730
2013-02-28,1027.43730
2013-03-01,1027.43730
2013-03-02,1027.43730
2013-03-03,1027.43730
2013-03-04,1027.43730
2013-03-05,1027.43730
2013-03-06,1027.43730
2013-03-07,1027.43730
2013-03-08,1027.43730
2013-03-09,1027.43730
2013-03-10,1027.43730
2013-03-11,1027.43730
2013-03-12,1027.43730
2013-03-13,1027.43730
2013-03-14,1027.43730
2013-03-15,1027.43730
2013-03-16,1027.43730
2013-03-17,1027.43730
2013-03-18,1027.43730
2013-03-19,1027.43730
2013-03-20,1027.43730
2013-03-21,1027.43730
2013-03-22,1027.43730
2013-03-23,1027.43730
2013-03-24,1027.43730
2013-03-25,1027.43730
2013-03-26,1027.43730
2013-03-27,1027.43730
2013-03-28,1027.43730
2013-03-29,1027.43730
2013-03-30,1027.43730
2013-03-31,1027.43730
2013-04-01,1027.43730
2013-04-02,1027.43730
2013-04-03,1027.43730
2013-04-04,1027.43730
2013-04-05,1027.43730
2013-04-06,1027.43730
2013-04-07,1027.43730
2013-04-08,1027.43730
2013-04-09,1027.43730
2013-04-10,1027.43730
2013-04-11,1027.43730
2013-04-12,1027.43730
2013-04-13,1027.43730
2013-04-14,1027.43730
2013-04-15,1027.43730
2013-04-16,1027.43730
2013-04-17,1027.43730
2013-04-18,1027.43730
2013-04-19,1027.43730
2013-04-20,1027.43730
2013-04-21,1027.43730
2013-04-22,1027.43730
2013-04-23,1027.43730
2013-04-24,1027.43730
2013-04-25,1027.43730
2013-04-26,1027.43730
2013-04-27,1027.43730
2013-04-28,1027.43730
2013-04-29,1027.43730
2013-04-30,1027.43730
2013-05-01,1027.43730
2013-05-02,1027.43730
2013-05-03,1027.43730
2013-05-04,1027.43730
2013-05-05,1027.43730
2013-05-06,1027.43730
2013-05-07,1027.43730
2013-05-08,1027.43730
2013-05-09,1027.43730
2013-05-10,1027.43730
2013-05-11,1027.43730
2013-05-12,1027.43730
2013-05-13,1027.43730
2013-05-14,1027.43730
2013-05-15,1027.43730
2013-05-16,1027.43730
2013-05-17,1027.43730
2013-05-18,1027.43730
2013-05-19,1027.43730
2013-05-20,1027.43730
2013-05-21,1027.43730
2013-05-22,1027.43730
2013-05-23,1027.43730
2013-05-24,1027.43730
2013-05-25,1027.43730
2013-05-26,1027.43730
2013-05-27,1027.43730
2013-05-28,1027.43730
2013-05-29,1027.43730
2013-05-30,1027.43730
2013-05-31,1027.43730
2013-06-01,1027.43730
2013-06-02,1027.43730
2013-06-03,1027.43730
2013-06-04,1027.43730
2013-06-05,1027.43730
2013-06-06,1027.43730
2013-06-07,1027.43730
2013-06-08,1027.43730
2013-06-09,1027.43730
2013-06-10,1027.43730
2013-06-11,1027.43730
2013-06-12,1027.43730
2013-06-13,1027.43730
2013-06-14,1027.43730
2013-06-15,1027.43730
2013-06-16,1027.43730
2013-06-17,1027.43730
2013-06-18,1027.43730
2013-06-19,1027.43730
2013-06-20,1027.43730
2013-06-21,1027.43730
2013-06-22,1027.43730
2013-06-23,1027.43730
2013-06-24,1027.43730
2013-06-25,1027.43730
2013-06-26,1027.43730
2013-06-27,1027.43730
2013-06-28,1027.43730
2013-06-29,1027.43730
2013-06-30,1027.43730
2013-07-01,1027.43730
2013-07-02,1027.43730
2013-07-03,1027.43730
2013-07-04,1027.43730
2013-07-05,1027.43730
2013-07-06,1027.43730
2013-07-07,1027.43730
2013-07-08,1027.43730
2013-07-09,1027.43730
2013-07-10,1027.43730
2013-07-11,1027.43730
2013-07-12,1027.43730
2013-07-13,1027.43730
2013-07-14,1027.43730
2013-07-15,1027.43730
2013-07-16,1027.43730
2013-07-17,1027.43730
2013-07-18,1027.43730
2013-07-19,1027.43730
2013-07-20,1027.43730
2013-07-21,1027.43730
2013-07-22,1027.43730
2013-07-23,1027.43730
2013-07-24,1027.43730
2013-07-25,1027.43730
2013-07-26,1027.43730
2013-07-27,1027.43730
2013-07-28,1027.43730
2013-07-29,1027.43730
2013-07-30,1027.43730
2013-07-31,1027.43730
2013-08-01,1027.43730
2013-08-02,1027.43730
2013-08-03,1027.43730
2013-08-04,1027.43730
2013-08-05,1027.43730
2013-08-06,1027.43730
2013-08-07,1027.43730
2013-08-08,1027.43730
2013-08-09,1027.43730
2013-08-10,1027.43730
2013-08-11,1027.43730
2013-08-12,1027.43730
2013-08-13,1027.43730
2013-08-14,1027.43730
2013-08-15,1027.43730
2013-08-16,1027.43730
2013-08-17,1027.43730
2013-08-18,1027.43730
2013-08-19,1027.43730
2013-08-20,1027.43730
2013-08-21,1027.43730
2013-08-22,1027.43730
2013-08-23,1027.43730
2013-08-24,1027.43730
2013-08-25,1027.43730
2013-08-26,1027.43730
2013-08-27,1027.43730
2013-08-28,1027.43730
2013-08-29,1027.43730
2013-08-30,1027.43730
2013-08-31,1027.43730
2013-09-01,1027.43730
2013-09-02,1027.43730
2013-09-03,1027.43730
2013-09-04,1027.43730
2013-09-05,1027.43730
2013-09-06,1027.43730
2013-09-07,1027.43730
2013-09-08,1027.43730
2013-09-09,1027.43730
2013-09-10,1027.43730
2013-09-11,1027.43730
2013-09-12,1027.43730
2013-09-13,1027.43730
2013-09-14,1027.43730
2013-09-15,1027.43730
2013-09-16,1027.43730
2013-09-17,1027.43730
2013-09-18,1027.43730
2013-09-19,1027.43730
2013-09-20,1027.43730
2013-09-21,1027.43730
2013-09-22,1027.43730
2013-09-23,1027.43730
2013-09-24,1027.43730
2013-09-25,1027.43730
2013-09-26,1027.43730
2013-09-27,1027.43730
2013-09-28,1027.43730
2013-09-29,1027.43730
2013-09-30,1027.43730
2013-10-01,1027.43730
2013-10-02,1027.43730
2013-10-03,1027.43730
2013-10-04,1027.43730
2013-10-05,1027.43730
2013-10-06,1027.43730
2013-10-07,1027.43730
2013-10-08,1027.43730
2013-10-09,1027.43730
2013-10-10,1027.43730
2013-10-11,1027.43730
2013-10-12,1027.43730
2013-10-13,1027.43730
2013-10-14,1027.43730
2013-10-15,1027.43730
2013-10-16,1027.43730
2013-10-17,1027.43730
2013-10-18,1027.43730
2013-10-19,1027.43730
2013-10-20,1027.43730
2013-10-21,1027.43730
2013-10-22,1027.43730
2013-10-23,1027.43730
2013-10-24,1027.43730
2013-10-25,1027.43730
2013-10-26,1027.43730
2013-10-27,1027.43730
2013-10-28,1027.43730
2013-10-29,1027.43730
2013-10-30,1027.43730
2013-10-31,1027.43730
2013-11-01,1027.43730
2013-11-02,1027.43730
2013-11-03,1027.43730
2013-11-04,1027.43730
2013-11-05,1027.43730
2013-11-06,1027.43730
2013-11-07,1027.43730
2013-11-08,1027.43730
2013-11-09,1027.43730
2013-11-10,1027.43730
2013-11-11,1027.43730
2013-11-12,1027.43730
2013-11-13,1027.43730
2013-11-14,1027.43730
2013-11-15,1027.43730
2013-11-16,1027.43730
2013-11-17,1027.43730
2013-11-18,1027.43730
2013-11-19,1027.43730
2013-11-20,1027.43730
2013-11-21,1027.43730
2013-11-22,1027.43730
2013-11-23,1027.43730
2013-11-24,1027.43730
2013-11-25,1027.43730
2013-11-26,1027.43730
2013-11-27,1027.43730
2013-11-28,1027.43730
2013-11-29,1027.43730
2013-11-30,1027.43730
2013-12-01,1027.43730
2013-12-02,1027.43730
2013-12-03,1027.43730
2013-12-04,1027.43730
2013-12-05,1027.43730
2013-12-06,1027.43730
2013-12-07,1027.43730
2013-12-08,1027.43730
2013-12-09,1027.43730
2013-12-10,1027.43730
2013-12-11,1027.43730
2013-12-12,1027.43730
2013-12-13,1027.43730
2013-12-14,1027.43730
2013-12-15,1027.43730
2013-12-16,1027.43730
2013-12-17,1027.43730
2013-12-18,1027.43730
2013-12-19,1027.43730
2013-12-20,1027.43730
2013-12-21,1027.43730
2013-12-22,1027.43730
2013-12-23,1027.43730
2013-12-24,1027.43730
2013-12-25,1027.43730
2013-12-26,1027.43730
2013-12-27,1027.43730
2013-12-28,1027.43730
2013-12-29,1027.43730
2013-12-30,1027.43730
2013-12-31,1027.43730
2014-01-01,1027.43730
2014-01-02,1027.43730
2014-01-03,1027.43730
2014-01-04,1027.43730
2014-01-05,1027.43730
2014-01-06,1027.43730
2014-01-07,1027.43730
2014-01-08,1027.43730
2014-01-09,1027.43730
2014-01-10,1027.43730
2014-01-11,1027.43730
2014-01-12,1027.43730
2014-01-13,1027.43730
2014-01-14,1027.43730
2014-01-15,1027.43730
2014-01-16,1027.43730
2014-01-17,1027.43730
2014-01-18,1027.43730
2014-01-19,1027.43730
2014-01-20,1027.43730
2014-01-21,1027.43730
2014-01-22,1027.43730
2014-01-23,1027.43730
2014-01-24,1027.43730
2014-01-25,1027.43730
2014-01-26,1027.43730
2014-01-27,1027.43730
2014-01-28,1027.43730
2014-01-29,1027.43730
2014-01-30,1027.43730
2014-01-31,1027.43730
2014-02-01,1027.43730
2014-02-02,1027.43730
2014-02-03,1027.43730
2014-02-04,1027.43730
2014-02-05,1027.43730
2014-02-06,1027.43730
2014-02-07,1027.43730
2014-02-08,1027.43730
2014-02-09,1027.43730
2014-02-10,1027.43730
2014-02-11,1027.43730
2014-02-12,1027.43730
2014-02-13,1027.43730
2014-02-14,1027.43730
2014-02-15,1027.43730
2014-02-16,1027.43730
2014-02-17,1027.43730
2014-02-18,1027.43730
2014-02-19,1027.43730
2014-02-20,1027.43730
2014-02-21,1027.43730
2014-02-22,1027.43730
2014-02-23,1027.43730
2014-02-24,1027.43730
2014-02-25,1027.43730
2014-02-26,1027.43730
2014-02-27,1027.43730
2014-02-28,1027.43730
2014-03-01,1027.43730
2014-03-02,1027.43730
2014-03-03,1027.43730
2014-03-04,1027.43730
2014-03-05,1027.43730
2014-03-06,1027.43730
2014-03-07,1027.43730
2014-03-08,1027.43730
2014-03-09,1027.43730
2014-03-10,1027.43730
2014-03-11,1027.43730
2014-03-12,1027.43730
2014-03-13,1027.43730
2014-03-14,1027.43730
2014-03-15,1027.43730
2014-03-16,1027.43730
2014-03-17,1027.43730
2014-03-18,1027.43730
2014-03-19,1027.43730
2014-03-20,1027.43730
2014-03-21,1027.43730
2014-03-22,1027.43730
2014-03-23,1027.43730
2014-03-24,1027.43730
2014-03-25,1027.43730
2014-03-26,1027.43730
2014-03-27,1027.43730
2014-03-28,1027.43730
2014-03-29,1027.43730
2014-03-30,1027.43730
2014-03-31,1027.43730
2014-04-01,1027.43730
2014-04-02,1027.43730
2014-04-03,1027.43730
2014-04-04,1027.43730
2014-04-05,1027.43730
2014-04-06,1027.43730
2014-04-07,1027.43730
2014-04-08,1027.43730
2014-04-09,1027.43730
2014-04-10,1027.43730
2014-04-11,1027.43730
2014-04-12,1027.43730
2014-04-13,1027.43730
2014-04-14,1027.43730
2014-04-15,1027.43730
2014-04-16,1027.43730
2014-04-17,1027.43730
2014-04-18,1027.43730
2014-04-19,1027.43730
2014-04-20,1027.43730
2014-04-21,1027.43730
2014-04-22,1027.43730
2014-04-23,1027.43730
2014-04-24,1027.43730
2014-04-25,1027.43730
2014-04-26,1027.43730
2014-04-27,1027.43730
2014-04-28,1027.43730
2014-04-29,1027.43730
2014-04-30,1027.43730
2014-05-01,1027.43730
2014-05-02,1027.43730
2014-05-03,1027.43730
2014-05-04,1027.43730
2014-05-05,1027.43730
2014-05-06,1027.43730
2014-05-07,1027.43730
2014-05-08,1027.43730
2014-05-09,1027.43730
2014-05-10,1027.43730
2014-05-11,1027.43730
2014-05-12,1027.43730
2014-05-13,1027.43730
2014-05-14,1027.43730
2014-05-15,1027.43730
2014-05-16,1027.43730
2014-05-17,1027.43730
2014-05-18,1027.43730
2014-05-19,1027.43730
2014-05-20,1027.43730
2014-05-21,1027.43730
2014-05-22,1027.43730
2014-05-23,1027.43730
2014-05-24,1027.43730
2014-05-25,1027.43730
2014-05-26,1027.43730
2014-05-27,1027.43730
2014-05-28,1027.43730
2014-05-29,1027.43730
2014-05-30,1027.43730
2014-05-31,1027.43730
2014-06-01,1027.43730
2014-06-02,1027.43730
2014-06-03,1027.43730
2014-06-04,1027.43730
2014-06-05,1027.43730
2014-06-06,1027.43730
2014-06-07,1027.43730
2014-06-08,1027.43730
2014-06-09,1027.43730
2014-06-10,1027.43730
2014-06-11,1027.43730
2014-06-12,1027.43730
2014-06-13,1027.43730
2014-06-14,1027.43730
2014-06-15,1027.43730
2014-06-16,1027.43730
2014-06-17,1027.43730
2014-06-18,1027.43730
2014-06-19,1027.43730
2014-06-20,1027.43730
2014-06-21,1027.43730
2014-06-22,1027.43730
2014-06-23,1027.43730
2014-06-24,1027.43730
2014-06-25,1027.43730
2014-06-26,1027.43730
2014-06-27,1027.43730
2014-06-28,1027.43730
2014-06-29,1027.43730
2014-06-30,1027.43730
2014-07-01,1027.43730
2014-07-02,1027.43730
2014-07-03,1027.43730
2014-07-04,1027.43730
2014-07-05,1027.43730
2014-07-06,1027.43730
2014-07-07,1027.43730
2014-07-08,1027.43730
2014-07-09,1027.43730
2014-07-10,1027.43730
2014-07-11,1027.43730
2014-07-12,1027.43730
2014-07-13,1027.43730
2014-07-14,1027.43730
2014-07-15,1027.43730
2014-07-16,1027.43730
2014-07-17,1027.43730
2014-07-18,1027.43730
2014-07-19,1027.43730
2014-07-20,1027.43730
2014-07-21,1027.43730
2014-07-22,1027.43730
2014-07-23,1027.43730
2014-07-24,1027.43730
2014-07-25,1027.43730
2014-07-26,1027.43730
2014-07-27,1027.43730
2014-07-28,1027.43730
2014-07-29,1027.43730
2014-07-30,1027.43730
2014-07-31,1027.43730
2014-08-01,1027.43730
2014-08-02,1027.43730
2014-08-03,1027.43730
2014-08-04,1027.43730
2014-08-05,1027.43730
2014-08-06,1027.43730
2014-08-07,1027.43730
2014-08-08,1027.43730
2014-08-09,1027.43730
2014-08-10,1027.43730
2014-08-11,1027.43730
2014-08-12,1027.43730
2014-08-13,1027.43730
2014-08-14,1027.43730
2014-08-15,1027.43730
2014-08-16,1027.43730
2014-08-17,1027.43730
2014-08-18,1027.43730
2014-08-19,1027.43730
2014-08-20,1027.43730
2014-08-21,1027.43730
2014-08-22,1027.43730
2014-08-23,1027.43730
2014-08-24,1027.43730
2014-08-25,1027.43730
2014-08-26,1027.43730
2014-08-27,1027.43730
2014-08-28,1027.43730
2014-08-29,1027.43730
2014-08-30,1027.43730
2014-08-31,1027.43730
2014-09-01,1027.43730
2014-09-02,1027.43730
2014-09-03,1027.43730
2014-09-04,1027.43730
2014-09-05,1027.43730
2014-09-06,1027.43730
2014-09-07,1027.43730
2014-09-08,1027.43730
2014-09-09,1027.43730
2014-09-10,1027.43730
2014-09-11,1027.43730
2014-09-12,1027.43730
2014-09-13,1027.43730
2014-09-14,1027.43730
2014-09-15,1027.43730
2014-09-16,1027.43730
2014-09-17,1027.43730
2014-09-18,1027.43730
2014-09-19,1027.43730
2014-09-20,1027.43730
2014-09-21,1027.43730
2014-09-22,1027.43730
2014-09-23,1027.43730
2014-09-24,1027.43730
2014-09-25,1027.43730
2014-09-26,1027.43730
2014-09-27,1027.43730
2014-09-28,1027.43730
2014-09-29,1027.43730
2014-09-30,1027.43730
2014-10-01,1027.43730
2014-10-02,1027.43730
2014-10-03,1027.43730
2014-10-04,1027.43730
2014-10-05,1027.43730
2014-10-06,1027.43730
2014-10-07,1027.43730
2014-10-08,1027.43730
2014-10-09,1027.43730
2014-10-10,1027.43730
2014-10-11,1027.43730
2014-10-12,1027.43730
2014-10-13,1027.43730
2014-10-14,1027.43730
2014-10-15,1027.43730
2014-10-16,1027.43730
2014-10-17,1027.43730
2014-10-18,1027.43730
2014-10-19,1027.43730
2014-10-20,1027.43730
2014-10-21,1027.43730
2014-10-22,1027.43730
2014-10-23,1027.43730
2014-10-24,1027.43730
2014-10-25,1027.43730
2014-10-26,1027.43730
2014-10-27,1027.43730
2014-10-28,1027.43730
2014-10-29,1027.43730
2014-10-30,1027.43730
2014-10-31,1027.43730
2014-11-01,1027.43730
2014-11-02,1027.43730
2014-11-03,1027.43730
2014-11-04,1027.43730
2014-11-05,1027.43730
2014-11-06,1027.43730
2014-11-07,1027.43730
2014-11-08,1027.43730
2014-11-09,1027.43730
2014-11-10,1027.43730
2014-11-11,1027.43730
2014-11-12,1027.43730
2014-11-13,1027.43730
2014-11-14,1027.43730
2014-11-15,1027.43730
2014-11-16,1027.43730
2014-11-17,1027.43730
2014-11-18,1027.43730
2014-11-19,1027.43730
2014-11-20,1027.43730
2014-11-21,1027.43730
2014-11-22,1027.43730
2014-11-23,1027.43730
2014-11-24,1027.43730
2014-11-25,1027.43730
2014-11-26,1027.43730
2014-11-27,1027.43730
2014-11-28,1027.43730
2014-11-29,1027.43730
2014-11-30,1027.43730
2014-12-01,1027.43730
2014-12-02,1027.43730
2014-12-03,1027.43730
2014-12-04,1027.43730
2014-12-05,1027.43730
2014-12-06,1027.43730
2014-12-07,1027.43730
2014-12-08,1027.43730
2014-12-09,1027.43730
2014-12-10,1027.43730
2014-12-11,1027.43730
2014-12-12,1027.43730
2014-12-13,1027.43730
2014-12-14,1027.43730
2014-12-15,1027.43730
2014-12-16,1027.43730
2014-12-17,1027.43730
2014-12-18,1027.43730
2014-12-19,1027.43730
2014-12-20,1027.43730
2014-12-21,1027.43730
2014-12-22,1027.43730
2014-12-23,1027.43730
2014-12-24,1027.43730
2014-12-25,1027.43730
2014-12-26,1027.43730
2014-12-27,1027.43730
2014-12-28,1027.43730
2014-12-29,1027.43730
2014-12-30,1027.43730
2014-12-31,1027.43730
2015-01-01,1027.43730
2015-01-02,1027.43730
2015-01-03,1027.43730
2015-01-04,1027.43730
2015-01-05,1027.43730
2015-01-06,1027.43730
2015-01-07,1027.43730
2015-01-08,1027.43730
2015-01-09,1027.43730
2015-01-10,1027.43730
2015-01-11,1027.43730
2015-01-12,1027.43730
2015-01-13,1027.43730
2015-01-14,1027.43730
2015-01-15,1027.43730
2015-01-16,1027.43730
2015-01-17,1027.43730
2015-01-18,1027.43730
2015-01-19,1027.43730
2015-01-20,1027.43730
2015-01-21,1027.43730
2015-01-22,1027.43730
2015-01-23,1027.43730
2015-01-24,1027.43730
2015-01-25,1027.43730
2015-01-26,1027.43730
2015-01-27,1027.43730
2015-01-28,1027.43730
2015-01-29,1027.43730
2015-01-30,1027.43730
2015-01-31,1027.43730
2015-02-01,1027.43730
2015-02-02,1027.43730
2015-02-03,1027.43730
2015-02-04,1027.43730
2015-02-05,1027.43730
2015-02-06,1027.43730
2015-02-07,1027.43730
2015-02-08,1027.43730
2015-02-09,1027.43730
2015-02-10,1027.43730
2015-02-11,1027.43730
2015-02-12,1027.43730
2015-02-13,1027.43730
2015-02-14,1027.43730
2015-02-15,1027.43730
2015-02-16,1027.43730
2015-02-17,1027.43730
2015-02-18,1027.43730
2015-02-19,1027.43730
2015-02-20,1027.43730
2015-02-21,1027.43730
2015-02-22,1027.43730
2015-02-23,1027.43730
2015-02-24,1027.43730
2015-02-25,1027.43730
2015-02-26,1027.43730
2015-02-27,1027.43730
2015-02-28,1027.43730
2015-03-01,1027.43730
2015-03-02,1027.43730
2015-03-03,1027.43730
2015-03-04,1027.43730
2015-03-05,1027.43730
2015-03-06,1027.43730
2015-03-07,1027.43730
2015-03-08,1027.43730
2015-03-09,1027.43730
2015-03-10,1027.43730
2015-03-11,1027.43730
2015-03-12,1027.43730
2015-03-13,1027.43730
2015-03-14,1027.43730
2015-03-15,1027.43730
2015-03-16,1027.43730
2015-03-17,1027.43730
2015-03-18,1027.43730
2015-03-19,1027.43730
2015-03-20,1027.43730
2015-03-21,1027.43730
2015-03-22,1027.43730
2015-03-23,1027.43730
2015-03-24,1027.43730
2015-03-25,1027.43730
2015-03-26,1027.43730
2015-03-27,1027.43730
2015-03-28,1027.43730
2015-03-29,1027.43730
2015-03-30,1027.43730
2015-03-31,1027.43730
2015-04-01,1027.43730
2015-04-02,1027.43730
2015-04-03,1027.43730
2015-04-04,1027.43730
2015-04-05,1027.43730
2015-04-06,1027.43730
2015-04-07,1027.43730
2015-04-08,1027.43730
2015-04-09,1027.43730
2015-04-10,1027.43730
2015-04-11,1027.43730
2015-04-12,1027.43730
2015-04-13,1027.43730
2015-04-14,1027.43730
2015-04-15,1027.43730
2015-04-16,1027.43730
2015-04-17,1027.43730
2015-04-18,1027.43730
2015-04-19,1027.43730
2015-04-20,1027.43730
2015-04-21,1027.43730
2015-04-22,1027.43730
2015-04-23,1027.43730
2015-04-24,1027.43730
2015-04-25,1027.43730
2015-04-26,1027.43730
2015-04-27,1027.43730
2015-04-28,1027.43730
2015-04-29,1027.43730
2015-04-30,1027.43730
2015-05-01,1027.43730
2015-05-02,1027.43730
2015-05-03,1027.43730
2015-05-04,1027.43730
2015-05-05,1027.43730
2015-05-06,1027.43730
2015-05-07,1027.43730
2015-05-08,1027.43730
2015-05-09,1027.43730
2015-05-10,1027.43730
2015-05-11,1027.43730
2015-05-12,1027.43730
2015-05-13,1027.43730
2015-05-14,1027.43730
2015-05-15,1027.43730
2015-05-16,1027.43730
2015-05-17,1027.43730
2015-05-18,1027.43730
2015-05-19,1027.43730
2015-05-20,1027.43730
2015-05-21,1027.43730
2015-05-22,1027.43730
2015-05-23,1027.43730
2015-05-24,1027.43730
2015-05-25,1027.43730
2015-05-26,1027.43730
2015-05-27,1027.43730
2015-05-28,1027.43730
2015-05-29,1027.43730
2015-05-30,1027.43730
2015-05-31,1027.43730
2015-06-01,1027.43730
2015-06-02,1027.43730
2015-06-03,1027.43730
2015-06-04,1027.43730
2015-06-05,1027.43730
2015-06-06,1027.43730
2015-06-07,1027.43730
2015-06-08,1027.43730
2015-06-09,1027.43730
2015-06-10,1027.43730
2015-06-11,1027.43730
2015-06-12,1027.43730
2015-06-13,1027.43730
2015-06-14,1027.43730
2015-06-15,1027.43730
2015-06-16,1027.43730
2015-06-17,1027.43730
2015-06-18,1027.43730
2015-06-19,1027.43730
2015-06-20,1027.43730
2015-06-21,1027.43730
2015-06-22,1027.43730
2015-06-23,1027.43730
2015-06-24,1027.43730
2015-06-25,1027.43730
2015-06-26,1027.43730
2015-06-27,1027.43730
2015-06-28,1027.43730
2015-06-29,1027.43730
2015-06-30,1027.43730
2015-07-01,1027.43730
2015-07-02,1027.43730
2015-07-03,1027.43730
2015-07-04,1027.43730
2015-07-05,1027.43730
2015-07-06,1027.43730
2015-07-07,1027.43730
2015-07-08,1027.43730
2015-07-09,1027.43730
2015-07-10,1027.43730
2015-07-11,1027.43730
2015-07-12,1027.43730
2015-07-13,1027.43730
2015-07-14,1027.43730
2015-07-15,1027.43730
2015-07-16,1027.43730
2015-07-17,1027.43730
2015-07-18,1027.43730
2015-07-19,1027.43730
2015-07-20,1027.43730
2015-07-21,1027.43730
2015-07-22,1027.43730
2015-07-23,1027.43730
2015-07-24,1027.43730
2015-07-25,1027.43730
2015-07-26,1027.43730
2015-07-27,1027.43730
2015-07-28,1027.43730
2015-07-29,1027.43730
2015-07-30,1027.43730
2015-07-31,1027.43730
2015-08-01,1027.43730
2015-08-02,1027.43730
2015-08-03,1027.43730
2015-08-04,1027.43730
2015-08-05,1027.43730
2015-08-06,1027.43730
2015-08-07,1027.43730
2015-08-08,1027.43730
2015-08-09,1027.43730
2015-08-10,1027.43730
2015-08-11,1027.43730
2015-08-12,1027.43730
2015-08-13,1027.43730
2015-08-14,1027.43730
2015-08-15,1027.43730
2015-08-16,1027.43730
2015-08-17,1027.43730
2015-08-18,1027.43730
2015-08-19,1027.43730
2015-08-20,1027.43730
2015-08-21,1027.43730
2015-08-22,1027.43730
2015-08-23,1027.43730
2015-08-24,1027.43730
2015-08-25,1027.43730
2015-08-26,1027.43730
2015-08-27,1027.43730
2015-08-28,1027.43730
2015-08-29,1027.43730
2015-08-30,1027.43730
2015-08-31,1027.43730
2015-09-01,1027.43730
2015-09-02,1027.43730
2015-09-03,1027.43730
2015-09-04,1027.43730
2015-09-05,1027.43730
2015-09-06,1027.43730
2015-09-07,1027.43730
2015-09-08,1027.43730
2015-09-09,1027.43730
2015-09-10,1027.43730
2015-09-11,1027.43730
2015-09-12,1027.43730
2015-09-13,1027.43730
2015-09-14,1027.43730
2015-09-15,1027.43730
2015-09-16,1027.43730
2015-09-17,1027.43730
2015-09-18,1027.43730
2015-09-19,1027.43730
2015-09-20,1027.43730
2015-09-21,1027.43730
2015-09-22,1027.43730
2015-09-23,1027.43730
2015-09-24,1027.43730
2015-09-25,1027.43730
2015-09-26,1027.43730
2015-09-27,1027.43730
2015-09-28,1027.43730
2015-09-29,1027.43730
2015-09-30,1027.43730
2015-10-01,1027.43730
2015-10-02,1027.43730
2015-10-03,1027.43730
2015-10-04,1027.43730
2015-10-05,1027.43730
2015-10-06,1027.43730
2015-10-07,1027.43730
2015-10-08,1027.43730
2015-10-09,1027.43730
2015-10-10,1027.43730
2015-10-11,1027.43730
2015-10-12,1027.43730
2015-10-13,1027.43730
2015-10-14,1027.43730
2015-10-15,1027.43730
2015-10-16,1027.43730
2015-10-17,1027.43730
2015-10-18,1027.43730
2015-10-19,1027.43730
2015-10-20,1027.43730
2015-10-21,1027.43730
2015-10-22,1027.43730
2015-10-23,1027.43730
2015-10-24,1027.43730
2015-10-25,1027.43730
2015-10-26,1027.43730
2015-10-27,1027.43730
2015-10-28,1027.43730
2015-10-29,1027.43730
2015-10-30,1027.43730
2015-10-31,1027.43730
2015-11-01,1027.43730
2015-11-02,1027.43730
2015-11-03,1027.43730
2015-11-04,1027.43730
2015-11-05,1027.43730
2015-11-06,1027.43730
2015-11-07,1027.43730
2015-11-08,1027.43730
2015-11-09,1027.43730
2015-11-10,1027.43730
2015-11-11,1027.43730
2015-11-12,1027.43730
2015-11-13,1027.43730
2015-11-14,1027.43730
2015-11-15,1027.43730
2015-11-16,1027.43730
2015-11-17,1027.43730
2015-11-18,1027.43730
2015-11-19,1027.43730
2015-11-20,1027.43730
2015-11-21,1027.43730
2015-11-22,1027.43730
2015-11-23,1027.43730
2015-11-24,1027.43730
2015-11-25,1027.43730
2015-11-26,1027.43730
2015-11-27,1027.43730
2015-11-28,1027.43730
2015-11-29,1027.43730
2015-11-30,1027.43730
2015-12-01,1027.43730
2015-12-02,1027.43730
2015-12-03,1027.43730
2015-12-04,1027.43730
2015-12-05,1027.43730
2015-12-06,1027.43730
2015-12-07,1027.43730
2015-12-08,1027.43730
2015-12-09,1027.43730
2015-12-10,1027.43730
2015-12-11,1027.43730
2015-12-12,1027.43730
2015-12-13,1027.43730
2015-12-14,1027.43730
2015-12-15,1027.43730
2015-12-16,1027.43730
2015-12-17,1027.43730
2015-12-18,1027.43730
2015-12-19,1027.43730
2015-12-20,1027.43730
2015-12-21,1027.43730
2015-12-22,1027.43730
2015-12-23,1027.43730
2015-12-24,1027.43730
2015-12-25,1027.43730
2015-12-26,1027.43730
2015-12-27,1027.43730
2015-12-28,1027.43730
2015-12-29,1027.43730
2015-12-30,1027.43730
2015-12-31,1027.43730
2016-01-01,1027.43730
2016-01-02,1027.43730
2016-01-03,1027.43730
2016-01-04,1027.43730
2016-01-05,1027.43730
2016-01-06,1027.43730
2016-01-07,1027.43730
2016-01-08,1027.43730
2016-01-09,1027.43730
2016-01-10,1027.43730
2016-01-11,1027.43730
2016-01-12,1027.43730
2016-01-13,1027.43730
2016-01-14,1027.43730
2016-01-15,1027.43730
2016-01-16,1027.43730
2016-01-17,1027.43730
2016-01-18,1027.43730
2016-01-19,1027.43730
2016-01-20,1027.43730
2016-01-21,1027.43730
2016-01-22,1027.43730
2016-01-23,1027.43730
2016-01-24,1027.43730
2016-01-25,1027.43730
2016-01-26,1027.43730
2016-01-27,1027.43730
2016-01-28,1027.43730
2016-01-29,1027.43730
2016-01-30,1027.43730
2016-01-31,1027.43730
2016-02-01,1027.43730
2016-02-02,1027.43730
2016-02-03,1027.43730
2016-02-04,1027.43730
2016-02-05,1027.43730
2016-02-06,1027.43730
2016-02-07,1027.43730
2016-02-08,1027.43730
2016-02-09,1027.43730
2016-02-10,1027.43730
2016-02-11,1027.43730
2016-02-12,1027.43730
2016-02-13,1027.43730
2016-02-14,1027.43730
2016-02-15,1027.43730
2016-02-16,1027.43730
2016-02-17,1027.43730
2016-02-18,1027.43730
2016-02-19,1027.43730
2016-02-20,1027.43730
2016-02-21,1027.43730
2016-02-22,1027.43730
2016-02-23,1027.43730
2016-02-24,1027.43730
2016-02-25,1027.43730
2016-02-26,1027.43730
2016-02-27,1027.43730
2016-02-28,1027.43730
2016-02-29,1027.43730
2016-03-01,1027.43730
2016-03-02,1027.43730
2016-03-03,1027.43730
2016-03-04,1027.43730
2016-03-05,1027.43730
2016-03-06,1027.43730
2016-03-07,1027.43730
2016-03-08,1027.43730
2016-03-09,1027.43730
2016-03-10,1027.43730
2016-03-11,1027.43730
2016-03-12,1027.43730
2016-03-13,1027.43730
2016-03-14,1027.43730
2016-03-15,1027.43730
2016-03-16,1027.43730
2016-03-17,1027.43730
2016-03-18,1027.43730
2016-03-19,1027.43730
2016-03-20,1027.43730
2016-03-21,1027.43730
2016-03-22,1027.43730
2016-03-23,1027.43730
2016-03-24,1027.43730
2016-03-25,1027.43730
2016-03-26,1027.43730
2016-03-27,1027.43730
2016-03-28,1027.43730
2016-03-29,1027.43730
2016-03-30,1027.43730
2016-03-31,1027.43730
2016-04-01,1027.43730
2016-04-02,1027.43730
2016-04-03,1027.43730
2016-04-04,1027.43730
2016-04-05,1027.43730
2016-04-06,1027.43730
2016-04-07,1027.43730
2016-04-08,1027.43730
2016-04-09,1027.43730
2016-04-10,1027.43730
2016-04-11,1027.43730
2016-04-12,1027.43730
2016-04-13,1027.43730
2016-04-14,1027.43730
2016-04-15,1027.43730
2016-04-16,1027.43730
2016-04-17,1027.43730
2016-04-18,1027.43730
2016-04-19,1027.43730
2016-04-20,1027.43730
2016-04-21,1027.43730
2016-04-22,1027.43730
2016-04-23,1027.43730
2016-04-24,1027.43730
2016-04-25,1027.43730
2016-04-26,1027.43730
2016-04-27,1027.43730
2016-04-28,1027.43730
2016-04-29,1027.43730
2016-04-30,1027.43730
2016-05-01,1027.43730
2016-05-02,1027.43730
2016-05-03,1027.43730
2016-05-04,1027.43730
2016-05-05,1027.43730
2016-05-06,1027.43730
2016-05-07,1027.43730
2016-05-08,1027.43730
2016-05-09,1027.43730
2016-05-10,1027.43730
2016-05-11,1027.43730
2016-05-12,1027.43730
2016-05-13,1027.43730
2016-05-14,1027.43730
2016-05-15,1027.43730
2016-05-16,1027.43730
2016-05-17,1027.43730
2016-05-18,1027.43730
2016-05-19,1027.43730
2016-05-20,1027.43730
2016-05-21,1027.43730
2016-05-22,1027.43730
2016-05-23,1027.43730
2016-05-24,1027.43730
2016-05-25,1027.43730
2016-05-26,1027.43730
2016-05-27,1027.43730
2016-05-28,1027.43730
2016-05-29,1027.43730
2016-05-30,1027.43730
2016-05-31,1027.43730
2016-06-01,1027.43730
2016-06-02,1027.43730
2016-06-03,1027.43730
2016-06-04,1027.43730
2016-06-05,1027.43730
2016-06-06,1027.43730
2016-06-07,1027.43730
2016-06-08,1027.43730
2016-06-09,1027.43730
2016-06-10,1027.43730
2016-06-11,1027.43730
2016-06-12,1027.43730
2016-06-13,1027.43730
2016-06-14,1027.43730
2016-06-15,1027.43730
2016-06-16,1027.43730
2016-06-17,1027.43730
2016-06-18,1027.43730
2016-06-19,1027.43730
2016-06-20,1027.43730
2016-06-21,1027.43730
2016-06-22,1027.43730
2016-06-23,1027.43730
2016-06-24,1027.43730
2016-06-25,1027.43730
2016-06-26,1027.43730
2016-06-27,1027.43730
2016-06-28,1027.43730
2016-06-29,1027.43730
2016-06-30,1027.43730
2016-07-01,1027.43730
2016-07-02,1027.43730
2016-07-03,1027.43730
2016-07-04,1027.43730
2016-07-05,1027.43730
2016-07-06,1027.43730
2016-07-07,1027.43730
2016-07-08,1027.43730
2016-07-09,1027.43730
2016-07-10,1027.43730
2016-07-11,1027.43730
2016-07-12,1027.43730
2016-07-13,1027.43730
2016-07-14,1027.43730
2016-07-15,1027.43730
2016-07-16,1027.43730
2016-07-17,1027.43730
2016-07-18,1027.43730
2016-07-19,1027.43730
2016-07-20,1027.43730
2016-07-21,1027.43730
2016-07-22,1027.43730
2016-07-23,1027.43730
2016-07-24,1027.43730
2016-07-25,1027.43730
2016-07-26,1027.43730
2016-07-27,1027.43730
2016-07-28,1027.43730
2016-07-29,1027.43730
2016-07-30,1027.43730
2016-07-31,1027.43730
2016-08-01,1027.43730
2016-08-02,1027.43730
2016-08-03,1027.43730
2016-08-04,1027.43730
2016-08-05,1027.43730
2016-08-06,1027.43730
2016-08-07,1027.43730
2016-08-08,1027.43730
2016-08-09,1027.43730
2016-08-10,1027.43730
2016-08-11,1027.43730
2016-08-12,1027.43730
2016-08-13,1027.43730
2016-08-14,1027.43730
2016-08-15,1027.43730
2016-08-16,1027.43730
2016-08-17,1027.43730
2016-08-18,1027.43730
2016-08-19,1027.43730
2016-08-20,1027.43730
2016-08-21,1027.43730
2016-08-22,1027.43730
2016-08-23,1027.43730
2016-08-24,1027.43730
2016-08-25,1027.43730
2016-08-26,1027.43730
2016-08-27,1027.43730
2016-08-28,1027.43730
2016-08-29,1027.43730
2016-08-30,1027.43730
2016-08-31,1027.43730
2016-09-01,1027.43730
2016-09-02,1027.43730
2016-09-03,1027.43730
2016-09-04,1027.43730
2016-09-05,1027.43730
2016-09-06,1027.43730
2016-09-07,1027.43730
2016-09-08,1027.43730
2016-09-09,1027.43730
2016-09-10,1027.43730
2016-09-11,1027.43730
2016-09-12,1027.43730
2016-09-13,1027.43730
2016-09-14,1027.43730
2016-09-15,1027.43730
2016-09-16,1027.43730
2016-09-17,1027.43730
2016-09-18,1027.43730
2016-09-19,1027.43730
2016-09-20,1027.43730
2016-09-21,1027.43730
2016-09-22,1027.43730
2016-09-23,1027.43730
2016-09-24,1027.43730
2016-09-25,1027.43730
2016-09-26,1027.43730
2016-09-27,1027.43730
2016-09-28,1027.43730
2016-09-29,1027.43730
2016-09-30,1027.43730
2016-10-01,1027.43730
2016-10-02,1027.43730
2016-10-03,1027.43730
2016-10-04,1027.43730
2016-10-05,1027.43730
2016-10-06,1027.43730
2016-10-07,1027.43730
2016-10-08,1027.43730
2016-10-09,1027.43730
2016-10-10,1027.43730
2016-10-11,1027.43730
2016-10-12,1027.43730
2016-10-13,1027.43730
2016-10-14,1027.43730
2016-10-15,1027.43730
2016-10-16,1027.43730
2016-10-17,1027.43730
2016-10-18,1027.43730
2016-10-19,1027.43730
2016-10-20,1027.43730
2016-10-21,1027.43730
2016-10-22,1027.43730
2016-10-23,1027.43730
2016-10-24,1027.43730
2016-10-25,1027.43730
2016-10-26,1027.43730
2016-10-27,1027.43730
2016-10-28,1027.43730
2016-10-29,1027.43730
2016-10-30,1027.43730
2016-10-31,1027.43730
2016-11-01,1027.43730
2016-11-02,1027.43730
2016-11-03,1027.43730
2016-11-04,1027.43730
2016-11-05,1027.43730
2016-11-06,1027.43730
2016-11-07,1027.43730
2016-11-08,1027.43730
2016-11-09,1027.43730
2016-11-10,1027.43730
2016-11-11,1027.43730
2016-11-12,1027.43730
2016-11-13,1027.43730
2016-11-14,1027.43730
2016-11-15,1027.43730
2016-11-16,1027.43730
2016-11-17,1027.43730
2016-11-18,1027.43730
2016-11-19,1027.43730
2016-11-20,1027.43730
2016-11-21,1027.43730
2016-11-22,1027.43730
2016-11-23,1027.43730
2016-11-24,1027.43730
2016-11-25,1027.43730
2016-11-26,1027.43730
2016-11-27,1027.43730
2016-11-28,1027.43730
2016-11-29,1027.43730
2016-11-30,1027.43730
2016-12-01,1027.43730
2016-12-02,1027.43730
2016-12-03,1027.43730
2016-12-04,1027.43730
2016-12-05,1027.43730
2016-12-06,1027.43730
2016-12-07,1027.43730
2016-12-08,1027.43730
2016-12-09,1027.43730
2016-12-10,1027.43730
2016-12-11,1027.43730
2016-12-12,1027.43730
2016-12-13,1027.43730
2016-12-14,1027.43730
2016-12-15,1027.43730
2016-12-16,1027.43730
2016-12-17,1027.43730
2016-12-18,1027.43730
2016-12-19,1027.43730
2016-12-20,1027.43730
2016-12-21,1027.43730
2016-12-22,1027.43730
2016-12-23,1027.43730
2016-12-24,1027.43730
2016-12-25,1027.43730
2016-12-26,1027.43730
2016-12-27,1027.43730
2016-12-28,1027.43730
2016-12-29,1027.43730
2016-12-30,1027.43730
2016-12-31,1027.43730
2017-01-01,1027.43730
2017-01-02,1027.43730
2017-01-03,1027.43730
2017-01-04,1027.43730
2017-01-05,1027.43730
2017-01-06,1027.43730
2017-01-07,1027.43730
2017-01-08,1027.43730
2017-01-09,1027.43730
2017-01-10,1027.43730
2017-01-11,1027.43730
2017-01-12,1027.43730
2017-01-13,1027.43730
2017-01-14,1027.43730
2017-01-15,1027.43730
2017-01-16,1027.43730
2017-01-17,1027.43730
2017-01-18,1027.43730
2017-01-19,1027.43730
2017-01-20,1027.43730
2017-01-21,1027.43730
2017-01-22,1027.43730
2017-01-23,1027.43730
2017-01-24,1027.43730
2017-01-25,1027.43730
2017-01-26,1027.43730
2017-01-27,1027.43730
2017-01-28,1027.43730
2017-01-29,1027.43730
2017-01-30,1027.43730
2017-01-31,1027.43730
2017-02-01,1027.43730
2017-02-02,1027.43730
2017-02-03,1027.43730
2017-02-04,1027.43730
2017-02-05,1027.43730
2017-02-06,1027.43730
2017-02-07,1027.43730
2017-02-08,1027.43730
2017-02-09,1027.43730
2017-02-10,1027.43730
2017-02-11,1027.43730
2017-02-12,1027.43730
2017-02-13,1027.43730
2017-02-14,1027.43730
2017-02-15,1027.43730
2017-02-16,1027.43730
2017-02-17,1027.43730
2017-02-18,1027.43730
2017-02-19,1027.43730
2017-02-20,1027.43730
2017-02-21,1027.43730
2017-02-22,1027.43730
2017-02-23,1027.43730
2017-02-24,1027.43730
2017-02-25,1027.43730
2017-02-26,1027.43730
2017-02-27,1027.43730
2017-02-28,1027.43730
2017-03-01,1027.43730
2017-03-02,1027.43730
2017-03-03,1027.43730
2017-03-04,1027.43730
2017-03-05,1027.43730
2017-03-06,1027.43730
2017-03-07,1027.43730
2017-03-08,1027.43730
2017-03-09,1027.43730
2017-03-10,1027.43730
2017-03-11,1027.43730
2017-03-12,1027.43730
2017-03-13,1027.43730
2017-03-14,1027.43730
2017-03-15,1027.43730
2017-03-16,1027.43730
2017-03-17,1027.43730
2017-03-18,1027.43730
2017-03-19,1027.43730
2017-03-20,1027.43730
2017-03-21,1027.43730
2017-03-22,1027.43730
2017-03-23,1027.43730
2017-03-24,1027.43730
2017-03-25,1027.43730
2017-03-26,1027.43730
2017-03-27,1027.43730
2017-03-28,1027.43730
2017-03-29,1027.43730
2017-03-30,1027.43730
2017-03-31,1027.43730
2017-04-01,1027.43730
2017-04-02,1027.43730
2017-04-03,1027.43730
2017-04-04,1027.43730
2017-04-05,1027.43730
2017-04-06,1027.43730
2017-04-07,1027.43730
2017-04-08,1027.43730
2017-04-09,1027.43730
2017-04-10,1027.43730
2017-04-11,1027.43730
2017-04-12,1027.43730
2017-04-13,1027.43730
2017-04-14,1027.43730
2017-04-15,1027.43730
2017-04-16,1027.43730
2017-04-17,1027.43730
2017-04-18,1027.43730
2017-04-19,1027.43730
2017-04-20,1027.43730
2017-04-21,1027.43730
2017-04-22,1027.43730
2017-04-23,1027.43730
2017-04-24,1027.43730
2017-04-25,1027.43730
2017-04-26,1027.43730
2017-04-27,1027.43730
2017-04-28,1027.43730
2017-04-29,1027.43730
2017-04-30,1027.43730
2017-05-01,1027.43730
2017-05-02,1027.43730
2017-05-03,1027.43730
2017-05-04,1027.43730
2017-05-05,1027.43730
2017-05-06,1027.43730
2017-05-07,1027.43730
2017-05-08,1027.43730
2017-05-09,1027.43730
2017-05-10,1027.43730
2017-05-11,1027.43730
2017-05-12,1027.43730
2017-05-13,1027.43730
2017-05-14,1027.43730
2017-05-15,1027.43730
2017-05-16,1027.43730
2017-05-17,1027.43730
2017-05-18,1027.43730
2017-05-19,1027.43730
2017-05-20,1027.43730
2017-05-21,1027.43730
2017-05-22,1027.43730
2017-05-23,1027.43730
2017-05-24,1027.43730
2017-05-25,1027.43730
2017-05-26,1027.43730
2017-05-27,1027.43730
2017-05-28,1027.43730
2017-05-29,1027.43730
2017-05-30,1027.43730
2017-05-31,1027.43730
2017-06-01,1027.43730
2017-06-02,1027.43730
2017-06-03,1027.43730
2017-06-04,1027.43730
2017-06-05,1027.43730
2017-06-06,1027.43730
2017-06-07,1027.43730
2017-06-08,1027.43730
2017-06-09,1027.43730
2017-06-10,1027.43730
2017-06-11,1027.43730
2017-06-12,1027.43730
2017-06-13,1027.43730
2017-06-14,1027.43730
2017-06-15,1027.43730
2017-06-16,1027.43730
2017-06-17,1027.43730
2017-06-18,1027.43730
2017-06-19,1027.43730
2017-06-20,1027.43730
2017-06-21,1027.43730
2017-06-22,1027.43730
2017-06-23,1027.43730
2017-06-24,1027.43730
2017-06-25,1027.43730
2017-06-26,1027.43730
2017-06-27,1027.43730
2017-06-28,1027.43730
2017-06-29,1027.43730
2017-06-30,1027.43730
2017-07-01,1027.43730
2017-07-02,1027.43730
2017-07-03,1027.43730
2017-07-04,1027.43730
2017-07-05,1027.43730
2017-07-06,1027.43730
2017-07-07,1027.43730
2017-07-08,1027.43730
2017-07-09,1027.43730
2017-07-10,1027.43730
2017-07-11,1027.43730
2017-07-12,1027.43730
2017-07-13,1027.43730
2017-07-14,1027.43730
2017-07-15,1027.43730
2017-07-16,1027.43730
2017-07-17,1027.43730
2017-07-18,1027.43730
2017-07-19,1027.43730
2017-07-20,1027.43730
2017-07-21,1027.43730
2017-07-22,1027.43730
2017-07-23,1027.43730
2017-07-24,1027.43730
2017-07-25,1027.43730
2017-07-26,1027.43730
2017-07-27,1027.43730
2017-07-28,1027.43730
2017-07-29,1027.43730
2017-07-30,1027.43730
2017-07-31,1027.43730
2017-08-01,1027.43730
2017-08-02,1027.43730
2017-08-03,1027.43730
2017-08-04,1027.43730
2017-08-05,1027.43730
2017-08-06,1027.43730
2017-08-07,1027.43730
2017-08-08,1027.43730
2017-08-09,1027.43730
2017-08-10,1027.43730
2017-08-11,1027.43730
2017-08-12,1027.43730
2017-08-13,1027.43730
2017-08-14,1027.43730
2017-08-15,1027.43730
2017-08-16,1027.43730
2017-08-17,1027.43730
2017-08-18,1027.43730
2017-08-19,1027.43730
2017-08-20,1027.43730
2017-08-21,1027.43730
2017-08-22,1027.43730
2017-08-23,1027.43730
2017-08-24,1027.43730
2017-08-25,1027.43730
2017-08-26,1027.43730
2017-08-27,1027.43730
2017-08-28,1027.43730
2017-08-29,1027.43730
2017-08-30,1027.43730
2017-08-31,1027.43730
2017-09-01,1027.43730
2017-09-02,1027.43730
2017-09-03,1027.43730
2017-09-04,1027.43730
2017-09-05,1027.43730
2017-09-06,1027.43730
2017-09-07,1027.43730
2017-09-08,1027.43730
2017-09-09,1027.43730
2017-09-10,1027.43730
2017-09-11,1027.43730
2017-09-12,1027.43730
2017-09-13,1027.43730
2017-09-14,1027.43730
2017-09-15,1027.43730
2017-09-16,1027.43730
2017-09-17,1027.43730
2017-09-18,1027.43730
2017-09-19,1027.43730
2017-09-20,1027.43730
2017-09-21,1027.43730
2017-09-22,1027.43730
2017-09-23,1027.43730
2017-09-24,1027.43730
2017-09-25,1027.43730
2017-09-26,1027.43730
2017-09-27,1027.43730
2017-09-28,1027.43730
2017-09-29,1027.43730
2017-09-30,1027.43730
2017-10-01,1027.43730
2017-10-02,1027.43730
2017-10-03,1027.43730
2017-10-04,1027.43730
2017-10-05,1027.43730
2017-10-06,1027.43730
2017-10-07,1027.43730
2017-10-08,1027.43730
2017-10-09,1027.43730
2017-10-10,1027.43730
2017-10-11,1027.43730
2017-10-12,1027.43730
2017-10-13,1027.43730
2017-10-14,1027.43730
2017-10-15,1027.43730
2017-10-16,1027.43730
2017-10-17,1027.43730
2017-10-18,1027.43730
2017-10-19,1027.43730
2017-10-20,1027.43730
2017-10-21,1027.43730
2017-10-22,1027.43730
2017-10-23,1027.43730
2017-10-24,1027.43730
2017-10-25,1027.43730
2017-10-26,1027.43730
2017-10-27,1027.43730
2017-10-28,1027.43730
2017-10-29,1027.43730
2017-10-30,1027.43730
2017-10-31,1027.43730
2017-11-01,1027.43730
2017-11-02,1027.43730
2017-11-03,1027.43730
2017-11-04,1027.43730
2017-11-05,1027.43730
2017-11-06,1027.43730
2017-11-07,1027.43730
2017-11-08,1027.43730
2017-11-09,1027.43730
2017-11-10,1027.43730
2017-11-11,1027.43730
2017-11-12,1027.43730
2017-11-13,1027.43730
2017-11-14,1027.43730
2017-11-15,1027.43730
2017-11-16,1027.43730
2017-11-17,1027.43730
2017-11-18,1027.43730
2017-11-19,1027.43730
2017-11-20,1027.43730
2017-11-21,1027.43730
2017-11-22,1027.43730
2017-11-23,1027.43730
2017-11-24,1027.43730
2017-11-25,1027.43730
2017-11-26,1027.43730
2017-11-27,1027.43730
2017-11-28,1027.43730
2017-11-29,1027.43730
2017-11-30,1027.43730
2017-12-01,1027.43730
2017-12-02,1027.43730
2017-12-03,1027.43730
2017-12-04,1027.43730
2017-12-05,1027.43730
2017-12-06,1027.43730
2017-12-07,1027.43730
2017-12-08,1027.43730
2017-12-09,1027.43730
2017-12-10,1027.43730
2017-12-11,1027.43730
2017-12-12,1027.43730
2017-12-13,1027.43730
2017-12-14,1027.43730
2017-12-15,1027.43730
2017-12-16,1027.43730
2017-12-17,1027.43730
2017-12-18,1027.43730
2017-12-19,1027.43730
2017-12-20,1027.43730
2017-12-21,1027.43730
2017-12-22,1027.43730
2017-12-23,1027.43730
2017-12-24,1027.43730
2017-12-25,1027.43730
2017-12-26,1027.43730
2017-12-27,1027.43730
2017-12-28,1027.43730
2017-12-29,1027.43730
2017-12-30,1027.43730
2017-12-31,1027.43730
2018-01-01,1027.43730
2018-01-02,1027.43730
2018-01-03,1027.43730
2018-01-04,1027.43730
2018-01-05,1027.43730
2018-01-06,1027.43730
2018-01-07,1027.43730
2018-01-08,1027.43730
2018-01-09,1027.43730
2018-01-10,1027.43730
2018-01-11,1027.43730
2018-01-12,1027.43730
2018-01-13,1027.43730
2018-01-14,1027.43730
2018-01-15,1027.43730
2018-01-16,1027.43730
2018-01-17,1027.43730
2018-01-18,1027.43730
2018-01-19,1027.43730
2018-01-20,1027.43730
2018-01-21,1027.43730
2018-01-22,1027.43730
2018-01-23,1027.43730
2018-01-24,1027.43730
2018-01-25,1027.43730
2018-01-26,1027.43730
2018-01-27,1027.43730
2018-01-28,1027.43730
2018-01-29,1027.43730
2018-01-30,1027.43730
2018-01-31,1027.43730
2018-02-01,1027.43730
2018-02-02,1027.43730
2018-02-03,1027.43730
2018-02-04,1027.43730
2018-02-05,1027.43730
2018-02-06,1027.43730
2018-02-07,1027.43730
2018-02-08,1027.43730
2018-02-09,1027.43730
2018-02-10,1027.43730
2018-02-11,1027.43730
2018-02-12,1027.43730
2018-02-13,1027.43730
2018-02-14,1027.43730
2018-02-15,1027.43730
2018-02-16,1027.43730
2018-02-17,1027.43730
2018-02-18,1027.43730
2018-02-19,1027.43730
2018-02-20,1027.43730
2018-02-21,1027.43730
2018-02-22,1027.43730
2018-02-23,1027.43730
2018-02-24,1027.43730
2018-02-25,1027.43730
2018-02-26,1027.43730
2018-02-27,1027.43730
2018-02-28,1027.43730
2018-03-01,1027.43730
2018-03-02,1027.43730
2018-03-03,1027.43730
2018-03-04,1027.43730
2018-03-05,1027.43730
2018-03-06,1027.43730
2018-03-07,1027.43730
2018-03-08,1027.43730
2018-03-09,1027.43730
2018-03-10,1027.43730
2018-03-11,1027.43730
2018-03-12,1027.43730
2018-03-13,1027.43730
2018-03-14,1027.43730
2018-03-15,1027.43730
2018-03-16,1027.43730
2018-03-17,1027.43730
2018-03-18,1027.43730
2018-03-19,1027.43730
2018-03-20,1027.43730
2018-03-21,1027.43730
2018-03-22,1027.43730
2018-03-23,1027.43730
2018-03-24,1027.43730
2018-03-25,1027.43730
2018-03-26,1027.43730
2018-03-27,1027.43730
2018-03-28,1027.43730
2018-03-29,1027.43730
2018-03-30,1027.43730
2018-03-31,1027.43730
2018-04-01,1027.43730
2018-04-02,1027.43730
2018-04-03,1027.43730
2018-04-04,1027.43730
2018-04-05,1027.43730
2018-04-06,1027.43730
2018-04-07,1027.43730
2018-04-08,1027.43730
2018-04-09,1027.43730
2018-04-10,1027.43730
2018-04-11,1027.43730
2018-04-12,1027.43730
2018-04-13,1027.43730
2018-04-14,1027.43730
2018-04-15,1027.43730
2018-04-16,1027.43730
2018-04-17,1027.43730
2018-04-18,1027.43730
2018-04-19,1027.43730
2018-04-20,1027.43730
2018-04-21,1027.43730
2018-04-22,1027.43730
2018-04-23,1027.43730
2018-04-24,1027.43730
2018-04-25,1027.43730
2018-04-26,1027.43730
2018-04-27,1027.43730
2018-04-28,1027.43730
2018-04-29,1027.43730
2018-04-30,1027.43730
2018-05-01,1027.43730
2018-05-02,1027.43730
2018-05-03,1027.43730
2018-05-04,1027.43730
2018-05-05,1027.43730
2018-05-06,1027.43730
2018-05-07,1027.43730
2018-05-08,1027.43730
2018-05-09,1027.43730
2018-05-10,1027.43730
2018-05-11,1027.43730
2018-05-12,1027.43730
2018-05-13,1027.43730
2018-05-14,1027.43730
2018-05-15,1027.43730
2018-05-16,1027.43730
2018-05-17,1027.43730
2018-05-18,1027.43730
2018-05-19,1027.43730
2018-05-20,1027.43730
2018-05-21,1027.43730
2018-05-22,1027.43730
2018-05-23,1027.43730
2018-05-24,1027.43730
2018-05-25,1027.43730
2018-05-26,1027.43730
2018-05-27,1027.43730
2018-05-28,1027.43730
2018-05-29,1027.43730
2018-05-30,1027.43730
2018-05-31,1027.43730
2018-06-01,1027.43730
2018-06-02,1027.43730
2018-06-03,1027.43730
2018-06-04,1027.43730
2018-06-05,1027.43730
2018-06-06,1027.43730
2018-06-07,1027.43730
2018-06-08,1027.43730
2018-06-09,1027.43730
2018-06-10,1027.43730
2018-06-11,1027.43730
2018-06-12,1027.43730
2018-06-13,1027.43730
2018-06-14,1027.43730
2018-06-15,1027.43730
2018-06-16,1027.43730
2018-06-17,1027.43730
2018-06-18,1027.43730
2018-06-19,1027.43730
2018-06-20,1027.43730
2018-06-21,1027.43730
2018-06-22,1027.43730
2018-06-23,1027.43730
2018-06-24,1027.43730
2018-06-25,1027.43730
2018-06-26,1027.43730
2018-06-27,1027.43730
2018-06-28,1027.43730
2018-06-29,1027.43730
2018-06-30,1027.43730
2018-07-01,1027.43730
2018-07-02,1027.43730
2018-07-03,1027.43730
2018-07-04,1027.43730
2018-07-05,1027.43730
2018-07-06,1027.43730
2018-07-07,1027.43730
2018-07-08,1027.43730
2018-07-09,1027.43730
2018-07-10,1027.43730
2018-07-11,1027.43730
2018-07-12,1027.43730
2018-07-13,1027.43730
2018-07-14,1027.43730
2018-07-15,1027.43730
2018-07-16,1027.43730
2018-07-17,1027.43730
2018-07-18,1027.43730
2018-07-19,1027.43730
2018-07-20,1027.43730
2018-07-21,1027.43730
2018-07-22,1027.43730
2018-07-23,1027.43730
2018-07-24,1027.43730
2018-07-25,1027.43730
2018-07-26,1027.43730
2018-07-27,1027.43730
2018-07-28,1027.43730
2018-07-29,1027.43730
2018-07-30,1027.43730
2018-07-31,1027.43730
2018-08-01,1027.43730
2018-08-02,1027.43730
2018-08-03,1027.43730
2018-08-04,1027.43730
2018-08-05,1027.43730
2018-08-06,1027.43730
2018-08-07,1027.43730
2018-08-08,1027.43730
2018-08-09,1027.43730
2018-08-10,1027.43730
2018-08-11,1027.43730
2018-08-12,1027.43730
2018-08-13,1027.43730
2018-08-14,1027.43730
2018-08-15,1027.43730
2018-08-16,1027.43730
2018-08-17,1027.43730
2018-08-18,1027.43730
2018-08-19,1027.43730
2018-08-20,1027.43730
2018-08-21,1027.43730
2018-08-22,1027.43730
2018-08-23,1027.43730
2018-08-24,1027.43730
2018-08-25,1027.43730
2018-08-26,1027.43730
2018-08-27,1027.43730
2018-08-28,1027.43730
2018-08-29,1027.43730
2018-08-30,1027.43730
2018-08-31,1027.43730
2018-09-01,1027.43730
2018-09-02,1027.43730
2018-09-03,1027.43730
2018-09-04,1027.43730
2018-09-05,1027.43730
2018-09-06,1027.43730
2018-09-07,1027.43730
2018-09-08,1027.43730
2018-09-09,1027.43730
2018-09-10,1027.43730
2018-09-11,1027.43730
2018-09-12,1027.43730
2018-09-13,1027.43730
2018-09-14,1027.43730
2018-09-16,1027.43730
2018-09-17,1027.43730
2018-09-18,1027.43730
2018-09-20,1027.43730
2018-09-23,1027.43730
2018-09-24,1027.43730
2018-09-25,1027.43730
2018-09-26,1027.43730
2018-09-27,1027.43730
2018-09-28,1027.43730
2018-09-30,1027.43730
2018-10-01,1027.43730
2018-10-02,1027.43730
2018-10-03,1027.43730
2018-10-04,1027.43730
2018-10-05,1027.43730
2018-10-07,1027.43730
2018-10-08,1027.43730
2018-10-09,1027.43730
2018-10-10,1027.43730
2018-10-11,1027.43730
2018-10-14,1027.43730
2018-10-15,1027.43730
2018-10-16,1027.43730
2018-10-18,1027.43730
2018-10-19,1027.43730
2018-10-21,1027.43730
2018-10-22,1027.43730
2018-10-23,1027.43730
2018-10-24,1027.43730
2018-10-25,1027.43730
2018-10-28,1027.43730
2018-10-29,1027.43730
2018-10-30,1027.43730
2018-10-31,1027.43730
2018-11-01,1027.43730
2018-11-02,1027.43730
2018-11-04,1027.43730
2018-11-05,1027.43730
2018-11-08,1027.43730
2018-11-11,1027.43730
2018-11-12,1027.43730
2018-11-13,1027.43730
2018-11-14,1027.43730
2018-11-15,1027.43730
2018-11-16,1027.43730
2018-11-18,1027.43730
2018-11-19,1027.43730
2018-11-20,1027.43730
2018-11-21,1027.43730
2018-11-25,1027.43730
2018-11-26,1027.43730
2018-11-27,1027.43730
2018-11-28,1027.43730
2018-11-29,1027.43730
2018-11-30,1027.43730
2018-12-02,1027.43730
2018-12-03,1027.43730
2018-12-04,1027.43730
2018-12-05,1027.43730
2018-12-06,1027.43730
2018-12-09,1027.43730
2018-12-10,1027.43730
2018-12-11,1027.43730
2018-12-12,1027.43730
2018-12-13,1027.43730
2018-12-14,1027.43730
2018-12-16,1027.43730
2018-12-17,1027.43730
2018-12-18,1027.43730
2018-12-19,1027.43730
2018-12-20,1027.43730
2018-12-21,1027.43730
2018-12-23,1027.43730
2018-12-24,1027.43730
2018-12-25,1027.43730
2018-12-26,1027.43730
2018-12-27,1027.43730
2018-12-28,1027.43730
2018-12-30,1027.43730
2018-12-31,1027.43730
2019-01-01,1027.43730
2019-01-02,1027.43730
2019-01-03,1027.43730
2019-01-04,1027.43730
2019-01-06,1027.43730
2019-01-07,1027.43730
2019-01-08,1027.43730
2019-01-09,1027.43730
2019-01-10,1027.43730
2019-01-11,1027.43730
2019-01-13,1027.43730
2019-01-14,1027.43730
2019-01-15,1027.43730
2019-01-16,1027.43730
2019-01-17,1027.43730
2019-01-18,1027.43730
2019-01-20,1027.43730
2019-01-21,1027.43730
2019-01-22,1027.43730
2019-01-23,1027.43730
2019-01-24,1027.43730
2019-01-25,1027.43730
2019-01-27,1027.43730
2019-01-28,1027.43730
2019-01-29,1027.43730
2019-01-30,1027.43730
2019-01-31,1027.43730
2019-02-01,1027.43730
2019-02-03,1027.43730
2019-02-04,1027.43730
2019-02-05,1027.43730
2019-02-06,1027.43730
2019-02-07,1027.43730
2019-02-08,1027.43730
2019-02-10,1027.43730
2019-02-11,1027.43730
2019-02-12,1027.43730
2019-02-13,1027.43730
2019-02-14,1027.43730
2019-02-15,1027.43730
2019-02-17,1027.43730
2019-02-18,1027.43730
2019-02-19,1027.43730
2019-02-20,1027.43730
2019-02-21,1027.43730
2019-02-22,1027.43730
2019-02-24,1027.43730
2019-02-25,1027.43730
2019-02-26,1027.43730
2019-02-27,1027.43730
2019-02-28,1027.43730
2019-03-01,1027.43730
2019-03-04,1027.43730
2019-03-05,1027.43730
2019-03-06,1027.43730
2019-03-07,1027.43730
2019-03-08,1027.43730
2019-03-10,1027.43730
2019-03-11,1027.43730
2019-03-12,1027.43730
2019-03-13,1027.43730
2019-03-14,1027.43730
2019-03-15,1027.43730
2019-03-17,1027.43730
2019-03-18,1027.43730
2019-03-19,1027.43730
2019-03-20,1027.43730
2019-03-21,1027.43730
2019-03-22,1027.43730
2019-03-24,1027.43730
2019-03-25,1027.43730
2019-03-26,1027.43730
2019-03-27,1027.43730
2019-03-28,1027.43730
2019-03-29,1027.43730
2019-03-31,1027.43730
2019-04-01,1027.43730
2019-04-02,1027.43730
2019-04-03,1027.43730
2019-04-04,1027.43730
2019-04-05,1027.43730
2019-04-07,1027.43730
2019-04-08,1027.43730
2019-04-09,1027.43730
2019-04-10,1027.43730
2019-04-11,1027.43730
2019-04-12,1027.43730
2019-04-14,1027.43730
2019-04-15,1027.43730
2019-04-16,1027.43730
2019-04-17,1027.43730
2019-04-18,1027.43730
2019-04-19,1027.43730
2019-04-21,1027.43730
2019-04-22,1027.43730
2019-04-23,1027.43730
2019-04-24,1027.43730
2019-04-25,1027.43730
2019-04-26,1027.43730
2019-04-29,1027.43730
2019-04-30,1027.43730
2019-05-01,1027.43730
2019-05-02,1027.43730
2019-05-03,1027.43730
2019-05-05,1027.43730
2019-05-06,1027.43730
2019-05-07,1027.43730
2019-05-08,1027.43730
2019-05-09,1027.43730
2019-05-10,1027.43730
2019-05-12,1027.43730
2019-05-13,1027.43730
2019-05-14,1027.43730
2019-05-15,1027.43730
2019-05-16,1027.43730
2019-05-17,1027.43730
2019-05-19,1027.43730
2019-05-20,1027.43730
2019-05-21,1027.43730
2019-05-22,1027.43730
2019-05-23,1027.43730
2019-05-24,1027.43730
2019-05-25,1027.43730
2019-05-26,1027.43730
2019-05-27,1027.43730
2019-05-28,1027.43730
2019-05-29,1027.43730
2019-05-30,1027.43730
2019-05-31,1027.43730
2019-06-02,1027.43730
2019-06-03,1027.43730
2019-06-04,1027.43730
2019-06-05,1027.43730
2019-06-06,1027.43730
2019-06-07,1027.43730
2019-06-09,1027.43730
2019-06-10,1027.43730
2019-06-11,1027.43730
2019-06-12,1027.43730
2019-06-13,1027.43730
2019-06-14,1027.43730
2019-06-16,1027.43730
2019-06-17,1027.43730
2019-06-18,1027.43730
2019-06-19,1027.43730
2019-06-20,1027.43730
2019-06-21,1027.43730
2019-06-22,1027.43730
2019-06-23,1027.43730
2019-06-24,1027.43730
2019-06-25,1027.43730
2019-06-26,1027.43730
2019-06-27,1027.43730
2019-06-28,1027.43730
2019-06-30,1027.43730
2019-07-01,1027.43730
2019-07-02,1027.43730
2019-07-03,1027.43730
2019-07-04,1027.43730
2019-07-05,1027.43730
2019-07-07,1027.43730
2019-07-08,1027.43730
2019-07-09,1027.43730
2019-07-10,1027.43730
2019-07-11,1027.43730
2019-07-12,1027.43730
2019-07-14,1027.43730
2019-07-15,1027.43730
2019-07-16,1027.43730
2019-07-17,1027.43730
2019-07-18,1027.43730
2019-07-19,1027.43730
2019-07-21,1027.43730
2019-07-22,1027.43730
2019-07-23,1027.43730
2019-07-24,1027.43730
2019-07-25,1027.43730
2019-07-26,1027.43730
2019-07-27,1027.43730
2019-07-28,1027.43730
2019-07-29,1027.43730
2019-07-30,1027.43730
2019-07-31,1027.43730
2019-08-01,1027.43730
2019-08-02,1027.43730
2019-08-04,1027.43730
2019-08-05,1027.43730
2019-08-06,1027.43730
2019-08-07,1027.43730
2019-08-08,1027.43730
2019-08-09,1027.43730
2019-08-10,1027.43730
2019-08-12,1027.43730
2019-08-13,1027.43730
2019-08-14,1027.43730
2019-08-15,1027.43730
2019-08-16,1027.43730
2019-08-17,1027.43730
2019-08-18,1027.43730
2019-08-19,1027.43730
2019-08-20,1027.43730
2019-08-21,1027.43730
2019-08-22,1027.43730
2019-08-23,1027.43730
2019-08-24,1027.43730
2019-08-25,1027.43730
2019-08-26,1027.43730
2019-08-27,1027.43730
2019-08-28,1027.43730
2019-08-29,1027.43730
2019-08-30,1027.43730
2019-09-02,1027.43730
2019-09-03,1027.43730
2019-09-04,1027.43730
2019-09-05,1027.43730
2019-09-06,1027.43730
2019-09-08,1027.43730
2019-09-09,1027.43730
2019-09-10,1027.43730
2019-09-11,1027.43730
2019-09-12,1027.43730
2019-09-13,1027.43730
2019-09-14,1027.43730
2019-09-15,1027.43730
2019-09-16,1027.43730
2019-09-17,1027.43730
2019-09-18,1027.43730
2019-09-19,1027.43730
2019-09-20,1027.43730
2019-09-22,1027.43730
2019-09-23,1027.43730
2019-09-24,1027.43730
2019-09-25,1027.43730
2019-09-26,1027.43730
2019-09-27,1027.43730
2019-09-29,1027.43730
2019-09-30,1027.43730
2019-10-01,1027.43730
2019-10-02,1027.43730
2019-10-03,1027.43730
2019-10-04,1027.43730
2019-10-06,1027.43730
2019-10-07,1027.43730
2019-10-08,1027.43730
2019-10-09,1027.43730
2019-10-10,1027.43730
2019-10-11,1027.43730
2019-10-13,1027.43730
2019-10-14,1027.43730
2019-10-15,1027.43730
2019-10-16,1027.43730
2019-10-17,1027.43730
2019-10-18,1027.43730
2019-10-21,1027.43730
2019-10-22,1027.43730
2019-10-23,1027.43730
2019-10-24,1027.43730
2019-10-25,1027.43730
2019-10-28,1027.43730
2019-10-29,1027.43730
2019-10-30,1027.43730
2019-10-31,1027.43730
2019-11-01,1027.43730
2019-11-03,1027.43730
2019-11-04,1027.43730
2019-11-05,1027.43730
2019-11-06,1027.43730
2019-11-07,1027.43730
2019-11-08,1027.43730
2019-11-10,1027.43730
2019-11-11,1027.43730
2019-11-12,1027.43730
2019-11-13,1027.43730
2019-11-14,1027.43730
2019-11-15,1027.43730
2019-11-17,1027.43730
2019-11-18,1027.43730
2019-11-19,1027.43730
2019-11-20,1027.43730
2019-11-21,1027.43730
2019-11-22,1027.43730
2019-11-24,1027.43730
2019-11-25,1027.43730
2019-11-26,1027.43730
2019-11-27,1027.43730
2019-11-28,1027.43730
2019-11-29,1027.43730
2019-12-01,1027.43730
2019-12-02,1027.43730
2019-12-03,1027.43730
2019-12-04,1027.43730
2019-12-05,1027.43730
2019-12-06,1027.43730
2019-12-08,1027.43730
2019-12-09,1027.43730
2019-12-10,1027.43730
2019-12-11,1027.43730
2019-12-12,1027.43730
2019-12-13,1027.43730
2019-12-15,1027.43730
2019-12-16,1027.43730
2019-12-17,1027.43730
2019-12-18,1027.43730
2019-12-19,1027.43730
2019-12-20,1027.43730
2019-12-22,1027.43730
2019-12-23,1027.43730
2019-12-24,1027.43730
2019-12-25,1027.43730
2019-12-26,1027.43730
2019-12-27,1027.43730
2019-12-28,1027.43730
2019-12-29,1027.43730
2019-12-30,1027.43730
2019-12-31,1027.43730
2020-01-01,1027.43730
2020-01-02,1027.43730
2020-01-03,1027.43730
2020-01-05,1027.43730
2020-01-06,1027.43730
2020-01-07,1027.43730
2020-01-08,1027.43730
2020-01-09,1027.43730
2020-01-10,1027.43730
2020-01-11,1027.43730
2020-01-12,1027.43730
2020-01-13,1027.43730
2020-01-14,1027.43730
2020-01-15,1027.43730
2020-01-16,1027.43730
2020-01-17,1027.43730
2020-01-19,1027.43730
2020-01-20,1027.43730
2020-01-21,1027.43730
2020-01-22,1027.43730
2020-01-23,1027.43730
2020-01-24,1027.43730
2020-01-25,1027.43730
2020-01-26,1027.43730
2020-01-27,1027.43730
2020-01-28,1027.43730
2020-01-29,1027.43730
2020-01-30,1027.43730
2020-01-31,1027.43730
2020-02-02,1027.43730
2020-02-03,1027.43730
2020-02-04,1027.43730
2020-02-05,1027.43730
2020-02-06,1027.43730
2020-02-07,1027.43730
2020-02-09,1027.43730
2020-02-10,1027.43730
2020-02-11,1027.43730
2020-02-12,1027.43730
2020-02-13,1027.43730
2020-02-14,1027.43730
2020-02-16,1027.43730
2020-02-17,1027.43730
2020-02-18,1027.43730
2020-02-19,1027.43730
2020-02-20,1027.43730
2020-02-23,1027.43730
2020-02-24,1027.43730
2020-02-25,1027.43730
2020-02-26,1027.43730
2020-02-27,1027.43730
2020-02-28,1027.43730
2020-03-01,1027.43730
2020-03-02,1027.43730
2020-03-03,1027.43730
2020-03-04,1027.43730
2020-03-05,1027.43730
2020-03-06,1027.43730
2020-03-08,1027.43730
2020-03-09,1027.43730
2020-03-10,1027.43730
2020-03-11,1027.43730
2020-03-12,1027.43730
2020-03-13,1027.43730
2020-03-15,1027.43730
2020-03-16,1027.43730
2020-03-17,1027.43730
2020-03-18,1027.43730
2020-03-19,1027.43730
2020-03-20,1027.43730
2020-03-22,1027.43730
2020-03-23,1027.43730
2020-03-24,1027.43730
2020-03-25,1027.43730
2020-03-26,1027.43730
2020-03-27,1027.43730
