Date,NAV
2007-03-23,10.12050
2007-03-24,10.09360
2007-03-25,10.09570
2007-03-26,10.09780
2007-03-27,10.09990
2007-03-28,10.10220
2007-03-29,10.10420
2007-03-30,10.10690
2007-03-31,10.11130
2007-04-01,10.11570
2007-04-02,10.12010
2007-04-03,10.12200
2007-04-04,10.12440
2007-04-05,10.12650
2007-04-06,10.12850
2007-04-07,10.09600
2007-04-08,10.09790
2007-04-09,10.09990
2007-04-10,10.10190
2007-04-11,10.10380
2007-04-12,10.10590
2007-04-13,10.10780
2007-04-14,10.10980
2007-04-15,10.11190
2007-04-16,10.11370
2007-04-17,10.11560
2007-04-18,10.11770
2007-04-19,10.11980
2007-04-20,10.12180
2007-04-21,10.09690
2007-04-22,10.09910
2007-04-23,10.10110
2007-04-24,10.10320
2007-04-25,10.10520
2007-04-26,10.10720
2007-04-27,10.10930
2007-04-28,10.11140
2007-04-29,10.11350
2007-04-30,10.11540
2007-05-01,10.11740
2007-05-02,10.11940
2007-05-03,10.12140
2007-05-04,10.12350
2007-05-05,10.09580
2007-05-06,10.09790
2007-05-07,10.10000
2007-05-08,10.10210
2007-05-09,10.10330
2007-05-10,10.10530
2007-05-11,10.10740
2007-05-12,10.10940
2007-05-13,10.11130
2007-05-14,10.11310
2007-05-15,10.11520
2007-05-16,10.11730
2007-05-17,10.11950
2007-05-18,10.12160
2007-05-19,10.09650
2007-05-20,10.09860
2007-05-21,10.10090
2007-05-22,10.10310
2007-05-23,10.10510
2007-05-24,10.10710
2007-05-25,10.10910
2007-05-26,10.11130
2007-05-27,10.11340
2007-05-28,10.11580
2007-05-29,10.11780
2007-05-30,10.11990
2007-05-31,10.12160
2007-06-01,10.12300
2007-06-02,10.09580
2007-06-03,10.09730
2007-06-04,10.09880
2007-06-05,10.10040
2007-06-06,10.10170
2007-06-07,10.10340
2007-06-08,10.10500
2007-06-09,10.10670
2007-06-10,10.10830
2007-06-11,10.10990
2007-06-12,10.11140
2007-06-13,10.11320
2007-06-14,10.11480
2007-06-15,10.11650
2007-06-16,10.09740
2007-06-17,10.09930
2007-06-18,10.10140
2007-06-19,10.10320
2007-06-20,10.10480
2007-06-21,10.10650
2007-06-22,10.10810
2007-06-23,10.10970
2007-06-24,10.11140
2007-06-25,10.11300
2007-06-26,10.11480
2007-06-27,10.11660
2007-06-28,10.11870
2007-06-29,10.12080
2007-06-30,10.09850
2007-07-01,10.10060
2007-07-02,10.10290
2007-07-03,10.10470
2007-07-04,10.10680
2007-07-05,10.10840
2007-07-06,10.11010
2007-07-07,10.11180
2007-07-08,10.11360
2007-07-09,10.11560
2007-07-10,10.11720
2007-07-11,10.11900
2007-07-12,10.12070
2007-07-13,10.12240
2007-07-14,10.09840
2007-07-15,10.10000
2007-07-16,10.10160
2007-07-17,10.10350
2007-07-18,10.10520
2007-07-19,10.10670
2007-07-20,10.10810
2007-07-21,10.10940
2007-07-22,10.11080
2007-07-23,10.11300
2007-07-24,10.11420
2007-07-25,10.11550
2007-07-26,10.11690
2007-07-27,10.11860
2007-07-28,10.09900
2007-07-29,10.10070
2007-07-30,10.10220
2007-07-31,10.10380
2007-08-01,10.10510
2007-08-02,10.10660
2007-08-03,10.10790
2007-08-04,10.10950
2007-08-05,10.11100
2007-08-06,10.11280
2007-08-07,10.11460
2007-08-08,10.11630
2007-08-09,10.11800
2007-08-10,10.11980
2007-08-11,10.10010
2007-08-12,10.10200
2007-08-13,10.10430
2007-08-14,10.10590
2007-08-15,10.10780
2007-08-16,10.10950
2007-08-17,10.11130
2007-08-18,10.11320
2007-08-19,10.11520
2007-08-20,10.11710
2007-08-21,10.11890
2007-08-22,10.12070
2007-08-23,10.12280
2007-08-24,10.12450
2007-08-25,10.10060
2007-08-26,10.10240
2007-08-27,10.10430
2007-08-28,10.10640
2007-08-29,10.10840
2007-08-30,10.11040
2007-08-31,10.11230
2007-09-01,10.11420
2007-09-02,10.11610
2007-09-03,10.11820
2007-09-04,10.12000
2007-09-05,10.12190
2007-09-06,10.12390
2007-09-07,10.12600
2007-09-08,10.10170
2007-09-09,10.10350
2007-09-10,10.10580
2007-09-11,10.10780
2007-09-12,10.10990
2007-09-13,10.11190
2007-09-14,10.11410
2007-09-15,10.11600
2007-09-16,10.11800
2007-09-17,10.12000
2007-09-18,10.12210
2007-09-19,10.12440
2007-09-20,10.12640
2007-09-21,10.12850
2007-09-22,10.10280
2007-09-23,10.10490
2007-09-24,10.10690
2007-09-25,10.10890
2007-09-26,10.11100
2007-09-27,10.11310
2007-09-28,10.11550
2007-09-29,10.11770
2007-09-30,10.11980
2007-10-01,10.12180
2007-10-02,10.12380
2007-10-03,10.12610
2007-10-04,10.12790
2007-10-05,10.13000
2007-10-06,10.10320
2007-10-07,10.10500
2007-10-08,10.10670
2007-10-09,10.10860
2007-10-10,10.11070
2007-10-11,10.11270
2007-10-12,10.11460
2007-10-13,10.11650
2007-10-14,10.11840
2007-10-15,10.12030
2007-10-16,10.12240
2007-10-17,10.12440
2007-10-18,10.12790
2007-10-19,10.12990
2007-10-20,10.10390
2007-10-21,10.10590
2007-10-22,10.10780
2007-10-23,10.10970
2007-10-24,10.11160
2007-10-25,10.11350
2007-10-26,10.11540
2007-10-27,10.11750
2007-10-28,10.11950
2007-10-29,10.12150
2007-10-30,10.12310
2007-10-31,10.12500
2007-11-01,10.12700
2007-11-02,10.12900
2007-11-03,10.10500
2007-11-04,10.10700
2007-11-05,10.10910
2007-11-06,10.11120
2007-11-07,10.11300
2007-11-08,10.11510
2007-11-09,10.11720
2007-11-10,10.11930
2007-11-11,10.12140
2007-11-12,10.12320
2007-11-13,10.12550
2007-11-14,10.12770
2007-11-15,10.13000
2007-11-16,10.13220
2007-11-17,10.10630
2007-11-18,10.10860
2007-11-19,10.11090
2007-11-20,10.11300
2007-11-21,10.11520
2007-11-22,10.11730
2007-11-23,10.11950
2007-11-24,10.12170
2007-11-25,10.12380
2007-11-26,10.12600
2007-11-27,10.12830
2007-11-28,10.13150
2007-11-29,10.13360
2007-11-30,10.13590
2007-12-01,10.10710
2007-12-02,10.10930
2007-12-03,10.11140
2007-12-04,10.11350
2007-12-05,10.11570
2007-12-06,10.11790
2007-12-07,10.11990
2007-12-08,10.12210
2007-12-09,10.12420
2007-12-10,10.12630
2007-12-11,10.12870
2007-12-12,10.13110
2007-12-13,10.13350
2007-12-14,10.13560
2007-12-15,10.10750
2007-12-16,10.10970
2007-12-17,10.11180
2007-12-18,10.11410
2007-12-19,10.11640
2007-12-20,10.11860
2007-12-21,10.12080
2007-12-22,10.12300
2007-12-23,10.12520
2007-12-24,10.12750
2007-12-25,10.12980
2007-12-26,10.13190
2007-12-27,10.13450
2007-12-28,10.13710
2007-12-29,10.10850
2007-12-30,10.11070
2007-12-31,10.11300
2008-01-01,10.11570
2008-01-02,10.11770
2008-01-03,10.11950
2008-01-04,10.12160
2008-01-05,10.12370
2008-01-06,10.12580
2008-01-07,10.12790
2008-01-08,10.13010
2008-01-09,10.13210
2008-01-10,10.13430
2008-01-11,10.13640
2008-01-12,10.10890
2008-01-13,10.11090
2008-01-14,10.11300
2008-01-15,10.11520
2008-01-16,10.11730
2008-01-17,10.11980
2008-01-18,10.12200
2008-01-19,10.12430
2008-01-20,10.12650
2008-01-21,10.12870
2008-01-22,10.13090
2008-01-23,10.13400
2008-01-24,10.13640
2008-01-25,10.13880
2008-01-26,10.11030
2008-01-27,10.11270
2008-01-28,10.11500
2008-01-29,10.11780
2008-01-30,10.12010
2008-01-31,10.12260
2008-02-01,10.12500
2008-02-02,10.12720
2008-02-03,10.12940
2008-02-04,10.13150
2008-02-05,10.13380
2008-02-06,10.13610
2008-02-07,10.13920
2008-02-08,10.14170
2008-02-09,10.11110
2008-02-10,10.11330
2008-02-11,10.11550
2008-02-12,10.11860
2008-02-13,10.12080
2008-02-14,10.12300
2008-02-15,10.12520
2008-02-16,10.12750
2008-02-17,10.12980
2008-02-18,10.13180
2008-02-19,10.13420
2008-02-20,10.13630
2008-02-21,10.13870
2008-02-22,10.14100
2008-02-23,10.11200
2008-02-24,10.11430
2008-02-25,10.11670
2008-02-26,10.11930
2008-02-27,10.12160
2008-02-28,10.12390
2008-02-29,10.12610
2008-03-01,10.12830
2008-03-02,10.13050
2008-03-03,10.13290
2008-03-04,10.13510
2008-03-05,10.13740
2008-03-06,10.13960
2008-03-07,10.14160
2008-03-08,10.11210
2008-03-09,10.11420
2008-03-10,10.11660
2008-03-11,10.11880
2008-03-12,10.12100
2008-03-13,10.12330
2008-03-14,10.12560
2008-03-15,10.12790
2008-03-16,10.13010
2008-03-17,10.13240
2008-03-18,10.13480
2008-03-19,10.13750
2008-03-20,10.13990
2008-03-21,10.14220
2008-03-22,10.11400
2008-03-23,10.11640
2008-03-24,10.11880
2008-03-25,10.12130
2008-03-26,10.12420
2008-03-27,10.12720
2008-03-28,10.12960
2008-03-29,10.13200
2008-03-30,10.13430
2008-03-31,10.13860
2008-04-01,10.14140
2008-04-02,10.14440
2008-04-03,10.14640
2008-04-04,10.14840
2008-04-05,10.11490
2008-04-06,10.11690
2008-04-07,10.11900
2008-04-08,10.12110
2008-04-09,10.12320
2008-04-10,10.12540
2008-04-11,10.12770
2008-04-12,10.13010
2008-04-13,10.13240
2008-04-14,10.14320
2008-04-15,10.13700
2008-04-16,10.13900
2008-04-17,10.14110
2008-04-18,10.14320
2008-04-19,10.11520
2008-04-20,10.11730
2008-04-21,10.11920
2008-04-22,10.12140
2008-04-23,10.12370
2008-04-24,10.12590
2008-04-25,10.12820
2008-04-26,10.13060
2008-04-27,10.13300
2008-04-28,10.13530
2008-04-29,10.13770
2008-04-30,10.14010
2008-05-01,10.14250
2008-05-02,10.14500
2008-05-03,10.11650
2008-05-04,10.11890
2008-05-05,10.12120
2008-05-06,10.12320
2008-05-07,10.12550
2008-05-08,10.12780
2008-05-09,10.13010
2008-05-10,10.13230
2008-05-11,10.13460
2008-05-12,10.13700
2008-05-13,10.13920
2008-05-14,10.14160
2008-05-15,10.14400
2008-05-16,10.14610
2008-05-17,10.11770
2008-05-18,10.11990
2008-05-19,10.12200
2008-05-20,10.12410
2008-05-21,10.12650
2008-05-22,10.12900
2008-05-23,10.13110
2008-05-24,10.13330
2008-05-25,10.13550
2008-05-26,10.13780
2008-05-27,10.14010
2008-05-28,10.14250
2008-05-29,10.14490
2008-05-30,10.14740
2008-05-31,10.11840
2008-06-01,10.12070
2008-06-02,10.12300
2008-06-03,10.12540
2008-06-04,10.12770
2008-06-05,10.12980
2008-06-06,10.13190
2008-06-07,10.13400
2008-06-08,10.13620
2008-06-09,10.13840
2008-06-10,10.14080
2008-06-11,10.14320
2008-06-12,10.14550
2008-06-13,10.14770
2008-06-14,10.11840
2008-06-15,10.12060
2008-06-16,10.12300
2008-06-17,10.12540
2008-06-18,10.12780
2008-06-19,10.13010
2008-06-20,10.13220
2008-06-21,10.13470
2008-06-22,10.13730
2008-06-23,10.13960
2008-06-24,10.14210
2008-06-25,10.14440
2008-06-26,10.14690
2008-06-27,10.14950
2008-06-28,10.11980
2008-06-29,10.12210
2008-06-30,10.12440
2008-07-01,10.12670
2008-07-02,10.12900
2008-07-03,10.13130
2008-07-04,10.13350
2008-07-05,10.13570
2008-07-06,10.13790
2008-07-07,10.14020
2008-07-08,10.14270
2008-07-09,10.14490
2008-07-10,10.14730
2008-07-11,10.14960
2008-07-12,10.12010
2008-07-13,10.12280
2008-07-14,10.12520
2008-07-15,10.12750
2008-07-16,10.12990
2008-07-17,10.13220
2008-07-18,10.13460
2008-07-19,10.13700
2008-07-20,10.13950
2008-07-21,10.14190
2008-07-22,10.14420
2008-07-23,10.14670
2008-07-24,10.14910
2008-07-25,10.15160
2008-07-26,10.12090
2008-07-27,10.12330
2008-07-28,10.12570
2008-07-29,10.12820
2008-07-30,10.13050
2008-07-31,10.13290
2008-08-01,10.13530
2008-08-02,10.13780
2008-08-03,10.14040
2008-08-04,10.14290
2008-08-05,10.14520
2008-08-06,10.14760
2008-08-07,10.15000
2008-08-08,10.15250
2008-08-09,10.12160
2008-08-10,10.12410
2008-08-11,10.12620
2008-08-12,10.12860
2008-08-13,10.13080
2008-08-14,10.13300
2008-08-15,10.13530
2008-08-16,10.13750
2008-08-17,10.13970
2008-08-18,10.14200
2008-08-19,10.14430
2008-08-20,10.14670
2008-08-21,10.14860
2008-08-22,10.15100
2008-08-23,10.12230
2008-08-24,10.12470
2008-08-25,10.12720
2008-08-26,10.12960
2008-08-27,10.13180
2008-08-28,10.13400
2008-08-29,10.13630
2008-08-30,10.13870
2008-08-31,10.14100
2008-09-01,10.14360
2008-09-02,10.14620
2008-09-03,10.14890
2008-09-04,10.15130
2008-09-05,10.15390
2008-09-06,10.12390
2008-09-07,10.12630
2008-09-08,10.12870
2008-09-09,10.13100
2008-09-10,10.13320
2008-09-11,10.13550
2008-09-12,10.13770
2008-09-13,10.13980
2008-09-14,10.14200
2008-09-15,10.14400
2008-09-16,10.14580
2008-09-17,10.14780
2008-09-18,10.14980
2008-09-19,10.15220
2008-09-20,10.12450
2008-09-21,10.12690
2008-09-22,10.12900
2008-09-23,10.13120
2008-09-24,10.13360
2008-09-25,10.13590
2008-09-26,10.13820
2008-09-27,10.14050
2008-09-28,10.14280
2008-09-29,10.14490
2008-09-30,10.14700
2008-10-01,10.14910
2008-10-02,10.15130
2008-10-03,10.15340
2008-10-04,10.12480
2008-10-05,10.12690
2008-10-06,10.12900
2008-10-07,10.13080
2008-10-08,10.13270
2008-10-09,10.13460
2008-10-10,10.13660
2008-10-11,10.13850
2008-10-12,10.14040
2008-10-13,10.14230
2008-10-14,10.14430
2008-10-15,10.14630
2008-10-16,10.14830
2008-10-17,10.15080
2008-10-18,10.12640
2008-10-19,10.12880
2008-10-20,10.13120
2008-10-21,10.13350
2008-10-22,10.13590
2008-10-23,10.13820
2008-10-24,10.14070
2008-10-25,10.14320
2008-10-26,10.14570
2008-10-27,10.14820
2008-10-28,10.15070
2008-10-29,10.15320
2008-10-30,10.15570
2008-10-31,10.15820
2008-11-01,10.12810
2008-11-02,10.13050
2008-11-03,10.13310
2008-11-04,10.13530
2008-11-05,10.13750
2008-11-06,10.13970
2008-11-07,10.14190
2008-11-08,10.14410
2008-11-09,10.14630
2008-11-10,10.14860
2008-11-11,10.15100
2008-11-12,10.15330
2008-11-13,10.15570
2008-11-14,10.15810
2008-11-15,10.12840
2008-11-16,10.13080
2008-11-17,10.13320
2008-11-18,10.13550
2008-11-19,10.13790
2008-11-20,10.14030
2008-11-21,10.14260
2008-11-22,10.14510
2008-11-23,10.14750
2008-11-24,10.14980
2008-11-25,10.15220
2008-11-26,10.15450
2008-11-27,10.15690
2008-11-28,10.15930
2008-11-29,10.12950
2008-11-30,10.13200
2008-12-01,10.13450
2008-12-02,10.13690
2008-12-03,10.13920
2008-12-04,10.14150
2008-12-05,10.14370
2008-12-06,10.14620
2008-12-07,10.14860
2008-12-08,10.15090
2008-12-09,10.15320
2008-12-10,10.15520
2008-12-11,10.15750
2008-12-12,10.15990
2008-12-13,10.13010
2008-12-14,10.13250
2008-12-15,10.13480
2008-12-16,10.13720
2008-12-17,10.13950
2008-12-18,10.14180
2008-12-19,10.14420
2008-12-20,10.14640
2008-12-21,10.14870
2008-12-22,10.15090
2008-12-23,10.15310
2008-12-24,10.15530
2008-12-25,10.15740
2008-12-26,10.15950
2008-12-27,10.13190
2008-12-28,10.13400
2008-12-29,10.13620
2008-12-30,10.13840
2008-12-31,10.14080
2009-01-01,10.14280
2009-01-02,10.14480
2009-01-03,10.14680
2009-01-04,10.14880
2009-01-05,10.15040
2009-01-06,10.15210
2009-01-07,10.15390
2009-01-08,10.15560
2009-01-09,10.15750
2009-01-10,10.13190
2009-01-11,10.13380
2009-01-12,10.13560
2009-01-13,10.13770
2009-01-14,10.13970
2009-01-15,10.14190
2009-01-16,10.14400
2009-01-17,10.14600
2009-01-18,10.14800
2009-01-19,10.15020
2009-01-20,10.15210
2009-01-21,10.15420
2009-01-22,10.15610
2009-01-23,10.15810
2009-01-24,10.13300
2009-01-25,10.13490
2009-01-26,10.13690
2009-01-27,10.13870
2009-01-28,10.14040
2009-01-29,10.14210
2009-01-30,10.14390
2009-01-31,10.14560
2009-02-01,10.14730
2009-02-02,10.14920
2009-02-03,10.15110
2009-02-04,10.15290
2009-02-05,10.15450
2009-02-06,10.15620
2009-02-07,10.13330
2009-02-08,10.13510
2009-02-09,10.13690
2009-02-10,10.13880
2009-02-11,10.14070
2009-02-12,10.14250
2009-02-13,10.14460
2009-02-14,10.14670
2009-02-15,10.14870
2009-02-16,10.15070
2009-02-17,10.15250
2009-02-18,10.15420
2009-02-19,10.15610
2009-02-20,10.15830
2009-02-21,10.13460
2009-02-22,10.13660
2009-02-23,10.13870
2009-02-24,10.14060
2009-02-25,10.14250
2009-02-26,10.14440
2009-02-27,10.14640
2009-02-28,10.14830
2009-03-01,10.15030
2009-03-02,10.15220
2009-03-03,10.15410
2009-03-04,10.15600
2009-03-05,10.15810
2009-03-06,10.15960
2009-03-07,10.13450
2009-03-08,10.13610
2009-03-09,10.13770
2009-03-10,10.13940
2009-03-11,10.14110
2009-03-12,10.14280
2009-03-13,10.14460
2009-03-14,10.14640
2009-03-15,10.14820
2009-03-16,10.15000
2009-03-17,10.15140
2009-03-18,10.15330
2009-03-19,10.15490
2009-03-20,10.15650
2009-03-21,10.13560
2009-03-22,10.13720
2009-03-23,10.13870
2009-03-24,10.14030
2009-03-25,10.14190
2009-03-26,10.14370
2009-03-27,10.14560
2009-03-28,10.14740
2009-03-29,10.14920
2009-03-30,10.15120
2009-03-31,10.15340
2009-04-01,10.15560
2009-04-02,10.15710
2009-04-03,10.15850
2009-04-04,10.13580
2009-04-05,10.13740
2009-04-06,10.13830
2009-04-07,10.13930
2009-04-08,10.14040
2009-04-09,10.14140
2009-04-10,10.14250
2009-04-11,10.14360
2009-04-12,10.14480
2009-04-13,10.14600
2009-04-14,10.14720
2009-04-15,10.14850
2009-04-16,10.15010
2009-04-17,10.15180
2009-04-18,10.13680
2009-04-19,10.13830
2009-04-20,10.13980
2009-04-21,10.14140
2009-04-22,10.14300
2009-04-23,10.14440
2009-04-24,10.14570
2009-04-25,10.14700
2009-04-26,10.14830
2009-04-27,10.14980
2009-04-28,10.15140
2009-04-29,10.15290
2009-04-30,10.15440
2009-05-01,10.15590
2009-05-02,10.13750
2009-05-03,10.13900
2009-05-04,10.14040
2009-05-05,10.14190
2009-05-06,10.14320
2009-05-07,10.14450
2009-05-08,10.14590
2009-05-09,10.14730
2009-05-10,10.14870
2009-05-11,10.15020
2009-05-12,10.15150
2009-05-13,10.15300
2009-05-14,10.15430
2009-05-15,10.15580
2009-05-16,10.13790
2009-05-17,10.13930
2009-05-18,10.14070
2009-05-19,10.14200
2009-05-20,10.14340
2009-05-21,10.14460
2009-05-22,10.14570
2009-05-23,10.14690
2009-05-24,10.14810
2009-05-25,10.14920
2009-05-26,10.15040
2009-05-27,10.15170
2009-05-28,10.15300
2009-05-29,10.15440
2009-05-30,10.13870
2009-05-31,10.14010
2009-06-01,10.14150
2009-06-02,10.14280
2009-06-03,10.14400
2009-06-04,10.14530
2009-06-05,10.14640
2009-06-06,10.14760
2009-06-07,10.14870
2009-06-08,10.14990
2009-06-09,10.15120
2009-06-10,10.15260
2009-06-11,10.15400
2009-06-12,10.15530
2009-06-13,10.13940
2009-06-14,10.14080
2009-06-15,10.14220
2009-06-16,10.14340
2009-06-17,10.14450
2009-06-18,10.14560
2009-06-19,10.14660
2009-06-20,10.14770
2009-06-21,10.14870
2009-06-22,10.14980
2009-06-23,10.15090
2009-06-24,10.15210
2009-06-25,10.15320
2009-06-26,10.15450
2009-06-27,10.14010
2009-06-28,10.14130
2009-06-29,10.14260
2009-06-30,10.14400
2009-07-01,10.14530
2009-07-02,10.14650
2009-07-03,10.14750
2009-07-04,10.14850
2009-07-05,10.14950
2009-07-06,10.15060
2009-07-07,10.15180
2009-07-08,10.15290
2009-07-09,10.15410
2009-07-10,10.15510
2009-07-11,10.14180
2009-07-12,10.14280
2009-07-13,10.14380
2009-07-14,10.14500
2009-07-15,10.14610
2009-07-16,10.14720
2009-07-17,10.14820
2009-07-18,10.14930
2009-07-19,10.15030
2009-07-20,10.15150
2009-07-21,10.15260
2009-07-22,10.15380
2009-07-23,10.15480
2009-07-24,10.15600
2009-07-25,10.14280
2009-07-26,10.14400
2009-07-27,10.14510
2009-07-28,10.14620
2009-07-29,10.14740
2009-07-30,10.14860
2009-07-31,10.14970
2009-08-01,10.15090
2009-08-02,10.15200
2009-08-03,10.15310
2009-08-04,10.15430
2009-08-05,10.15550
2009-08-06,10.15670
2009-08-07,10.15790
2009-08-08,10.14350
2009-08-09,10.14470
2009-08-10,10.14580
2009-08-11,10.14690
2009-08-12,10.14800
2009-08-13,10.14910
2009-08-14,10.15010
2009-08-15,10.15110
2009-08-16,10.15210
2009-08-17,10.15330
2009-08-18,10.15440
2009-08-19,10.15550
2009-08-20,10.15660
2009-08-21,10.15770
2009-08-22,10.14400
2009-08-23,10.14500
2009-08-24,10.14610
2009-08-25,10.14720
2009-08-26,10.14820
2009-08-27,10.14920
2009-08-28,10.15020
2009-08-29,10.15120
2009-08-30,10.15210
2009-08-31,10.15310
2009-09-01,10.15410
2009-09-02,10.15510
2009-09-03,10.15610
2009-09-04,10.15700
2009-09-05,10.14460
2009-09-06,10.14560
2009-09-07,10.14660
2009-09-08,10.14750
2009-09-09,10.14850
2009-09-10,10.14950
2009-09-11,10.15040
2009-09-12,10.15140
2009-09-13,10.15230
2009-09-14,10.15330
2009-09-15,10.15420
2009-09-16,10.15510
2009-09-17,10.15620
2009-09-18,10.15740
2009-09-19,10.14590
2009-09-20,10.14720
2009-09-21,10.14850
2009-09-22,10.14950
2009-09-23,10.15060
2009-09-24,10.15150
2009-09-25,10.15240
2009-09-26,10.15340
2009-09-27,10.15440
2009-09-28,10.15540
2009-09-29,10.15640
2009-09-30,10.15740
2009-10-01,10.15830
2009-10-02,10.15930
2009-10-03,10.14570
2009-10-04,10.14670
2009-10-05,10.14760
2009-10-06,10.14850
2009-10-07,10.14940
2009-10-08,10.15040
2009-10-09,10.15130
2009-10-10,10.15220
2009-10-11,10.15310
2009-10-12,10.15390
2009-10-13,10.15490
2009-10-14,10.15580
2009-10-15,10.15680
2009-10-16,10.15770
2009-10-17,10.14640
2009-10-18,10.14730
2009-10-19,10.14820
2009-10-20,10.14920
2009-10-21,10.15010
2009-10-22,10.15100
2009-10-23,10.15180
2009-10-24,10.15270
2009-10-25,10.15360
2009-10-26,10.15450
2009-10-27,10.15540
2009-10-28,10.15640
2009-10-29,10.15740
2009-10-30,10.15830
2009-10-31,10.14710
2009-11-01,10.14810
2009-11-02,10.14910
2009-11-03,10.15010
2009-11-04,10.15100
2009-11-05,10.15190
2009-11-06,10.15280
2009-11-07,10.15380
2009-11-08,10.15470
2009-11-09,10.15570
2009-11-10,10.15670
2009-11-11,10.15760
2009-11-12,10.15860
2009-11-13,10.15950
2009-11-14,10.14780
2009-11-15,10.14880
2009-11-16,10.14970
2009-11-17,10.15080
2009-11-18,10.15180
2009-11-19,10.15290
2009-11-20,10.15380
2009-11-21,10.15490
2009-11-22,10.15590
2009-11-23,10.15690
2009-11-24,10.15790
2009-11-25,10.15890
2009-11-26,10.15990
2009-11-27,10.16100
2009-11-28,10.14870
2009-11-29,10.14970
2009-11-30,10.15070
2009-12-01,10.15180
2009-12-02,10.15280
2009-12-03,10.15380
2009-12-04,10.15470
2009-12-05,10.15580
2009-12-06,10.15680
2009-12-07,10.15780
2009-12-08,10.15880
2009-12-09,10.15980
2009-12-10,10.16090
2009-12-11,10.16190
2009-12-12,10.14930
2009-12-13,10.15030
2009-12-14,10.15130
2009-12-15,10.15240
2009-12-16,10.15340
2009-12-17,10.15440
2009-12-18,10.15550
2009-12-19,10.15660
2009-12-20,10.15760
2009-12-21,10.15870
2009-12-22,10.15980
2009-12-23,10.16090
2009-12-24,10.16190
2009-12-25,10.16300
2009-12-26,10.15050
2009-12-27,10.15170
2009-12-28,10.15290
2009-12-29,10.15400
2009-12-30,10.15510
2009-12-31,10.15620
2010-01-01,10.15720
2010-01-02,10.15820
2010-01-03,10.15930
2010-01-04,10.16030
2010-01-05,10.16130
2010-01-06,10.16250
2010-01-07,10.16350
2010-01-08,10.16450
2010-01-09,10.15060
2010-01-10,10.15150
2010-01-11,10.15250
2010-01-12,10.15350
2010-01-13,10.15450
2010-01-14,10.15540
2010-01-15,10.15640
2010-01-16,10.15730
2010-01-17,10.15830
2010-01-18,10.15930
2010-01-19,10.16030
2010-01-20,10.16130
2010-01-21,10.16230
2010-01-22,10.16330
2010-01-23,10.15140
2010-01-24,10.15230
2010-01-25,10.15330
2010-01-26,10.15430
2010-01-27,10.15540
2010-01-28,10.15640
2010-01-29,10.15730
2010-01-30,10.15830
2010-01-31,10.15920
2010-02-01,10.16020
2010-02-02,10.16130
2010-02-03,10.16230
2010-02-04,10.16330
2010-02-05,10.16430
2010-02-06,10.15220
2010-02-07,10.15320
2010-02-08,10.15420
2010-02-09,10.15530
2010-02-10,10.15630
2010-02-11,10.15730
2010-02-12,10.15840
2010-02-13,10.15940
2010-02-14,10.16040
2010-02-15,10.16140
2010-02-16,10.16240
2010-02-17,10.16340
2010-02-18,10.16440
2010-02-19,10.16550
2010-02-20,10.15290
2010-02-21,10.15400
2010-02-22,10.15500
2010-02-23,10.15600
2010-02-24,10.15710
2010-02-25,10.15820
2010-02-26,10.15930
2010-02-27,10.16030
2010-02-28,10.16130
2010-03-01,10.16230
2010-03-02,10.16320
2010-03-03,10.16420
2010-03-04,10.16520
2010-03-05,10.16630
2010-03-06,10.15350
2010-03-07,10.15460
2010-03-08,10.15560
2010-03-09,10.15670
2010-03-10,10.15770
2010-03-11,10.15880
2010-03-12,10.15990
2010-03-13,10.16110
2010-03-14,10.16220
2010-03-15,10.16340
2010-03-16,10.16460
2010-03-17,10.16570
2010-03-18,10.16690
2010-03-19,10.16780
2010-03-20,10.15570
2010-03-21,10.15720
2010-03-22,10.15830
2010-03-23,10.15960
2010-03-24,10.16090
2010-03-25,10.16200
2010-03-26,10.16310
2010-03-27,10.16420
2010-03-28,10.16530
2010-03-29,10.16670
2010-03-30,10.16810
2010-03-31,10.16950
2010-04-01,10.17090
2010-04-02,10.17240
2010-04-03,10.15710
2010-04-04,10.15850
2010-04-05,10.15970
2010-04-06,10.16090
2010-04-07,10.16220
2010-04-08,10.16360
2010-04-09,10.16470
2010-04-10,10.16610
2010-04-11,10.16740
2010-04-12,10.16880
2010-04-13,10.17010
2010-04-14,10.17150
2010-04-15,10.17280
2010-04-16,10.17410
2010-04-17,10.15740
2010-04-18,10.15880
2010-04-19,10.16000
2010-04-20,10.16130
2010-04-21,10.16250
2010-04-22,10.16380
2010-04-23,10.16510
2010-04-24,10.16660
2010-04-25,10.16800
2010-04-26,10.16930
2010-04-27,10.17060
2010-04-28,10.17180
2010-04-29,10.17320
2010-04-30,10.17440
2010-05-01,10.15810
2010-05-02,10.15930
2010-05-03,10.16070
2010-05-04,10.16190
2010-05-05,10.16320
2010-05-06,10.16450
2010-05-07,10.16580
2010-05-08,10.16710
2010-05-09,10.16840
2010-05-10,10.16980
2010-05-11,10.17120
2010-05-12,10.17240
2010-05-13,10.17370
2010-05-14,10.17490
2010-05-15,10.15880
2010-05-16,10.16010
2010-05-17,10.16130
2010-05-18,10.16250
2010-05-19,10.16380
2010-05-20,10.16510
2010-05-21,10.16650
2010-05-22,10.16790
2010-05-23,10.16930
2010-05-24,10.17060
2010-05-25,10.17190
2010-05-26,10.17310
2010-05-27,10.17430
2010-05-28,10.17570
2010-05-29,10.15960
2010-05-30,10.16090
2010-05-31,10.16230
2010-06-01,10.16370
2010-06-02,10.16510
2010-06-03,10.16650
2010-06-04,10.16790
2010-06-05,10.16940
2010-06-06,10.17080
2010-06-07,10.17220
2010-06-08,10.17360
2010-06-09,10.17500
2010-06-10,10.17640
2010-06-11,10.17780
2010-06-12,10.16050
2010-06-13,10.16200
2010-06-14,10.16340
2010-06-15,10.16480
2010-06-16,10.16620
2010-06-17,10.16770
2010-06-18,10.16910
2010-06-19,10.17050
2010-06-20,10.17200
2010-06-21,10.17340
2010-06-22,10.17480
2010-06-23,10.17630
2010-06-24,10.17780
2010-06-25,10.17930
2010-06-26,10.16160
2010-06-27,10.16310
2010-06-28,10.16470
2010-06-29,10.16620
2010-06-30,10.16780
2010-07-01,10.16940
2010-07-02,10.17090
2010-07-03,10.17270
2010-07-04,10.17440
2010-07-05,10.17590
2010-07-06,10.17740
2010-07-07,10.17900
2010-07-08,10.18050
2010-07-09,10.18200
2010-07-10,10.16250
2010-07-11,10.16400
2010-07-12,10.16560
2010-07-13,10.16710
2010-07-14,10.16860
2010-07-15,10.17000
2010-07-16,10.17150
2010-07-17,10.17300
2010-07-18,10.17460
2010-07-19,10.17620
2010-07-20,10.17770
2010-07-21,10.17930
2010-07-22,10.18080
2010-07-23,10.18240
2010-07-24,10.16340
2010-07-25,10.16500
2010-07-26,10.16650
2010-07-27,10.16800
2010-07-28,10.16940
2010-07-29,10.17090
2010-07-30,10.17230
2010-07-31,10.17380
2010-08-01,10.17530
2010-08-02,10.17670
2010-08-03,10.17820
2010-08-04,10.18050
2010-08-05,10.18190
2010-08-06,10.18330
2010-08-07,10.16380
2010-08-08,10.16520
2010-08-09,10.16680
2010-08-10,10.16830
2010-08-11,10.16980
2010-08-12,10.17140
2010-08-13,10.17290
2010-08-14,10.17440
2010-08-15,10.17600
2010-08-16,10.17750
2010-08-17,10.17910
2010-08-18,10.18060
2010-08-19,10.18220
2010-08-20,10.18380
2010-08-21,10.16520
2010-08-22,10.16680
2010-08-23,10.16810
2010-08-24,10.16970
2010-08-25,10.17120
2010-08-26,10.17270
2010-08-27,10.17410
2010-08-28,10.17570
2010-08-29,10.17730
2010-08-30,10.17890
2010-08-31,10.18040
2010-09-01,10.18190
2010-09-02,10.18330
2010-09-03,10.18480
2010-09-04,10.16610
2010-09-05,10.16750
2010-09-06,10.16890
2010-09-07,10.17040
2010-09-08,10.17180
2010-09-09,10.17330
2010-09-10,10.17490
2010-09-11,10.17640
2010-09-12,10.17790
2010-09-13,10.17950
2010-09-14,10.18110
2010-09-15,10.18280
2010-09-16,10.18450
2010-09-17,10.18620
2010-09-18,10.16770
2010-09-19,10.16940
2010-09-20,10.17110
2010-09-21,10.17290
2010-09-22,10.17450
2010-09-23,10.17620
2010-09-24,10.17790
2010-09-25,10.17970
2010-09-26,10.18140
2010-09-27,10.18320
2010-09-28,10.18500
2010-09-29,10.18700
2010-09-30,10.18910
2010-10-01,10.19090
2010-10-02,10.16870
2010-10-03,10.17040
2010-10-04,10.17210
2010-10-05,10.17400
2010-10-06,10.17580
2010-10-07,10.17750
2010-10-08,10.17930
2010-10-09,10.18110
2010-10-10,10.18300
2010-10-11,10.18480
2010-10-12,10.18670
2010-10-13,10.18860
2010-10-14,10.19050
2010-10-15,10.19230
2010-10-16,10.16970
2010-10-17,10.17150
2010-10-18,10.17320
2010-10-19,10.17510
2010-10-20,10.17710
2010-10-21,10.17880
2010-10-22,10.18060
2010-10-23,10.18240
2010-10-24,10.18420
2010-10-25,10.18610
2010-10-26,10.18800
2010-10-27,10.18990
2010-10-28,10.19190
2010-10-29,10.19380
2010-10-30,10.17070
2010-10-31,10.17270
2010-11-01,10.17460
2010-11-02,10.17660
2010-11-03,10.17840
2010-11-04,10.18040
2010-11-05,10.18240
2010-11-06,10.18450
2010-11-07,10.18630
2010-11-08,10.18810
2010-11-09,10.18990
2010-11-10,10.19180
2010-11-11,10.19370
2010-11-12,10.19550
2010-11-13,10.17140
2010-11-14,10.17320
2010-11-15,10.17510
2010-11-16,10.17700
2010-11-17,10.17890
2010-11-18,10.18090
2010-11-19,10.18280
2010-11-20,10.18480
2010-11-21,10.18670
2010-11-22,10.18870
2010-11-23,10.19050
2010-11-24,10.19240
2010-11-25,10.19430
2010-11-26,10.19620
2010-11-27,10.17240
2010-11-28,10.17440
2010-11-29,10.17640
2010-11-30,10.17820
2010-12-01,10.18020
2010-12-02,10.18210
2010-12-03,10.18400
2010-12-04,10.18590
2010-12-05,10.18770
2010-12-06,10.18970
2010-12-07,10.19170
2010-12-08,10.19370
2010-12-09,10.19550
2010-12-10,10.19750
2010-12-11,10.17360
2010-12-12,10.17560
2010-12-13,10.17750
2010-12-14,10.17940
2010-12-15,10.18160
2010-12-16,10.18350
2010-12-17,10.18550
2010-12-18,10.18750
2010-12-19,10.18940
2010-12-20,10.19150
2010-12-21,10.19360
2010-12-22,10.19570
2010-12-23,10.19770
2010-12-24,10.19980
2010-12-25,10.17590
2010-12-26,10.17800
2010-12-27,10.18010
2010-12-28,10.18220
2010-12-29,10.18420
2010-12-30,10.18660
2010-12-31,10.18890
2011-01-01,10.19120
2011-01-02,10.19350
2011-01-03,10.19570
2011-01-04,10.19780
2011-01-05,10.19980
2011-01-06,10.20180
2011-01-07,10.20390
2011-01-08,10.17650
2011-01-09,10.17860
2011-01-10,10.18060
2011-01-11,10.18290
2011-01-12,10.18510
2011-01-13,10.18730
2011-01-14,10.18930
2011-01-15,10.19140
2011-01-16,10.19340
2011-01-17,10.19560
2011-01-18,10.19780
2011-01-19,10.20010
2011-01-20,10.20240
2011-01-21,10.20450
2011-01-22,10.17770
2011-01-23,10.17980
2011-01-24,10.18200
2011-01-25,10.18410
2011-01-26,10.18630
2011-01-27,10.18850
2011-01-28,10.19080
2011-01-29,10.19310
2011-01-30,10.19540
2011-01-31,10.19760
2011-02-01,10.19980
2011-02-02,10.20190
2011-02-03,10.20410
2011-02-04,10.20620
2011-02-05,10.18000
2011-02-06,10.18220
2011-02-07,10.18430
2011-02-08,10.18660
2011-02-09,10.18750
2011-02-10,10.18960
2011-02-11,10.19170
2011-02-12,10.19380
2011-02-13,10.19590
2011-02-14,10.19810
2011-02-15,10.20030
2011-02-16,10.20250
2011-02-17,10.20470
2011-02-18,10.20700
2011-02-19,10.17930
2011-02-20,10.18170
2011-02-21,10.18380
2011-02-22,10.18610
2011-02-23,10.18840
2011-02-24,10.19050
2011-02-25,10.19290
2011-02-26,10.19530
2011-02-27,10.19770
2011-02-28,10.20010
2011-03-01,10.20220
2011-03-02,10.20440
2011-03-03,10.20660
2011-03-04,10.20890
2011-03-05,10.18050
2011-03-06,10.18280
2011-03-07,10.18500
2011-03-08,10.18740
2011-03-09,10.18960
2011-03-10,10.19200
2011-03-11,10.19420
2011-03-12,10.19640
2011-03-13,10.19850
2011-03-14,10.20060
2011-03-15,10.20320
2011-03-16,10.20580
2011-03-17,10.20840
2011-03-18,10.21070
2011-03-19,10.18190
2011-03-20,10.18430
2011-03-21,10.18690
2011-03-22,10.18920
2011-03-23,10.19170
2011-03-24,10.19420
2011-03-25,10.19670
2011-03-26,10.19910
2011-03-27,10.20150
2011-03-28,10.20400
2011-03-29,10.20660
2011-03-30,10.20930
2011-03-31,10.21200
2011-04-01,10.21470
2011-04-02,10.18340
2011-04-03,10.18610
2011-04-04,10.18880
2011-04-05,10.19100
2011-04-06,10.19340
2011-04-07,10.19550
2011-04-08,10.19760
2011-04-09,10.19970
2011-04-10,10.20180
2011-04-11,10.20430
2011-04-12,10.20680
2011-04-13,10.20930
2011-04-14,10.21190
2011-04-15,10.21440
2011-04-16,10.18500
2011-04-17,10.18750
2011-04-18,10.19010
2011-04-19,10.19210
2011-04-20,10.19410
2011-04-21,10.19650
2011-04-22,10.19900
2011-04-23,10.20140
2011-04-24,10.20380
2011-04-25,10.20580
2011-04-26,10.20790
2011-04-27,10.21010
2011-04-28,10.21210
2011-04-29,10.21470
2011-04-30,10.18640
2011-05-01,10.18900
2011-05-02,10.19090
2011-05-03,10.19300
2011-05-04,10.19500
2011-05-05,10.19750
2011-05-06,10.20000
2011-05-07,10.20260
2011-05-08,10.20520
2011-05-09,10.20710
2011-05-10,10.20910
2011-05-11,10.21150
2011-05-12,10.21390
2011-05-13,10.21650
2011-05-14,10.18790
2011-05-15,10.19040
2011-05-16,10.19270
2011-05-17,10.19500
2011-05-18,10.19740
2011-05-19,10.19990
2011-05-20,10.20210
2011-05-21,10.20420
2011-05-22,10.20640
2011-05-23,10.20850
2011-05-24,10.21070
2011-05-25,10.21280
2011-05-26,10.21500
2011-05-27,10.21720
2011-05-28,10.18750
2011-05-29,10.18960
2011-05-30,10.19180
2011-05-31,10.19410
2011-06-01,10.19670
2011-06-02,10.19890
2011-06-03,10.20100
2011-06-04,10.20310
2011-06-05,10.20520
2011-06-06,10.20730
2011-06-07,10.20960
2011-06-08,10.21180
2011-06-09,10.21400
2011-06-10,10.21620
2011-06-11,10.18660
2011-06-12,10.18880
2011-06-13,10.19090
2011-06-14,10.19310
2011-06-15,10.19530
2011-06-16,10.19750
2011-06-17,10.19960
2011-06-18,10.20180
2011-06-19,10.20400
2011-06-20,10.20630
2011-06-21,10.20870
2011-06-22,10.21120
2011-06-23,10.21360
2011-06-24,10.21610
2011-06-25,10.18610
2011-06-26,10.18850
2011-06-27,10.19090
2011-06-28,10.19310
2011-06-29,10.19540
2011-06-30,10.19810
2011-07-01,10.20090
2011-07-02,10.20360
2011-07-03,10.20630
2011-07-04,10.20840
2011-07-05,10.21120
2011-07-06,10.21370
2011-07-07,10.21630
2011-07-08,10.21890
2011-07-09,10.18800
2011-07-10,10.19060
2011-07-11,10.19310
2011-07-12,10.19580
2011-07-13,10.19850
2011-07-14,10.20110
2011-07-15,10.20340
2011-07-16,10.20580
2011-07-17,10.20810
2011-07-18,10.21070
2011-07-19,10.21330
2011-07-20,10.21610
2011-07-21,10.21820
2011-07-22,10.22090
2011-07-23,10.19060
2011-07-24,10.19330
2011-07-25,10.19600
2011-07-26,10.19870
2011-07-27,10.20120
2011-07-28,10.20370
2011-07-29,10.20580
2011-07-30,10.20790
2011-07-31,10.21000
2011-08-01,10.21250
2011-08-02,10.21500
2011-08-03,10.21720
2011-08-04,10.21930
2011-08-05,10.22140
2011-08-06,10.19080
2011-08-07,10.19290
2011-08-08,10.19520
2011-08-09,10.19750
2011-08-10,10.19970
2011-08-11,10.20240
2011-08-12,10.20510
2011-08-13,10.20790
2011-08-14,10.21060
2011-08-15,10.21330
2011-08-16,10.21550
2011-08-17,10.21770
2011-08-18,10.21990
2011-08-19,10.22210
2011-08-20,10.19140
2011-08-21,10.19360
2011-08-22,10.19590
2011-08-23,10.19810
2011-08-24,10.20020
2011-08-25,10.20240
2011-08-26,10.20470
2011-08-27,10.20690
2011-08-28,10.20910
2011-08-29,10.21190
2011-08-30,10.21450
2011-08-31,10.21710
2011-09-01,10.21970
2011-09-02,10.22200
2011-09-03,10.19100
2011-09-04,10.19330
2011-09-05,10.19550
2011-09-06,10.19780
2011-09-07,10.20000
2011-09-08,10.20210
2011-09-09,10.20460
2011-09-10,10.20720
2011-09-11,10.20970
2011-09-12,10.21240
2011-09-13,10.21500
2011-09-14,10.21760
2011-09-15,10.22010
2011-09-16,10.22250
2011-09-17,10.19230
2011-09-18,10.19470
2011-09-19,10.19710
2011-09-20,10.19950
2011-09-21,10.20220
2011-09-22,10.20460
2011-09-23,10.20710
2011-09-24,10.20950
2011-09-25,10.21200
2011-09-26,10.21440
2011-09-27,10.21690
2011-09-28,10.21950
2011-09-29,10.22190
2011-09-30,10.22430
2011-10-01,10.19380
2011-10-02,10.19630
2011-10-03,10.19880
2011-10-04,10.20130
2011-10-05,10.20380
2011-10-06,10.20620
2011-10-07,10.20870
2011-10-08,10.21120
2011-10-09,10.21370
2011-10-10,10.21600
2011-10-11,10.21840
2011-10-12,10.22090
2011-10-13,10.22330
2011-10-14,10.22580
2011-10-15,10.19480
2011-10-16,10.19730
2011-10-17,10.19970
2011-10-18,10.20220
2011-10-19,10.20470
2011-10-20,10.20710
2011-10-21,10.20960
2011-10-22,10.21200
2011-10-23,10.21450
2011-10-24,10.21690
2011-10-25,10.21940
2011-10-26,10.22180
2011-10-27,10.22430
2011-10-28,10.22670
2011-10-29,10.19580
2011-10-30,10.19820
2011-10-31,10.20070
2011-11-01,10.20310
2011-11-02,10.20560
2011-11-03,10.20800
2011-11-04,10.21050
2011-11-05,10.21300
2011-11-06,10.21550
2011-11-07,10.21800
2011-11-08,10.22040
2011-11-09,10.22290
2011-11-10,10.22540
2011-11-11,10.22800
2011-11-12,10.19710
2011-11-13,10.19950
2011-11-14,10.20200
2011-11-15,10.20440
2011-11-16,10.20690
2011-11-17,10.20930
2011-11-18,10.21180
2011-11-19,10.21420
2011-11-20,10.21670
2011-11-21,10.21910
2011-11-22,10.22160
2011-11-23,10.22410
2011-11-24,10.22650
2011-11-25,10.22900
2011-11-26,10.19820
2011-11-27,10.20070
2011-11-28,10.20320
2011-11-29,10.20560
2011-11-30,10.20810
2011-12-01,10.21060
2011-12-02,10.21310
2011-12-03,10.21560
2011-12-04,10.21810
2011-12-05,10.22060
2011-12-06,10.22320
2011-12-07,10.22570
2011-12-08,10.22820
2011-12-09,10.23070
2011-12-10,10.19940
2011-12-11,10.20190
2011-12-12,10.20450
2011-12-13,10.20700
2011-12-14,10.20950
2011-12-15,10.21210
2011-12-16,10.21460
2011-12-17,10.21710
2011-12-18,10.21970
2011-12-19,10.22220
2011-12-20,10.22480
2011-12-21,10.22740
2011-12-22,10.23000
2011-12-23,10.23260
2011-12-24,10.20110
2011-12-25,10.20370
2011-12-26,10.20630
2011-12-27,10.20880
2011-12-28,10.21140
2011-12-29,10.21410
2011-12-30,10.21660
2011-12-31,10.21910
2012-01-01,10.22170
2012-01-02,10.22420
2012-01-03,10.22690
2012-01-04,10.22960
2012-01-05,10.23220
2012-01-06,10.23490
2012-01-07,10.20230
2012-01-08,10.20500
2012-01-09,10.20760
2012-01-10,10.21020
2012-01-11,10.21290
2012-01-12,10.21550
2012-01-13,1021.81000
2012-01-14,1022.07330
2012-01-15,1022.33610
2012-01-16,1022.59800
2012-01-17,1022.86060
2012-01-18,1023.11710
2012-01-19,1023.37870
2012-01-20,1023.64150
2012-01-21,1020.49610
2012-01-22,1020.75840
2012-01-23,1021.02050
2012-01-24,1021.28250
2012-01-25,1021.54460
2012-01-26,1021.80660
2012-01-27,1022.06870
2012-01-28,1022.33090
2012-01-29,1022.59300
2012-01-30,1022.85560
2012-01-31,1023.11840
2012-02-01,1023.38080
2012-02-02,1023.64270
2012-02-03,1023.90480
2012-02-04,1020.75860
2012-02-05,1021.01960
2012-02-06,1021.28090
2012-02-07,1021.54230
2012-02-08,1021.80440
2012-02-09,1022.06770
2012-02-10,1022.32980
2012-02-11,1022.59200
2012-02-12,1022.85410
2012-02-13,1023.11670
2012-02-14,1023.38010
2012-02-15,1023.64420
2012-02-16,1023.90830
2012-02-17,1024.17080
2012-02-18,1021.02480
2012-02-19,1021.28670
2012-02-20,1021.54850
2012-02-21,1021.81070
2012-02-22,1022.07330
2012-02-23,1022.33570
2012-02-24,1022.59160
2012-02-25,1022.84790
2012-02-26,1023.10420
2012-02-27,1023.36750
2012-02-28,1023.63000
2012-02-29,1023.89540
2012-03-01,1024.16220
2012-03-02,1024.42680
2012-03-03,1021.28290
2012-03-04,1021.54680
2012-03-05,1021.81320
2012-03-06,1022.07690
2012-03-07,1022.34230
2012-03-08,1022.60770
2012-03-09,1022.84460
2012-03-10,1023.10240
2012-03-11,1023.36010
2012-03-12,1023.63090
2012-03-13,1023.89710
2012-03-14,1024.16910
2012-03-15,1024.45470
2012-03-16,1024.73100
2012-03-17,1021.51070
2012-03-18,1021.78630
2012-03-19,1022.05700
2012-03-20,1022.33590
2012-03-21,1022.62500
2012-03-22,1022.91040
2012-03-23,1023.19590
2012-03-24,1023.48200
2012-03-25,1023.76810
2012-03-26,1024.05410
2012-03-27,1024.35210
2012-03-28,1024.65220
2012-03-29,1024.96140
2012-03-30,1025.26390
2012-03-31,1022.07010
2012-04-01,1022.37220
2012-04-02,1022.67430
2012-04-03,1022.97340
2012-04-04,1023.27510
2012-04-05,1023.57670
2012-04-06,1023.87830
2012-04-07,1024.18430
2012-04-08,1024.49030
2012-04-09,1024.76430
2012-04-10,1025.04420
2012-04-11,1025.32780
2012-04-12,1025.61310
2012-04-13,1025.90140
2012-04-14,1022.69310
2012-04-15,1022.98070
2012-04-16,1023.26440
2012-04-17,1023.54520
2012-04-18,1023.82190
2012-04-19,1024.10440
2012-04-20,1024.38840
2012-04-21,1024.67230
2012-04-22,1024.95630
2012-04-23,1025.24000
2012-04-24,1025.51840
2012-04-25,1025.80220
2012-04-26,1026.07650
2012-04-27,1026.35580
2012-04-28,1022.96160
2012-04-29,1023.23830
2012-04-30,1023.52920
2012-05-01,1023.81340
2012-05-02,1024.09060
2012-05-03,1024.36840
2012-05-04,1024.64940
2012-05-05,1024.93040
2012-05-06,1025.21140
2012-05-07,1025.49360
2012-05-08,1025.76910
2012-05-09,1026.04820
2012-05-10,1026.32770
2012-05-11,1026.60120
2012-05-12,1023.23720
2012-05-13,1023.50990
2012-05-14,1023.78610
2012-05-15,1024.06310
2012-05-16,1024.33750
2012-05-17,1024.61190
2012-05-18,1024.89180
2012-05-19,1025.17160
2012-05-20,1025.45150
2012-05-21,1025.72420
2012-05-22,1025.99690
2012-05-23,1026.26980
2012-05-24,1026.54350
2012-05-25,1026.81980
2012-05-26,1023.45860
2012-05-27,1023.73410
2012-05-28,1024.00690
2012-05-29,1024.27730
2012-05-30,1024.55010
2012-05-31,1024.82050
2012-06-01,1025.09610
2012-06-02,1025.37160
2012-06-03,1025.64710
2012-06-04,1025.92300
2012-06-05,1026.19580
2012-06-06,1026.47380
2012-06-07,1026.74800
2012-06-08,1027.02300
2012-06-09,1023.71340
2012-06-10,1023.98690
2012-06-11,1024.25720
2012-06-12,1024.52470
2012-06-13,1024.79330
2012-06-14,1025.06000
2012-06-15,1025.32740
2012-06-16,1025.59470
2012-06-17,1025.86210
2012-06-18,1026.12950
2012-06-19,1026.38970
2012-06-20,1026.65470
2012-06-21,1026.91800
2012-06-22,1027.17760
2012-06-23,1023.16330
2012-06-24,1023.42120
2012-06-25,1023.67920
2012-06-26,1023.93010
2012-06-27,1024.18420
2012-06-28,1024.43930
2012-06-29,1024.69860
2012-06-30,1024.95790
2012-07-01,1025.21720
2012-07-02,1025.47650
2012-07-03,1025.76420
2012-07-04,1026.01960
2012-07-05,1026.27600
2012-07-06,1026.54380
2012-07-07,1023.16330
2012-07-08,1023.41920
2012-07-09,1023.67960
2012-07-10,1023.94000
2012-07-11,1024.19300
2012-07-12,1024.44810
2012-07-13,1024.70310
2012-07-14,1024.95750
2012-07-15,1025.21190
2012-07-16,1025.47160
2012-07-17,1025.72550
2012-07-18,1025.97880
2012-07-19,1026.23080
2012-07-20,1026.48590
2012-07-21,1023.16330
2012-07-22,1023.41770
2012-07-23,1023.69150
2012-07-24,1023.94200
2012-07-25,1024.19170
2012-07-26,1024.45180
2012-07-27,1024.70810
2012-07-28,1024.96300
2012-07-29,1025.21790
2012-07-30,1025.48200
2012-07-31,1025.74490
2012-08-01,1026.00020
2012-08-02,1026.25230
2012-08-03,1026.50300
2012-08-04,1023.16330
2012-08-05,1023.41500
2012-08-06,1023.66780
2012-08-07,1023.92200
2012-08-08,1024.17650
2012-08-09,1024.43070
2012-08-10,1024.68200
2012-08-11,1024.93340
2012-08-12,1025.18480
2012-08-13,1025.44880
2012-08-14,1025.69720
2012-08-15,1025.94550
2012-08-16,1026.19290
2012-08-17,1026.44140
2012-08-18,1023.16330
2012-08-19,1023.41090
2012-08-20,1023.65840
2012-08-21,1023.90650
2012-08-22,1024.15840
2012-08-23,1024.40810
2012-08-24,1024.65490
2012-08-25,1024.90100
2012-08-26,1025.14710
2012-08-27,1025.39410
2012-08-28,1025.63940
2012-08-29,1025.88740
2012-08-30,1026.13400
2012-08-31,1026.38180
2012-09-01,1023.16330
2012-09-02,1023.40980
2012-09-03,1023.64960
2012-09-04,1023.88920
2012-09-05,1024.12880
2012-09-06,1024.37460
2012-09-07,1024.61520
2012-09-08,1024.85590
2012-09-09,1025.09660
2012-09-10,1025.33810
2012-09-11,1025.58530
2012-09-12,1025.82180
2012-09-13,1026.06610
2012-09-14,1026.30540
2012-09-15,1023.16330
2012-09-16,1023.39940
2012-09-17,1023.63590
2012-09-18,1023.87360
2012-09-19,1024.10910
2012-09-20,1024.34810
2012-09-21,1024.58290
2012-09-22,1024.81750
2012-09-23,1025.05200
2012-09-24,1025.28820
2012-09-25,1025.52410
2012-09-26,1025.75890
2012-09-27,1025.99340
2012-09-28,1026.22910
2012-09-29,1023.16330
2012-09-30,1023.39520
2012-10-01,1023.62710
2012-10-02,1023.85370
2012-10-03,1024.11390
2012-10-04,1024.34420
2012-10-05,1024.58350
2012-10-06,1024.80770
2012-10-07,1025.03210
2012-10-08,1025.26190
2012-10-09,1025.49380
2012-10-10,1025.72310
2012-10-11,1025.95260
2012-10-12,1026.19010
2012-10-13,1023.16330
2012-10-14,1023.38790
2012-10-15,1023.61720
2012-10-16,1023.85180
2012-10-17,1024.08020
2012-10-18,1024.31330
2012-10-19,1024.54400
2012-10-20,1024.77460
2012-10-21,1025.00510
2012-10-22,1025.23430
2012-10-23,1025.46770
2012-10-24,1025.69860
2012-10-25,1025.93030
2012-10-26,1026.16130
2012-10-27,1023.16330
2012-10-28,1023.39390
2012-10-29,1023.62370
2012-10-30,1023.85300
2012-10-31,1024.08360
2012-11-01,1024.31300
2012-11-02,1024.54380
2012-11-03,1024.77370
2012-11-04,1025.00370
2012-11-05,1025.23470
2012-11-06,1025.46820
2012-11-07,1025.69810
2012-11-08,1025.92810
2012-11-09,1026.16110
2012-11-10,1023.16330
2012-11-11,1023.39330
2012-11-12,1023.62230
2012-11-13,1023.85120
2012-11-14,1024.08020
2012-11-15,1024.30920
2012-11-16,1024.53760
2012-11-17,1024.76510
2012-11-18,1024.99350
2012-11-19,1025.22410
2012-11-20,1025.45610
2012-11-21,1025.68840
2012-11-22,1025.91850
2012-11-23,1026.14840
2012-11-24,1023.16330
2012-11-25,1023.39200
2012-11-26,1023.62140
2012-11-27,1023.85290
2012-11-28,1024.08290
2012-11-29,1024.31390
2012-11-30,1024.54630
2012-12-01,1024.77650
2012-12-02,1025.00540
2012-12-03,1025.23640
2012-12-04,1025.46660
2012-12-05,1025.69530
2012-12-06,1025.92890
2012-12-07,1026.15610
2012-12-08,1023.16330
2012-12-09,1023.39050
2012-12-10,1023.62150
2012-12-11,1023.85170
2012-12-12,1024.08390
2012-12-13,1024.31860
2012-12-14,1024.55030
2012-12-15,1024.78360
2012-12-16,1025.01700
2012-12-17,1025.25400
2012-12-18,1025.48770
2012-12-19,1025.72000
2012-12-20,1025.95040
2012-12-21,1026.17990
2012-12-22,1023.16330
2012-12-23,1023.39600
2012-12-24,1023.62960
2012-12-25,1023.86200
2012-12-26,1024.09660
2012-12-27,1024.33120
2012-12-28,1024.56410
2012-12-29,1024.79680
2012-12-30,1025.02930
2012-12-31,1025.26890
2013-01-01,1025.51070
2013-01-02,1025.74730
2013-01-03,1025.98330
2013-01-04,1026.21860
2013-01-05,1023.16330
2013-01-06,1023.39500
2013-01-07,1023.63320
2013-01-08,1023.87360
2013-01-09,1024.10450
2013-01-10,1024.34320
2013-01-11,1024.57440
2013-01-12,1024.80350
2013-01-13,1025.03280
2013-01-14,1025.26870
2013-01-15,1025.50400
2013-01-16,1025.73420
2013-01-17,1025.96520
2013-01-18,1026.19710
2013-01-19,1023.16330
2013-01-20,1023.39220
2013-01-21,1023.62490
2013-01-22,1023.85960
2013-01-23,1024.09360
2013-01-24,1024.33100
2013-01-25,1024.55650
2013-01-26,1024.78430
2013-01-27,1025.01210
2013-01-28,1025.23960
2013-01-29,1025.46940
2013-01-30,1025.69910
2013-01-31,1025.92670
2013-02-01,1026.15160
2013-02-02,1023.16330
2013-02-03,1023.39080
2013-02-04,1023.61700
2013-02-05,1023.84270
2013-02-06,1024.07050
2013-02-07,1024.29560
2013-02-08,1024.52290
2013-02-09,1024.75020
2013-02-10,1024.97760
2013-02-11,1025.20250
2013-02-12,1025.42740
2013-02-13,1025.65180
2013-02-14,1025.87050
2013-02-15,1026.09110
2013-02-16,1023.16330
2013-02-17,1023.38870
2013-02-18,1023.61520
2013-02-19,1023.84200
2013-02-20,1024.06790
2013-02-21,1024.29440
2013-02-22,1024.52170
2013-02-23,1024.75240
2013-02-24,1024.97970
2013-02-25,1025.20620
2013-02-26,1025.43270
2013-02-27,1025.65870
2013-02-28,1025.88700
2013-03-01,1026.11450
2013-03-02,1023.16330
2013-03-03,1023.38900
2013-03-04,1023.61280
2013-03-05,1023.84350
2013-03-06,1024.07640
2013-03-07,1024.31370
2013-03-08,1024.54810
2013-03-09,1024.78360
2013-03-10,1025.01810
2013-03-11,1025.25940
2013-03-12,1025.49730
2013-03-13,1025.73840
2013-03-14,1025.98730
2013-03-15,1026.23130
2013-03-16,1023.16330
2013-03-17,1023.40340
2013-03-18,1023.65250
2013-03-19,1023.90900
2013-03-20,1024.16030
2013-03-21,1024.42740
2013-03-22,1024.68380
2013-03-23,1024.88900
2013-03-24,1025.13140
2013-03-25,1025.39950
2013-03-26,1025.67360
2013-03-27,1025.94320
2013-03-28,1026.22570
2013-03-29,1026.45060
2013-03-30,1023.16330
2013-03-31,1023.40920
2013-04-01,1023.67570
2013-04-02,1024.00940
2013-04-03,1024.42140
2013-04-04,1024.71510
2013-04-05,1024.93840
2013-04-06,1025.15850
2013-04-07,1025.39190
2013-04-08,1025.59700
2013-04-09,1025.90050
2013-04-10,1026.16610
2013-04-11,1026.40610
2013-04-12,1026.66780
2013-04-13,1023.16330
2013-04-14,1023.40230
2013-04-15,1023.70190
2013-04-16,1023.93440
2013-04-17,1024.16640
2013-04-18,1024.40900
2013-04-19,1024.64410
2013-04-20,1024.87950
2013-04-21,1025.11500
2013-04-22,1025.34780
2013-04-23,1025.58260
2013-04-24,1025.81760
2013-04-25,1026.05710
2013-04-26,1026.29540
2013-04-27,1023.16330
2013-04-28,1023.39910
2013-04-29,1023.63460
2013-04-30,1023.87330
2013-05-01,1024.11230
2013-05-02,1024.35670
2013-05-03,1024.58990
2013-05-04,1024.82490
2013-05-05,1025.06000
2013-05-06,1025.29430
2013-05-07,1025.52700
2013-05-08,1025.76010
2013-05-09,1025.99340
2013-05-10,1026.22780
2013-05-11,1023.16330
2013-05-12,1023.39160
2013-05-13,1023.62020
2013-05-14,1023.85220
2013-05-15,1024.08850
2013-05-16,1024.31620
2013-05-17,1024.55670
2013-05-18,1024.78680
2013-05-19,1025.01680
2013-05-20,1025.24880
2013-05-21,1025.47940
2013-05-22,1025.70900
2013-05-23,1025.93490
2013-05-24,1026.16910
2013-05-25,1023.16330
2013-05-26,1023.39620
2013-05-27,1023.63210
2013-05-28,1023.86380
2013-05-29,1024.09270
2013-05-30,1024.32800
2013-05-31,1024.55680
2013-06-01,1024.78690
2013-06-02,1025.01710
2013-06-03,1025.24400
2013-06-04,1025.47280
2013-06-05,1025.70140
2013-06-06,1025.92930
2013-06-07,1026.15800
2013-06-08,1023.16330
2013-06-09,1023.39190
2013-06-10,1023.61560
2013-06-11,1023.84330
2013-06-12,1024.06360
2013-06-13,1024.28490
2013-06-14,1024.50490
2013-06-15,1024.72530
2013-06-16,1024.94580
2013-06-17,1025.16840
2013-06-18,1025.39460
2013-06-19,1025.62610
2013-06-20,1025.85020
2013-06-21,1026.07060
2013-06-22,1023.16330
2013-06-23,1023.38750
2013-06-24,1023.61120
2013-06-25,1023.83470
2013-06-26,1024.07260
2013-06-27,1024.30730
2013-06-28,1024.57990
2013-06-29,1024.81810
2013-06-30,1025.04230
2013-07-01,1025.26670
2013-07-02,1025.51360
2013-07-03,1025.76730
2013-07-04,1026.01920
2013-07-05,1026.23530
2013-07-06,1023.16330
2013-07-07,1023.38250
2013-07-08,1023.61250
2013-07-09,1023.83920
2013-07-10,1024.06390
2013-07-11,1024.28920
2013-07-12,1024.51040
2013-07-13,1024.73190
2013-07-14,1024.95220
2013-07-15,1025.17370
2013-07-16,1023.41200
2013-07-17,1023.90910
2013-07-18,1024.30100
2013-07-19,1024.55500
2013-07-20,1023.16330
2013-07-21,1023.42670
2013-07-22,1023.67840
2013-07-23,1023.81540
2013-07-24,1023.21050
2013-07-25,1023.50260
2013-07-26,1023.81050
2013-07-27,1024.11550
2013-07-28,1024.42050
2013-07-29,1024.72540
2013-07-30,1025.03230
2013-07-31,1025.33750
2013-08-01,1025.64300
2013-08-02,1025.93870
2013-08-03,1023.16330
2013-08-04,1023.45760
2013-08-05,1023.85510
2013-08-06,1024.14050
2013-08-07,1024.43350
2013-08-08,1024.72310
2013-08-09,1025.01270
2013-08-10,1025.30230
2013-08-11,1025.59190
2013-08-12,1025.88440
2013-08-13,1026.17260
2013-08-14,1026.46350
2013-08-15,1026.76460
2013-08-16,1027.05220
2013-08-17,1023.16330
2013-08-18,1023.45490
2013-08-19,1023.72950
2013-08-20,1024.02050
2013-08-21,1024.32360
2013-08-22,1024.61480
2013-08-23,1024.90050
2013-08-24,1025.16870
2013-08-25,1025.45810
2013-08-26,1025.74880
2013-08-27,1026.03870
2013-08-28,1026.32730
2013-08-29,1026.62180
2013-08-30,1026.91220
2013-08-31,1023.16330
2013-09-01,1023.45250
2013-09-02,1023.74210
2013-09-03,1024.03140
2013-09-04,1024.32210
2013-09-05,1024.64300
2013-09-06,1024.93480
2013-09-07,1025.21010
2013-09-08,1025.50040
2013-09-09,1025.79070
2013-09-10,1026.08400
2013-09-11,1026.37870
2013-09-12,1026.67280
2013-09-13,1026.96370
2013-09-14,1023.16330
2013-09-15,1023.45950
2013-09-16,1023.75800
2013-09-17,1024.05570
2013-09-18,1024.35840
2013-09-19,1024.69490
2013-09-20,1024.99180
2013-09-21,1025.27420
2013-09-22,1025.56360
2013-09-23,1025.84700
2013-09-24,1026.13130
2013-09-25,1026.43380
2013-09-26,1026.72200
2013-09-27,1027.02240
2013-09-28,1023.16330
2013-09-29,1023.45120
2013-09-30,1023.74490
2013-10-01,1024.04040
2013-10-02,1024.32850
2013-10-03,1024.61980
2013-10-04,1024.90500
2013-10-05,1025.19050
2013-10-06,1025.47600
2013-10-07,1025.76970
2013-10-08,1026.14740
2013-10-09,1026.42840
2013-10-10,1026.70460
2013-10-11,1026.98050
2013-10-12,1023.16330
2013-10-13,1023.43700
2013-10-14,1023.71160
2013-10-15,1023.98540
2013-10-16,1024.25940
2013-10-17,1024.53290
2013-10-18,1024.80750
2013-10-19,1025.08170
2013-10-20,1025.35580
2013-10-21,1025.62750
2013-10-22,1025.90310
2013-10-23,1026.17650
2013-10-24,1026.45210
2013-10-25,1026.72440
2013-10-26,1023.16330
2013-10-27,1023.43410
2013-10-28,1023.70590
2013-10-29,1023.98720
2013-10-30,1024.26310
2013-10-31,1024.53770
2013-11-01,1024.77780
2013-11-02,1025.02200
2013-11-03,1025.26610
2013-11-04,1025.53500
2013-11-05,1025.80000
2013-11-06,1026.07550
2013-11-07,1026.33880
2013-11-08,1026.60120
2013-11-09,1023.16330
2013-11-10,1023.43250
2013-11-11,1023.67580
2013-11-12,1023.94150
2013-11-13,1024.21100
2013-11-14,1024.45640
2013-11-15,1024.71170
2013-11-16,1024.96700
2013-11-17,1025.22230
2013-11-18,1025.48050
2013-11-19,1025.73660
2013-11-20,1025.99060
2013-11-21,1026.24100
2013-11-22,1026.48710
2013-11-23,1023.16330
2013-11-24,1023.41710
2013-11-25,1023.66700
2013-11-26,1023.92420
2013-11-27,1024.18140
2013-11-28,1024.42890
2013-11-29,1024.68010
2013-11-30,1024.92970
2013-12-01,1025.17930
2013-12-02,1025.42620
2013-12-03,1025.67520
2013-12-04,1025.93160
2013-12-05,1026.18200
2013-12-06,1026.43160
2013-12-07,1023.16330
2013-12-08,1023.41410
2013-12-09,1023.66610
2013-12-10,1023.91800
2013-12-11,1024.16410
2013-12-12,1024.41590
2013-12-13,1024.66690
2013-12-14,1024.91790
2013-12-15,1025.16890
2013-12-16,1025.41950
2013-12-17,1025.67700
2013-12-18,1025.92870
2013-12-19,1026.17820
2013-12-20,1026.42740
2013-12-21,1023.16330
2013-12-22,1023.41190
2013-12-23,1023.65820
2013-12-24,1023.90540
2013-12-25,1024.15320
2013-12-26,1024.40140
2013-12-27,1024.65150
2013-12-28,1024.89990
2013-12-29,1025.14820
2013-12-30,1025.39790
2013-12-31,1025.64830
2014-01-01,1025.89950
2014-01-02,1026.14860
2014-01-03,1026.40500
2014-01-04,1023.16330
2014-01-05,1023.40870
2014-01-06,1023.65880
2014-01-07,1023.90230
2014-01-08,1024.14640
2014-01-09,1024.39100
2014-01-10,1024.64070
2014-01-11,1024.88710
2014-01-12,1025.13350
2014-01-13,1025.37840
2014-01-14,1025.62320
2014-01-15,1025.86670
2014-01-16,1026.11420
2014-01-17,1026.35920
2014-01-18,1023.16330
2014-01-19,1023.40780
2014-01-20,1023.65100
2014-01-21,1023.89470
2014-01-22,1024.13840
2014-01-23,1024.37910
2014-01-24,1024.62160
2014-01-25,1024.86130
2014-01-26,1025.10110
2014-01-27,1025.34290
2014-01-28,1025.58180
2014-01-29,1025.82130
2014-01-30,1026.06070
2014-01-31,1026.29770
2014-02-01,1023.16330
2014-02-02,1023.40090
2014-02-03,1023.64150
2014-02-04,1023.88150
2014-02-05,1024.12190
2014-02-06,1024.36160
2014-02-07,1024.60150
2014-02-08,1024.84130
2014-02-09,1025.08120
2014-02-10,1025.32280
2014-02-11,1025.56470
2014-02-12,1025.80650
2014-02-13,1026.04820
2014-02-14,1026.29010
2014-02-15,1023.16330
2014-02-16,1023.40460
2014-02-17,1023.64540
2014-02-18,1023.88560
2014-02-19,1024.12580
2014-02-20,1024.36570
2014-02-21,1024.60630
2014-02-22,1024.84690
2014-02-23,1025.08750
2014-02-24,1025.32700
2014-02-25,1025.57150
2014-02-26,1025.81390
2014-02-27,1026.05670
2014-02-28,1026.30600
2014-03-01,1023.16330
2014-03-02,1023.41210
2014-03-03,1023.65650
2014-03-04,1023.90190
2014-03-05,1024.14810
2014-03-06,1024.39770
2014-03-07,1024.64800
2014-03-08,1024.89820
2014-03-09,1025.14850
2014-03-10,1025.39770
2014-03-11,1025.65470
2014-03-12,1025.90840
2014-03-13,1026.16700
2014-03-14,1026.42760
2014-03-15,1023.16330
2014-03-16,1023.42070
2014-03-17,1023.67810
2014-03-18,1023.93620
2014-03-19,1024.19760
2014-03-20,1024.45850
2014-03-21,1024.73210
2014-03-22,1024.99460
2014-03-23,1025.25700
2014-03-24,1025.53930
2014-03-25,1025.80940
2014-03-26,1026.08430
2014-03-27,1026.35240
2014-03-28,1026.76090
2014-03-29,1023.16330
2014-03-30,1023.42820
2014-03-31,1023.69240
2014-04-01,1023.95680
2014-04-02,1024.20740
2014-04-03,1024.49500
2014-04-04,1024.76340
2014-04-05,1025.02150
2014-04-06,1025.27970
2014-04-07,1025.54070
2014-04-08,1025.79940
2014-04-09,1026.05930
2014-04-10,1026.31770
2014-04-11,1026.57550
2014-04-12,1023.16330
2014-04-13,1023.41960
2014-04-14,1023.67610
2014-04-15,1023.93260
2014-04-16,1024.18600
2014-04-17,1024.44110
2014-04-18,1024.69670
2014-04-19,1024.95240
2014-04-20,1025.20800
2014-04-21,1025.46150
2014-04-22,1025.71430
2014-04-23,1025.97100
2014-04-24,1026.22690
2014-04-25,1026.47970
2014-04-26,1023.16330
2014-04-27,1023.41510
2014-04-28,1023.66640
2014-04-29,1023.91700
2014-04-30,1024.16760
2014-05-01,1024.41890
2014-05-02,1024.66750
2014-05-03,1024.91610
2014-05-04,1025.16480
2014-05-05,1025.41150
2014-05-06,1025.65540
2014-05-07,1025.90120
2014-05-08,1026.14440
2014-05-09,1026.38780
2014-05-10,1023.16330
2014-05-11,1023.40570
2014-05-12,1023.65130
2014-05-13,1023.89620
2014-05-14,1024.14120
2014-05-15,1024.38540
2014-05-16,1024.62950
2014-05-17,1024.87200
2014-05-18,1025.11450
2014-05-19,1025.36350
2014-05-20,1025.62060
2014-05-21,1025.87470
2014-05-22,1026.11970
2014-05-23,1026.36530
2014-05-24,1023.16330
2014-05-25,1023.40460
2014-05-26,1023.64460
2014-05-27,1023.88490
2014-05-28,1024.12880
2014-05-29,1024.37340
2014-05-30,1024.62450
2014-05-31,1024.86700
2014-06-01,1025.10960
2014-06-02,1025.35010
2014-06-03,1025.59600
2014-06-04,1025.84000
2014-06-05,1026.07990
2014-06-06,1026.32260
2014-06-07,1023.16330
2014-06-08,1023.40330
2014-06-09,1023.64150
2014-06-10,1023.88020
2014-06-11,1024.12120
2014-06-12,1024.36540
2014-06-13,1024.60050
2014-06-14,1024.84190
2014-06-15,1025.08330
2014-06-16,1025.32230
2014-06-17,1025.56290
2014-06-18,1025.80300
2014-06-19,1026.04330
2014-06-20,1026.28170
2014-06-21,1023.16330
2014-06-22,1023.40190
2014-06-23,1023.64000
2014-06-24,1023.87920
2014-06-25,1024.11580
2014-06-26,1024.35720
2014-06-27,1024.59660
2014-06-28,1024.83500
2014-06-29,1025.07550
2014-06-30,1025.31830
2014-07-01,1025.56180
2014-07-02,1025.80060
2014-07-03,1026.04270
2014-07-04,1026.28490
2014-07-05,1023.16330
2014-07-06,1023.40340
2014-07-07,1023.64130
2014-07-08,1023.88110
2014-07-09,1024.11590
2014-07-10,1024.35410
2014-07-11,1024.58940
2014-07-12,1024.82700
2014-07-13,1025.06450
2014-07-14,1025.30030
2014-07-15,1025.53750
2014-07-16,1025.77410
2014-07-17,1026.01140
2014-07-18,1026.24720
2014-07-19,1023.16330
2014-07-20,1023.39810
2014-07-21,1023.63310
2014-07-22,1023.86810
2014-07-23,1024.10260
2014-07-24,1024.33780
2014-07-25,1024.57080
2014-07-26,1024.80670
2014-07-27,1025.04260
2014-07-28,1025.27790
2014-07-29,1025.51320
2014-07-30,1025.74960
2014-07-31,1025.98680
2014-08-01,1026.22220
2014-08-02,1023.16330
2014-08-03,1023.39830
2014-08-04,1023.62980
2014-08-05,1023.86480
2014-08-06,1024.10040
2014-08-07,1024.33730
2014-08-08,1024.57050
2014-08-09,1024.80770
2014-08-10,1025.04500
2014-08-11,1025.28370
2014-08-12,1025.52300
2014-08-13,1025.75960
2014-08-14,1025.99720
2014-08-15,1026.23470
2014-08-16,1023.16330
2014-08-17,1023.40020
2014-08-18,1023.63710
2014-08-19,1023.87360
2014-08-20,1024.10930
2014-08-21,1024.34810
2014-08-22,1024.58920
2014-08-23,1024.82680
2014-08-24,1025.06430
2014-08-25,1025.30500
2014-08-26,1025.55310
2014-08-27,1025.78980
2014-08-28,1026.02650
2014-08-29,1026.26440
2014-08-30,1023.16330
2014-08-31,1023.40240
2014-09-01,1023.63730
2014-09-02,1023.87830
2014-09-03,1024.12120
2014-09-04,1024.35690
2014-09-05,1024.59680
2014-09-06,1024.83420
2014-09-07,1025.07180
2014-09-08,1025.30840
2014-09-09,1025.54760
2014-09-10,1025.78160
2014-09-11,1026.01810
2014-09-12,1026.25720
2014-09-13,1023.16330
2014-09-14,1023.40130
2014-09-15,1023.64310
2014-09-16,1023.88440
2014-09-17,1024.12730
2014-09-18,1024.36870
2014-09-19,1024.61440
2014-09-20,1024.85580
2014-09-21,1025.09730
2014-09-22,1025.34100
2014-09-23,1025.59030
2014-09-24,1025.83730
2014-09-25,1026.07930
2014-09-26,1026.31300
2014-09-27,1023.16330
2014-09-28,1023.40920
2014-09-29,1023.65110
2014-09-30,1023.92620
2014-10-01,1024.15990
2014-10-02,1024.39350
2014-10-03,1024.62710
2014-10-04,1024.86050
2014-10-05,1025.09390
2014-10-06,1025.32880
2014-10-07,1025.56960
2014-10-08,1025.81520
2014-10-09,1026.05900
2014-10-10,1026.30190
2014-10-11,1023.16330
2014-10-12,1023.40300
2014-10-13,1023.64370
2014-10-14,1023.87930
2014-10-15,1024.11820
2014-10-16,1024.36130
2014-10-17,1024.60160
2014-10-18,1024.84150
2014-10-19,1025.08140
2014-10-20,1025.32240
2014-10-21,1025.56390
2014-10-22,1025.80230
2014-10-23,1026.04170
2014-10-24,1026.28110
2014-10-25,1023.16330
2014-10-26,1023.40200
2014-10-27,1023.64530
2014-10-28,1023.88680
2014-10-29,1024.12640
2014-10-30,1024.36550
2014-10-31,1024.61310
2014-11-01,1024.85260
2014-11-02,1025.09210
2014-11-03,1025.33770
2014-11-04,1025.57770
2014-11-05,1025.81840
2014-11-06,1026.05820
2014-11-07,1026.29810
2014-11-08,1023.16330
2014-11-09,1023.40460
2014-11-10,1023.63970
2014-11-11,1023.87320
2014-11-12,1024.11010
2014-11-13,1024.34510
2014-11-14,1024.57870
2014-11-15,1024.81400
2014-11-16,1025.04940
2014-11-17,1025.28850
2014-11-18,1025.52680
2014-11-19,1025.76140
2014-11-20,1025.99550
2014-11-21,1026.23100
2014-11-22,1023.16330
2014-11-23,1023.39660
2014-11-24,1023.63010
2014-11-25,1023.86800
2014-11-26,1024.10300
2014-11-27,1024.33670
2014-11-28,1024.57270
2014-11-29,1024.80540
2014-11-30,1025.04040
2014-12-01,1025.27820
2014-12-02,1025.51240
2014-12-03,1025.74570
2014-12-04,1025.97930
2014-12-05,1026.21240
2014-12-06,1023.16330
2014-12-07,1023.39470
2014-12-08,1023.62640
2014-12-09,1023.85920
2014-12-10,1024.09170
2014-12-11,1024.32420
2014-12-12,1024.55850
2014-12-13,1024.79100
2014-12-14,1025.02360
2014-12-15,1025.25460
2014-12-16,1025.48020
2014-12-17,1025.70920
2014-12-18,1025.94240
2014-12-19,1026.16770
2014-12-20,1023.16330
2014-12-21,1023.39530
2014-12-22,1023.61950
2014-12-23,1023.84980
2014-12-24,1024.08020
2014-12-25,1024.31260
2014-12-26,1024.54540
2014-12-27,1024.77910
2014-12-28,1025.01280
2014-12-29,1025.24800
2014-12-30,1025.48990
2014-12-31,1025.74630
2015-01-01,1025.98590
2015-01-02,1026.21880
2015-01-03,1023.16330
2015-01-04,1023.39510
2015-01-05,1023.62710
2015-01-06,1023.85910
2015-01-07,1024.09270
2015-01-08,1024.32480
2015-01-09,1024.55740
2015-01-10,1024.78960
2015-01-11,1025.02180
2015-01-12,1025.25420
2015-01-13,1025.48870
2015-01-14,1025.72170
2015-01-15,1025.97490
2015-01-16,1026.20740
2015-01-17,1023.16330
2015-01-18,1023.39470
2015-01-19,1023.62500
2015-01-20,1023.85580
2015-01-21,1024.08690
2015-01-22,1024.32420
2015-01-23,1024.55770
2015-01-24,1024.78880
2015-01-25,1025.02000
2015-01-26,1025.25130
2015-01-27,1025.48290
2015-01-28,1025.71530
2015-01-29,1025.94660
2015-01-30,1026.17690
2015-01-31,1023.16330
2015-02-01,1023.39450
2015-02-02,1023.62700
2015-02-03,1023.85700
2015-02-04,1024.08440
2015-02-05,1024.32070
2015-02-06,1024.55120
2015-02-07,1024.78180
2015-02-08,1025.01290
2015-02-09,1025.24670
2015-02-10,1025.47950
2015-02-11,1025.71080
2015-02-12,1025.94260
2015-02-13,1026.17330
2015-02-14,1023.16330
2015-02-15,1023.39390
2015-02-16,1023.62550
2015-02-17,1023.85740
2015-02-18,1024.08760
2015-02-19,1024.32080
2015-02-20,1024.55600
2015-02-21,1024.78840
2015-02-22,1025.02090
2015-02-23,1025.26560
2015-02-24,1025.49890
2015-02-25,1025.74480
2015-02-26,1025.98470
2015-02-27,1026.21640
2015-02-28,1023.16330
2015-03-01,1023.39410
2015-03-02,1023.62660
2015-03-03,1023.86480
2015-03-04,1024.13240
2015-03-05,1024.38020
2015-03-06,1024.61280
2015-03-07,1024.84540
2015-03-08,1025.08240
2015-03-09,1025.31950
2015-03-10,1025.54650
2015-03-11,1025.77580
2015-03-12,1026.01250
2015-03-13,1026.25040
2015-03-14,1023.16330
2015-03-15,1023.39740
2015-03-16,1023.63990
2015-03-17,1023.88130
2015-03-18,1024.11350
2015-03-19,1024.35210
2015-03-20,1024.58750
2015-03-21,1024.82570
2015-03-22,1025.06400
2015-03-23,1025.29260
2015-03-24,1025.52490
2015-03-25,1025.76820
2015-03-26,1026.01750
2015-03-27,1026.25720
2015-03-28,1023.16330
2015-03-29,1023.40600
2015-03-30,1023.66450
2015-03-31,1024.17220
2015-04-01,1024.40900
2015-04-02,1024.65100
2015-04-03,1024.89250
2015-04-04,1025.13410
2015-04-05,1025.37580
2015-04-06,1025.67590
2015-04-07,1025.92050
2015-04-08,1026.15120
2015-04-09,1026.38920
2015-04-10,1026.61900
2015-04-11,1023.16330
2015-04-12,1023.40040
2015-04-13,1023.63050
2015-04-14,1023.86630
2015-04-15,1024.10300
2015-04-16,1024.33320
2015-04-17,1024.56430
2015-04-18,1024.79610
2015-04-19,1025.02930
2015-04-20,1025.26250
2015-04-21,1025.49640
2015-04-22,1025.73400
2015-04-23,1025.97080
2015-04-24,1026.20270
2015-04-25,1023.16330
2015-04-26,1023.39680
2015-04-27,1023.63040
2015-04-28,1023.86480
2015-04-29,1024.09980
2015-04-30,1024.32690
2015-05-01,1024.55930
2015-05-02,1024.79180
2015-05-03,1025.02430
2015-05-04,1025.25710
2015-05-05,1025.49310
2015-05-06,1025.72450
2015-05-07,1025.95330
2015-05-08,1026.18340
2015-05-09,1023.16330
2015-05-10,1023.39430
2015-05-11,1023.62710
2015-05-12,1023.86130
2015-05-13,1024.09740
2015-05-14,1024.32890
2015-05-15,1024.55970
2015-05-16,1024.78840
2015-05-17,1025.01850
2015-05-18,1025.25270
2015-05-19,1025.48820
2015-05-20,1025.72190
2015-05-21,1025.95570
2015-05-22,1026.18750
2015-05-23,1023.16330
2015-05-24,1023.38960
2015-05-25,1023.63710
2015-05-26,1023.88040
2015-05-27,1024.10370
2015-05-28,1024.33740
2015-05-29,1024.57240
2015-05-30,1024.79700
2015-05-31,1025.02170
2015-06-01,1025.26560
2015-06-02,1025.48690
2015-06-03,1025.71770
2015-06-04,1025.95150
2015-06-05,1026.17830
2015-06-06,1023.16330
2015-06-07,1023.38620
2015-06-08,1023.61040
2015-06-09,1023.83270
2015-06-10,1024.05270
2015-06-11,1024.27660
2015-06-12,1024.49520
2015-06-13,1024.71660
2015-06-14,1024.93810
2015-06-15,1025.16120
2015-06-16,1025.38430
2015-06-17,1025.60800
2015-06-18,1025.83110
2015-06-19,1026.05500
2015-06-20,1023.16330
2015-06-21,1023.38440
2015-06-22,1023.61170
2015-06-23,1023.83600
2015-06-24,1024.06110
2015-06-25,1024.28360
2015-06-26,1024.50050
2015-06-27,1024.71950
2015-06-28,1024.93850
2015-06-29,1025.15990
2015-06-30,1025.40640
2015-07-01,1025.63430
2015-07-02,1025.86150
2015-07-03,1026.08710
2015-07-04,1023.16330
2015-07-05,1023.38290
2015-07-06,1023.62440
2015-07-07,1023.83760
2015-07-08,1024.06260
2015-07-09,1024.28380
2015-07-10,1024.50830
2015-07-11,1024.72870
2015-07-12,1024.94950
2015-07-13,1025.17120
2015-07-14,1025.39630
2015-07-15,1025.61750
2015-07-16,1025.83770
2015-07-17,1026.05560
2015-07-18,1023.16330
2015-07-19,1023.38090
2015-07-20,1023.60450
2015-07-21,1023.82360
2015-07-22,1024.04610
2015-07-23,1024.26530
2015-07-24,1024.48030
2015-07-25,1024.69680
2015-07-26,1024.91350
2015-07-27,1025.13730
2015-07-28,1025.35550
2015-07-29,1025.58040
2015-07-30,1025.80780
2015-07-31,1026.02160
2015-08-01,1023.16330
2015-08-02,1023.38020
2015-08-03,1023.60270
2015-08-04,1023.81790
2015-08-05,1024.04120
2015-08-06,1024.25720
2015-08-07,1024.47240
2015-08-08,1024.68730
2015-08-09,1024.90220
2015-08-10,1025.12300
2015-08-11,1025.34370
2015-08-12,1025.55910
2015-08-13,1025.77440
2015-08-14,1025.98410
2015-08-15,1023.16330
2015-08-16,1023.37570
2015-08-17,1023.58930
2015-08-18,1023.80160
2015-08-19,1024.01650
2015-08-20,1024.23420
2015-08-21,1024.43740
2015-08-22,1024.65220
2015-08-23,1024.86690
2015-08-24,1025.07590
2015-08-25,1025.28580
2015-08-26,1025.49880
2015-08-27,1025.71170
2015-08-28,1025.92090
2015-08-29,1023.16330
2015-08-30,1023.37190
2015-08-31,1023.58680
2015-09-01,1023.79360
2015-09-02,1024.00180
2015-09-03,1024.21100
2015-09-04,1024.41820
2015-09-05,1024.62670
2015-09-06,1024.83530
2015-09-07,1025.04570
2015-09-08,1025.25230
2015-09-09,1025.46260
2015-09-10,1025.65600
2015-09-11,1025.86400
2015-09-12,1023.16330
2015-09-13,1023.37210
2015-09-14,1023.58020
2015-09-15,1023.79050
2015-09-16,1023.99220
2015-09-17,1024.20420
2015-09-18,1024.41540
2015-09-19,1024.62560
2015-09-20,1024.83600
2015-09-21,1025.04530
2015-09-22,1025.25800
2015-09-23,1025.47720
2015-09-24,1025.69250
2015-09-25,1025.90300
2015-09-26,1023.16330
2015-09-27,1023.37330
2015-09-28,1023.59300
2015-09-29,1023.92760
2015-09-30,1024.17800
2015-10-01,1024.40700
2015-10-02,1024.62030
2015-10-03,1024.83360
2015-10-04,1025.04710
2015-10-05,1025.27120
2015-10-06,1025.47960
2015-10-07,1025.69160
2015-10-08,1025.89990
2015-10-09,1026.10820
2015-10-10,1023.16330
2015-10-11,1023.37200
2015-10-12,1023.58410
2015-10-13,1023.79120
2015-10-14,1023.99800
2015-10-15,1024.20460
2015-10-16,1024.41670
2015-10-17,1024.62510
2015-10-18,1024.83350
2015-10-19,1025.04320
2015-10-20,1025.25190
2015-10-21,1025.45730
2015-10-22,1025.66550
2015-10-23,1025.87250
2015-10-24,1023.16330
2015-10-25,1023.37010
2015-10-26,1023.57540
2015-10-27,1023.78450
2015-10-28,1023.99210
2015-10-29,1024.19800
2015-10-30,1024.40390
2015-10-31,1024.60960
2015-11-01,1024.81540
2015-11-02,1025.02540
2015-11-03,1025.23370
2015-11-04,1025.44600
2015-11-05,1025.65190
2015-11-06,1025.86170
2015-11-07,1023.16330
2015-11-08,1023.37160
2015-11-09,1023.57860
2015-11-10,1023.78410
2015-11-11,1023.99000
2015-11-12,1024.19590
2015-11-13,1024.40120
2015-11-14,1024.60670
2015-11-15,1024.81230
2015-11-16,1025.01970
2015-11-17,1025.22900
2015-11-18,1025.43480
2015-11-19,1025.64030
2015-11-20,1025.84450
2015-11-21,1023.16330
2015-11-22,1023.36690
2015-11-23,1023.57120
2015-11-24,1023.77040
2015-11-25,1023.97360
2015-11-26,1024.17910
2015-11-27,1024.37930
2015-11-28,1024.58200
2015-11-29,1024.78470
2015-11-30,1024.98870
2015-12-01,1025.18710
2015-12-02,1025.38710
2015-12-03,1025.59370
2015-12-04,1025.79660
2015-12-05,1023.16330
2015-12-06,1023.36620
2015-12-07,1023.56710
2015-12-08,1023.76680
2015-12-09,1023.96320
2015-12-10,1024.17520
2015-12-11,1024.36600
2015-12-12,1024.57270
2015-12-13,1024.77930
2015-12-14,1024.98840
2015-12-15,1025.19380
2015-12-16,1025.40400
2015-12-17,1025.61470
2015-12-18,1025.82330
2015-12-19,1023.16330
2015-12-20,1023.37110
2015-12-21,1023.58170
2015-12-22,1023.79060
2015-12-23,1023.99460
2015-12-24,1024.20070
2015-12-25,1024.40690
2015-12-26,1024.61310
2015-12-27,1024.81940
2015-12-28,1025.03460
2015-12-29,1025.25200
2015-12-30,1025.48130
2015-12-31,1025.73770
2016-01-01,1025.96110
2016-01-02,1023.16330
2016-01-03,1023.37080
2016-01-04,1023.57850
2016-01-05,1023.78780
2016-01-06,1023.99040
2016-01-07,1024.18710
2016-01-08,1024.39490
2016-01-09,1024.60070
2016-01-10,1024.80660
2016-01-11,1025.01760
2016-01-12,1025.22260
2016-01-13,1025.42750
2016-01-14,1025.63220
2016-01-15,1025.84020
2016-01-16,1023.16330
2016-01-17,1023.37010
2016-01-18,1023.57500
2016-01-19,1023.77730
2016-01-20,1023.98100
2016-01-21,1024.18590
2016-01-22,1024.38150
2016-01-23,1024.58870
2016-01-24,1024.79590
2016-01-25,1025.00410
2016-01-26,1025.21160
2016-01-27,1025.41360
2016-01-28,1025.61780
2016-01-29,1025.82930
2016-01-30,1023.16330
2016-01-31,1023.37070
2016-02-01,1023.58050
2016-02-02,1023.78340
2016-02-03,1023.99010
2016-02-04,1024.19780
2016-02-05,1024.40630
2016-02-06,1024.61470
2016-02-07,1024.82300
2016-02-08,1025.03250
2016-02-09,1025.24750
2016-02-10,1025.46230
2016-02-11,1025.67420
2016-02-12,1025.88400
2016-02-13,1023.16330
2016-02-14,1023.37150
2016-02-15,1023.57970
2016-02-16,1023.78720
2016-02-17,1023.99460
2016-02-18,1024.19830
2016-02-19,1024.40720
2016-02-20,1024.61620
2016-02-21,1024.82520
2016-02-22,1025.03680
2016-02-23,1025.23850
2016-02-24,1025.44590
2016-02-25,1025.64820
2016-02-26,1025.84340
2016-02-27,1023.16330
2016-02-28,1023.37430
2016-02-29,1023.62900
2016-03-01,1023.86230
2016-03-02,1024.07860
2016-03-03,1024.32220
2016-03-04,1024.50720
2016-03-05,1024.72460
2016-03-06,1024.94200
2016-03-07,1025.15750
2016-03-08,1025.38780
2016-03-09,1025.60320
2016-03-10,1025.81220
2016-03-11,1026.04000
2016-03-12,1023.16330
2016-03-13,1023.38370
2016-03-14,1023.67550
2016-03-15,1023.92720
2016-03-16,1024.14530
2016-03-17,1024.38990
2016-03-18,1024.66170
2016-03-19,1024.88800
2016-03-20,1025.11440
2016-03-21,1025.34190
2016-03-22,1025.58380
2016-03-23,1025.72600
2016-03-24,1025.95520
2016-03-25,1026.18460
2016-03-26,1023.16330
2016-03-27,1023.39210
2016-03-28,1023.59480
2016-03-29,1023.86150
2016-03-30,1024.20980
2016-03-31,1025.55970
2016-04-01,1025.78570
2016-04-02,1026.01390
2016-04-03,1026.24240
2016-04-04,1026.47960
2016-04-05,1026.75600
2016-04-06,1026.96740
2016-04-07,1027.18380
2016-04-08,1027.39970
2016-04-09,1023.16330
2016-04-10,1023.37840
2016-04-11,1023.58460
2016-04-12,1023.81110
2016-04-13,1024.03190
2016-04-14,1024.25260
2016-04-15,1024.47340
2016-04-16,1024.69410
2016-04-17,1024.91500
2016-04-18,1025.13100
2016-04-19,1025.34500
2016-04-20,1025.56010
2016-04-21,1025.77220
2016-04-22,1025.98680
2016-04-23,1023.16330
2016-04-24,1023.37750
2016-04-25,1023.59180
2016-04-26,1023.80320
2016-04-27,1024.01670
2016-04-28,1024.24570
2016-04-29,1024.46470
2016-04-30,1024.68330
2016-05-01,1024.90200
2016-05-02,1025.11800
2016-05-03,1025.33910
2016-05-04,1025.55800
2016-05-05,1025.77980
2016-05-06,1026.00260
2016-05-07,1023.16330
2016-05-08,1023.38360
2016-05-09,1023.60250
2016-05-10,1023.82480
2016-05-11,1024.04710
2016-05-12,1024.26280
2016-05-13,1024.47710
2016-05-14,1024.69350
2016-05-15,1024.90850
2016-05-16,1025.12930
2016-05-17,1025.34530
2016-05-18,1025.58570
2016-05-19,1025.79940
2016-05-20,1026.03020
2016-05-21,1023.16330
2016-05-22,1023.37430
2016-05-23,1023.58750
2016-05-24,1023.80320
2016-05-25,1024.02210
2016-05-26,1024.22630
2016-05-27,1024.43850
2016-05-28,1024.65110
2016-05-29,1024.86360
2016-05-30,1025.07420
2016-05-31,1025.29000
2016-06-01,1025.50850
2016-06-02,1025.72170
2016-06-03,1025.93270
2016-06-04,1023.16330
2016-06-05,1023.36950
2016-06-06,1023.58170
2016-06-07,1023.79960
2016-06-08,1024.01760
2016-06-09,1024.22260
2016-06-10,1024.43180
2016-06-11,1024.63440
2016-06-12,1024.83690
2016-06-13,1025.04920
2016-06-14,1025.26970
2016-06-15,1025.47870
2016-06-16,1025.68050
2016-06-17,1025.89100
2016-06-18,1023.16330
2016-06-19,1023.36320
2016-06-20,1023.56260
2016-06-21,1023.77270
2016-06-22,1023.98020
2016-06-23,1024.18730
2016-06-24,1024.37350
2016-06-25,1024.57790
2016-06-26,1024.78230
2016-06-27,1024.99520
2016-06-28,1025.20710
2016-06-29,1025.41590
2016-06-30,1025.66260
2016-07-01,1025.86730
2016-07-02,1023.16330
2016-07-03,1023.36120
2016-07-04,1023.56670
2016-07-05,1023.78480
2016-07-06,1023.98550
2016-07-07,1024.21830
2016-07-08,1024.41350
2016-07-09,1024.61420
2016-07-10,1024.81520
2016-07-11,1025.01530
2016-07-12,1025.21730
2016-07-13,1025.42350
2016-07-14,1025.62630
2016-07-15,1025.82710
2016-07-16,1023.16330
2016-07-17,1023.36240
2016-07-18,1023.56260
2016-07-19,1023.75910
2016-07-20,1023.95830
2016-07-21,1024.15540
2016-07-22,1024.35680
2016-07-23,1024.55380
2016-07-24,1024.75080
2016-07-25,1024.94870
2016-07-26,1025.14680
2016-07-27,1025.34680
2016-07-28,1025.55690
2016-07-29,1025.75400
2016-07-30,1023.16330
2016-07-31,1023.36060
2016-08-01,1023.55530
2016-08-02,1023.75250
2016-08-03,1023.94790
2016-08-04,1024.14040
2016-08-05,1024.33860
2016-08-06,1024.53330
2016-08-07,1024.72800
2016-08-08,1024.92280
2016-08-09,1025.11190
2016-08-10,1025.30460
2016-08-11,1025.50140
2016-08-12,1025.69090
2016-08-13,1023.16330
2016-08-14,1023.35330
2016-08-15,1023.54320
2016-08-16,1023.73520
2016-08-17,1023.91960
2016-08-18,1024.11310
2016-08-19,1024.30220
2016-08-20,1024.48960
2016-08-21,1024.67700
2016-08-22,1024.86620
2016-08-23,1025.05940
2016-08-24,1025.25830
2016-08-25,1025.45280
2016-08-26,1025.64160
2016-08-27,1023.16330
2016-08-28,1023.35200
2016-08-29,1023.55010
2016-08-30,1023.73350
2016-08-31,1023.92960
2016-09-01,1024.11800
2016-09-02,1024.30590
2016-09-03,1024.49190
2016-09-04,1024.67810
2016-09-05,1024.86420
2016-09-06,1025.04930
2016-09-07,1025.24000
2016-09-08,1025.42890
2016-09-09,1025.62000
2016-09-10,1023.16330
2016-09-11,1023.34830
2016-09-12,1023.53990
2016-09-13,1023.72450
2016-09-14,1023.91840
2016-09-15,1024.10680
2016-09-16,1024.29710
2016-09-17,1024.48180
2016-09-18,1024.66650
2016-09-19,1024.84820
2016-09-20,1025.03410
2016-09-21,1025.21970
2016-09-22,1025.40890
2016-09-23,1025.60050
2016-09-24,1023.16330
2016-09-25,1023.35000
2016-09-26,1023.54790
2016-09-27,1023.73650
2016-09-28,1023.92850
2016-09-29,1024.12310
2016-09-30,1024.37380
2016-10-01,1024.55690
2016-10-02,1024.74020
2016-10-03,1024.95280
2016-10-04,1025.14620
2016-10-05,1025.35420
2016-10-06,1025.53510
2016-10-07,1025.72790
2016-10-08,1023.16330
2016-10-09,1023.34740
2016-10-10,1023.52790
2016-10-11,1023.71200
2016-10-12,1023.89620
2016-10-13,1024.06970
2016-10-14,1024.23930
2016-10-15,1024.42420
2016-10-16,1024.60910
2016-10-17,1024.79960
2016-10-18,1024.98120
2016-10-19,1025.16360
2016-10-20,1025.35370
2016-10-21,1025.53650
2016-10-22,1023.16330
2016-10-23,1023.34690
2016-10-24,1023.52580
2016-10-25,1023.70600
2016-10-26,1023.88330
2016-10-27,1024.06410
2016-10-28,1024.24740
2016-10-29,1024.43060
2016-10-30,1024.61390
2016-10-31,1024.79730
2016-11-01,1024.98090
2016-11-02,1025.16410
2016-11-03,1025.34720
2016-11-04,1025.52990
2016-11-05,1023.16330
2016-11-06,1023.34580
2016-11-07,1023.53080
2016-11-08,1023.71370
2016-11-09,1023.89650
2016-11-10,1024.07940
2016-11-11,1024.26250
2016-11-12,1024.44510
2016-11-13,1024.62780
2016-11-14,1024.81050
2016-11-15,1025.00550
2016-11-16,1025.20660
2016-11-17,1025.39930
2016-11-18,1025.58300
2016-11-19,1023.16330
2016-11-20,1023.34540
2016-11-21,1023.53670
2016-11-22,1023.74520
2016-11-23,1023.94940
2016-11-24,1024.18280
2016-11-25,1024.34080
2016-11-26,1024.51780
2016-11-27,1024.69490
2016-11-28,1024.85700
2016-11-29,1025.03130
2016-11-30,1025.20660
2016-12-01,1025.38380
2016-12-02,1025.54010
2016-12-03,1023.16330
2016-12-04,1023.34010
2016-12-05,1023.51780
2016-12-06,1023.70050
2016-12-07,1023.82620
2016-12-08,1024.00000
2016-12-09,1024.18640
2016-12-10,1024.36310
2016-12-11,1024.53980
2016-12-12,1024.71660
2016-12-13,1024.89580
2016-12-14,1025.07630
2016-12-15,1025.25150
2016-12-16,1025.42180
2016-12-17,1023.16330
2016-12-18,1023.33780
2016-12-19,1023.51120
2016-12-20,1023.68630
2016-12-21,1023.86420
2016-12-22,1024.03940
2016-12-23,1024.19100
2016-12-24,1024.37920
2016-12-25,1024.56750
2016-12-26,1024.74310
2016-12-27,1024.91870
2016-12-28,1025.09560
2016-12-29,1025.27650
2016-12-30,1025.45560
2016-12-31,1023.16330
2017-01-01,1023.34260
2017-01-02,1023.52310
2017-01-03,1023.69960
2017-01-04,1023.87630
2017-01-05,1024.05360
2017-01-06,1024.23140
2017-01-07,1024.41040
2017-01-08,1024.58700
2017-01-09,1024.77600
2017-01-10,1024.95520
2017-01-11,1025.13390
2017-01-12,1025.31420
2017-01-13,1025.49300
2017-01-14,1023.16330
2017-01-15,1023.34180
2017-01-16,1023.51970
2017-01-17,1023.69610
2017-01-18,1023.87290
2017-01-19,1024.05200
2017-01-20,1024.23060
2017-01-21,1024.40830
2017-01-22,1024.58620
2017-01-23,1024.76390
2017-01-24,1024.94280
2017-01-25,1025.12070
2017-01-26,1025.29890
2017-01-27,1025.48120
2017-01-28,1023.16330
2017-01-29,1023.34280
2017-01-30,1023.52770
2017-01-31,1023.71420
2017-02-01,1023.91230
2017-02-02,1024.09940
2017-02-03,1024.28970
2017-02-04,1024.47220
2017-02-05,1024.65470
2017-02-06,1024.84230
2017-02-07,1025.02260
2017-02-08,1025.17600
2017-02-09,1025.35140
2017-02-10,1025.53240
2017-02-11,1023.16330
2017-02-12,1023.34070
2017-02-13,1023.52320
2017-02-14,1023.70460
2017-02-15,1023.88670
2017-02-16,1024.06810
2017-02-17,1024.24480
2017-02-18,1024.41800
2017-02-19,1024.59120
2017-02-20,1024.76970
2017-02-21,1024.94790
2017-02-22,1025.13860
2017-02-23,1025.32010
2017-02-24,1025.49930
2017-02-25,1023.16330
2017-02-26,1023.34210
2017-02-27,1023.52490
2017-02-28,1023.71690
2017-03-01,1023.88900
2017-03-02,1024.07400
2017-03-03,1024.24650
2017-03-04,1024.42050
2017-03-05,1024.59460
2017-03-06,1024.77990
2017-03-07,1024.95750
2017-03-08,1025.13500
2017-03-09,1025.31410
2017-03-10,1025.50270
2017-03-11,1023.16330
2017-03-12,1023.35210
2017-03-13,1023.54110
2017-03-14,1023.73130
2017-03-15,1023.92510
2017-03-16,1024.12050
2017-03-17,1024.31510
2017-03-18,1024.51050
2017-03-19,1024.70590
2017-03-20,1024.89060
2017-03-21,1025.06850
2017-03-22,1025.25220
2017-03-23,1025.43220
2017-03-24,1025.60830
2017-03-25,1023.16330
2017-03-26,1023.34140
2017-03-27,1023.52480
2017-03-28,1023.70240
2017-03-29,1023.87090
2017-03-30,1024.05620
2017-03-31,1024.33840
2017-04-01,1024.51830
2017-04-02,1024.69900
2017-04-03,1024.88530
2017-04-04,1025.06520
2017-04-05,1025.24780
2017-04-06,1025.41900
2017-04-07,1025.60070
2017-04-08,1023.16330
2017-04-09,1023.34130
2017-04-10,1023.51980
2017-04-11,1023.69870
2017-04-12,1023.87720
2017-04-13,1024.05400
2017-04-14,1024.23000
2017-04-15,1024.40600
2017-04-16,1024.58160
2017-04-17,1024.75700
2017-04-18,1024.93320
2017-04-19,1025.11280
2017-04-20,1025.28910
2017-04-21,1025.46510
2017-04-22,1023.16330
2017-04-23,1023.33910
2017-04-24,1023.51500
2017-04-25,1023.69150
2017-04-26,1023.86440
2017-04-27,1024.03930
2017-04-28,1024.21800
2017-04-29,1024.39740
2017-04-30,1024.57680
2017-05-01,1024.75630
2017-05-02,1024.93410
2017-05-03,1025.11290
2017-05-04,1025.29060
2017-05-05,1025.46810
2017-05-06,1023.16330
2017-05-07,1023.34150
2017-05-08,1023.51820
2017-05-09,1023.69280
2017-05-10,1023.86990
2017-05-11,1024.05900
2017-05-12,1024.23910
2017-05-13,1024.42150
2017-05-14,1024.60390
2017-05-15,1024.78990
2017-05-16,1024.97600
2017-05-17,1025.16200
2017-05-18,1025.34710
2017-05-19,1025.52040
2017-05-20,1023.16330
2017-05-21,1023.33870
2017-05-22,1023.51370
2017-05-23,1023.69070
2017-05-24,1023.86530
2017-05-25,1024.04090
2017-05-26,1024.21630
2017-05-27,1024.39120
2017-05-28,1024.56610
2017-05-29,1024.74030
2017-05-30,1024.91750
2017-05-31,1025.09660
2017-06-01,1025.27160
2017-06-02,1025.44670
2017-06-03,1023.16330
2017-06-04,1023.33760
2017-06-05,1023.52100
2017-06-06,1023.69550
2017-06-07,1023.88480
2017-06-08,1024.05470
2017-06-09,1024.23080
2017-06-10,1024.40640
2017-06-11,1024.58210
2017-06-12,1024.75760
2017-06-13,1024.93340
2017-06-14,1025.10930
2017-06-15,1025.28750
2017-06-16,1025.46600
2017-06-17,1023.16330
2017-06-18,1023.34150
2017-06-19,1023.51930
2017-06-20,1023.69660
2017-06-21,1023.87450
2017-06-22,1024.05460
2017-06-23,1024.23830
2017-06-24,1024.41430
2017-06-25,1024.59450
2017-06-26,1024.77480
2017-06-27,1024.98520
2017-06-28,1025.17280
2017-06-29,1025.34660
2017-06-30,1025.53320
2017-07-01,1023.16330
2017-07-02,1023.34470
2017-07-03,1023.52350
2017-07-04,1023.72370
2017-07-05,1023.90810
2017-07-06,1024.09480
2017-07-07,1024.28030
2017-07-08,1024.46300
2017-07-09,1024.64580
2017-07-10,1024.83720
2017-07-11,1025.01220
2017-07-12,1025.19090
2017-07-13,1025.37360
2017-07-14,1025.55350
2017-07-15,1023.16330
2017-07-16,1023.33780
2017-07-17,1023.51460
2017-07-18,1023.68810
2017-07-19,1023.86880
2017-07-20,1024.04740
2017-07-21,1024.22670
2017-07-22,1024.40270
2017-07-23,1024.57880
2017-07-24,1024.75490
2017-07-25,1024.93100
2017-07-26,1025.10320
2017-07-27,1025.27680
2017-07-28,1025.45100
2017-07-29,1023.16330
2017-07-30,1023.33740
2017-07-31,1023.51230
2017-08-01,1023.68810
2017-08-02,1023.86330
2017-08-03,1024.04350
2017-08-04,1024.23220
2017-08-05,1024.42020
2017-08-06,1024.60820
2017-08-07,1024.79110
2017-08-08,1024.97520
2017-08-09,1025.16030
2017-08-10,1025.34400
2017-08-11,1025.51880
2017-08-12,1023.16330
2017-08-13,1023.33640
2017-08-14,1023.50920
2017-08-15,1023.68200
2017-08-16,1023.85200
2017-08-17,1024.02660
2017-08-18,1024.19940
2017-08-19,1024.37210
2017-08-20,1024.54490
2017-08-21,1024.71630
2017-08-22,1024.88720
2017-08-23,1025.05880
2017-08-24,1025.23160
2017-08-25,1025.40450
2017-08-26,1023.16330
2017-08-27,1023.33580
2017-08-28,1023.50770
2017-08-29,1023.68160
2017-08-30,1023.85590
2017-08-31,1024.02880
2017-09-01,1024.20160
2017-09-02,1024.37460
2017-09-03,1024.54750
2017-09-04,1024.72030
2017-09-05,1024.89520
2017-09-06,1025.07780
2017-09-07,1025.25150
2017-09-08,1025.42250
2017-09-09,1023.16330
2017-09-10,1023.33460
2017-09-11,1023.50900
2017-09-12,1023.68380
2017-09-13,1023.85860
2017-09-14,1024.03690
2017-09-15,1024.21510
2017-09-16,1024.39260
2017-09-17,1024.57020
2017-09-18,1024.74570
2017-09-19,1024.92180
2017-09-20,1025.10040
2017-09-21,1025.27250
2017-09-22,1025.44470
2017-09-23,1023.16330
2017-09-24,1023.33660
2017-09-25,1023.51570
2017-09-26,1023.69570
2017-09-27,1023.87250
2017-09-28,1024.05270
2017-09-29,1024.23610
2017-09-30,1024.41230
2017-10-01,1024.58840
2017-10-02,1024.76470
2017-10-03,1024.94880
2017-10-04,1025.12930
2017-10-05,1025.29850
2017-10-06,1025.46840
2017-10-07,1023.16330
2017-10-08,1023.33610
2017-10-09,1023.50650
2017-10-10,1023.68190
2017-10-11,1023.85930
2017-10-12,1024.03720
2017-10-13,1024.21920
2017-10-14,1024.39770
2017-10-15,1024.57610
2017-10-16,1024.75930
2017-10-17,1024.93390
2017-10-18,1025.10620
2017-10-19,1025.27780
2017-10-20,1025.44950
2017-10-21,1023.16330
2017-10-22,1023.33460
2017-10-23,1023.50470
2017-10-24,1023.67580
2017-10-25,1023.84720
2017-10-26,1024.01660
2017-10-27,1024.18680
2017-10-28,1024.35720
2017-10-29,1024.52780
2017-10-30,1024.70630
2017-10-31,1024.88890
2017-11-01,1025.07130
2017-11-02,1025.25400
2017-11-03,1025.43490
2017-11-04,1023.16330
2017-11-05,1023.34210
2017-11-06,1023.52270
2017-11-07,1023.70590
2017-11-08,1023.88380
2017-11-09,1024.05770
2017-11-10,1024.22290
2017-11-11,1024.39690
2017-11-12,1024.57090
2017-11-13,1024.74020
2017-11-14,1024.91060
2017-11-15,1025.08100
2017-11-16,1025.24890
2017-11-17,1025.41920
2017-11-18,1023.16330
2017-11-19,1023.33460
2017-11-20,1023.50770
2017-11-21,1023.68210
2017-11-22,1023.85570
2017-11-23,1024.02790
2017-11-24,1024.20000
2017-11-25,1024.37220
2017-11-26,1024.54450
2017-11-27,1024.71680
2017-11-28,1024.88870
2017-11-29,1025.06290
2017-11-30,1025.23780
2017-12-01,1025.41200
2017-12-02,1023.16330
2017-12-03,1023.33730
2017-12-04,1023.50930
2017-12-05,1023.68130
2017-12-06,1023.85330
2017-12-07,1024.02770
2017-12-08,1024.19940
2017-12-09,1024.37230
2017-12-10,1024.54530
2017-12-11,1024.71660
2017-12-12,1024.88760
2017-12-13,1025.06110
2017-12-14,1025.23350
2017-12-15,1025.40560
2017-12-16,1023.16330
2017-12-17,1023.33760
2017-12-18,1023.51000
2017-12-19,1023.68100
2017-12-20,1023.85220
2017-12-21,1024.02330
2017-12-22,1024.20180
2017-12-23,1024.37790
2017-12-24,1024.55390
2017-12-25,1024.73000
2017-12-26,1024.90650
2017-12-27,1025.08860
2017-12-28,1025.27550
2017-12-29,1025.50310
2017-12-30,1023.16330
2017-12-31,1023.34400
2018-01-01,1023.52230
2018-01-02,1023.69770
2018-01-03,1023.87550
2018-01-04,1024.05010
2018-01-05,1024.23190
2018-01-06,1024.40990
2018-01-07,1024.58800
2018-01-08,1024.76680
2018-01-09,1024.94640
2018-01-10,1025.12570
2018-01-11,1025.30360
2018-01-12,1025.48080
2018-01-13,1023.16330
2018-01-14,1023.34100
2018-01-15,1023.51810
2018-01-16,1023.69500
2018-01-17,1023.87170
2018-01-18,1024.05030
2018-01-19,1024.22960
2018-01-20,1024.40890
2018-01-21,1024.58830
2018-01-22,1024.77180
2018-01-23,1024.95650
2018-01-24,1025.13940
2018-01-25,1025.32040
2018-01-26,1025.50180
2018-01-27,1023.16330
2018-01-28,1023.34450
2018-01-29,1023.52520
2018-01-30,1023.70830
2018-01-31,1023.89360
2018-02-01,1024.07370
2018-02-02,1024.25360
2018-02-03,1024.43610
2018-02-04,1024.61870
2018-02-05,1024.80200
2018-02-06,1024.98470
2018-02-07,1025.16700
2018-02-08,1025.34890
2018-02-09,1025.53050
2018-02-10,1023.16330
2018-02-11,1023.34430
2018-02-12,1023.52670
2018-02-13,1023.70840
2018-02-14,1023.88860
2018-02-15,1024.06970
2018-02-16,1024.24990
2018-02-17,1024.43050
2018-02-18,1024.61120
2018-02-19,1024.79170
2018-02-20,1024.97370
2018-02-21,1025.15560
2018-02-22,1025.33420
2018-02-23,1025.51550
2018-02-24,1023.16330
2018-02-25,1023.34460
2018-02-26,1023.52750
2018-02-27,1023.71100
2018-02-28,1023.90390
2018-03-01,1024.08780
2018-03-02,1024.27090
2018-03-03,1024.45430
2018-03-04,1024.63770
2018-03-05,1024.82590
2018-03-06,1025.06440
2018-03-07,1025.31940
2018-03-08,1025.50330
2018-03-09,1025.68760
2018-03-10,1023.16330
2018-03-11,1023.34720
2018-03-12,1023.57530
2018-03-13,1023.76850
2018-03-14,1023.96420
2018-03-15,1024.22710
2018-03-16,1024.55790
2018-03-17,1024.74220
2018-03-18,1024.92660
2018-03-19,1025.11350
2018-03-20,1025.29130
2018-03-21,1025.42310
2018-03-22,1025.57440
2018-03-23,1025.67280
2018-03-24,1023.16330
2018-03-25,1023.35980
2018-03-26,1023.49090
2018-03-27,1023.69090
2018-03-28,1024.83410
2018-03-29,1025.02340
2018-03-30,1025.21240
2018-03-31,1025.40220
2018-04-01,1025.59200
2018-04-02,1025.78200
2018-04-03,1025.97540
2018-04-04,1026.18660
2018-04-05,1026.37850
2018-04-06,1026.56750
2018-04-07,1023.16330
2018-04-08,1023.35100
2018-04-09,1023.53790
2018-04-10,1023.72390
2018-04-11,1023.90640
2018-04-12,1024.09390
2018-04-13,1024.27990
2018-04-14,1024.46650
2018-04-15,1024.65310
2018-04-16,1024.83930
2018-04-17,1025.02460
2018-04-18,1025.20920
2018-04-19,1025.39490
2018-04-20,1025.58080
2018-04-21,1023.16330
2018-04-22,1023.34950
2018-04-23,1023.53470
2018-04-24,1023.71880
2018-04-25,1023.90310
2018-04-26,1024.08920
2018-04-27,1024.27800
2018-04-28,1024.46690
2018-04-29,1024.65590
2018-04-30,1024.84480
2018-05-01,1025.03380
2018-05-02,1025.21700
2018-05-03,1025.40140
2018-05-04,1025.58220
2018-05-05,1023.16330
2018-05-06,1023.34870
2018-05-07,1023.53260
2018-05-08,1023.71790
2018-05-09,1023.90120
2018-05-10,1024.08340
2018-05-11,1024.26770
2018-05-12,1024.45240
2018-05-13,1024.63710
2018-05-14,1024.82100
2018-05-15,1025.00130
2018-05-16,1025.18290
2018-05-17,1025.36470
2018-05-18,1025.54700
2018-05-19,1023.16330
2018-05-20,1023.34700
2018-05-21,1023.52910
2018-05-22,1023.71740
2018-05-23,1023.90670
2018-05-24,1024.09740
2018-05-25,1024.29070
2018-05-26,1024.48490
2018-05-27,1024.67920
2018-05-28,1024.88000
2018-05-29,1025.09850
2018-05-30,1025.34660
2018-05-31,1025.53940
2018-06-01,1025.72430
2018-06-02,1023.16330
2018-06-03,1023.36080
2018-06-04,1023.55720
2018-06-05,1023.75620
2018-06-06,1023.98730
2018-06-07,1024.18560
2018-06-08,1024.38470
2018-06-09,1024.58270
2018-06-10,1024.78070
2018-06-11,1024.98170
2018-06-12,1025.17970
2018-06-13,1025.38140
2018-06-14,1025.58620
2018-06-15,1025.79060
2018-06-16,1023.16330
2018-06-17,1023.36510
2018-06-18,1023.59580
2018-06-19,1023.81670
2018-06-20,1024.02820
2018-06-21,1024.23540
2018-06-22,1024.43460
2018-06-23,1024.64180
2018-06-24,1024.84910
2018-06-25,1025.05280
2018-06-26,1025.25590
2018-06-27,1025.45780
2018-06-28,1025.66520
2018-06-29,1025.88760
2018-06-30,1023.16330
2018-07-01,1023.36950
2018-07-02,1023.58980
2018-07-03,1023.82060
2018-07-04,1024.04440
2018-07-05,1024.27070
2018-07-06,1024.47170
2018-07-07,1024.67610
2018-07-08,1024.88070
2018-07-09,1025.07950
2018-07-10,1025.27680
2018-07-11,1025.47510
2018-07-12,1025.67110
2018-07-13,1025.87220
2018-07-14,1023.16330
2018-07-15,1023.36110
2018-07-16,1023.55840
2018-07-17,1023.75500
2018-07-18,1023.95230
2018-07-19,1024.15050
2018-07-20,1024.34600
2018-07-21,1024.54420
2018-07-22,1024.74260
2018-07-23,1024.93770
2018-07-24,1025.13360
2018-07-25,1025.32560
2018-07-26,1025.51930
2018-07-27,1025.71520
2018-07-28,1023.16330
2018-07-29,1023.35740
2018-07-30,1023.55770
2018-07-31,1023.76950
2018-08-01,1023.99210
2018-08-02,1024.20850
2018-08-03,1024.42410
2018-08-04,1024.63110
2018-08-05,1024.83830
2018-08-06,1025.04380
2018-08-07,1025.23930
2018-08-08,1025.43410
2018-08-09,1025.63170
2018-08-10,1025.82420
2018-08-11,1023.16330
2018-08-12,1023.35530
2018-08-13,1023.54570
2018-08-14,1023.73540
2018-08-15,1023.92780
2018-08-16,1024.11920
2018-08-17,1024.31120
2018-08-18,1024.50440
2018-08-19,1024.69750
2018-08-20,1024.88720
2018-08-21,1025.07560
2018-08-22,1025.26730
2018-08-23,1025.45890
2018-08-24,1025.64950
2018-08-25,1023.16330
2018-08-26,1023.35580
2018-08-27,1023.55080
2018-08-28,1023.74700
2018-08-29,1023.94200
2018-08-30,1024.13790
2018-08-31,1024.33230
2018-09-01,1024.52750
2018-09-02,1024.72260
2018-09-03,1024.91710
2018-09-04,1025.11110
2018-09-05,1025.30550
2018-09-06,1025.50300
2018-09-07,1025.69910
2018-09-08,1023.16330
2018-09-09,1023.35890
2018-09-10,1023.55410
2018-09-11,1023.74850
2018-09-12,1023.94010
2018-09-13,1024.13320
2018-09-14,1024.32700
2018-09-16,1024.71510
2018-09-17,1024.90940
2018-09-18,1025.11360
2018-09-20,1025.50770
2018-09-21,1025.70750
2018-09-23,1023.36150
2018-09-24,1023.55890
2018-09-25,1023.72650
2018-09-26,1023.92060
2018-09-27,1024.14170
2018-09-28,1024.38540
2018-09-30,1024.80370
2018-10-02,1025.20570
2018-10-03,1025.40390
2018-10-04,1025.60510
2018-10-05,1025.82090
2018-10-07,1023.36840
2018-10-08,1023.57170
2018-10-09,1023.77740
2018-10-10,1023.98110
2018-10-11,1024.18550
2018-10-12,1024.39130
2018-10-14,1024.80290
2018-10-15,1025.00760
2018-10-16,1025.21120
2018-10-18,1025.62030
2018-10-19,1025.82620
2018-10-21,1023.36890
2018-10-22,1023.57390
2018-10-23,1023.78140
2018-10-24,1023.98600
2018-10-25,1024.19060
2018-10-26,1024.39450
2018-10-28,1024.80320
2018-10-29,1025.00780
2018-10-30,1025.21370
2018-10-31,1025.41990
2018-11-01,1025.62600
2018-11-02,1025.83330
2018-11-04,1023.36950
2018-11-05,1023.57690
2018-11-07,1023.99320
2018-11-08,1024.20050
2018-11-09,1024.41000
2018-11-11,1024.82400
2018-11-12,1025.03380
2018-11-13,1025.24350
2018-11-14,1025.45780
2018-11-15,1025.67160
2018-11-16,1025.87860
2018-11-18,1023.36820
2018-11-19,1023.57720
2018-11-20,1023.78260
2018-11-21,1023.98760
2018-11-23,1024.39420
2018-11-25,1024.80060
2018-11-26,1025.00640
2018-11-27,1025.20780
2018-11-28,1025.41110
2018-11-29,1025.61740
2018-11-30,1025.82510
2018-12-02,1023.36590
2018-12-03,1023.57120
2018-12-04,1023.76870
2018-12-05,1023.98150
2018-12-06,1024.18720
2018-12-07,1024.38740
2018-12-09,1024.78160
2018-12-10,1024.97840
2018-12-11,1025.17280
2018-12-12,1025.37320
2018-12-13,1025.57450
2018-12-14,1025.77630
2018-12-15,1023.16330
2018-12-16,1023.36220
2018-12-17,1023.56070
2018-12-18,1023.76170
2018-12-19,1023.96270
2018-12-20,1024.15620
2018-12-21,1024.34940
2018-12-23,1024.74560
2018-12-24,1024.94240
2018-12-25,1025.14210
2018-12-26,1025.33810
2018-12-27,1025.53980
2018-12-28,1025.74390
2018-12-29,1023.16330
2018-12-30,1023.36140
2018-12-31,1023.59790
2019-01-01,1023.81870
2019-01-02,1024.04040
2019-01-03,1024.22440
2019-01-04,1024.43050
2019-01-06,1024.82830
2019-01-07,1025.02860
2019-01-08,1025.23230
2019-01-09,1025.43710
2019-01-10,1025.64070
2019-01-11,1025.83870
2019-01-13,1023.36050
2019-01-14,1023.55960
2019-01-15,1023.75510
2019-01-16,1023.95380
2019-01-17,1024.15570
2019-01-18,1024.35730
2019-01-20,1024.74600
2019-01-21,1024.94180
2019-01-22,1025.13820
2019-01-23,1025.33160
2019-01-24,1025.52730
2019-01-25,1025.72170
2019-01-27,1023.35700
2019-01-28,1023.55170
2019-01-29,1023.75670
2019-01-30,1023.95010
2019-01-31,1024.14310
2019-02-01,1024.33390
2019-02-03,1024.71830
2019-02-04,1024.90170
2019-02-05,1025.09320
2019-02-06,1025.28530
2019-02-07,1025.50270
2019-02-08,1025.69930
2019-02-09,1023.16330
2019-02-10,1023.35480
2019-02-11,1023.55070
2019-02-12,1023.73980
2019-02-13,1023.93570
2019-02-14,1024.12780
2019-02-15,1024.31250
2019-02-17,1024.69430
2019-02-18,1024.88050
2019-02-19,1025.07140
2019-02-20,1025.26080
2019-02-21,1025.45140
2019-02-22,1025.64270
2019-02-24,1023.35480
2019-02-25,1023.54540
2019-02-26,1023.73490
2019-02-27,1023.92380
2019-02-28,1024.11220
2019-03-01,1024.30740
2019-03-02,1024.50130
2019-03-04,1024.88910
2019-03-05,1025.08170
2019-03-06,1025.27490
2019-03-07,1025.47090
2019-03-08,1025.66200
2019-03-10,1023.35640
2019-03-11,1023.55150
2019-03-12,1023.75460
2019-03-13,1023.97240
2019-03-14,1024.20070
2019-03-15,1024.39030
2019-03-17,1024.78250
2019-03-18,1024.99280
2019-03-19,1025.20090
2019-03-20,1025.37170
2019-03-21,1025.56900
2019-03-22,1025.74370
2019-03-24,1023.36200
2019-03-25,1023.55660
2019-03-26,1023.75130
2019-03-27,1023.94860
2019-03-28,1024.16360
2019-03-29,1025.05510
2019-03-30,1025.24860
2019-03-31,1025.44240
2019-04-01,1025.63600
2019-04-02,1025.94900
2019-04-03,1026.11880
2019-04-04,1026.32410
2019-04-05,1026.51450
2019-04-07,1023.35120
2019-04-08,1023.51540
2019-04-09,1023.70120
2019-04-10,1023.88170
2019-04-11,1024.05980
2019-04-12,1024.22940
2019-04-14,1024.61220
2019-04-15,1024.80640
2019-04-16,1025.00380
2019-04-17,1025.19690
2019-04-18,1025.38750
2019-04-19,1025.57810
2019-04-21,1023.35340
2019-04-22,1023.53880
2019-04-23,1023.72390
2019-04-24,1023.91280
2019-04-25,1024.09780
2019-04-26,1024.28670
2019-04-28,1024.66720
2019-04-29,1024.85750
2019-04-30,1025.03790
2019-05-01,1025.22720
2019-05-02,1025.41480
2019-05-03,1025.60370
2019-05-05,1023.35250
2019-05-06,1023.54130
2019-05-07,1023.73920
2019-05-08,1023.93600
2019-05-09,1024.12950
2019-05-10,1024.32270
2019-05-12,1024.70550
2019-05-13,1024.90760
2019-05-14,1025.11650
2019-05-15,1025.32610
2019-05-16,1025.53610
2019-05-17,1025.73130
2019-05-19,1023.35190
2019-05-20,1023.54370
2019-05-21,1023.74940
2019-05-22,1023.94900
2019-05-23,1024.17230
2019-05-24,1024.36550
2019-05-26,1024.74300
2019-05-27,1024.92900
2019-05-28,1025.14330
2019-05-29,1025.33630
2019-05-30,1025.53200
2019-05-31,1025.75490
2019-06-01,1023.16330
2019-06-02,1023.35320
2019-06-03,1023.54930
2019-06-04,1023.74070
2019-06-05,1023.92870
2019-06-06,1024.13840
2019-06-07,1024.32360
2019-06-09,1024.69210
2019-06-10,1024.87990
2019-06-11,1025.05820
2019-06-12,1025.23720
2019-06-13,1025.41800
2019-06-14,1025.60180
2019-06-16,1023.34410
2019-06-17,1023.52490
2019-06-18,1023.70430
2019-06-19,1023.88500
2019-06-20,1024.07690
2019-06-21,1024.22340
2019-06-23,1024.57920
2019-06-24,1024.74800
2019-06-25,1024.92410
2019-06-26,1025.09630
2019-06-27,1025.27430
2019-06-28,1025.47540
2019-06-30,1023.34070
2019-07-01,1023.53130
2019-07-02,1023.72260
2019-07-03,1023.93240
2019-07-04,1024.13290
2019-07-05,1024.32670
2019-07-07,1024.67670
2019-07-08,1024.85590
2019-07-09,1025.03850
2019-07-10,1025.22380
2019-07-11,1025.40570
2019-07-12,1025.58260
2019-07-14,1023.33610
2019-07-15,1023.51810
2019-07-16,1023.73140
2019-07-17,1023.92400
2019-07-18,1024.09520
2019-07-19,1024.26470
2019-07-21,1024.60570
2019-07-22,1024.76860
2019-07-23,1024.93310
2019-07-24,1025.10470
2019-07-25,1025.28020
2019-07-26,1025.45230
2019-07-28,1023.33040
2019-07-29,1023.53530
2019-07-30,1023.71520
2019-07-31,1023.90540
2019-08-01,1024.10080
2019-08-02,1024.30270
2019-08-04,1024.63440
2019-08-05,1024.78870
2019-08-06,1024.97160
2019-08-07,1025.23080
2019-08-08,1025.40870
2019-08-09,1025.59330
2019-08-12,1023.47230
2019-08-13,1023.61710
2019-08-14,1023.73980
2019-08-15,1023.89940
2019-08-16,1024.07110
2019-08-18,1024.38060
2019-08-19,1024.53760
2019-08-20,1024.71880
2019-08-21,1024.89410
2019-08-22,1025.05280
2019-08-23,1025.21430
2019-08-25,1023.31690
2019-08-26,1023.48380
2019-08-27,1023.63060
2019-08-28,1023.80450
2019-08-29,1023.95640
2019-08-30,1024.10950
2019-09-01,1024.41040
2019-09-02,1024.56100
2019-09-03,1024.70950
2019-09-04,1024.87100
2019-09-05,1025.04430
2019-09-06,1025.20800
2019-09-08,1023.31310
2019-09-09,1023.46670
2019-09-10,1023.61660
2019-09-11,1023.78880
2019-09-12,1023.95630
2019-09-13,1024.10820
2019-09-15,1024.40740
2019-09-16,1024.55320
2019-09-17,1024.70140
2019-09-18,1024.85420
2019-09-19,1025.00490
2019-09-20,1025.09110
2019-09-22,1023.31430
2019-09-23,1023.39020
2019-09-24,1023.51550
2019-09-25,1023.66010
2019-09-26,1023.82710
2019-09-27,1024.02050
2019-09-29,1024.32580
2019-09-30,1024.59010
2019-10-02,1024.96560
2019-10-03,1025.15470
2019-10-04,1025.34890
2019-10-06,1023.31590
2019-10-08,1023.64490
2019-10-09,1023.80090
2019-10-10,1023.97060
2019-10-11,1024.15620
2019-10-13,1024.44420
2019-10-14,1024.65370
2019-10-15,1024.82940
2019-10-16,1024.98180
2019-10-17,1025.13300
2019-10-18,1025.28150
2019-10-21,1023.44600
2019-10-22,1023.54780
2019-10-23,1023.67630
2019-10-24,1023.83330
2019-10-25,1023.98140
2019-10-27,1024.26830
2019-10-28,1024.41200
2019-10-29,1024.56640
2019-10-30,1024.73190
2019-10-31,1024.89840
2019-11-01,1025.04840
2019-11-03,1023.30420
2019-11-04,1023.43900
2019-11-05,1023.56000
2019-11-06,1023.67820
2019-11-07,1023.80420
2019-11-08,1023.93180
2019-11-10,1024.21980
2019-11-12,1024.50390
2019-11-13,1024.67250
2019-11-14,1024.82410
2019-11-15,1024.96750
2019-11-17,1023.30530
2019-11-18,1023.44720
2019-11-19,1023.59660
2019-11-20,1023.76110
2019-11-21,1023.89840
2019-11-22,1024.04340
2019-11-23,1024.18550
2019-11-24,1024.32770
2019-11-25,1024.47440
2019-11-26,1024.61470
2019-11-27,1024.78690
2019-11-28,1024.94510
2019-11-29,1025.12490
2019-11-30,1023.16330
2019-12-01,1023.30730
2019-12-02,1023.45640
2019-12-03,1023.59350
2019-12-04,1023.74880
2019-12-05,1023.80650
2019-12-06,1023.95730
2019-12-08,1024.25060
2019-12-09,1024.40740
2019-12-10,1024.56420
2019-12-11,1024.71980
2019-12-12,1024.86090
2019-12-13,1024.98420
2019-12-15,1023.30280
2019-12-16,1023.44200
2019-12-17,1023.59020
2019-12-18,1023.73170
2019-12-19,1023.89150
2019-12-20,1024.01900
2019-12-22,1024.29790
2019-12-23,1024.43870
2019-12-25,1024.71440
2019-12-26,1024.85630
2019-12-27,1025.01720
2019-12-29,1023.29980
2019-12-30,1023.42720
2019-12-31,1023.56030
2020-01-01,1023.72460
2020-01-02,1023.94480
2020-01-03,1024.08070
2020-01-05,1024.34670
2020-01-06,1024.46360
2020-01-07,1024.60260
2020-01-08,1024.73090
2020-01-09,1024.87040
2020-01-10,1024.97030
2020-01-12,1023.30090
2020-01-13,1023.36940
2020-01-14,1023.47960
2020-01-15,1023.62570
2020-01-16,1023.76580
2020-01-17,1023.89640
2020-01-19,1024.18470
2020-01-20,1024.33260
2020-01-21,1024.47520
2020-01-22,1024.61110
2020-01-23,1024.75430
2020-01-24,1024.89150
2020-01-25,1023.16330
2020-01-26,1023.30390
2020-01-27,1023.44300
2020-01-28,1023.59120
2020-01-29,1023.73160
2020-01-30,1023.88050
2020-01-31,1024.01720
2020-02-02,1024.30140
2020-02-03,1024.43790
2020-02-04,1024.58080
2020-02-05,1024.72330
2020-02-06,1024.87740
2020-02-07,1025.03210
2020-02-09,1023.30440
2020-02-10,1023.44710
2020-02-11,1023.61130
2020-02-12,1023.77020
2020-02-13,1023.92140
2020-02-14,1024.06080
2020-02-16,1024.34120
2020-02-17,1024.48320
2020-02-18,1024.63220
2020-02-19,1024.77220
2020-02-21,1025.04640
2020-02-23,1023.30340
2020-02-24,1023.43710
2020-02-25,1023.57680
2020-02-26,1023.70980
2020-02-27,1023.78790
2020-02-28,1023.94210
2020-02-29,1024.08460
2020-03-01,1024.22700
2020-03-02,1024.35750
2020-03-03,1024.51020
2020-03-04,1024.78650
2020-03-05,1024.99690
2020-03-06,1025.18850
2020-03-07,1023.16330
2020-03-08,1023.34350
2020-03-10,1023.74750
2020-03-11,1023.91190
2020-03-12,1024.02640
2020-03-13,1024.06990
2020-03-15,1024.35150
2020-03-16,1024.47570
2020-03-17,1024.57550
2020-03-18,1024.55530
2020-03-19,1024.01700
2020-03-20,1024.11490
2020-03-21,1023.16330
2020-03-22,1023.32650
2020-03-23,1022.75680
2020-03-24,1022.19230
2020-03-25,1022.40890
2020-03-26,1022.96210
2020-03-27,1025.66650
2020-03-29,1025.97640
2020-03-30,1026.21900
2020-03-31,1026.58070
2020-04-01,1026.71520
2020-04-02,1026.84960
2020-04-03,1027.19530
2020-04-06,1027.57990
2020-04-07,1027.59400
2020-04-08,1027.70810
2020-04-09,1027.80240
2020-04-10,1027.93230
2020-04-12,1028.19200
2020-04-14,1028.45370
2020-04-15,1028.54950
2020-04-16,1028.72300
2020-04-17,1029.11090
2020-04-19,1029.35070
2020-04-20,1029.61080
2020-04-21,1029.79930
2020-04-22,1030.08600
2020-04-23,1030.21730
2020-04-24,1030.30850
2020-04-26,1030.53030
2020-04-27,1030.60520
2020-04-28,1030.59790
2020-04-29,1030.65530
2020-05-01,1030.83250
2020-05-03,1031.08460
2020-05-04,1031.21950
2020-05-05,1031.41440
2020-05-06,1031.63610
2020-05-07,1031.75960
2020-05-08,1031.91200
2020-05-10,1032.15960
2020-05-11,1032.31120
2020-05-12,1032.52930
2020-05-13,1032.71870
2020-05-14,1032.88630
2020-05-15,1033.18190
2020-05-17,1033.40770
2020-05-18,1033.54180
2020-05-19,1033.67470
2020-05-20,1033.85760
2020-05-21,1034.01040
2020-05-22,1034.23660
2020-05-25,1034.53580
2020-05-26,1034.67010
2020-05-27,1034.73270
2020-05-28,1034.80370
2020-05-29,1034.85160
2020-05-31,1035.05640
2020-06-01,1035.15080
2020-06-02,1035.20880
2020-06-03,1035.28780
2020-06-04,1035.35020
2020-06-05,1035.39640
2020-06-07,1035.60330
2020-06-08,1035.70880
2020-06-09,1035.79740
2020-06-10,1035.92690
2020-06-11,1036.08180
2020-06-12,1036.26520
2020-06-14,1036.46080
2020-06-15,1036.66690
2020-06-16,1036.77040
2020-06-17,1036.88410
2020-06-18,1037.01880
2020-06-19,1037.17090
2020-06-21,1037.35720
2020-06-22,1037.47990
2020-06-23,1037.58650
2020-06-24,1037.72870
2020-06-25,1037.86220
2020-06-26,1037.94350
2020-06-28,1038.12250
2020-06-29,1038.20260
2020-06-30,1038.36060
2020-07-01,1038.49980
2020-07-02,1038.58100
2020-07-03,1038.63550
2020-07-05,1038.81260
2020-07-06,1038.88370
2020-07-07,1038.96310
2020-07-08,1039.05870
2020-07-09,1039.18580
2020-07-10,1039.25830
2020-07-12,1039.43530
2020-07-13,1039.52290
2020-07-14,1039.60920
2020-07-15,1039.72280
2020-07-16,1039.77750
2020-07-17,1039.86500
2020-07-19,1040.04730
2020-07-20,1040.11250
2020-07-21,1040.21030
2020-07-22,1040.32230
2020-07-23,1040.40850
2020-07-24,1040.49800
2020-07-26,1040.67600
2020-07-27,1040.74770
2020-07-28,1040.80490
2020-07-29,1040.88480
2020-07-30,1040.98040
2020-07-31,1041.06300
2020-08-02,1041.24780
2020-08-03,1041.34440
2020-08-04,1041.44030
2020-08-05,1041.54760
2020-08-06,1041.64010
2020-08-07,1041.71530
2020-08-09,1041.89680
2020-08-10,1041.98420
2020-08-11,1042.09330
2020-08-12,1042.19390
2020-08-13,1042.30220
2020-08-16,1042.58260
2020-08-17,1042.70430
2020-08-18,1042.79920
2020-08-19,1042.93860
2020-08-20,1043.03870
2020-08-22,1043.19680
2020-08-23,1043.28770
2020-08-24,1043.34230
2020-08-25,1043.39680
2020-08-26,1043.49780
2020-08-27,1043.58120
2020-08-28,1043.64810
2020-08-30,1043.82340
2020-08-31,1043.92380
2020-09-01,1044.04230
2020-09-02,1044.14730
2020-09-03,1044.23150
2020-09-04,1044.32190
2020-09-06,1044.49330
2020-09-07,1044.57100
2020-09-08,1044.62200
2020-09-09,1044.67640
2020-09-10,1044.76240
2020-09-11,1044.80170
2020-09-13,1044.98810
2020-09-14,1045.08580
2020-09-15,1045.18650
2020-09-16,1045.27420
2020-09-17,1045.36750
2020-09-18,1045.45430
2020-09-20,1045.63540
2020-09-21,1045.71070
2020-09-22,1045.79790
2020-09-23,1045.89240
2020-09-24,1045.97920
2020-09-25,1046.08620
2020-09-27,1046.28300
2020-09-28,1046.39570
2020-09-29,1046.50340
2020-09-30,1046.68870
2020-10-02,1046.87800
2020-10-04,1047.06200
2020-10-05,1047.15240
2020-10-06,1047.25060
2020-10-07,1047.36350
2020-10-08,1047.45390
2020-10-09,1047.55650
2020-10-11,1047.73160
2020-10-12,1047.81990
2020-10-13,1047.93340
2020-10-14,1048.04760
2020-10-15,1048.15190
2020-10-16,1048.25730
2020-10-18,1048.42820
2020-10-19,1048.53020
2020-10-20,1048.63620
2020-10-21,1048.73930
2020-10-22,1048.82830
2020-10-23,1048.91370
2020-10-25,1049.08180
2020-10-26,1049.15330
2020-10-27,1049.21730
2020-10-28,1049.31190
2020-10-29,1049.38850
2020-10-30,1049.47300
2020-11-01,1049.64240
2020-11-02,1049.72180
2020-11-03,1049.82020
2020-11-04,1049.91930
2020-11-05,1050.01230
2020-11-06,1050.11670
2020-11-08,1050.28340
2020-11-09,1050.36770
2020-11-10,1050.44530
2020-11-11,1050.54250
2020-11-12,1050.68190
2020-11-13,1050.77660
2020-11-15,1050.93790
2020-11-16,1051.01860
2020-11-17,1051.10260
2020-11-18,1051.23620
2020-11-19,1051.36780
2020-11-20,1051.43440
2020-11-22,1051.58640
2020-11-23,1051.63740
2020-11-24,1051.71240
2020-11-25,1051.82570
2020-11-26,1051.94350
2020-11-27,1052.02150
2020-11-29,1052.17460
2020-11-30,1052.25120
2020-12-01,1052.27760
2020-12-02,1052.26900
2020-12-03,1052.34440
2020-12-04,1052.45940
2020-12-06,1052.62870
2020-12-07,1052.72460
2020-12-08,1052.76680
2020-12-09,1052.83060
2020-12-10,1052.95290
2020-12-11,1053.02770
2020-12-13,1053.19610
2020-12-14,1053.27470
2020-12-15,1053.34080
2020-12-16,1053.42540
2020-12-17,1053.49070
2020-12-18,1053.58240
2020-12-20,1053.75580
2020-12-21,1053.83510
2020-12-22,1053.92120
2020-12-23,1054.01750
2020-12-24,1054.10900
2020-12-27,1054.36260
2020-12-28,1054.45770
2020-12-29,1054.56760
2020-12-30,1054.68890
2020-12-31,1054.80940
2021-01-01,1054.89970
2021-01-03,1055.05470
2021-01-04,1055.14890
2021-01-05,1055.22680
2021-01-06,1055.27340
2021-01-07,1055.28040
2021-01-08,1055.36330
2021-01-10,1055.53110
2021-01-11,1055.45820
2021-01-12,1055.54290
2021-01-13,1055.66240
2021-01-14,1055.74360
2021-01-15,1055.77610
2021-01-17,1055.95190
2021-01-18,1056.02730
2021-01-19,1056.10070
2021-01-20,1056.20010
2021-01-21,1056.28140
2021-01-22,1056.37270
2021-01-24,1056.56140
2021-01-25,1056.64280
2021-01-26,1056.73970
2021-01-27,1056.84180
2021-01-28,1056.93840
2021-01-29,1057.04150
2021-01-31,1057.22600
2021-02-01,1057.33000
2021-02-02,1057.43200
2021-02-03,1057.50470
2021-02-04,1057.59820
2021-02-05,1057.70380
2021-02-06,1057.79640
2021-02-07,1057.88890
2021-02-08,1057.98110
2021-02-09,1058.07340
2021-02-10,1058.17470
2021-02-11,1058.27480
2021-02-12,1058.38330
2021-02-13,1058.47450
2021-02-14,1058.56580
2021-02-15,1058.66760
2021-02-16,1058.78480
2021-02-17,1058.94970
2021-02-18,1059.07750
2021-02-19,1059.16000
2021-02-21,1059.32490
2021-02-22,1059.38720
2021-02-23,1059.47500
2021-02-24,1059.60070
2021-02-25,1059.70730
2021-02-26,1059.73240
2021-02-28,1059.90450
2021-03-01,1059.96520
2021-03-02,1060.04840
2021-03-03,1060.11740
2021-03-04,1060.18760
2021-03-05,1060.23960
2021-03-07,1060.42490
2021-03-08,1060.49190
2021-03-09,1060.57800
2021-03-10,1060.70040
2021-03-11,1060.79610
2021-03-12,1060.85760
2021-03-14,1061.05010
2021-03-15,1061.12670
2021-03-16,1061.21270
2021-03-17,1061.31850
2021-03-18,1061.42300
2021-03-19,1061.54300
2021-03-21,1061.75920
2021-03-22,1061.89730
2021-03-23,1062.03060
2021-03-24,1062.15000
2021-03-25,1062.25910
2021-03-26,1062.38240
2021-03-29,1062.66330
2021-03-30,1062.79350
2021-03-31,1062.91240
2021-04-01,1063.00200
2021-04-02,1063.09150
2021-04-04,1063.27170
2021-04-05,1063.38930
2021-04-06,1063.49360
2021-04-07,1063.56790
2021-04-08,1063.64810
2021-04-09,1063.73310
2021-04-10,1063.82460
2021-04-11,1063.91180
2021-04-12,1064.00000
2021-04-13,1064.09320
2021-04-14,1064.18650
2021-04-15,1064.26370
2021-04-16,1064.35320
2021-04-18,1064.53150
2021-04-19,1064.62330
2021-04-20,1064.72410
2021-04-21,1064.81680
2021-04-22,1064.92370
2021-04-23,1065.02000
2021-04-25,1065.19510
2021-04-26,1065.30200
2021-04-27,1065.38100
2021-04-28,1065.46300
2021-04-29,1065.54990
2021-04-30,1065.62430
2021-05-02,1065.80330
2021-05-03,1065.89070
2021-05-04,1065.97420
2021-05-05,1066.04510
2021-05-06,1066.11610
2021-05-07,1066.21040
2021-05-09,1066.39350
2021-05-10,1066.45440
2021-05-11,1066.55330
2021-05-12,1066.63170
2021-05-13,1066.72620
2021-05-14,1066.82800
2021-05-16,1067.01250
2021-05-17,1067.09740
2021-05-18,1067.19380
2021-05-19,1067.27640
2021-05-20,1067.37430
2021-05-21,1067.47010
2021-05-23,1067.65600
2021-05-24,1067.73730
2021-05-25,1067.82080
2021-05-26,1067.92090
2021-05-27,1068.02530
2021-05-28,1068.13580
2021-05-30,1068.32050
2021-05-31,1068.41220
2021-06-01,1068.49610
2021-06-02,1068.58720
2021-06-03,1068.68920
2021-06-04,1068.78400
2021-06-06,1068.96820
2021-06-07,1069.05930
2021-06-08,1069.15840
2021-06-09,1069.26280
2021-06-10,1069.35490
2021-06-11,1069.44560
2021-06-13,1069.62850
2021-06-14,1069.71800
2021-06-15,1069.80020
2021-06-16,1069.84930
2021-06-17,1069.92230
2021-06-18,1070.02110
2021-06-20,1070.21710
2021-06-21,1070.33830
2021-06-22,1070.45560
2021-06-23,1070.54830
2021-06-24,1070.66380
2021-06-25,1070.76590
2021-06-27,1070.95140
2021-06-28,1071.04800
2021-06-29,1071.16220
2021-06-30,1071.25820
2021-07-01,1071.39080
2021-07-02,1071.45800
2021-07-04,1071.64150
2021-07-05,1071.72790
2021-07-06,1071.79050
2021-07-07,1071.91160
2021-07-08,1072.00410
2021-07-09,1072.10270
2021-07-11,1072.30860
2021-07-12,1072.41830
2021-07-13,1072.52300
2021-07-14,1072.64870
2021-07-15,1072.74390
2021-07-16,1072.83230
2021-07-18,1073.01820
2021-07-19,1073.11640
2021-07-20,1073.21620
2021-07-21,1073.31530
2021-07-22,1073.42510
2021-07-23,1073.53920
2021-07-25,1073.73280
2021-07-26,1073.83410
2021-07-27,1073.92860
2021-07-28,1074.02800
2021-07-29,1074.11930
2021-07-30,1074.21460
2021-08-01,1074.40130
2021-08-02,1074.49380
2021-08-03,1074.57570
2021-08-04,1074.66330
2021-08-05,1074.75930
2021-08-06,1074.84850
2021-08-08,1075.05160
2021-08-09,1075.16150
2021-08-10,1075.28110
2021-08-11,1075.38810
2021-08-12,1075.53830
2021-08-13,1075.64860
2021-08-15,1075.83760
2021-08-16,1075.93200
2021-08-17,1076.05680
2021-08-18,1076.16990
2021-08-19,1076.26340
2021-08-20,1076.36110
2021-08-22,1076.53930
2021-08-23,1076.63700
2021-08-24,1076.73260
2021-08-25,1076.83800
2021-08-26,1076.93030
2021-08-27,1077.03340
2021-08-29,1077.20820
2021-08-30,1077.31490
2021-08-31,1077.40810
2021-09-01,1077.49900
2021-09-02,1077.58760
2021-09-03,1077.66900
2021-09-05,1077.84190
2021-09-06,1077.93150
2021-09-07,1078.01550
2021-09-08,1078.10730
2021-09-09,1078.17140
2021-09-10,1078.26010
2021-09-12,1078.43740
2021-09-13,1078.53710
2021-09-14,1078.61930
2021-09-15,1078.70880
2021-09-16,1078.79210
2021-09-17,1078.87360
2021-09-18,1078.96340
2021-09-19,1079.05310
2021-09-20,1079.13860
2021-09-21,1079.20540
2021-09-22,1079.29470
2021-09-23,1079.38190
2021-09-24,1079.47310
2021-09-26,1079.65860
2021-09-27,1079.73060
2021-09-28,1079.79740
2021-09-29,1079.83670
2021-09-30,1079.95330
2021-10-01,1080.08040
2021-10-03,1080.26440
2021-10-04,1080.36600
2021-10-05,1080.44710
2021-10-06,1080.54490
2021-10-07,1080.64720
2021-10-08,1080.77480
2021-10-10,1080.96380
2021-10-11,1081.10160
2021-10-12,1081.20010
2021-10-13,1081.30790
2021-10-14,1081.37850
2021-10-15,1081.46910
2021-10-17,1081.65050
2021-10-18,1081.68040
2021-10-19,1081.77320
2021-10-20,1081.84480
2021-10-21,1081.94380
2021-10-22,1082.03090
2021-10-23,1082.12500
2021-10-24,1082.21930
2021-10-25,1082.26540
2021-10-26,1082.33290
2021-10-27,1082.42430
2021-10-28,1082.51370
2021-10-29,1082.58200
2021-10-31,1082.77980
2021-11-01,1082.87380
2021-11-02,1082.99380
2021-11-03,1083.12940
2021-11-04,1083.24510
2021-11-05,1083.36080
2021-11-07,1083.59280
2021-11-08,1083.76460
2021-11-09,1083.90520
2021-11-10,1084.01040
2021-11-11,1084.13940
2021-11-12,1084.26720
2021-11-14,1084.46250
2021-11-15,1084.57060
2021-11-16,1084.65700
2021-11-17,1084.77090
2021-11-18,1084.86960
2021-11-19,1084.97170
2021-11-21,1085.17600
2021-11-22,1085.25880
2021-11-23,1085.36160
2021-11-24,1085.49470
2021-11-25,1085.60030
2021-11-26,1085.70360
2021-11-28,1085.89780
2021-11-29,1085.99710
2021-11-30,1086.11030
2021-12-01,1086.20920
2021-12-02,1086.30950
2021-12-03,1086.41800
2021-12-05,1086.61790
2021-12-06,1086.71300
2021-12-07,1086.78790
2021-12-08,1086.94350
2021-12-09,1087.04210
2021-12-10,1087.14730
2021-12-12,1087.34150
2021-12-13,1087.43820
2021-12-14,1087.52680
2021-12-15,1087.62120
2021-12-16,1087.68360
2021-12-17,1087.78970
2021-12-19,1088.00930
2021-12-20,1088.12520
2021-12-21,1088.17280
2021-12-22,1088.27790
2021-12-23,1088.38820
2021-12-24,1088.52340
2021-12-26,1088.72430
2021-12-27,1088.84420
2021-12-28,1088.95400
2021-12-29,1089.08130
2021-12-30,1089.19120
2021-12-31,1089.31830
2022-01-02,1089.51260
2022-01-03,1089.61940
2022-01-04,1089.72260
2022-01-05,1089.84310
2022-01-06,1089.93960
2022-01-07,1090.04250
2022-01-09,1090.23640
2022-01-10,1090.31840
2022-01-11,1090.42540
2022-01-12,1090.56420
2022-01-13,1090.67960
2022-01-14,1090.76800
2022-01-16,1090.96140
2022-01-17,1091.04550
2022-01-18,1091.11510
2022-01-19,1091.09280
2022-01-20,1091.18560
2022-01-21,1091.28990
2022-01-23,1091.49570
2022-01-24,1091.59460
2022-01-25,1091.69730
2022-01-26,1091.79920
2022-01-27,1091.85030
2022-01-28,1091.96870
2022-01-30,1092.17440
2022-01-31,1092.28140
2022-02-01,1092.36420
2022-02-02,1092.41200
2022-02-03,1092.52360
2022-02-04,1092.62420
2022-02-06,1092.83650
2022-02-07,1092.94060
2022-02-08,1093.04980
2022-02-09,1093.15660
2022-02-10,1093.35810
2022-02-11,1093.46930
2022-02-13,1093.67470
2022-02-14,1093.81470
2022-02-15,1093.92260
2022-02-16,1094.05350
2022-02-17,1094.15690
2022-02-18,1094.25480
2022-02-20,1094.45690
2022-02-21,1094.55670
2022-02-22,1094.63730
2022-02-23,1094.75570
2022-02-24,1094.84760
2022-02-25,1094.95000
2022-02-27,1095.14960
2022-02-28,1095.24850
2022-03-01,1095.34920
2022-03-02,1095.44020
2022-03-03,1095.52680
2022-03-04,1095.62790
2022-03-06,1095.83310
2022-03-07,1095.93610
2022-03-08,1096.02500
2022-03-09,1096.12650
2022-03-10,1096.23460
2022-03-11,1096.35440
2022-03-13,1096.56500
2022-03-14,1096.68770
2022-03-15,1096.82210
2022-03-16,1096.93370
2022-03-17,1097.04790
2022-03-18,1097.15460
2022-03-20,1097.36810
2022-03-21,1097.48200
2022-03-22,1097.56820
2022-03-23,1097.67010
2022-03-24,1097.77210
2022-03-25,1097.88600
2022-03-27,1098.10130
2022-03-28,1098.21080
2022-03-29,1098.30460
2022-03-30,1098.38150
2022-03-31,1098.63480
2022-04-01,1098.74130
2022-04-03,1098.95400
2022-04-04,1099.14420
2022-04-05,1099.26360
2022-04-06,1099.39170
2022-04-07,1099.49120
2022-04-08,1099.42950
2022-04-10,1099.64290
2022-04-11,1099.77110
2022-04-12,1099.89460
2022-04-13,1099.97070
2022-04-14,1100.07950
2022-04-15,1100.18820
2022-04-17,1100.40620
2022-04-18,1100.51900
2022-04-19,1100.67370
2022-04-20,1100.81850
2022-04-21,1100.95930
2022-04-22,1101.01420
2022-04-24,1101.23260
2022-04-25,1101.33140
2022-04-26,1101.39620
2022-04-27,1101.49630
2022-04-28,1101.58620
2022-04-29,1101.64070
2022-05-01,1101.86700
2022-05-02,1102.01300
2022-05-03,1102.12500
2022-05-04,1101.78660
2022-05-05,1101.67150
2022-05-06,1101.80830
2022-05-08,1102.06700
2022-05-09,1102.15030
2022-05-10,1102.25120
2022-05-11,1102.37130
2022-05-12,1102.50710
2022-05-13,1102.63020
2022-05-15,1102.89380
2022-05-16,1103.02570
2022-05-17,1103.17860
2022-05-18,1103.31350
2022-05-19,1103.44880
2022-05-20,1103.59160
2022-05-22,1103.85220
2022-05-23,1103.98900
2022-05-24,1104.12610
2022-05-25,1104.25380
2022-05-26,1104.37130
2022-05-27,1104.51120
2022-05-29,1104.78100
2022-05-30,1104.93570
2022-05-31,1105.07220
2022-06-01,1105.18160
2022-06-02,1105.30800
2022-06-03,1105.43370
2022-06-05,1105.70510
2022-06-06,1105.82510
2022-06-07,1105.89130
2022-06-08,1106.10860
2022-06-09,1106.27380
2022-06-10,1106.41710
2022-06-12,1106.69080
2022-06-13,1106.80490
2022-06-14,1106.96680
2022-06-15,1107.09050
2022-06-16,1107.22590
2022-06-17,1107.27830
2022-06-19,1107.56080
2022-06-20,1107.72190
2022-06-21,1107.89270
2022-06-22,1108.04040
2022-06-23,1108.20900
2022-06-24,1108.36030
2022-06-26,1108.64780
2022-06-27,1108.75670
2022-06-28,1108.88200
2022-06-29,1109.03760
2022-06-30,1109.26000
2022-07-01,1109.44040
2022-07-03,1109.72880
2022-07-04,1109.89440
2022-07-05,1110.03760
2022-07-06,1110.21760
2022-07-07,1110.38210
2022-07-08,1110.50550
2022-07-10,1110.78910
2022-07-11,1110.91350
2022-07-12,1111.05640
2022-07-13,1111.19940
2022-07-14,1111.36830
2022-07-15,1111.47520
2022-07-17,1111.76310
2022-07-18,1111.90070
2022-07-19,1112.01770
2022-07-20,1112.09880
2022-07-21,1112.18590
2022-07-22,1112.29310
2022-07-24,1112.59810
2022-07-25,1112.73260
2022-07-26,1112.80390
2022-07-27,1112.86280
2022-07-28,1113.00230
2022-07-29,1113.16790
2022-07-31,1113.49270
2022-08-01,1113.74030
2022-08-02,1113.95710
2022-08-03,1114.13130
2022-08-04,1114.27210
2022-08-05,1114.38880
2022-08-07,1114.70570
2022-08-08,1114.84260
2022-08-09,1115.00350
2022-08-10,1115.17570
2022-08-11,1115.36420
2022-08-12,1115.50310
2022-08-15,1115.98820
2022-08-16,1116.14990
2022-08-17,1116.32450
2022-08-18,1116.49470
2022-08-19,1116.67760
2022-08-21,1117.00050
2022-08-22,1117.17790
2022-08-23,1117.32580
2022-08-24,1117.48770
2022-08-25,1117.64470
2022-08-26,1117.78900
2022-08-28,1118.12440
2022-08-29,1118.29250
2022-08-30,1118.42790
2022-08-31,1118.60290
2022-09-01,1118.77230
2022-09-02,1118.96710
2022-09-04,1119.29290
2022-09-05,1119.50050
2022-09-06,1119.68810
2022-09-07,1119.85180
2022-09-08,1119.99840
2022-09-09,1120.13740
2022-09-11,1120.46310
2022-09-12,1120.60000
2022-09-13,1120.74200
2022-09-14,1120.86000
2022-09-15,1120.97410
2022-09-16,1121.07810
2022-09-18,1121.42260
2022-09-19,1121.55370
2022-09-20,1121.64830
2022-09-21,1121.79240
2022-09-22,1121.94900
2022-09-23,1122.09940
2022-09-24,1122.27880
2022-09-25,1122.45830
2022-09-26,1122.52290
2022-09-27,1122.48320
2022-09-28,1122.56470
2022-09-29,1122.87030
2022-09-30,1123.26200
2022-10-02,1123.62820
2022-10-03,1124.06720
2022-10-04,1124.25340
2022-10-05,1124.42900
2022-10-06,1124.59280
2022-10-07,1124.70070
2022-10-09,1125.05730
2022-10-10,1125.17650
2022-10-11,1125.20880
2022-10-12,1125.36160
2022-10-13,1125.55130
2022-10-14,1125.69780
2022-10-16,1126.07300
2022-10-17,1126.25830
2022-10-18,1126.45800
2022-10-19,1126.64080
2022-10-20,1126.82000
2022-10-21,1126.90110
2022-10-23,1127.28470
2022-10-24,1127.47640
2022-10-25,1127.67430
2022-10-26,1127.86680
2022-10-27,1128.06300
2022-10-28,1128.24290
2022-10-30,1128.62740
2022-10-31,1128.81190
2022-11-01,1129.05830
2022-11-02,1129.32700
2022-11-03,1129.54590
2022-11-04,1129.69800
2022-11-06,1130.07330
2022-11-07,1130.31640
2022-11-08,1130.50330
2022-11-09,1130.67630
2022-11-10,1130.87500
2022-11-11,1131.07700
2022-11-13,1131.45210
2022-11-14,1131.64970
2022-11-15,1131.83950
2022-11-16,1132.02530
2022-11-17,1132.22350
2022-11-18,1132.41500
2022-11-20,1132.79270
2022-11-21,1132.98930
2022-11-22,1133.17500
2022-11-23,1133.36090
2022-11-24,1133.55940
2022-11-25,1133.74190
2022-11-27,1134.12330
2022-11-28,1134.35540
2022-11-29,1134.57850
2022-11-30,1134.79230
2022-12-01,1134.99210
2022-12-02,1135.18550
2022-12-04,1135.56390
2022-12-05,1135.76310
2022-12-06,1135.95460
2022-12-07,1136.12160
2022-12-08,1136.32760
2022-12-09,1136.53470
2022-12-11,1136.92030
2022-12-12,1137.12930
2022-12-13,1137.30100
2022-12-14,1137.50590
2022-12-15,1137.66330
2022-12-16,1137.84670
2022-12-18,1138.24100
2022-12-19,1138.45410
2022-12-20,1138.65030
2022-12-21,1138.91570
2022-12-22,1139.14110
2022-12-23,1139.34340
2022-12-25,1139.74180
2022-12-26,1139.92940
2022-12-27,1140.13850
2022-12-28,1140.37180
2022-12-29,1140.67800
2022-12-30,1141.03080
2023-01-01,1141.42160
2023-01-02,1141.72400
2023-01-03,1141.95490
2023-01-04,1142.14000
2023-01-05,1142.35790
2023-01-06,1142.56290
2023-01-08,1142.94500
2023-01-09,1143.15560
2023-01-10,1143.31890
2023-01-11,1143.47790
2023-01-12,1143.66830
2023-01-13,1143.77140
2023-01-15,1144.16090
2023-01-16,1144.33990
2023-01-17,1144.53710
2023-01-18,1144.70720
2023-01-19,1144.90840
2023-01-20,1145.09740
2023-01-22,1145.49250
2023-01-23,1145.63820
2023-01-24,1145.80880
2023-01-25,1145.99560
2023-01-26,1146.19700
2023-01-27,1146.42590
2023-01-29,1146.82890
2023-01-30,1146.98680
2023-01-31,1147.16850
2023-02-01,1147.43260
2023-02-02,1147.64600
2023-02-03,1147.85730
2023-02-05,1148.26130
2023-02-06,1148.47400
2023-02-07,1148.65000
2023-02-08,1148.83550
2023-02-09,1148.98060
2023-02-10,1149.20970
2023-02-12,1149.61740
2023-02-13,1149.86660
2023-02-14,1150.07800
2023-02-15,1150.27390
2023-02-16,1150.47850
2023-02-17,1150.67080
2023-02-18,1150.87420
2023-02-19,1151.07760
2023-02-20,1151.20760
2023-02-21,1151.41530
2023-02-22,1151.58620
2023-02-23,1151.75260
2023-02-24,1151.94020
2023-02-26,1152.36220
2023-02-27,1152.50640
2023-02-28,1152.67660
2023-03-01,1152.91990
2023-03-02,1153.09960
2023-03-03,1153.29140
2023-03-05,1153.71940
2023-03-06,1153.92550
2023-03-07,1154.14150
2023-03-08,1154.34320
2023-03-09,1154.57760
2023-03-10,1154.95130
2023-03-12,1155.37730
2023-03-13,1155.66800
2023-03-14,1155.96040
2023-03-15,1156.10330
2023-03-16,1156.32240
2023-03-17,1156.52800
2023-03-19,1156.96640
2023-03-20,1157.21810
2023-03-21,1157.59300
2023-03-22,1157.81070
2023-03-23,1158.08440
2023-03-24,1158.20130
2023-03-26,1158.63820
2023-03-27,1158.58760
2023-03-28,1158.26380
2023-03-29,1159.14110
2023-03-30,1159.36610
2023-03-31,1160.13660
2023-04-01,1160.35010
2023-04-02,1160.56380
2023-04-03,1160.88880
2023-04-04,1161.10060
2023-04-05,1161.28350
2023-04-06,1161.76740
2023-04-08,1162.17980
2023-04-09,1162.38610
2023-04-10,1162.63510
2023-04-11,1162.85360
2023-04-12,1163.13910
2023-04-13,1163.33060
2023-04-14,1163.53540
2023-04-16,1163.94860
2023-04-17,1164.18220
2023-04-18,1164.36050
2023-04-19,1164.54210
2023-04-20,1164.75260
2023-04-21,1164.89030
2023-04-23,1165.30810
2023-04-24,1165.47680
2023-04-25,1165.65260
2023-04-26,1165.85600
2023-04-27,1166.05020
2023-04-28,1166.18450
2023-05-01,1166.82840
2023-05-02,1167.06530
2023-05-03,1167.26950
2023-05-04,1167.48150
2023-05-05,1167.69600
2023-05-07,1168.12560
2023-05-08,1168.38380
2023-05-09,1168.58030
2023-05-10,1168.78810
2023-05-11,1169.01000
2023-05-12,1169.20860
2023-05-14,1169.63800
2023-05-15,1169.85410
2023-05-16,1170.11580
2023-05-17,1170.41480
2023-05-18,1170.69150
2023-05-19,1170.95800
2023-05-21,1171.37170
2023-05-22,1171.69590
2023-05-23,1171.88460
2023-05-24,1172.06880
2023-05-25,1172.26770
2023-05-26,1172.47080
2023-05-28,1172.88280
2023-05-29,1173.03980
2023-05-30,1173.26710
2023-05-31,1173.48510
2023-06-01,1173.73430
2023-06-02,1173.95730
2023-06-04,1174.36720
2023-06-05,1174.60290
2023-06-06,1174.80980
2023-06-07,1174.99900
2023-06-08,1175.18340
2023-06-09,1175.37180
2023-06-11,1175.78690
2023-06-12,1175.99270
2023-06-13,1176.18350
2023-06-14,1176.40020
2023-06-15,1176.64470
2023-06-16,1176.84490
2023-06-17,1177.06060
2023-06-18,1177.27640
2023-06-19,1177.47890
2023-06-20,1177.71420
2023-06-21,1177.96250
2023-06-22,1178.16480
2023-06-23,1178.35710
2023-06-25,1178.77630
2023-06-26,1178.92350
2023-06-27,1179.10340
2023-06-28,1179.32710
2023-06-29,1179.54170
2023-06-30,1179.76100
2023-07-02,1180.18740
2023-07-03,1180.52270
2023-07-04,1180.78250
2023-07-05,1180.99110
2023-07-06,1181.20640
2023-07-07,1181.40310
2023-07-09,1181.82110
2023-07-10,1182.01530
2023-07-11,1182.22820
2023-07-12,1182.47030
2023-07-13,1182.70770
2023-07-14,1182.90300
2023-07-16,1183.32160
2023-07-17,1183.54300
2023-07-18,1183.74940
2023-07-19,1183.97250
2023-07-20,1184.17420
2023-07-21,1184.37790
2023-07-23,1184.79780
2023-07-24,1185.01480
2023-07-25,1185.21610
2023-07-26,1185.44320
2023-07-27,1185.65470
2023-07-28,1185.84110
2023-07-30,1186.26190
2023-07-31,1186.47870
2023-08-01,1186.70420
2023-08-02,1186.93660
2023-08-03,1187.16380
2023-08-04,1187.38060
2023-08-06,1187.79760
2023-08-07,1187.97770
2023-08-08,1188.17230
2023-08-09,1188.38140
2023-08-10,1188.52800
2023-08-11,1188.74540
2023-08-13,1189.17220
2023-08-14,1189.35210
2023-08-15,1189.56730
2023-08-16,1189.78260
2023-08-17,1189.95930
2023-08-18,1190.18890
2023-08-20,1190.61930
2023-08-21,1190.81890
2023-08-22,1191.04500
2023-08-23,1191.26440
2023-08-24,1191.49300
2023-08-25,1191.71820
2023-08-27,1192.15300
2023-08-28,1192.38450
2023-08-29,1192.60010
2023-08-30,1192.82200
2023-08-31,1193.05230
2023-09-01,1193.30110
2023-09-03,1193.73330
2023-09-04,1193.94710
2023-09-05,1194.17040
2023-09-06,1194.38920
2023-09-07,1194.59940
2023-09-08,1194.78640
2023-09-10,1195.22040
2023-09-11,1195.43530
2023-09-12,1195.61020
2023-09-13,1195.82250
2023-09-14,1196.08730
2023-09-15,1196.30510
2023-09-17,1196.74210
2023-09-18,1196.95310
2023-09-19,1197.17210
2023-09-20,1197.38460
2023-09-21,1197.62230
2023-09-22,1197.83150
2023-09-24,1198.27100
2023-09-25,1198.48990
2023-09-26,1198.64950
2023-09-27,1198.92190
2023-09-28,1199.11530
2023-09-29,1199.47300
2023-09-30,1199.69300
2023-10-02,1200.13360
2023-10-03,1200.37480
2023-10-04,1200.61030
2023-10-05,1200.82790
2023-10-06,1200.98630
2023-10-08,1201.42700
2023-10-09,1201.65720
2023-10-10,1201.85560
2023-10-11,1202.06780
2023-10-12,1202.29530
2023-10-13,1202.50540
2023-10-15,1202.94890
2023-10-16,1203.16620
2023-10-17,1203.39090
2023-10-18,1203.62390
2023-10-19,1203.80460
2023-10-20,1203.98020
2023-10-22,1204.42890
2023-10-23,1204.65460
2023-10-24,1204.87870
2023-10-25,1205.08630
2023-10-26,1205.29860
2023-10-27,1205.52630
2023-10-29,1205.97480
2023-10-30,1206.20930
2023-10-31,1206.43110
2023-11-01,1206.67280
2023-11-02,1206.92350
2023-11-03,1207.14190
2023-11-04,1207.36590
2023-11-05,1207.58990
2023-11-06,1207.82280
2023-11-07,1208.03720
2023-11-08,1208.26070
2023-11-09,1208.45390
2023-11-10,1208.66470
2023-11-12,1209.11930
2023-11-13,1209.37060
2023-11-14,1209.59720
2023-11-15,1209.83240
2023-11-16,1210.05220
2023-11-17,1210.26240
2023-11-19,1210.71580
2023-11-20,1210.94100
2023-11-21,1211.17010
2023-11-22,1211.38520
2023-11-23,1211.60690
2023-11-24,1211.82630
2023-11-26,1212.28350
2023-11-27,1212.51240
2023-11-28,1212.73320
2023-11-29,1212.96210
2023-11-30,1213.18170
2023-12-01,1213.37820
2023-12-03,1213.84610
2023-12-04,1214.06290
2023-12-05,1214.29530
2023-12-06,1214.54140
2023-12-07,1214.79680
2023-12-08,1215.01690
2023-12-10,1215.47610
2023-12-11,1215.65650
2023-12-12,1215.84300
2023-12-13,1216.07600
2023-12-14,1216.28240
2023-12-15,1216.49060
2023-12-17,1216.95760
2023-12-18,1217.15160
2023-12-19,1217.41520
2023-12-20,1217.66400
2023-12-21,1217.90140
2023-12-22,1218.12210
2023-12-24,1218.60000
2023-12-25,1218.83910
2023-12-26,1219.06450
2023-12-27,1219.25070
2023-12-28,1219.56520
2023-12-29,1220.02660
2023-12-30,1220.26180
2023-12-31,1220.49710
2024-01-01,1220.80800
2024-01-02,1221.11190
2024-01-03,1221.36080
2024-01-04,1221.63030
2024-01-05,1221.87150
2024-01-06,1222.10060
2024-01-07,1222.32990
