Date,NAV
2006-04-03,10.22600
2006-04-04,10.22790
2006-04-05,10.22960
2006-04-07,10.23330
2006-04-10,10.22790
2006-04-12,10.23100
2006-04-13,10.23260
2006-04-17,10.22950
2006-04-18,10.23110
2006-04-19,10.23270
2006-04-20,10.23420
2006-04-21,10.23590
2006-04-24,10.23140
2006-04-25,10.23300
2006-04-26,10.23470
2006-04-27,10.23680
2006-04-28,10.23850
2006-05-02,10.23500
2006-05-03,10.23660
2006-05-04,10.23820
2006-05-05,10.23990
2006-05-08,10.23490
2006-05-09,10.23660
2006-05-10,10.23820
2006-05-11,10.23990
2006-05-12,10.24160
2006-05-15,10.23650
2006-05-16,10.23820
2006-05-17,10.24000
2006-05-18,10.24210
2006-05-19,10.24370
2006-05-22,10.23820
2006-05-23,10.23990
2006-05-24,10.24150
2006-05-25,10.24320
2006-05-26,10.24490
2006-05-29,10.23990
2006-05-30,10.24160
2006-05-31,10.24330
2006-06-01,10.24490
2006-06-02,10.24650
2006-06-05,10.24180
2006-06-06,10.24350
2006-06-07,10.24510
2006-06-08,10.24680
2006-06-09,10.24850
2006-06-12,10.24360
2006-06-13,10.24530
2006-06-14,10.24690
2006-06-15,10.24860
2006-06-16,10.25020
2006-06-19,10.24540
2006-06-20,10.24710
2006-06-21,10.24890
2006-06-22,10.25060
2006-06-23,10.25230
2006-06-26,10.24720
2006-06-27,10.24890
2006-06-28,10.25060
2006-06-29,10.25230
2006-06-30,10.25400
2006-07-03,10.24900
2006-07-04,10.25070
2006-07-05,10.25240
2006-07-06,10.25420
2006-07-07,10.25590
2006-07-10,10.25100
2006-07-11,10.25270
2006-07-12,10.25440
2006-07-13,10.25610
2006-07-14,10.25780
2006-07-17,10.25260
2006-07-18,10.25430
2006-07-19,10.25620
2006-07-20,10.25790
2006-07-21,10.25950
2006-07-24,10.25430
2006-07-25,10.25600
2006-07-26,10.25770
2006-07-27,10.25950
2006-07-28,10.26120
2006-07-31,10.25600
2006-08-01,10.25770
2006-08-02,10.25940
2006-08-03,10.26120
2006-08-04,10.26290
2006-08-07,10.25830
2006-08-08,10.26020
2006-08-09,10.26180
2006-08-10,10.26350
2006-08-11,10.26520
2006-08-14,10.26010
2006-08-16,10.26350
2006-08-17,10.26530
2006-08-18,10.26700
2006-08-21,10.26190
2006-08-22,10.26360
2006-08-23,10.26530
2006-08-24,10.26710
2006-08-25,10.26890
2006-08-28,10.26350
2006-08-29,10.26530
2006-08-30,10.26710
2006-08-31,10.26900
2006-09-01,10.27080
2006-09-04,10.26590
2006-09-05,10.26770
2006-09-06,10.26950
2006-09-07,10.27130
2006-09-08,10.27310
2006-09-11,10.27670
2006-09-12,10.27850
2006-09-13,10.28030
2006-09-14,10.28210
2006-09-15,10.28390
2006-09-18,10.27850
2006-09-19,10.28030
2006-09-20,10.28210
2006-09-21,10.28400
2006-09-22,10.28580
2006-09-25,10.28040
2006-09-26,10.28220
2006-09-27,10.28400
2006-09-28,10.28590
2006-09-29,10.28780
2006-10-03,10.28430
2006-10-04,10.28620
2006-10-05,10.28800
2006-10-06,10.28990
2006-10-09,10.28450
2006-10-10,10.28640
2006-10-11,10.28820
2006-10-12,10.29010
2006-10-13,10.29200
2006-10-16,10.28640
2006-10-17,10.28840
2006-10-18,10.29030
2006-10-19,10.29220
2006-10-20,10.29410
2006-10-23,10.28860
2006-10-26,10.29430
2006-10-27,10.29620
2006-10-30,10.29050
2006-10-31,10.29240
2006-11-01,10.29430
2006-11-02,10.29620
2006-11-03,10.29810
2006-11-06,10.29290
2006-11-07,10.29480
2006-11-08,10.29670
2006-11-09,10.29860
2006-11-10,10.30050
2006-11-13,10.29480
2006-11-14,10.29670
2006-11-15,10.29860
2006-11-16,10.30050
2006-11-17,10.30240
2006-11-20,10.29720
2006-11-21,10.29910
2006-11-22,10.30100
2006-11-23,10.30290
2006-11-24,10.30490
2006-11-27,10.29960
2006-11-28,10.30140
2006-11-29,10.30330
2006-11-30,10.30520
2006-12-01,10.30720
2006-12-04,10.30170
2006-12-05,10.30360
2006-12-06,10.30550
2006-12-07,10.30730
2006-12-08,10.30920
2006-12-11,10.30410
2006-12-12,10.30600
2006-12-13,10.30790
2006-12-14,10.30980
2006-12-15,10.31180
2006-12-18,10.30600
2006-12-19,10.30790
2006-12-20,10.30990
2006-12-21,10.31180
2006-12-22,10.31370
2006-12-26,10.31020
2006-12-27,10.31220
2006-12-28,10.31410
2006-12-29,10.31600
2007-01-02,10.31230
2007-01-03,10.31420
2007-01-04,10.31610
2007-01-05,10.31810
2007-01-08,10.31290
2007-01-09,10.31480
2007-01-10,10.31680
2007-01-11,10.31870
2007-01-12,10.32070
2007-01-15,10.31510
2007-01-16,10.31710
2007-01-17,10.31910
2007-01-18,10.32100
2007-01-19,10.32320
2007-01-22,10.31750
2007-01-23,10.31950
2007-01-24,10.32160
2007-01-25,10.32360
2007-01-29,10.31960
2007-01-31,10.32360
2007-02-01,10.32570
2007-02-02,10.32770
2007-02-05,10.32200
2007-02-06,10.32410
2007-02-07,10.32610
2007-02-08,10.32810
2007-02-09,10.33030
2007-02-12,10.32440
2007-02-13,10.32640
2007-02-14,10.32850
2007-02-15,10.33060
2007-02-19,10.32690
2007-02-20,10.32890
2007-02-21,10.33100
2007-02-22,10.33310
2007-02-23,10.33510
2007-02-26,10.32900
2007-02-27,10.33110
2007-02-28,10.33310
2007-03-01,10.33510
2007-03-02,10.33720
2007-03-05,10.33120
2007-03-06,10.33330
2007-03-07,10.33540
2007-03-08,10.33750
2007-03-09,10.33950
2007-03-12,10.33340
2007-03-13,10.33550
2007-03-14,10.33770
2007-03-15,10.33980
2007-03-16,10.34190
2007-03-19,10.33760
2007-03-20,10.33980
2007-03-21,10.34230
2007-03-22,10.34450
2007-03-23,10.34680
2007-03-26,10.34260
2007-03-28,10.34730
2007-03-29,10.34970
2007-03-30,10.35400
2007-04-02,10.35510
2007-04-03,10.35770
2007-04-04,10.36030
2007-04-05,10.36280
2007-04-09,10.35370
2007-04-10,10.35630
2007-04-11,10.35850
2007-04-12,10.36080
2007-04-13,10.36300
2007-04-16,10.35560
2007-04-17,10.35800
2007-04-18,10.36040
2007-04-19,10.36290
2007-04-20,10.36530
2007-04-23,10.36600
2007-04-24,10.36840
2007-04-25,10.37090
2007-04-26,10.37330
2007-04-27,10.37580
2007-04-30,10.36840
2007-05-03,10.37610
2007-05-04,10.37860
2007-05-07,10.37460
2007-05-08,10.37680
2007-05-09,10.37910
2007-05-10,10.38120
2007-05-11,10.38320
2007-05-14,10.37590
2007-05-15,10.37820
2007-05-16,10.38050
2007-05-17,10.38290
2007-05-18,10.38530
2007-05-21,10.38670
2007-05-22,10.38900
2007-05-23,10.39130
2007-05-24,10.39360
2007-05-25,10.39600
2007-05-28,10.38900
2007-05-29,10.39160
2007-05-30,10.39350
2007-05-31,10.39510
2007-06-01,10.39650
2007-06-04,10.38860
2007-06-05,10.38990
2007-06-06,10.39090
2007-06-07,10.39190
2007-06-08,10.39290
2007-06-11,10.38900
2007-06-12,10.39020
2007-06-13,10.39130
2007-06-14,10.39250
2007-06-15,10.39360
2007-06-18,10.39410
2007-06-19,10.39530
2007-06-20,10.39660
2007-06-21,10.39780
2007-06-22,10.39910
2007-06-25,10.40190
2007-06-26,10.40360
2007-06-27,10.40560
2007-06-28,10.40780
2007-06-29,10.41010
2007-07-02,10.40600
2007-07-03,10.40770
2007-07-04,10.40890
2007-07-05,10.41000
2007-07-06,10.41130
2007-07-09,10.40520
2007-07-10,10.40620
2007-07-11,10.40730
2007-07-12,10.40850
2007-07-13,10.40970
2007-07-16,10.40770
2007-07-17,10.40900
2007-07-18,10.41040
2007-07-19,10.41160
2007-07-20,10.41320
2007-07-23,10.41080
2007-07-24,10.41170
2007-07-25,10.41330
2007-07-26,10.41420
2007-07-27,10.41530
2007-07-30,10.41220
2007-07-31,10.41320
2007-08-01,10.41480
2007-08-02,10.41640
2007-08-03,10.41810
2007-08-06,10.41610
2007-08-07,10.41840
2007-08-08,10.42030
2007-08-09,10.42220
2007-08-10,10.42410
2007-08-13,10.41880
2007-08-14,10.42090
2007-08-16,10.42500
2007-08-17,10.42710
2007-08-20,10.42260
2007-08-21,10.42450
2007-08-22,10.42640
2007-08-23,10.42840
2007-08-24,10.43040
2007-08-27,10.42450
2007-08-28,10.42640
2007-08-29,10.42820
2007-08-30,10.43010
2007-08-31,10.43200
2007-09-03,10.42670
2007-09-04,10.42870
2007-09-05,10.43060
2007-09-06,10.43260
2007-09-07,10.43450
2007-09-10,10.42840
2007-09-11,10.43040
2007-09-12,10.43240
2007-09-13,10.43430
2007-09-14,10.43620
2007-09-17,10.43250
2007-09-18,10.43460
2007-09-19,10.43660
2007-09-20,10.43860
2007-09-21,10.44070
2007-09-24,10.43510
2007-09-25,10.43670
2007-09-26,10.43930
2007-09-27,10.44150
2007-09-28,10.44380
2007-10-01,10.43690
2007-10-03,10.44110
2007-10-04,10.44290
2007-10-05,10.44470
2007-10-08,10.43910
2007-10-09,10.44100
2007-10-10,10.44290
2007-10-11,10.44520
2007-10-12,10.44720
2007-10-15,10.44090
2007-10-16,10.44290
2007-10-17,10.44500
2007-10-18,10.44690
2007-10-19,10.44930
2007-10-22,10.44470
2007-10-23,10.44670
2007-10-24,10.44880
2007-10-25,10.45080
2007-10-26,10.45280
2007-10-29,10.44670
2007-10-30,10.44880
2007-10-31,10.45080
2007-11-01,10.45290
2007-11-02,10.45490
2007-11-05,10.44880
2007-11-06,10.45080
2007-11-07,10.45290
2007-11-08,10.45490
2007-11-12,10.45130
2007-11-13,10.45360
2007-11-14,10.45570
2007-11-15,10.45790
2007-11-16,10.46010
2007-11-19,10.45810
2007-11-20,10.46020
2007-11-21,10.46240
2007-11-22,10.46450
2007-11-23,10.46670
2007-11-26,10.46000
2007-11-27,10.46220
2007-11-28,10.46440
2007-11-29,10.46660
2007-11-30,10.46880
2007-12-03,10.46810
2007-12-04,10.47030
2007-12-05,10.47240
2007-12-06,10.47460
2007-12-07,10.47680
2007-12-10,10.47030
2007-12-11,10.47250
2007-12-12,10.47480
2007-12-13,10.47700
2007-12-14,10.47940
2007-12-17,10.47260
2007-12-18,10.47480
2007-12-19,10.47710
2007-12-20,10.47950
2007-12-24,10.47700
2007-12-26,10.48160
2007-12-27,10.48410
2007-12-28,10.48640
2007-12-31,10.48080
2008-01-01,10.48300
2008-01-02,10.48520
2008-01-03,10.48740
2008-01-04,10.48960
2008-01-07,10.48320
2008-01-08,10.48530
2008-01-09,10.48760
2008-01-10,10.48960
2008-01-11,10.49180
2008-01-14,10.48470
2008-01-15,10.48690
2008-01-16,10.48910
2008-01-17,10.49130
2008-01-18,10.49350
2008-01-21,10.48740
2008-01-22,10.48970
2008-01-23,10.49240
2008-01-24,10.49480
2008-01-25,10.49710
2008-01-28,10.49300
2008-01-29,10.49530
2008-01-30,10.49790
2008-01-31,10.50030
2008-02-01,10.50280
2008-02-04,10.49770
2008-02-05,10.50000
2008-02-06,10.50230
2008-02-07,10.50460
2008-02-08,10.50660
2008-02-11,10.49940
2008-02-12,10.50170
2008-02-13,10.50390
2008-02-14,10.50620
2008-02-15,10.50840
2008-02-18,10.50550
2008-02-19,10.50780
2008-02-20,10.50990
2008-02-21,10.51220
2008-02-22,10.51450
2008-02-25,10.51070
2008-02-26,10.51300
2008-02-27,10.51550
2008-02-28,10.51760
2008-02-29,10.51980
2008-03-03,10.51250
2008-03-04,10.51460
2008-03-05,10.51700
2008-03-07,10.52120
2008-03-10,10.51460
2008-03-11,10.51680
2008-03-12,10.51890
2008-03-13,10.52100
2008-03-14,10.52320
2008-03-17,10.51890
2008-03-18,10.52110
2008-03-19,10.52360
2008-03-24,10.53220
2008-03-25,10.53450
2008-03-26,10.53690
2008-03-27,10.53930
2008-03-28,10.54160
2008-03-31,10.46180
2008-04-01,10.46420
2008-04-02,10.46640
2008-04-03,10.46880
2008-04-04,10.47080
2008-04-07,10.46050
2008-04-08,10.46240
2008-04-09,10.46450
2008-04-10,10.46690
2008-04-11,10.46900
2008-04-15,10.46660
2008-04-16,10.46880
2008-04-17,10.47100
2008-04-21,10.47100
2008-04-22,10.47320
2008-04-23,10.47580
2008-04-24,10.47790
2008-04-25,10.47990
2008-04-28,10.47280
2008-04-29,10.47510
2008-04-30,10.47750
2008-05-02,10.48190
2008-05-05,10.47530
2008-05-06,10.47750
2008-05-07,10.47950
2008-05-08,10.48170
2008-05-09,10.48390
2008-05-12,10.47740
2008-05-13,10.47980
2008-05-14,10.48190
2008-05-15,10.48390
2008-05-16,10.48610
2008-05-20,10.48210
2008-05-21,10.48460
2008-05-22,10.48680
2008-05-23,10.48900
2008-05-26,10.48210
2008-05-27,10.48430
2008-05-28,10.48660
2008-05-29,10.48880
2008-05-30,10.49110
2008-06-02,10.48510
2008-06-03,10.48720
2008-06-04,10.48940
2008-06-05,10.49160
2008-06-06,10.49390
2008-06-09,10.48680
2008-06-10,10.48910
2008-06-11,10.49140
2008-06-12,10.49360
2008-06-13,10.49600
2008-06-16,10.48950
2008-06-17,10.49180
2008-06-18,10.49410
2008-06-19,10.49650
2008-06-20,10.49880
2008-06-23,10.49240
2008-06-24,10.49470
2008-06-25,10.49710
2008-06-26,10.49950
2008-06-27,10.50180
2008-06-30,10.49630
2008-07-01,10.49890
2008-07-02,10.50130
2008-07-03,10.50360
2008-07-04,10.50590
2008-07-07,10.49850
2008-07-08,10.50090
2008-07-09,10.50330
2008-07-10,10.50570
2008-07-11,10.50820
2008-07-14,10.50340
2008-07-15,10.50580
2008-07-16,10.50820
2008-07-17,10.51060
2008-07-18,10.51320
2008-07-21,10.50640
2008-07-22,10.50880
2008-07-23,10.51130
2008-07-24,10.51380
2008-07-25,10.51620
2008-07-28,10.50980
2008-07-29,10.51220
2008-07-30,10.51470
2008-07-31,10.51720
2008-08-01,10.51950
2008-08-04,10.51210
2008-08-05,10.51450
2008-08-06,10.51700
2008-08-07,10.51940
2008-08-08,10.52190
2008-08-11,10.51730
2008-08-12,10.51980
2008-08-13,10.52240
2008-08-14,10.52500
2008-08-18,10.52420
2008-08-19,0.00000
2008-08-20,10.52930
2008-08-21,10.53190
2008-08-22,10.53440
2008-08-25,10.52470
2008-08-26,10.52720
2008-08-27,10.52960
2008-08-28,10.53220
2008-08-29,10.53480
2008-09-01,10.52720
2008-09-02,10.52980
2008-09-04,10.53460
2008-09-05,10.53690
2008-09-08,10.52930
2008-09-09,10.53170
2008-09-10,10.53410
2008-09-11,10.53650
2008-09-12,10.53890
2008-09-15,10.53390
2008-09-16,10.53640
2008-09-17,10.53880
2008-09-18,10.54130
2008-09-19,10.54380
2008-09-22,10.54630
2008-09-23,10.54880
2008-09-24,10.55130
2008-09-25,10.55380
2008-09-26,10.55640
2008-09-29,10.54930
2008-09-30,10.55220
2008-10-01,10.55540
2008-10-03,10.56180
2008-10-06,10.55280
2008-10-07,10.55580
2008-10-08,10.55860
2008-10-10,10.56430
2008-10-13,10.55540
2008-10-14,10.55830
2008-10-15,10.56130
2008-10-16,10.56390
2008-10-17,10.55220
2008-10-20,10.56000
2008-10-21,10.56260
2008-10-22,10.56510
2008-10-23,10.56770
2008-10-24,10.55500
2008-10-27,10.56280
2008-10-29,10.56820
2008-10-31,10.57360
2008-11-03,10.56290
2008-11-04,10.56540
2008-11-05,10.56800
2008-11-06,10.57060
2008-11-07,10.56030
2008-11-10,10.56810
2008-11-11,10.57070
2008-11-12,10.57320
2008-11-14,10.56280
2008-11-17,10.57040
2008-11-18,10.57290
2008-11-19,10.57540
2008-11-20,10.57790
2008-11-21,10.56510
2008-11-24,10.57230
2008-11-25,10.57480
2008-11-26,10.57720
2008-11-28,10.56760
2008-12-01,10.57500
2008-12-02,10.57730
2008-12-03,10.57960
2008-12-04,10.58180
2008-12-05,10.58420
2008-12-08,10.57450
2008-12-10,10.57890
2008-12-11,10.58110
2008-12-12,10.57230
2008-12-15,10.57890
2008-12-16,10.58120
2008-12-17,10.58340
2008-12-18,10.58580
2008-12-19,10.57460
2008-12-22,10.58170
2008-12-23,10.58410
2008-12-24,10.58650
2008-12-26,10.57670
2008-12-29,10.58330
2008-12-30,10.58540
2008-12-31,10.58890
2009-01-01,10.59100
2009-01-02,10.57860
2009-01-05,10.58460
2009-01-06,10.58650
2009-01-07,10.58850
2009-01-09,10.58070
2009-01-12,10.58700
2009-01-13,10.58870
2009-01-14,10.59080
2009-01-15,10.59280
2009-01-16,10.58270
2009-01-19,10.58910
2009-01-20,10.59080
2009-01-21,10.59290
2009-01-22,10.59490
2009-01-23,10.58470
2009-01-27,10.59270
2009-01-28,10.59590
2009-01-29,10.59760
2009-01-30,10.58640
2009-02-02,10.59150
2009-02-03,10.59320
2009-02-04,10.59580
2009-02-05,10.59730
2009-02-06,10.58810
2009-02-09,10.59310
2009-02-10,10.59480
2009-02-11,10.59820
2009-02-12,10.59980
2009-02-13,10.58970
2009-02-16,10.59450
2009-02-17,10.59630
2009-02-18,10.59830
2009-02-19,10.60000
2009-02-20,10.59140
2009-02-24,10.59820
2009-02-25,10.60000
2009-02-26,10.60160
2009-02-27,10.59290
2009-03-02,10.59760
2009-03-03,10.59920
2009-03-04,10.60090
2009-03-05,10.60250
2009-03-06,10.59440
2009-03-09,10.59960
2009-03-12,10.60470
2009-03-13,10.59600
2009-03-16,10.60080
2009-03-17,10.60250
2009-03-18,10.60400
2009-03-19,10.60550
2009-03-20,10.59760
2009-03-23,10.60240
2009-03-24,10.60410
2009-03-25,10.60560
2009-03-26,10.59930
2009-03-27,10.60090
2009-03-30,10.60600
2009-03-31,10.60770
2009-04-01,10.60940
2009-04-02,10.60070
2009-04-06,10.60680
2009-04-08,10.60960
2009-04-09,10.60210
2009-04-13,10.60790
2009-04-15,10.61050
2009-04-16,10.61170
2009-04-17,10.60350
2009-04-20,10.60770
2009-04-21,10.60890
2009-04-22,10.61020
2009-04-23,10.61150
2009-04-24,10.60470
2009-04-27,10.60860
2009-04-28,10.61040
2009-04-29,10.60590
2009-05-04,10.61300
2009-05-05,10.61400
2009-05-06,10.61500
2009-05-07,10.61610
2009-05-08,10.60700
2009-05-11,10.61090
2009-05-12,10.61200
2009-05-13,10.61310
2009-05-14,10.61510
2009-05-15,10.60800
2009-05-18,10.61100
2009-05-19,10.61270
2009-05-20,10.61370
2009-05-21,10.61460
2009-05-22,10.60940
2009-05-25,10.61220
2009-05-26,10.61380
2009-05-27,10.61470
2009-05-28,10.61560
2009-05-29,10.61110
2009-06-01,10.61400
2009-06-02,10.61500
2009-06-03,10.61600
2009-06-04,10.61700
2009-06-05,10.61260
2009-06-08,10.61550
2009-06-09,10.61650
2009-06-10,10.61750
2009-06-11,10.61850
2009-06-12,10.61370
2009-06-15,10.61680
2009-06-16,10.61780
2009-06-17,10.61890
2009-06-18,10.61990
2009-06-19,10.61480
2009-06-22,10.61810
2009-06-23,10.61910
2009-06-24,10.62030
2009-06-25,10.62130
2009-06-26,10.61590
2009-06-29,10.62030
2009-06-30,10.62110
2009-07-01,10.62210
2009-07-02,10.62290
2009-07-03,10.61680
2009-07-06,10.61950
2009-07-07,10.62040
2009-07-08,10.62150
2009-07-09,10.62240
2009-07-10,10.61780
2009-07-13,10.62050
2009-07-14,10.62150
2009-07-15,10.62240
2009-07-16,10.62330
2009-07-17,10.61860
2009-07-20,10.62170
2009-07-21,10.62270
2009-07-22,10.62360
2009-07-23,10.62450
2009-07-24,10.61950
2009-07-27,10.62230
2009-07-28,10.62340
2009-07-29,10.62440
2009-07-30,10.62530
2009-07-31,10.62040
2009-08-03,10.62310
2009-08-04,10.62420
2009-08-05,10.62510
2009-08-06,10.62610
2009-08-07,10.62130
2009-08-10,10.62410
2009-08-11,10.62500
2009-08-12,10.62600
2009-08-13,10.62680
2009-08-14,10.62210
2009-08-17,10.62490
2009-08-18,10.62590
2009-08-19,10.62690
2009-08-20,10.62780
2009-08-21,10.62310
2009-08-24,10.62600
2009-08-25,10.62700
2009-08-26,10.62780
2009-08-27,10.62850
2009-08-28,10.62400
2009-08-31,10.62610
2009-09-01,10.62700
2009-09-02,10.62780
2009-09-03,10.62860
2009-09-04,10.62480
2009-09-07,10.62740
2009-09-08,10.62830
2009-09-09,10.62910
2009-09-10,10.62980
2009-09-11,10.62570
2009-09-14,10.62820
2009-09-15,10.62900
2009-09-16,10.62990
2009-09-17,10.63080
2009-09-18,10.62650
2009-09-22,10.62990
2009-09-23,10.63080
2009-09-24,10.63170
2009-09-25,10.62740
2009-09-29,10.63100
2009-09-30,10.63220
2009-10-01,10.62820
2009-10-05,10.63170
2009-10-06,10.63240
2009-10-07,10.63350
2009-10-08,10.63420
2009-10-09,10.63530
2009-10-12,10.63040
2009-10-14,10.63200
2009-10-15,10.63380
2009-10-16,10.62970
2009-10-20,10.63300
2009-10-21,10.63430
2009-10-22,10.63510
2009-10-23,10.63040
2009-10-26,10.63280
2009-10-27,10.63370
2009-10-28,10.63480
2009-10-29,10.63560
2009-10-30,10.63110
2009-11-03,10.63480
2009-11-04,10.63570
2009-11-05,10.63720
2009-11-06,10.63190
2009-11-09,10.63450
2009-11-10,10.63520
2009-11-11,10.63600
2009-11-12,10.63730
2009-11-13,10.63270
2009-11-16,10.63500
2009-11-17,10.63560
2009-11-18,10.63710
2009-11-19,10.63790
2009-11-20,10.63350
2009-11-23,10.63590
2009-11-24,10.63670
2009-11-25,10.63770
2009-11-26,10.63840
2009-11-27,10.63450
2009-11-30,10.63680
2009-12-01,10.63830
2009-12-02,10.63900
2009-12-03,10.63980
2009-12-04,10.63520
2009-12-07,10.63760
2009-12-08,10.63900
2009-12-09,10.63970
2009-12-10,10.64050
2009-12-11,10.63640
2009-12-14,10.63890
2009-12-15,10.63970
2009-12-16,10.64050
2009-12-17,10.64130
2009-12-18,10.63720
2009-12-21,10.63960
2009-12-22,10.64050
2009-12-23,10.64130
2009-12-24,10.63880
2009-12-29,10.64300
2009-12-30,10.64390
2009-12-31,10.63960
2010-01-04,10.64290
2010-01-05,10.64380
2010-01-06,10.64470
2010-01-07,10.64550
2010-01-08,10.64080
2010-01-11,10.64360
2010-01-12,10.64460
2010-01-13,10.64560
2010-01-14,10.64650
2010-01-15,10.64170
2010-01-18,10.64450
2010-01-19,10.64540
2010-01-20,10.64640
2010-01-21,10.64720
2010-01-22,10.64240
2010-01-25,10.64490
2010-01-27,10.64660
2010-01-28,10.64740
2010-01-29,10.64320
2010-02-01,10.64580
2010-02-02,10.64670
2010-02-03,10.64750
2010-02-04,10.64820
2010-02-05,10.64400
2010-02-08,10.64670
2010-02-09,10.64760
2010-02-10,10.64860
2010-02-11,10.64510
2010-02-15,10.64930
2010-02-16,10.65010
2010-02-17,10.65090
2010-02-18,10.65190
2010-02-19,10.64610
2010-02-22,10.64890
2010-02-23,10.64970
2010-02-24,10.65070
2010-02-25,10.65160
2010-02-26,10.64710
2010-03-02,10.65120
2010-03-03,10.65210
2010-03-04,10.65300
2010-03-05,10.64800
2010-03-08,10.65120
2010-03-09,10.65210
2010-03-10,10.65310
2010-03-11,10.65390
2010-03-12,10.64890
2010-03-15,10.65170
2010-03-16,10.65270
2010-03-17,10.65370
2010-03-18,10.65470
2010-03-19,10.64990
2010-03-22,10.65290
2010-03-23,10.65390
2010-03-25,10.65590
2010-03-26,10.65080
2010-03-29,10.65400
2010-03-30,10.65520
2010-03-31,10.65190
2010-04-01,10.65300
2010-04-05,10.65750
2010-04-06,10.65840
2010-04-07,10.65940
2010-04-08,10.66050
2010-04-09,10.65360
2010-04-12,10.65640
2010-04-13,10.65760
2010-04-15,10.65980
2010-04-16,10.65470
2010-04-19,10.65890
2010-04-20,10.65980
2010-04-21,10.66090
2010-04-22,10.66200
2010-04-23,10.65570
2010-04-26,10.65890
2010-04-27,10.65990
2010-04-28,10.66100
2010-04-29,10.66210
2010-04-30,10.65680
2010-05-03,10.66000
2010-05-04,10.66100
2010-05-05,10.66200
2010-05-06,10.66440
2010-05-07,10.65790
2010-05-10,10.66120
2010-05-11,10.66230
2010-05-12,10.66340
2010-05-13,10.66440
2010-05-14,10.65900
2010-05-17,10.66220
2010-05-18,10.66330
2010-05-19,10.66440
2010-05-20,10.66540
2010-05-21,10.66010
2010-05-24,10.66350
2010-05-25,10.66450
2010-05-26,10.66560
2010-05-27,10.66730
2010-05-28,10.66070
2010-05-31,10.66390
2010-06-01,10.66500
2010-06-02,10.66620
2010-06-03,10.66730
2010-06-04,10.66190
2010-06-07,10.66530
2010-06-08,10.66660
2010-06-09,10.66790
2010-06-10,10.66920
2010-06-11,10.66320
2010-06-14,10.66720
2010-06-15,10.66850
2010-06-16,10.66970
2010-06-17,10.67100
2010-06-18,10.66440
2010-06-21,10.66820
2010-06-22,10.66940
2010-06-23,10.67070
2010-06-24,10.67200
2010-06-25,10.66560
2010-06-28,10.66930
2010-06-29,10.67060
2010-06-30,10.67190
2010-07-01,10.67330
2010-07-02,10.66680
2010-07-05,10.67050
2010-07-06,10.67170
2010-07-07,10.67290
2010-07-08,10.67420
2010-07-09,10.66800
2010-07-12,10.67170
2010-07-13,10.67290
2010-07-14,10.67410
2010-07-15,10.67530
2010-07-16,10.66920
2010-07-19,10.67270
2010-07-20,10.67390
2010-07-21,10.67510
2010-07-22,10.67630
2010-07-23,10.67050
2010-07-26,10.67420
2010-07-27,10.67550
2010-07-28,10.67680
2010-07-29,10.67820
2010-07-30,10.67180
2010-08-02,10.67560
2010-08-03,10.67690
2010-08-04,10.67850
2010-08-05,10.67980
2010-08-06,10.67290
2010-08-09,10.67710
2010-08-10,10.67850
2010-08-11,10.67990
2010-08-12,10.68130
2010-08-13,10.67420
2010-08-16,10.67830
2010-08-17,10.67970
2010-08-18,10.68110
2010-08-19,10.68250
2010-08-20,10.67560
2010-08-23,10.67970
2010-08-24,10.68120
2010-08-25,10.68260
2010-08-26,10.68380
2010-08-27,10.67710
2010-08-30,10.68150
2010-08-31,10.68290
2010-09-01,10.68430
2010-09-02,10.68550
2010-09-03,10.67860
2010-09-06,10.68260
2010-09-07,10.68400
2010-09-08,10.68530
2010-09-09,10.68000
2010-09-13,10.68570
2010-09-14,10.68720
2010-09-15,10.68860
2010-09-16,10.69020
2010-09-17,10.68150
2010-09-20,10.68610
2010-09-21,10.68770
2010-09-22,10.68930
2010-09-23,10.69080
2010-09-24,10.68310
2010-09-27,10.68760
2010-09-28,10.68900
2010-09-29,10.69030
2010-09-30,10.69180
2010-10-01,10.68600
2010-10-04,10.68990
2010-10-05,10.69130
2010-10-06,10.69270
2010-10-07,10.69410
2010-10-08,10.69310
2010-10-11,10.69730
2010-10-12,10.69870
2010-10-13,10.70010
2010-10-14,10.70150
2010-10-15,10.69460
2010-10-18,10.69890
2010-10-19,10.70030
2010-10-20,10.70190
2010-10-21,10.70330
2010-10-22,10.69600
2010-10-25,10.70020
2010-10-26,10.70180
2010-10-27,10.70360
2010-10-28,10.70530
2010-10-29,10.69780
2010-11-01,10.70330
2010-11-02,10.70490
2010-11-03,10.70640
2010-11-04,10.69930
2010-11-08,10.70560
2010-11-09,10.70720
2010-11-10,10.70870
2010-11-11,10.71030
2010-11-12,10.70090
2010-11-15,10.70600
2010-11-16,10.70740
2010-11-18,10.71050
2010-11-19,10.70250
2010-11-22,10.70790
2010-11-23,10.70950
2010-11-24,10.71110
2010-11-25,10.71250
2010-11-26,10.70410
2010-11-29,10.70870
2010-11-30,10.71030
2010-12-01,10.71180
2010-12-02,10.71330
2010-12-03,10.70560
2010-12-06,10.71020
2010-12-07,10.71190
2010-12-08,10.71360
2010-12-09,10.71520
2010-12-10,10.70730
2010-12-13,10.71320
2010-12-14,10.71470
2010-12-15,10.71630
2010-12-16,10.70910
2010-12-20,10.71590
2010-12-21,10.71790
2010-12-22,10.71950
2010-12-23,10.72130
2010-12-24,10.71090
2010-12-27,10.71660
2010-12-28,10.71820
2010-12-29,10.72000
2010-12-30,10.72180
2010-12-31,10.71270
2011-01-03,10.71840
2011-01-04,10.72020
2011-01-05,10.72190
2011-01-06,10.72380
2011-01-07,10.71450
2011-01-10,10.72010
2011-01-11,10.72190
2011-01-12,10.72370
2011-01-13,10.72540
2011-01-14,10.71640
2011-01-17,10.72200
2011-01-18,10.72380
2011-01-19,10.72560
2011-01-20,10.72740
2011-01-21,10.71830
2011-01-24,10.72400
2011-01-25,10.72580
2011-01-27,10.72010
2011-01-28,10.72190
2011-01-31,10.72750
2011-02-01,10.72940
2011-02-02,10.73130
2011-02-03,10.72180
2011-02-04,10.72360
2011-02-07,10.72910
2011-02-08,10.73080
2011-02-09,10.73260
2011-02-10,10.72360
2011-02-11,10.72550
2011-02-14,10.73130
2011-02-15,10.73320
2011-02-16,10.73500
2011-02-17,10.70260
2011-02-18,10.70450
2011-02-21,10.73280
2011-02-22,10.73470
2011-02-23,10.73660
2011-02-24,10.70440
2011-02-25,10.70630
2011-02-28,10.71180
2011-03-01,10.71370
2011-03-03,10.70620
2011-03-04,10.70810
2011-03-07,10.71380
2011-03-08,10.71560
2011-03-09,10.71730
2011-03-10,10.70810
2011-03-11,10.71000
2011-03-14,10.71580
2011-03-15,10.71780
2011-03-16,10.71970
2011-03-17,10.71000
2011-03-18,10.71180
2011-03-21,10.71770
2011-03-22,10.71980
2011-03-23,10.72190
2011-03-24,10.71190
2011-03-25,10.71370
2011-03-28,10.72030
2011-03-29,10.72270
2011-03-30,10.72490
2011-03-31,10.71440
2011-04-01,10.71670
2011-04-04,10.72370
2011-04-05,10.72590
2011-04-06,10.72800
2011-04-07,10.71860
2011-04-08,10.72020
2011-04-11,10.72550
2011-04-13,10.72940
2011-04-15,10.72050
2011-04-18,10.72620
2011-04-19,10.72800
2011-04-20,10.72990
2011-04-21,10.72250
2011-04-25,10.73040
2011-04-26,10.73240
2011-04-27,10.73430
2011-04-28,10.71260
2011-04-29,10.71460
2011-05-02,10.72050
2011-05-03,10.73420
2011-05-04,10.73620
2011-05-05,10.72620
2011-05-06,10.72820
2011-05-09,10.73420
2011-05-10,10.73620
2011-05-11,10.73820
2011-05-12,10.72820
2011-05-13,10.73020
2011-05-16,10.73620
2011-05-17,10.73820
2011-05-18,10.74020
2011-05-19,10.73010
2011-05-20,10.73210
2011-05-23,10.73810
2011-05-24,10.74000
2011-05-25,10.74210
2011-05-26,10.73200
2011-05-27,10.73400
2011-05-30,10.74000
2011-05-31,10.74200
2011-06-01,10.74400
2011-06-02,10.73400
2011-06-03,10.73600
2011-06-06,10.74200
2011-06-07,10.74410
2011-06-08,10.74610
2011-06-09,10.73600
2011-06-10,10.73800
2011-06-13,10.74410
2011-06-14,10.74610
2011-06-15,10.74810
2011-06-16,10.73790
2011-06-17,10.73990
2011-06-20,10.74630
2011-06-21,10.74840
2011-06-22,10.75050
2011-06-23,10.73980
2011-06-24,10.74180
2011-06-27,10.74780
2011-06-28,10.75010
2011-06-29,10.75230
2011-06-30,10.74190
2011-07-01,10.74410
2011-07-04,10.75060
2011-07-05,10.75270
2011-07-06,10.75480
2011-07-07,10.74400
2011-07-08,10.74610
2011-07-11,10.75240
2011-07-12,10.75450
2011-07-13,10.75670
2011-07-14,10.74600
2011-07-15,10.74810
2011-07-18,10.75440
2011-07-19,10.75650
2011-07-20,10.75850
2011-07-21,10.74810
2011-07-22,10.75020
2011-07-25,10.75650
2011-07-26,10.75860
2011-07-27,10.76070
2011-07-28,10.75020
2011-07-29,10.75230
2011-08-01,10.75860
2011-08-02,10.76070
2011-08-03,10.76280
2011-08-04,10.75230
2011-08-05,10.75440
2011-08-08,10.76070
2011-08-09,10.76270
2011-08-10,10.76480
2011-08-11,10.75440
2011-08-12,10.75650
2011-08-16,10.76510
2011-08-17,10.76710
2011-08-18,10.75650
2011-08-19,10.75850
2011-08-22,10.76480
2011-08-23,10.76680
2011-08-24,10.76900
2011-08-25,10.75860
2011-08-26,10.76070
2011-08-29,10.76700
2011-08-30,10.76910
2011-09-02,10.76070
2011-09-05,10.76700
2011-09-06,10.76910
2011-09-07,10.77120
2011-09-08,10.77320
2011-09-09,10.76280
2011-09-10,10.76490
2011-09-11,10.76700
2011-09-12,10.76900
2011-09-13,10.77110
2011-09-14,10.77310
2011-09-15,10.76490
2011-09-16,10.76700
2011-09-18,10.77120
2011-09-19,10.77320
2011-09-20,10.77530
2011-09-21,10.77740
2011-09-22,10.76690
2011-09-23,10.76900
2011-09-24,10.77110
2011-09-25,10.77320
2011-09-26,10.77530
2011-09-27,10.77750
2011-09-28,10.77970
2011-09-29,10.76910
2011-09-30,10.77120
2011-10-01,10.77340
2011-10-02,10.77550
2011-10-03,10.77770
2011-10-04,10.77980
2011-10-05,10.78210
2011-10-06,10.78430
2011-10-07,10.77120
2011-10-08,10.77330
2011-10-09,10.77530
2011-10-10,10.77750
2011-10-11,10.77960
2011-10-12,10.78180
2011-10-13,10.77330
2011-10-14,10.77550
2011-10-15,10.77770
2011-10-16,10.77990
2011-10-17,10.78200
2011-10-18,10.78410
2011-10-19,10.78630
2011-10-20,10.78850
2011-10-21,10.77550
2011-10-22,10.77760
2011-10-23,10.77980
2011-10-24,10.78190
2011-10-25,10.78410
2011-10-26,10.78630
2011-10-27,10.78840
2011-10-28,10.77770
2011-10-29,10.77980
2011-10-30,10.78190
2011-10-31,10.78410
2011-11-01,10.78630
2011-11-02,10.78840
2011-11-03,10.77980
2011-11-04,10.78200
2011-11-05,10.78420
2011-11-06,10.78630
2011-11-07,10.78850
2011-11-08,10.79070
2011-11-09,10.79290
2011-11-10,10.79500
2011-11-11,10.78200
2011-11-12,10.78420
2011-11-13,10.78640
2011-11-14,10.78850
2011-11-15,10.79070
2011-11-16,10.79280
2011-11-17,10.78420
2011-11-18,10.78630
2011-11-19,10.78850
2011-11-20,10.79060
2011-11-21,10.79280
2011-11-22,10.79500
2011-11-23,10.79710
2011-11-24,10.78640
2011-11-25,10.78860
2011-11-26,10.79070
2011-11-27,10.79290
2011-11-28,10.79510
2011-11-29,10.79720
2011-11-30,10.79940
2011-12-01,10.78860
2011-12-02,10.79070
2011-12-03,10.79290
2011-12-04,10.79510
2011-12-05,10.79720
2011-12-06,10.79940
2011-12-07,10.80160
2011-12-08,10.79080
2011-12-09,10.79300
2011-12-10,10.79520
2011-12-11,10.79730
2011-12-12,10.79950
2011-12-13,10.80170
2011-12-14,10.80390
2011-12-15,10.79310
2011-12-16,10.79530
2011-12-17,10.79750
2011-12-18,10.79970
2011-12-19,10.80200
2011-12-20,10.80420
2011-12-21,10.80640
2011-12-22,10.79530
2011-12-23,10.79760
2011-12-24,10.79980
2011-12-25,10.80210
2011-12-26,10.80430
2011-12-27,10.80660
2011-12-28,10.80880
2011-12-29,10.79760
2011-12-30,10.79990
2011-12-31,10.80220
2012-01-01,10.80450
2012-01-02,10.80680
2012-01-03,10.80910
2012-01-04,10.81140
2012-01-05,10.80000
2012-01-06,10.80240
2012-01-07,10.80460
2012-01-08,10.80690
2012-01-09,10.80930
2012-01-10,10.81160
2012-01-11,10.81390
2012-01-12,10.80230
2012-01-13,10.80460
2012-01-14,10.80690
2012-01-15,10.80920
2012-01-16,10.81150
2012-01-17,10.81380
2012-01-18,10.81610
2012-01-19,10.80460
2012-01-20,10.80690
2012-01-21,10.80920
2012-01-22,10.81160
2012-01-23,10.81380
2012-01-24,10.81610
2012-01-25,10.80690
2012-01-26,10.80920
2012-01-27,10.81150
2012-01-28,10.81380
2012-01-29,10.81600
2012-01-30,10.81830
2012-01-31,10.82070
2012-02-01,10.82290
2012-02-02,10.80920
2012-02-03,10.81150
2012-02-04,10.81370
2012-02-05,10.81600
2012-02-06,10.81830
2012-02-07,10.82060
2012-02-08,10.82280
2012-02-09,10.81150
2012-02-10,10.81380
2012-02-11,10.81610
2012-02-12,10.81830
2012-02-13,10.82060
2012-02-14,10.82290
2012-02-15,10.82520
2012-02-16,10.82750
2012-02-17,10.81380
2012-02-18,10.81610
2012-02-19,10.81840
2012-02-20,10.82070
2012-02-21,10.82290
2012-02-22,10.82520
2012-02-23,10.81600
2012-02-24,10.81830
2012-02-25,10.82050
2012-02-26,10.82280
2012-02-27,10.82510
2012-02-28,10.82740
2012-02-29,10.82970
2012-03-01,10.81830
2012-03-02,10.82060
2012-03-03,10.82290
2012-03-04,10.82530
2012-03-05,10.82760
2012-03-06,10.82990
2012-03-07,10.82060
2012-03-08,10.82290
2012-03-09,10.82520
2012-03-10,10.82750
2012-03-11,10.82990
2012-03-12,10.83220
2012-03-13,10.83450
2012-03-14,10.83680
2012-03-15,10.82300
2012-03-16,10.82520
2012-03-17,10.82750
2012-03-18,10.82980
2012-03-19,10.83210
2012-03-20,10.83460
2012-03-21,10.83700
2012-03-22,10.82560
2012-03-23,10.82810
2012-03-26,10.83570
2012-03-27,10.83810
2012-03-28,10.84060
2012-03-29,10.82850
2012-03-30,10.83130
2012-03-31,10.83400
2012-04-01,10.83670
2012-04-02,10.83940
2012-04-03,10.84280
2012-04-04,10.83090
2012-04-05,10.83330
2012-04-06,10.83570
2012-04-07,10.83800
2012-04-08,10.84040
2012-04-09,10.84290
2012-04-10,10.84540
2012-04-11,10.84790
2012-04-12,10.83340
2012-04-13,10.83590
2012-04-14,10.83840
2012-04-15,10.84090
2012-04-16,10.84340
2012-04-17,10.84670
2012-04-18,10.84900
2012-04-19,10.83580
2012-04-20,10.83830
2012-04-21,10.84080
2012-04-22,10.84320
2012-04-23,10.84560
2012-04-24,10.84800
2012-04-25,10.85040
2012-04-26,10.83820
2012-04-27,10.84060
2012-04-28,10.84300
2012-04-29,10.84540
2012-04-30,10.84780
2012-05-02,10.85280
2012-05-03,10.84060
2012-05-04,10.84300
2012-05-05,10.84540
2012-05-06,10.84790
2012-05-07,10.85030
2012-05-08,10.85270
2012-05-09,10.85500
2012-05-10,10.84310
2012-05-11,10.84550
2012-05-12,10.84790
2012-05-13,10.85040
2012-05-14,10.85270
2012-05-15,10.85520
2012-05-16,10.85760
2012-05-17,10.84540
2012-05-18,10.84790
2012-05-19,10.85030
2012-05-20,10.85270
2012-05-21,10.85510
2012-05-22,10.85740
2012-05-23,10.85980
2012-05-24,10.84770
2012-05-25,10.85020
2012-05-26,10.85260
2012-05-27,10.85500
2012-05-28,10.85730
2012-05-29,10.85960
2012-05-30,10.86200
2012-05-31,10.85010
2012-06-01,10.85240
2012-06-02,10.85480
2012-06-03,10.85710
2012-06-04,10.85950
2012-06-05,10.86180
2012-06-06,10.86420
2012-06-07,10.85240
2012-06-08,10.85480
2012-06-09,10.85720
2012-06-10,10.85950
2012-06-11,10.86190
2012-06-12,10.86420
2012-06-13,10.86650
2012-06-14,10.85480
2012-06-15,10.85710
2012-06-16,10.85940
2012-06-17,10.86170
2012-06-18,10.86390
2012-06-19,10.86610
2012-06-20,10.86830
2012-06-21,10.85710
2012-06-22,10.85940
2012-06-23,10.86160
2012-06-24,10.86390
2012-06-25,10.86610
2012-06-26,10.86830
2012-06-27,10.87040
2012-06-28,10.85930
2012-06-29,10.86150
2012-06-30,10.86370
2012-07-01,10.86580
2012-07-02,10.86800
2012-07-03,10.87020
2012-07-04,10.87240
2012-07-05,10.86150
2012-07-06,10.86370
2012-07-07,10.86580
2012-07-08,10.86800
2012-07-09,10.87020
2012-07-10,10.87240
2012-07-11,10.87460
2012-07-12,10.86370
2012-07-13,10.86590
2012-07-14,10.86810
2012-07-15,10.87030
2012-07-16,10.87250
2012-07-17,10.87480
2012-07-18,10.87690
2012-07-19,10.86580
2012-07-20,10.86800
2012-07-21,10.87020
2012-07-22,10.87240
2012-07-23,10.87460
2012-07-24,10.87670
2012-07-25,10.87890
2012-07-26,10.88100
2012-07-27,10.86800
2012-07-28,10.87020
2012-07-29,10.87240
2012-07-30,10.87470
2012-07-31,10.87700
2012-08-01,10.87920
2012-08-02,10.87020
2012-08-03,10.87230
2012-08-04,10.87450
2012-08-05,10.87660
2012-08-06,10.87880
2012-08-07,10.88100
2012-08-08,10.88320
2012-08-09,10.87240
2012-08-10,10.87460
2012-08-11,10.87670
2012-08-12,10.87880
2012-08-13,10.88100
2012-08-14,10.88320
2012-08-15,10.88530
2012-08-16,10.87460
2012-08-17,10.87680
2012-08-18,10.87900
2012-08-19,10.88120
2012-08-20,10.88330
2012-08-21,10.88540
2012-08-22,10.88750
2012-08-23,10.87670
2012-08-24,10.87880
2012-08-25,10.88100
2012-08-26,10.88310
2012-08-27,10.88510
2012-08-28,10.88730
2012-08-29,10.88940
2012-08-30,10.87880
2012-08-31,10.88090
2012-09-01,10.88290
2012-09-02,10.88500
2012-09-03,10.88710
2012-09-04,10.88910
2012-09-05,10.89110
2012-09-06,10.88090
2012-09-07,10.88290
2012-09-08,10.88500
2012-09-09,10.88710
2012-09-10,10.88920
2012-09-11,10.89130
2012-09-12,10.89330
2012-09-13,10.88290
2012-09-14,10.88500
2012-09-15,10.88700
2012-09-16,10.88910
2012-09-17,10.89110
2012-09-18,10.89320
2012-09-19,10.89530
2012-09-20,10.88490
2012-09-21,10.88690
2012-09-22,10.88890
2012-09-23,10.89080
2012-09-24,10.89280
2012-09-25,10.89480
2012-09-26,10.89680
2012-09-27,10.88680
2012-09-28,10.88880
2012-09-29,10.89080
2012-09-30,10.89280
2012-10-01,10.89480
2012-10-02,10.89680
2012-10-03,10.89890
2012-10-04,10.88880
2012-10-05,10.89080
2012-10-06,10.89280
2012-10-08,10.89670
2012-10-09,10.89860
2012-10-10,10.90060
2012-10-11,10.89080
2012-10-12,10.89270
2012-10-13,10.89470
2012-10-14,10.89660
2012-10-15,10.89860
2012-10-16,10.90050
2012-10-17,10.90250
2012-10-18,10.89270
2012-10-19,10.89470
2012-10-20,10.89660
2012-10-21,10.89860
2012-10-22,10.90050
2012-10-23,10.90250
2012-10-24,10.90450
2012-10-25,10.89460
2012-10-26,10.89660
2012-10-27,10.89850
2012-10-28,10.90050
2012-10-29,10.90240
2012-10-30,10.90440
2012-10-31,10.90630
2012-11-01,10.89650
2012-11-02,10.89850
2012-11-03,10.90050
2012-11-04,10.90240
2012-11-05,10.90440
2012-11-06,10.90630
2012-11-07,10.90820
2012-11-08,10.89850
2012-11-09,10.90050
2012-11-10,10.90240
2012-11-11,10.90440
2012-11-12,10.90640
2012-11-13,10.90830
2012-11-14,10.91030
2012-11-15,10.90040
2012-11-16,10.90240
2012-11-17,10.90440
2012-11-18,10.90630
2012-11-19,10.90820
2012-11-20,10.91020
2012-11-21,10.91210
2012-11-22,10.90240
2012-11-23,10.90430
2012-11-24,10.90630
2012-11-25,10.90820
2012-11-26,10.91020
2012-11-27,10.91210
2012-11-28,10.91410
2012-11-29,10.90430
2012-11-30,10.90630
2012-12-01,10.90830
2012-12-02,10.91020
2012-12-03,10.91220
2012-12-04,10.91410
2012-12-05,10.91610
2012-12-06,10.90620
2012-12-07,10.90810
2012-12-08,10.91010
2012-12-09,10.91200
2012-12-10,10.91390
2012-12-11,10.91590
2012-12-12,10.91780
2012-12-13,10.90820
2012-12-14,10.91010
2012-12-15,10.91210
2012-12-16,10.91410
2012-12-17,10.91600
2012-12-18,10.91800
2012-12-19,10.92000
2012-12-20,10.91020
2012-12-21,10.91270
2012-12-22,10.91530
2012-12-23,10.91790
2012-12-24,10.92040
2012-12-25,10.92290
2012-12-26,10.92550
2012-12-27,10.91270
2012-12-28,10.91540
2012-12-29,10.91790
2012-12-30,10.92050
2012-12-31,10.92320
2013-01-01,10.92590
2013-01-02,10.92840
2013-01-03,10.91560
2013-01-04,10.91810
2013-01-05,10.92070
2013-01-06,10.92320
2013-01-07,10.92580
2013-01-08,10.92840
2013-01-09,10.93080
2013-01-10,10.91820
2013-01-11,10.92070
2013-01-12,10.92320
2013-01-13,10.92580
2013-01-14,10.92830
2013-01-15,10.93080
2013-01-16,10.93340
2013-01-17,10.92080
2013-01-18,10.92330
2013-01-19,10.92590
2013-01-20,10.92840
2013-01-21,10.93090
2013-01-22,10.93340
2013-01-23,10.93590
2013-01-24,10.92340
2013-01-25,10.92590
2013-01-26,10.92840
2013-01-27,10.93090
2013-01-28,10.93350
2013-01-29,10.93600
2013-01-30,10.93850
2013-01-31,10.92590
2013-02-01,10.92840
2013-02-02,10.93090
2013-02-03,10.93340
2013-02-04,10.93590
2013-02-05,10.93840
2013-02-06,10.94080
2013-02-07,10.92840
2013-02-08,10.93090
2013-02-09,10.93340
2013-02-10,10.93590
2013-02-11,10.93840
2013-02-12,10.94090
2013-02-13,10.94330
2013-02-14,10.93090
2013-02-15,10.93340
2013-02-16,10.93590
2013-02-17,10.93840
2013-02-18,10.94090
2013-02-19,10.94340
2013-02-20,10.94580
2013-02-21,10.93340
2013-02-22,10.93590
2013-02-23,10.93840
2013-02-24,10.94090
2013-02-25,10.94340
2013-02-26,10.94580
2013-02-27,10.94830
2013-02-28,10.93590
2013-03-01,10.93830
2013-03-02,10.94080
2013-03-03,10.94330
2013-03-04,10.94580
2013-03-05,10.94830
2013-03-06,10.95080
2013-03-07,10.93830
2013-03-08,10.94090
2013-03-09,10.94350
2013-03-10,10.94600
2013-03-11,10.94860
2013-03-12,10.95110
2013-03-13,10.95370
2013-03-14,10.94080
2013-03-15,10.94340
2013-03-16,10.94600
2013-03-17,10.94870
2013-03-18,10.95130
2013-03-19,10.95400
2013-03-20,10.95670
2013-03-21,10.94370
2013-03-22,10.94630
2013-03-23,10.94900
2013-03-24,10.95180
2013-03-25,10.95460
2013-03-26,10.95750
2013-03-27,10.96020
2013-03-28,10.94670
2013-03-29,10.94960
2013-03-30,10.95240
2013-03-31,10.95520
2013-04-01,10.95810
2013-04-02,10.96150
2013-04-03,10.96440
2013-04-04,10.95040
2013-04-05,10.95330
2013-04-06,10.95600
2013-04-07,10.95870
2013-04-08,10.96130
2013-04-09,10.96400
2013-04-10,10.96670
2013-04-11,10.96940
2013-04-12,10.95310
2013-04-13,10.95580
2013-04-14,10.95850
2013-04-15,10.96110
2013-04-16,10.96370
2013-04-17,10.96630
2013-04-18,10.95570
2013-04-19,10.95830
2013-04-20,10.96090
2013-04-21,10.96350
2013-04-22,10.96610
2013-04-23,10.96870
2013-04-24,10.97130
2013-04-25,10.95830
2013-04-26,10.96090
2013-04-27,10.96350
2013-04-28,10.96610
2013-04-29,10.96870
2013-04-30,10.97130
2013-05-01,10.97390
2013-05-02,10.96090
2013-05-03,10.96350
2013-05-04,10.96610
2013-05-05,10.96860
2013-05-06,10.97120
2013-05-07,10.97370
2013-05-08,10.97630
2013-05-09,10.96340
2013-05-10,10.96600
2013-05-11,10.96850
2013-05-12,10.97110
2013-05-13,10.97360
2013-05-14,10.97620
2013-05-15,10.97870
2013-05-16,10.96600
2013-05-17,10.96850
2013-05-18,10.97090
2013-05-19,10.97340
2013-05-20,10.97590
2013-05-21,10.97840
2013-05-22,10.98090
2013-05-23,10.96850
2013-05-24,10.97110
2013-05-25,10.97350
2013-05-26,10.97600
2013-05-27,10.97850
2013-05-28,10.98100
2013-05-29,10.98340
2013-05-30,10.97100
2013-05-31,10.97350
2013-06-01,10.97590
2013-06-02,10.97840
2013-06-03,10.98080
2013-06-04,10.98330
2013-06-05,10.98570
2013-06-06,10.97340
2013-06-07,10.97580
2013-06-08,10.97830
2013-06-09,10.98070
2013-06-10,10.98310
2013-06-11,10.98550
2013-06-12,10.98790
2013-06-13,10.97580
2013-06-14,10.97830
2013-06-15,10.98070
2013-06-16,10.98320
2013-06-17,10.98560
2013-06-18,10.98800
2013-06-19,10.99040
2013-06-20,10.97830
2013-06-21,10.98070
2013-06-22,10.98310
2013-06-23,10.98550
2013-06-24,10.98780
2013-06-25,10.99030
2013-06-26,10.99270
2013-06-27,10.98080
2013-06-28,10.98390
2013-06-29,10.98640
2013-06-30,10.98890
2013-07-01,10.99140
2013-07-02,10.99400
2013-07-03,10.99660
2013-07-04,10.98390
2013-07-05,10.98630
2013-07-06,10.98870
2013-07-07,10.99120
2013-07-08,10.99360
2013-07-09,10.99610
2013-07-10,10.99860
2013-07-11,10.98630
2013-07-12,10.98880
2013-07-13,10.99110
2013-07-14,10.99350
2013-07-15,10.99600
2013-07-16,10.97270
2013-07-17,10.97580
2013-07-18,10.97880
2013-07-19,10.98190
2013-07-20,10.98500
2013-07-21,10.98800
2013-07-22,10.99150
2013-07-23,10.99450
2013-07-24,10.98520
2013-07-25,10.98820
2013-07-26,10.99160
2013-07-27,10.99500
2013-07-28,10.99840
2013-07-29,11.00190
2013-07-30,11.00530
2013-07-31,11.00870
2013-08-01,11.01210
2013-08-02,11.01560
2013-08-03,11.01900
2013-08-04,11.02240
2013-08-05,11.02610
2013-08-06,11.02940
2013-08-07,11.03280
2013-08-08,11.03630
2013-08-09,11.03960
2013-08-10,11.04300
2013-08-11,11.04630
2013-08-12,11.04930
2013-08-13,11.05270
2013-08-14,11.05610
2013-08-15,11.05950
2013-08-16,11.03960
2013-08-17,11.04290
2013-08-18,11.04620
2013-08-19,11.04950
2013-08-20,11.05290
2013-08-21,11.05620
2013-08-22,11.04290
2013-08-23,11.04630
2013-08-24,11.04960
2013-08-25,11.05280
2013-08-26,11.05610
2013-08-27,11.05930
2013-08-28,11.06260
2013-08-29,11.04620
2013-08-30,11.04940
2013-08-31,11.05260
2013-09-01,11.05590
2013-09-02,11.05910
2013-09-03,11.06220
2013-09-04,11.06540
2013-09-05,11.04960
2013-09-06,11.05280
2013-09-07,11.05600
2013-09-08,11.05920
2013-09-09,11.06230
2013-09-10,11.06550
2013-09-11,11.06870
2013-09-12,11.05280
2013-09-13,11.05590
2013-09-14,11.05910
2013-09-15,11.06230
2013-09-16,11.06550
2013-09-17,11.06880
2013-09-18,11.07200
2013-09-19,11.05960
2013-09-20,11.06290
2013-09-21,11.06620
2013-09-22,11.06940
2013-09-23,11.07240
2013-09-24,11.07550
2013-09-25,11.07880
2013-09-26,11.06310
2013-09-27,11.06630
2013-09-28,11.06950
2013-09-29,11.07260
2013-09-30,11.07590
2013-10-01,11.07910
2013-10-02,11.08230
2013-10-03,11.06630
2013-10-04,11.06940
2013-10-05,11.07260
2013-10-06,11.07570
2013-10-07,11.07880
2013-10-08,11.08290
2013-10-09,11.08590
2013-10-10,11.06980
2013-10-11,11.07290
2013-10-12,11.07590
2013-10-13,11.07890
2013-10-14,11.08190
2013-10-15,11.08490
2013-10-16,11.08800
2013-10-17,11.07280
2013-10-18,11.07580
2013-10-19,11.07880
2013-10-20,11.08180
2013-10-21,11.08480
2013-10-22,11.08780
2013-10-23,11.09070
2013-10-24,11.07580
2013-10-25,11.07870
2013-10-26,11.08170
2013-10-27,11.08460
2013-10-28,11.08760
2013-10-29,11.09050
2013-10-30,11.09340
2013-10-31,11.07880
2013-11-01,11.08170
2013-11-02,11.08460
2013-11-03,11.08750
2013-11-04,11.09040
2013-11-05,11.09330
2013-11-06,11.09620
2013-11-07,11.08160
2013-11-08,11.08450
2013-11-09,11.08740
2013-11-10,11.09030
2013-11-11,11.09310
2013-11-12,11.09600
2013-11-13,11.08440
2013-11-14,11.08730
2013-11-15,11.09010
2013-11-16,11.09290
2013-11-17,11.09570
2013-11-18,11.09850
2013-11-19,11.10130
2013-11-20,11.10410
2013-11-21,11.08710
2013-11-22,11.08990
2013-11-23,11.09270
2013-11-24,11.09540
2013-11-25,11.09820
2013-11-26,11.10100
2013-11-27,11.10380
2013-11-28,11.08980
2013-11-29,11.09250
2013-11-30,11.09530
2013-12-01,11.09800
2013-12-02,11.10080
2013-12-03,11.10340
2013-12-04,11.10620
2013-12-05,11.09240
2013-12-06,11.09520
2013-12-07,11.09800
2013-12-08,11.10080
2013-12-09,11.10340
2013-12-10,11.10620
2013-12-11,11.10890
2013-12-12,11.11160
2013-12-13,11.09510
2013-12-14,11.09780
2013-12-15,11.10060
2013-12-16,11.10320
2013-12-17,11.10590
2013-12-18,11.10850
2013-12-19,11.09770
2013-12-20,11.10040
2013-12-21,11.10320
2013-12-22,11.10590
2013-12-23,11.10860
2013-12-24,11.11140
2013-12-25,11.11410
2013-12-26,11.10040
2013-12-27,11.10310
2013-12-28,11.10570
2013-12-29,11.10840
2013-12-30,11.11110
2013-12-31,11.11390
2014-01-01,11.11660
2014-01-02,11.10290
2014-01-03,11.10570
2014-01-04,11.10840
2014-01-05,11.11100
2014-01-06,11.11370
2014-01-07,11.11640
2014-01-08,11.11900
2014-01-09,11.10560
2014-01-10,11.10830
2014-01-11,11.11100
2014-01-12,11.11360
2014-01-13,11.11630
2014-01-14,11.11900
2014-01-15,11.12160
2014-01-16,11.10830
2014-01-17,11.11090
2014-01-18,11.11360
2014-01-19,11.11620
2014-01-20,11.11890
2014-01-21,11.12160
2014-01-22,11.12430
2014-01-23,11.11090
2014-01-24,11.11350
2014-01-25,11.11620
2014-01-26,11.11880
2014-01-27,11.12140
2014-01-28,11.12410
2014-01-29,11.12670
2014-01-30,11.11350
2014-01-31,11.11610
2014-02-01,11.11870
2014-02-02,11.12140
2014-02-03,11.12390
2014-02-04,11.12650
2014-02-05,11.12910
2014-02-06,11.11610
2014-02-07,11.11870
2014-02-08,11.12130
2014-02-09,11.12400
2014-02-10,11.12670
2014-02-11,11.12930
2014-02-12,11.13200
2014-02-13,11.11870
2014-02-14,11.12140
2014-02-15,11.12400
2014-02-16,11.12670
2014-02-17,11.12930
2014-02-18,11.13200
2014-02-19,11.13460
2014-02-20,11.12130
2014-02-21,11.12380
2014-02-22,11.12640
2014-02-23,11.12900
2014-02-24,11.13160
2014-02-25,11.13420
2014-02-26,11.13680
2014-02-27,11.13940
2014-02-28,11.12390
2014-03-01,11.12650
2014-03-02,11.12910
2014-03-03,11.13160
2014-03-04,11.13420
2014-03-05,11.13690
2014-03-06,11.12660
2014-03-07,11.12930
2014-03-08,11.13190
2014-03-09,11.13460
2014-03-10,11.13720
2014-03-11,11.14010
2014-03-12,11.14290
2014-03-13,11.12960
2014-03-14,11.13240
2014-03-15,11.13530
2014-03-16,11.13800
2014-03-17,11.14080
2014-03-18,11.14350
2014-03-19,11.14640
2014-03-20,11.13300
2014-03-21,11.13580
2014-03-22,11.13860
2014-03-23,11.14150
2014-03-24,11.14450
2014-03-25,11.14740
2014-03-26,11.15030
2014-03-27,11.13670
2014-03-28,11.14170
2014-03-29,11.14460
2014-03-30,11.14760
2014-03-31,11.15050
2014-04-01,11.15340
2014-04-02,11.15630
2014-04-03,11.13960
2014-04-04,11.14260
2014-04-05,11.14540
2014-04-06,11.14820
2014-04-07,11.15110
2014-04-08,11.15400
2014-04-09,11.15670
2014-04-10,11.14240
2014-04-11,11.14520
2014-04-12,11.14790
2014-04-13,11.15060
2014-04-14,11.15340
2014-04-15,11.15610
2014-04-16,11.15900
2014-04-17,11.14510
2014-04-18,11.14790
2014-04-19,11.15080
2014-04-20,11.15360
2014-04-21,11.15640
2014-04-22,11.15920
2014-04-23,11.14790
2014-04-24,11.15070
2014-04-25,11.15350
2014-04-26,11.15620
2014-04-27,11.15900
2014-04-28,11.16180
2014-04-29,11.16450
2014-04-30,11.15070
2014-05-01,11.15350
2014-05-02,11.15620
2014-05-03,11.15900
2014-05-04,11.16170
2014-05-05,11.16440
2014-05-06,11.16710
2014-05-07,11.16980
2014-05-08,11.15340
2014-05-09,11.15620
2014-05-10,11.15890
2014-05-11,11.16160
2014-05-12,11.16440
2014-05-13,11.16710
2014-05-14,11.16980
2014-05-15,11.15610
2014-05-16,11.15870
2014-05-17,11.16140
2014-05-18,11.16410
2014-05-19,11.16670
2014-05-20,11.16940
2014-05-21,11.17210
2014-05-22,11.15880
2014-05-23,11.16140
2014-05-24,11.16410
2014-05-25,11.16670
2014-05-26,11.16940
2014-05-27,11.17210
2014-05-28,11.17470
2014-05-29,11.16140
2014-05-30,11.16410
2014-05-31,11.16680
2014-06-01,11.16940
2014-06-02,11.17210
2014-06-03,11.17470
2014-06-04,11.17730
2014-06-05,11.16410
2014-06-06,11.16670
2014-06-07,11.16940
2014-06-08,11.17200
2014-06-09,11.17470
2014-06-10,11.17730
2014-06-11,11.17990
2014-06-12,11.16670
2014-06-13,11.16930
2014-06-14,11.17190
2014-06-15,11.17460
2014-06-16,11.17720
2014-06-17,11.17980
2014-06-18,11.18240
2014-06-19,11.16930
2014-06-20,11.17190
2014-06-21,11.17450
2014-06-22,11.17710
2014-06-23,11.17980
2014-06-24,11.18240
2014-06-25,11.18500
2014-06-26,11.17190
2014-06-27,11.17450
2014-06-28,11.17710
2014-06-29,11.17970
2014-06-30,11.18240
2014-07-01,11.18510
2014-07-02,11.18770
2014-07-03,11.17450
2014-07-04,11.17730
2014-07-05,11.17990
2014-07-06,11.18250
2014-07-07,11.18510
2014-07-08,11.18770
2014-07-09,11.19030
2014-07-10,11.17710
2014-07-11,11.17970
2014-07-12,11.18230
2014-07-13,11.18490
2014-07-14,11.18750
2014-07-15,11.19010
2014-07-16,11.19270
2014-07-17,11.17970
2014-07-18,11.18230
2014-07-19,11.18490
2014-07-20,11.18750
2014-07-21,11.19010
2014-07-22,11.19270
2014-07-23,11.19530
2014-07-24,11.18230
2014-07-25,11.18490
2014-07-26,11.18750
2014-07-27,11.19020
2014-07-28,11.19280
2014-07-29,11.19540
2014-07-30,11.19800
2014-07-31,11.18490
2014-08-01,11.18750
2014-08-02,11.19010
2014-08-03,11.19270
2014-08-04,11.19530
2014-08-05,11.19790
2014-08-06,11.20050
2014-08-07,11.18750
2014-08-08,11.19010
2014-08-09,11.19270
2014-08-10,11.19530
2014-08-11,11.19790
2014-08-12,11.20050
2014-08-13,11.20300
2014-08-14,11.19010
2014-08-15,11.19270
2014-08-16,11.19530
2014-08-17,11.19790
2014-08-18,11.20050
2014-08-19,11.20300
2014-08-20,11.20560
2014-08-21,11.19270
2014-08-22,11.19520
2014-08-23,11.19780
2014-08-24,11.20040
2014-08-25,11.20300
2014-08-26,11.20560
2014-08-27,11.20820
2014-08-28,11.19520
2014-08-29,11.19780
2014-08-30,11.20040
2014-08-31,11.20300
2014-09-01,11.20560
2014-09-02,11.20820
2014-09-03,11.21090
2014-09-04,11.19790
2014-09-05,11.20050
2014-09-06,11.20310
2014-09-07,11.20570
2014-09-08,11.20830
2014-09-09,11.21100
2014-09-10,11.21360
2014-09-11,11.20040
2014-09-12,11.20310
2014-09-13,11.20570
2014-09-14,11.20830
2014-09-15,11.21090
2014-09-16,11.21360
2014-09-17,11.21620
2014-09-18,11.20310
2014-09-19,11.20580
2014-09-20,11.20840
2014-09-21,11.21110
2014-09-22,11.21370
2014-09-23,11.21630
2014-09-24,11.21900
2014-09-25,11.20580
2014-09-26,11.20840
2014-09-27,11.21110
2014-09-28,11.21370
2014-09-29,11.21650
2014-09-30,11.21940
2014-10-01,11.20860
2014-10-02,11.21120
2014-10-03,11.21390
2014-10-04,11.21650
2014-10-05,11.21920
2014-10-06,11.22180
2014-10-07,11.22450
2014-10-08,11.22720
2014-10-09,11.21120
2014-10-10,11.21390
2014-10-11,11.21650
2014-10-12,11.21920
2014-10-13,11.22180
2014-10-14,11.22450
2014-10-15,11.22710
2014-10-16,11.21390
2014-10-17,11.21650
2014-10-18,11.21920
2014-10-19,11.22180
2014-10-20,11.22450
2014-10-21,11.22720
2014-10-22,11.21650
2014-10-23,11.21920
2014-10-24,11.22180
2014-10-25,11.22440
2014-10-26,11.22710
2014-10-27,11.22970
2014-10-28,11.23240
2014-10-29,11.23500
2014-10-30,11.21920
2014-10-31,11.22180
2014-11-01,11.22440
2014-11-02,11.22700
2014-11-03,11.22960
2014-11-04,11.23220
2014-11-05,11.22190
2014-11-06,11.22450
2014-11-07,11.22710
2014-11-08,11.22970
2014-11-09,11.23230
2014-11-10,11.23500
2014-11-11,11.23760
2014-11-12,11.24020
2014-11-13,11.22450
2014-11-14,11.22710
2014-11-15,11.22970
2014-11-16,11.23230
2014-11-17,11.23480
2014-11-18,11.23740
2014-11-19,11.24000
2014-11-20,11.22710
2014-11-21,11.22960
2014-11-22,11.23220
2014-11-23,11.23470
2014-11-24,11.23730
2014-11-25,11.23990
2014-11-26,11.24250
2014-11-27,11.22960
2014-11-28,11.23230
2014-11-29,11.23480
2014-11-30,11.23740
2014-12-01,11.24000
2014-12-02,11.24270
2014-12-03,11.24520
2014-12-04,11.23230
2014-12-05,11.23490
2014-12-06,11.23750
2014-12-07,11.24000
2014-12-08,11.24260
2014-12-09,11.24520
2014-12-10,11.24770
2014-12-11,11.23490
2014-12-12,11.23750
2014-12-13,11.24000
2014-12-14,11.24260
2014-12-15,11.24520
2014-12-16,11.24770
2014-12-17,11.25030
2014-12-18,11.23740
2014-12-19,11.24000
2014-12-20,11.24260
2014-12-21,11.24520
2014-12-22,11.24780
2014-12-23,11.25040
2014-12-24,11.24000
2014-12-25,11.24260
2014-12-26,11.24520
2014-12-27,11.24770
2014-12-28,11.25030
2014-12-29,11.25290
2014-12-30,11.25550
2014-12-31,11.25840
2015-01-01,11.24300
2015-01-02,11.24560
2015-01-03,11.24820
2015-01-04,11.25080
2015-01-05,11.25340
2015-01-06,11.25600
2015-01-07,11.25860
2015-01-08,11.24560
2015-01-09,11.24820
2015-01-10,11.25080
2015-01-11,11.25340
2015-01-12,11.25600
2015-01-13,11.25850
2015-01-14,11.26110
2015-01-15,11.24820
2015-01-16,11.25090
2015-01-17,11.25350
2015-01-18,11.25610
2015-01-19,11.25860
2015-01-20,11.26120
2015-01-21,11.26380
2015-01-22,11.25080
2015-01-23,11.25330
2015-01-24,11.25590
2015-01-25,11.25850
2015-01-26,11.26100
2015-01-27,11.26360
2015-01-28,11.26620
2015-01-29,11.25340
2015-01-30,11.25590
2015-01-31,11.25840
2015-02-01,11.26100
2015-02-02,11.26360
2015-02-03,11.26610
2015-02-04,11.26870
2015-02-05,11.25590
2015-02-06,11.25850
2015-02-07,11.26110
2015-02-08,11.26360
2015-02-09,11.26620
2015-02-10,11.26870
2015-02-11,11.27130
2015-02-12,11.25850
2015-02-13,11.26110
2015-02-14,11.26360
2015-02-15,11.26620
2015-02-16,11.26880
2015-02-17,11.27140
2015-02-18,11.26110
2015-02-19,11.26370
2015-02-20,11.26630
2015-02-21,11.26880
2015-02-22,11.27140
2015-02-23,11.27400
2015-02-24,11.27650
2015-02-25,11.27910
2015-02-26,11.26370
2015-02-27,11.26640
2015-02-28,11.26890
2015-03-01,11.27150
2015-03-02,11.27410
2015-03-03,11.27670
2015-03-04,11.27960
2015-03-05,11.26660
2015-03-06,11.26930
2015-03-07,11.27190
2015-03-08,11.27450
2015-03-09,11.27710
2015-03-10,11.27970
2015-03-11,11.28230
2015-03-12,11.26920
2015-03-13,11.27180
2015-03-14,11.27450
2015-03-15,11.27710
2015-03-16,11.27970
2015-03-17,11.28240
2015-03-18,11.28500
2015-03-19,11.27180
2015-03-20,11.27440
2015-03-21,11.27700
2015-03-22,11.27960
2015-03-23,11.28240
2015-03-24,11.28490
2015-03-25,11.28750
2015-03-26,11.27450
2015-03-27,11.27730
2015-03-28,11.28000
2015-03-29,11.28270
2015-03-30,11.28560
2015-03-31,11.29110
2015-04-01,11.29380
2015-04-02,11.29650
2015-04-03,11.29930
2015-04-04,11.30200
2015-04-05,11.30470
2015-04-06,11.30770
2015-04-07,11.31040
2015-04-08,11.31300
2015-04-09,11.31570
2015-04-10,11.31830
2015-04-11,11.27790
2015-04-12,11.28050
2015-04-13,11.28310
2015-04-14,11.28570
2015-04-15,11.28840
2015-04-16,11.29090
2015-04-17,11.29350
2015-04-18,11.28050
2015-04-19,11.28310
2015-04-20,11.28570
2015-04-21,11.28830
2015-04-22,11.29090
2015-04-23,11.29350
2015-04-24,11.29610
2015-04-25,11.28310
2015-04-26,11.28570
2015-04-27,11.28830
2015-04-28,11.29090
2015-04-29,11.29350
2015-04-30,11.29610
2015-05-01,11.28570
2015-05-02,11.28830
2015-05-03,11.29090
2015-05-04,11.29340
2015-05-05,11.29600
2015-05-06,11.29860
2015-05-07,11.30120
2015-05-08,11.30370
2015-05-09,11.28820
2015-05-10,11.29080
2015-05-11,11.29330
2015-05-12,11.29590
2015-05-13,11.29850
2015-05-14,11.30100
2015-05-15,11.30360
2015-05-16,11.29080
2015-05-17,11.29330
2015-05-18,11.29590
2015-05-19,11.29840
2015-05-20,11.30100
2015-05-21,11.30360
2015-05-22,11.30600
2015-05-23,11.29340
2015-05-24,11.29590
2015-05-25,11.29860
2015-05-26,11.30110
2015-05-27,11.30370
2015-05-28,11.30630
2015-05-29,11.30890
2015-05-30,11.29620
2015-05-31,11.29870
2015-06-01,11.30130
2015-06-02,11.30390
2015-06-03,11.30640
2015-06-04,11.30900
2015-06-05,11.31150
2015-06-06,11.29870
2015-06-07,11.30110
2015-06-08,11.30370
2015-06-09,11.30630
2015-06-10,11.30880
2015-06-11,11.31130
2015-06-12,11.31380
2015-06-13,11.30120
2015-06-14,11.30370
2015-06-15,11.30610
2015-06-16,11.30870
2015-06-17,11.31120
2015-06-18,11.31360
2015-06-19,11.31600
2015-06-20,11.30360
2015-06-21,11.30610
2015-06-22,11.30850
2015-06-23,11.31100
2015-06-24,11.31350
2015-06-25,11.31590
2015-06-26,11.31840
2015-06-27,11.30610
2015-06-28,11.30850
2015-06-29,11.31100
2015-06-30,11.31360
2015-07-01,11.31610
2015-07-02,11.31880
2015-07-03,11.32120
2015-07-04,11.30860
2015-07-05,11.31110
2015-07-06,11.31360
2015-07-07,11.31610
2015-07-08,11.31850
2015-07-09,11.32100
2015-07-10,11.32350
2015-07-11,11.31110
2015-07-12,11.31360
2015-07-13,11.31600
2015-07-14,11.31840
2015-07-15,11.32090
2015-07-16,11.32330
2015-07-17,11.32590
2015-07-18,11.31350
2015-07-19,11.31600
2015-07-20,11.31840
2015-07-21,11.32090
2015-07-22,11.32330
2015-07-23,11.32570
2015-07-24,11.32820
2015-07-25,11.31600
2015-07-26,11.31840
2015-07-27,11.32090
2015-07-28,11.32330
2015-07-29,11.32570
2015-07-30,11.32810
2015-07-31,11.33050
2015-08-01,11.31840
2015-08-02,11.32070
2015-08-03,11.32310
2015-08-04,11.32550
2015-08-05,11.32800
2015-08-06,11.33040
2015-08-07,11.33280
2015-08-08,11.32070
2015-08-09,11.32310
2015-08-10,11.32550
2015-08-11,11.32780
2015-08-12,11.33020
2015-08-13,11.33260
2015-08-14,11.33510
2015-08-15,11.32310
2015-08-16,11.32550
2015-08-17,11.32780
2015-08-18,11.33020
2015-08-19,11.33260
2015-08-20,11.33490
2015-08-21,11.33730
2015-08-22,11.32540
2015-08-23,11.32780
2015-08-24,11.33010
2015-08-25,11.33240
2015-08-26,11.33470
2015-08-27,11.33700
2015-08-28,11.33940
2015-08-29,11.32780
2015-08-30,11.33010
2015-08-31,11.33240
2015-09-01,11.33480
2015-09-02,11.33710
2015-09-03,11.33940
2015-09-04,11.34170
2015-09-05,11.33010
2015-09-06,11.33240
2015-09-07,11.33480
2015-09-08,11.33710
2015-09-09,11.33940
2015-09-10,11.34160
2015-09-11,11.34390
2015-09-12,11.33240
2015-09-13,11.33480
2015-09-14,11.33710
2015-09-15,11.33940
2015-09-16,11.34170
2015-09-17,11.34410
2015-09-18,11.34630
2015-09-19,11.33480
2015-09-20,11.33720
2015-09-21,11.33960
2015-09-22,11.34200
2015-09-23,11.34430
2015-09-24,11.34660
2015-09-25,11.33720
2015-09-26,11.33960
2015-09-27,11.34200
2015-09-28,11.34440
2015-09-29,11.34760
2015-09-30,11.35050
2015-10-01,11.35280
2015-10-02,11.34050
2015-10-03,11.34280
2015-10-04,11.34510
2015-10-05,11.34750
2015-10-06,11.34990
2015-10-07,11.35220
2015-10-08,11.35450
2015-10-09,11.35680
2015-10-10,11.34280
2015-10-11,11.34520
2015-10-12,11.34750
2015-10-13,11.34980
2015-10-14,11.35220
2015-10-15,11.35450
2015-10-16,11.35680
2015-10-17,11.34520
2015-10-18,11.34750
2015-10-19,11.34980
2015-10-20,11.35220
2015-10-21,11.35450
2015-10-22,11.35680
2015-10-23,11.35910
2015-10-24,11.34760
2015-10-25,11.34990
2015-10-26,11.35230
2015-10-27,11.35460
2015-10-28,11.35690
2015-10-29,11.35920
2015-10-30,11.36150
2015-10-31,11.35000
2015-11-01,11.35230
2015-11-02,11.35460
2015-11-03,11.35690
2015-11-04,11.35920
2015-11-05,11.36150
2015-11-06,11.36380
2015-11-07,11.35230
2015-11-08,11.35460
2015-11-09,11.35690
2015-11-10,11.35910
2015-11-11,11.36140
2015-11-12,11.36370
2015-11-13,11.36610
2015-11-14,11.35450
2015-11-15,11.35680
2015-11-16,11.35910
2015-11-17,11.36140
2015-11-18,11.36370
2015-11-19,11.36600
2015-11-20,11.36830
2015-11-21,11.35680
2015-11-22,11.35900
2015-11-23,11.36130
2015-11-24,11.36350
2015-11-25,11.36570
2015-11-26,11.36810
2015-11-27,11.37030
2015-11-28,11.35900
2015-11-29,11.36130
2015-11-30,11.36360
2015-12-01,11.36580
2015-12-02,11.36800
2015-12-03,11.37030
2015-12-04,11.37260
2015-12-05,11.37490
2015-12-06,11.37720
2015-12-07,11.37940
2015-12-08,11.38160
2015-12-09,11.38380
2015-12-10,11.38600
2015-12-11,11.38830
2015-12-12,11.37720
2015-12-13,11.37950
2015-12-14,11.38190
2015-12-15,11.38420
2015-12-16,11.38660
2015-12-17,11.38890
2015-12-18,11.39120
2015-12-19,11.37960
2015-12-20,11.38210
2015-12-21,11.38440
2015-12-22,11.38670
2015-12-23,11.38890
2015-12-24,11.38200
2015-12-25,11.38430
2015-12-26,11.38670
2015-12-27,11.38900
2015-12-28,11.39140
2015-12-29,11.39380
2015-12-30,11.39650
2015-12-31,11.39910
2016-01-01,11.40170
2016-01-02,11.38430
2016-01-03,11.38660
2016-01-04,11.38890
2016-01-05,11.39120
2016-01-06,11.39340
2016-01-07,11.39580
2016-01-08,11.39810
2016-01-09,11.38660
2016-01-10,11.38890
2016-01-11,11.39120
2016-01-12,11.39340
2016-01-13,11.39580
2016-01-14,11.39790
2016-01-15,11.40030
2016-01-16,11.38890
2016-01-17,11.39120
2016-01-18,11.39350
2016-01-19,11.39580
2016-01-20,11.39810
2016-01-21,11.40040
2016-01-22,11.40260
2016-01-23,11.39130
2016-01-24,11.39360
2016-01-25,11.39590
2016-01-26,11.39830
2016-01-27,11.40060
2016-01-28,11.40290
2016-01-29,11.40520
2016-01-30,11.39390
2016-01-31,11.39620
2016-02-01,11.39860
2016-02-02,11.40080
2016-02-03,11.40320
2016-02-04,11.40550
2016-02-05,11.40780
2016-02-06,11.39630
2016-02-07,11.39870
2016-02-08,11.40100
2016-02-09,11.40340
2016-02-10,11.40570
2016-02-11,11.40810
2016-02-12,11.41050
2016-02-13,11.39870
2016-02-14,11.40100
2016-02-15,11.40340
2016-02-16,11.40580
2016-02-17,11.40820
2016-02-18,11.41050
2016-02-19,11.40110
2016-02-20,11.40340
2016-02-21,11.40580
2016-02-22,11.40810
2016-02-23,11.41040
2016-02-24,11.41280
2016-02-25,11.41510
2016-02-26,11.41730
2016-02-27,11.40340
2016-02-28,11.40580
2016-02-29,11.40830
2016-03-01,11.41070
2016-03-02,11.41300
2016-03-03,11.41540
2016-03-04,11.41780
2016-03-05,11.40580
2016-03-06,11.40830
2016-03-07,11.41070
2016-03-08,11.41310
2016-03-09,11.41530
2016-03-10,11.41760
2016-03-11,11.42010
2016-03-12,11.40830
2016-03-13,11.41070
2016-03-14,11.41340
2016-03-15,11.41630
2016-03-16,11.41870
2016-03-17,11.42120
2016-03-18,11.42370
2016-03-19,11.41090
2016-03-20,11.41340
2016-03-21,11.41590
2016-03-22,11.41830
2016-03-23,11.42070
2016-03-24,11.41350
2016-03-25,11.41610
2016-03-26,11.41870
2016-03-27,11.42130
2016-03-28,11.42380
2016-03-29,11.42670
2016-03-30,11.42960
2016-03-31,11.42270
2016-04-01,11.42530
2016-04-02,11.42790
2016-04-03,11.43050
2016-04-04,11.43320
2016-04-05,11.43620
2016-04-06,11.43880
2016-04-07,11.44120
2016-04-08,11.42520
2016-04-09,11.42770
2016-04-10,11.43020
2016-04-11,11.43270
2016-04-12,11.43530
2016-04-13,11.43780
2016-04-14,11.42770
2016-04-15,11.43030
2016-04-16,11.43280
2016-04-17,11.43530
2016-04-18,11.43780
2016-04-19,11.44030
2016-04-20,11.44280
2016-04-21,11.44520
2016-04-22,11.44760
2016-04-23,11.43020
2016-04-24,11.43270
2016-04-25,11.43520
2016-04-26,11.43760
2016-04-27,11.44010
2016-04-28,11.44250
2016-04-29,11.44500
2016-04-30,11.43270
2016-05-01,11.43520
2016-05-02,11.43760
2016-05-03,11.44020
2016-05-04,11.44270
2016-05-05,11.44510
2016-05-06,11.44740
2016-05-07,11.43520
2016-05-08,11.43770
2016-05-09,11.44020
2016-05-10,11.44260
2016-05-11,11.44510
2016-05-12,11.44750
2016-05-13,11.44990
2016-05-14,11.43770
2016-05-15,11.44000
2016-05-16,11.44250
2016-05-17,11.44490
2016-05-18,11.44730
2016-05-19,11.44970
2016-05-20,11.45220
2016-05-21,11.44010
2016-05-22,11.44250
2016-05-23,11.44490
2016-05-24,11.44730
2016-05-25,11.44980
2016-05-26,11.45210
2016-05-27,11.45450
2016-05-28,11.44250
2016-05-29,11.44490
2016-05-30,11.44730
2016-05-31,11.44970
2016-06-01,11.45210
2016-06-02,11.45440
2016-06-03,11.45680
2016-06-04,11.44500
2016-06-05,11.44730
2016-06-06,11.44970
2016-06-07,11.45220
2016-06-08,11.45460
2016-06-09,11.45690
2016-06-10,11.45940
2016-06-11,11.44800
2016-06-12,11.45030
2016-06-13,11.45260
2016-06-14,11.45500
2016-06-15,11.45740
2016-06-16,11.45970
2016-06-17,11.46200
2016-06-18,11.45030
2016-06-19,11.45260
2016-06-20,11.45490
2016-06-21,11.45720
2016-06-22,11.45950
2016-06-23,11.46200
2016-06-24,11.46420
2016-06-25,11.45270
2016-06-26,11.45500
2016-06-27,11.45740
2016-06-28,11.45970
2016-06-29,11.46230
2016-06-30,11.46470
2016-07-01,11.46700
2016-07-02,11.45510
2016-07-03,11.45730
2016-07-04,11.45960
2016-07-05,11.46200
2016-07-06,11.46420
2016-07-07,11.46660
2016-07-08,11.46900
2016-07-09,11.45740
2016-07-10,11.45970
2016-07-11,11.46190
2016-07-12,11.46420
2016-07-13,11.46650
2016-07-14,11.46880
2016-07-15,11.47110
2016-07-16,11.45970
2016-07-17,11.46190
2016-07-18,11.46420
2016-07-19,11.46640
2016-07-20,11.46870
2016-07-21,11.47090
2016-07-22,11.47330
2016-07-23,11.46190
2016-07-24,11.46420
2016-07-25,11.46670
2016-07-26,11.46890
2016-07-27,11.47120
2016-07-28,11.47340
2016-07-29,11.47560
2016-07-30,11.46410
2016-07-31,11.46630
2016-08-01,11.46850
2016-08-02,11.47070
2016-08-03,11.47290
2016-08-04,11.47510
2016-08-05,11.47740
2016-08-06,11.46630
2016-08-07,11.46850
2016-08-08,11.47060
2016-08-09,11.47290
2016-08-10,11.47510
2016-08-11,11.47730
2016-08-12,11.47940
2016-08-13,11.46840
2016-08-14,11.47060
2016-08-15,11.47280
2016-08-16,11.47500
2016-08-17,11.47710
2016-08-18,11.47920
2016-08-19,11.48130
2016-08-20,11.47070
2016-08-21,11.47290
2016-08-22,11.47510
2016-08-23,11.47720
2016-08-24,11.47940
2016-08-25,11.48170
2016-08-26,11.48380
2016-08-27,11.47280
2016-08-28,11.47500
2016-08-29,11.47710
2016-08-30,11.47920
2016-08-31,11.48140
2016-09-01,11.48350
2016-09-02,11.48570
2016-09-03,11.47490
2016-09-04,11.47700
2016-09-05,11.47920
2016-09-06,11.48140
2016-09-07,11.48350
2016-09-08,11.48560
2016-09-09,11.48770
2016-09-10,11.47700
2016-09-11,11.47910
2016-09-12,11.48130
2016-09-13,11.48340
2016-09-14,11.48550
2016-09-15,11.48760
2016-09-16,11.48970
2016-09-17,11.47910
2016-09-18,11.48120
2016-09-19,11.48340
2016-09-20,11.48550
2016-09-21,11.48760
2016-09-22,11.48970
2016-09-23,11.49190
2016-09-24,11.48130
2016-09-25,11.48340
2016-09-26,11.48550
2016-09-27,11.48770
2016-09-28,11.48990
2016-09-29,11.49220
2016-09-30,11.49500
2016-10-01,11.48400
2016-10-02,11.48610
2016-10-03,11.48840
2016-10-04,11.49070
2016-10-05,11.49300
2016-10-06,11.49510
2016-10-07,11.49720
2016-10-08,11.48640
2016-10-09,11.48850
2016-10-10,11.49050
2016-10-11,11.49260
2016-10-12,11.49470
2016-10-13,11.49670
2016-10-14,11.49890
2016-10-15,11.48850
2016-10-16,11.49050
2016-10-17,11.49260
2016-10-18,11.49470
2016-10-19,11.49670
2016-10-20,11.49870
2016-10-21,11.50090
2016-10-22,11.49050
2016-10-23,11.49260
2016-10-24,11.49470
2016-10-25,11.49670
2016-10-26,11.49880
2016-10-27,11.50090
2016-10-28,11.50300
2016-10-29,11.49290
2016-10-30,11.49490
2016-10-31,11.49700
2016-11-01,11.49910
2016-11-02,11.50130
2016-11-03,11.50340
2016-11-04,11.50550
2016-11-05,11.49500
2016-11-06,11.49710
2016-11-07,11.49920
2016-11-08,11.50130
2016-11-09,11.50340
2016-11-10,11.50540
2016-11-11,11.50750
2016-11-12,11.49710
2016-11-13,11.49910
2016-11-14,11.50120
2016-11-15,11.50360
2016-11-16,11.50600
2016-11-17,11.50810
2016-11-18,11.51030
2016-11-19,11.49920
2016-11-20,11.50130
2016-11-21,11.50360
2016-11-22,11.50570
2016-11-23,11.50790
2016-11-24,11.51050
2016-11-25,11.51230
2016-11-26,11.50200
2016-11-27,11.50400
2016-11-28,11.50580
2016-11-29,11.50800
2016-11-30,11.51000
2016-12-01,11.51210
2016-12-02,11.51370
2016-12-03,11.50410
2016-12-04,11.50610
2016-12-05,11.50820
2016-12-06,11.51030
2016-12-07,11.51100
2016-12-08,11.51290
2016-12-09,11.51500
2016-12-10,11.50610
2016-12-11,11.50820
2016-12-12,11.51030
2016-12-13,11.51240
2016-12-14,11.51440
2016-12-15,11.51650
2016-12-16,11.51840
2016-12-17,11.50820
2016-12-18,11.51020
2016-12-19,11.51220
2016-12-20,11.51430
2016-12-21,11.51630
2016-12-22,11.51810
2016-12-23,11.52030
2016-12-24,11.51030
2016-12-25,11.51240
2016-12-26,11.51440
2016-12-27,11.51640
2016-12-28,11.51840
2016-12-29,11.52040
2016-12-30,11.52250
2016-12-31,11.51230
2017-01-01,11.51440
2017-01-02,11.51640
2017-01-03,11.51860
2017-01-04,11.52070
2017-01-05,11.52270
2017-01-06,11.52480
2017-01-07,11.51440
2017-01-08,11.51650
2017-01-09,11.51850
2017-01-10,11.52050
2017-01-11,11.52250
2017-01-12,11.52450
2017-01-13,11.52650
2017-01-14,11.51650
2017-01-15,11.51850
2017-01-16,11.52060
2017-01-17,11.52260
2017-01-18,11.52460
2017-01-19,11.52660
2017-01-20,11.52870
2017-01-21,11.51870
2017-01-22,11.52070
2017-01-23,11.52280
2017-01-24,11.52480
2017-01-25,11.52690
2017-01-26,11.52890
2017-01-27,11.53100
2017-01-28,11.52110
2017-01-29,11.52320
2017-01-30,11.52530
2017-01-31,11.52740
2017-02-01,11.52940
2017-02-02,11.53140
2017-02-03,11.53350
2017-02-04,11.52340
2017-02-05,11.52550
2017-02-06,11.52760
2017-02-07,11.52960
2017-02-08,11.53130
2017-02-09,11.53340
2017-02-10,11.53550
2017-02-11,11.52560
2017-02-12,11.52760
2017-02-13,11.52970
2017-02-14,11.53170
2017-02-15,11.53380
2017-02-16,11.53580
2017-02-17,11.53780
2017-02-18,11.52780
2017-02-19,11.52980
2017-02-20,11.53190
2017-02-21,11.53390
2017-02-22,11.53610
2017-02-23,11.53830
2017-02-24,11.53040
2017-02-25,11.53250
2017-02-26,11.53450
2017-02-27,11.53650
2017-02-28,11.53840
2017-03-01,11.54060
2017-03-02,11.54260
2017-03-03,11.54440
2017-03-04,11.53260
2017-03-05,11.53460
2017-03-06,11.53670
2017-03-07,11.53880
2017-03-08,11.54070
2017-03-09,11.54270
2017-03-10,11.54480
2017-03-11,11.53480
2017-03-12,11.53710
2017-03-13,11.53930
2017-03-14,11.54150
2017-03-15,11.54360
2017-03-16,11.54570
2017-03-17,11.54770
2017-03-18,11.53700
2017-03-19,11.53920
2017-03-20,11.54140
2017-03-21,11.54340
2017-03-22,11.54580
2017-03-23,11.54790
2017-03-24,11.54980
2017-03-25,11.53960
2017-03-26,11.54170
2017-03-27,11.54370
2017-03-28,11.54570
2017-03-29,11.54780
2017-03-30,11.55000
2017-03-31,11.54250
2017-04-01,11.54460
2017-04-02,11.54670
2017-04-03,11.54880
2017-04-04,11.55080
2017-04-05,11.55300
2017-04-06,11.55490
2017-04-07,11.55690
2017-04-08,11.54450
2017-04-09,11.54660
2017-04-10,11.54860
2017-04-11,11.55060
2017-04-12,11.55260
2017-04-13,11.55460
2017-04-14,11.54650
2017-04-15,11.54850
2017-04-16,11.55050
2017-04-17,11.55250
2017-04-18,11.55450
2017-04-19,11.55660
2017-04-20,11.55860
2017-04-21,11.56070
2017-04-22,11.54860
2017-04-23,11.55060
2017-04-24,11.55260
2017-04-25,11.55460
2017-04-26,11.55670
2017-04-27,11.55870
2017-04-28,11.56070
2017-04-29,11.55060
2017-04-30,11.55260
2017-05-01,11.55460
2017-05-02,11.55670
2017-05-03,11.55870
2017-05-04,11.56070
2017-05-05,11.56260
2017-05-06,11.55260
2017-05-07,11.55470
2017-05-08,11.55670
2017-05-09,11.55870
2017-05-10,11.56080
2017-05-11,11.56270
2017-05-12,11.56480
2017-05-13,11.55470
2017-05-14,11.55680
2017-05-15,11.55890
2017-05-16,11.56090
2017-05-17,11.56300
2017-05-18,11.56510
2017-05-19,11.56710
2017-05-20,11.55680
2017-05-21,11.55880
2017-05-22,11.56090
2017-05-23,11.56290
2017-05-24,11.56490
2017-05-25,11.56690
2017-05-26,11.56890
2017-05-27,11.55880
2017-05-28,11.56080
2017-05-29,11.56280
2017-05-30,11.56490
2017-05-31,11.56690
2017-06-01,11.56890
2017-06-02,11.57110
2017-06-03,11.56080
2017-06-04,11.56280
2017-06-05,11.56480
2017-06-06,11.56690
2017-06-07,11.56890
2017-06-08,11.57100
2017-06-09,11.57290
2017-06-10,11.56280
2017-06-11,11.56480
2017-06-12,11.56680
2017-06-13,11.56890
2017-06-14,11.57090
2017-06-15,11.57290
2017-06-16,11.57490
2017-06-17,11.56480
2017-06-18,11.56680
2017-06-19,11.56890
2017-06-20,11.57090
2017-06-21,11.57300
2017-06-22,11.57500
2017-06-23,11.57690
2017-06-24,11.56700
2017-06-25,11.56910
2017-06-26,11.57120
2017-06-27,11.57340
2017-06-28,11.57550
2017-06-29,11.57750
2017-06-30,11.57970
2017-07-01,11.56900
2017-07-02,11.57100
2017-07-03,11.57320
2017-07-04,11.57530
2017-07-05,11.57740
2017-07-06,11.57960
2017-07-07,11.58180
2017-07-08,11.57110
2017-07-09,11.57320
2017-07-10,11.57540
2017-07-11,11.57740
2017-07-12,11.57950
2017-07-13,11.58150
2017-07-14,11.58360
2017-07-15,11.57310
2017-07-16,11.57510
2017-07-17,11.57720
2017-07-18,11.57920
2017-07-19,11.58130
2017-07-20,11.58340
2017-07-21,11.58550
2017-07-22,11.57520
2017-07-23,11.57720
2017-07-24,11.57930
2017-07-25,11.58140
2017-07-26,11.58340
2017-07-27,11.58540
2017-07-28,11.58740
2017-07-29,11.57720
2017-07-30,11.57920
2017-07-31,11.58130
2017-08-01,11.58330
2017-08-02,11.58530
2017-08-03,11.58740
2017-08-04,11.58940
2017-08-05,11.57930
2017-08-06,11.58140
2017-08-07,11.58350
2017-08-08,11.58560
2017-08-09,11.58770
2017-08-10,11.58970
2017-08-11,11.59170
2017-08-12,11.58130
2017-08-13,11.58330
2017-08-14,11.58540
2017-08-15,11.58740
2017-08-16,11.58940
2017-08-17,11.59140
2017-08-18,11.59340
2017-08-19,11.58330
2017-08-20,11.58530
2017-08-21,11.58730
2017-08-22,11.58930
2017-08-23,11.59130
2017-08-24,11.59330
2017-08-25,11.58530
2017-08-26,11.58720
2017-08-27,11.58920
2017-08-28,11.59120
2017-08-29,11.59310
2017-08-30,11.59510
2017-08-31,11.59710
2017-09-01,11.59910
2017-09-02,11.58730
2017-09-03,11.58920
2017-09-04,11.59120
2017-09-05,11.59310
2017-09-06,11.59510
2017-09-07,11.59700
2017-09-08,11.59900
2017-09-09,11.58920
2017-09-10,11.59120
2017-09-11,11.59320
2017-09-12,11.59520
2017-09-13,11.59720
2017-09-14,11.59920
2017-09-15,11.60120
2017-09-16,11.59120
2017-09-17,11.59330
2017-09-18,11.59530
2017-09-19,11.59730
2017-09-20,11.59930
2017-09-21,11.60130
2017-09-22,11.60330
2017-09-23,11.59330
2017-09-24,11.59530
2017-09-25,11.59740
2017-09-26,11.59950
2017-09-27,11.60160
2017-09-28,11.60360
2017-09-29,11.60570
2017-09-30,11.59530
2017-10-01,11.59720
2017-10-02,11.59920
2017-10-03,11.60120
2017-10-04,11.60320
2017-10-05,11.60510
2017-10-06,11.60710
2017-10-07,11.59720
2017-10-08,11.59910
2017-10-09,11.60110
2017-10-10,11.60320
2017-10-11,11.60520
2017-10-12,11.60720
2017-10-13,11.60930
2017-10-14,11.59920
2017-10-15,11.60130
2017-10-16,11.60330
2017-10-17,11.60530
2017-10-18,11.60730
2017-10-19,11.60120
2017-10-20,11.60320
2017-10-21,11.60510
2017-10-22,11.60710
2017-10-23,11.60900
2017-10-24,11.61100
2017-10-25,11.61290
2017-10-26,11.61480
2017-10-27,11.61670
2017-10-28,11.60310
2017-10-29,11.60510
2017-10-30,11.60710
2017-10-31,11.60920
2017-11-01,11.61120
2017-11-02,11.61330
2017-11-03,11.61540
2017-11-04,11.60520
2017-11-05,11.60720
2017-11-06,11.60920
2017-11-07,11.61120
2017-11-08,11.61320
2017-11-09,11.61520
2017-11-10,11.61710
2017-11-11,11.60720
2017-11-12,11.60910
2017-11-13,11.61110
2017-11-14,11.61310
2017-11-15,11.61510
2017-11-16,11.61700
2017-11-17,11.61890
2017-11-18,11.60910
2017-11-19,11.61110
2017-11-20,11.61310
2017-11-21,11.61510
2017-11-22,11.61700
2017-11-23,11.61900
2017-11-24,11.62100
2017-11-25,11.61110
2017-11-26,11.61310
2017-11-27,11.61510
2017-11-28,11.61710
2017-11-29,11.61910
2017-11-30,11.62110
2017-12-01,11.61310
2017-12-02,11.61510
2017-12-03,11.61710
2017-12-04,11.61900
2017-12-05,11.62100
2017-12-06,11.62300
2017-12-07,11.62500
2017-12-08,11.62700
2017-12-09,11.61510
2017-12-10,11.61710
2017-12-11,11.61910
2017-12-12,11.62100
2017-12-13,11.62300
2017-12-14,11.62500
2017-12-15,11.62700
2017-12-16,11.61710
2017-12-17,11.61910
2017-12-18,11.62110
2017-12-19,11.62310
2017-12-20,11.62500
2017-12-21,11.62700
2017-12-22,11.62900
2017-12-23,11.61910
2017-12-24,11.62120
2017-12-25,11.62320
2017-12-26,11.62530
2017-12-27,11.62730
2017-12-28,11.62940
2017-12-29,11.63170
2017-12-30,11.62120
2017-12-31,11.62320
2018-01-01,11.62580
2018-01-02,11.62780
2018-01-03,11.62990
2018-01-04,11.63180
2018-01-05,11.63390
2018-01-06,11.62320
2018-01-07,11.62530
2018-01-08,11.62730
2018-01-09,11.62940
2018-01-10,11.63140
2018-01-11,11.63340
2018-01-12,11.63550
2018-01-13,11.62530
2018-01-14,11.62730
2018-01-15,11.62940
2018-01-16,11.63140
2018-01-17,11.63350
2018-01-18,11.63550
2018-01-19,11.63760
2018-01-20,11.62730
2018-01-21,11.62940
2018-01-22,11.63150
2018-01-23,11.63360
2018-01-24,11.63560
2018-01-25,11.63770
2018-01-26,11.62940
2018-01-27,11.63150
2018-01-28,11.63360
2018-01-29,11.63570
2018-01-30,11.63780
2018-01-31,11.63980
2018-02-01,11.64190
2018-02-02,11.64390
2018-02-03,11.63150
2018-02-04,11.63360
2018-02-05,11.63560
2018-02-06,11.63770
2018-02-07,11.63980
2018-02-08,11.64190
2018-02-09,11.64400
2018-02-10,11.63360
2018-02-11,11.63560
2018-02-12,11.63780
2018-02-13,11.63980
2018-02-14,11.64190
2018-02-15,11.64400
2018-02-16,11.64610
2018-02-17,11.63560
2018-02-18,11.63770
2018-02-19,11.63980
2018-02-20,11.64190
2018-02-21,11.64400
2018-02-22,11.64610
2018-02-23,11.64810
2018-02-24,11.63770
2018-02-25,11.63980
2018-02-26,11.64190
2018-02-27,11.64400
2018-02-28,11.64600
2018-03-01,11.64820
2018-03-02,11.63980
2018-03-03,11.64190
2018-03-04,11.64410
2018-03-05,11.64620
2018-03-06,11.64860
2018-03-07,11.65090
2018-03-08,11.65310
2018-03-09,11.65530
2018-03-10,11.64200
2018-03-11,11.64410
2018-03-12,11.64640
2018-03-13,11.64880
2018-03-14,11.65100
2018-03-15,11.65340
2018-03-16,11.65700
2018-03-17,11.64610
2018-03-18,11.64830
2018-03-19,11.65090
2018-03-20,11.65320
2018-03-21,11.65550
2018-03-22,11.65760
2018-03-23,11.65950
2018-03-24,11.64900
2018-03-25,11.65120
2018-03-26,11.65300
2018-03-27,11.65560
2018-03-28,11.66440
2018-03-29,11.65810
2018-03-30,11.66020
2018-03-31,11.66240
2018-04-01,11.66460
2018-04-02,11.66670
2018-04-03,11.66900
2018-04-04,11.67140
2018-04-05,11.67360
2018-04-06,11.67580
2018-04-07,11.66020
2018-04-08,11.66230
2018-04-09,11.66460
2018-04-10,11.66670
2018-04-11,11.66880
2018-04-12,11.67100
2018-04-13,11.67300
2018-04-14,11.66230
2018-04-15,11.66440
2018-04-16,11.66660
2018-04-17,11.66870
2018-04-18,11.67080
2018-04-19,11.67290
2018-04-20,11.67500
2018-04-21,11.66440
2018-04-22,11.66650
2018-04-23,11.66860
2018-04-24,11.67070
2018-04-25,11.67280
2018-04-26,11.67490
2018-04-27,11.67700
2018-04-28,11.66650
2018-04-29,11.66860
2018-04-30,11.67070
2018-05-01,11.67280
2018-05-02,11.67500
2018-05-03,11.67710
2018-05-04,11.67930
2018-05-05,11.66860
2018-05-06,11.67070
2018-05-07,11.67280
2018-05-08,11.67490
2018-05-09,11.67700
2018-05-10,11.67910
2018-05-11,11.68110
2018-05-12,11.67070
2018-05-13,11.67280
2018-05-14,11.67490
2018-05-15,11.67700
2018-05-16,11.67910
2018-05-17,11.68110
2018-05-18,11.68330
2018-05-19,11.67290
2018-05-20,11.67500
2018-05-21,11.67710
2018-05-22,11.67930
2018-05-23,11.68140
2018-05-24,11.68360
2018-05-25,11.68580
2018-05-26,11.67500
2018-05-27,11.67720
2018-05-28,11.67970
2018-05-29,11.68240
2018-05-30,11.68520
2018-05-31,11.68710
2018-06-01,11.68910
2018-06-02,11.67780
2018-06-03,11.68000
2018-06-04,11.68220
2018-06-05,11.68440
2018-06-06,11.68760
2018-06-07,11.68970
2018-06-08,11.69210
2018-06-09,11.68070
2018-06-10,11.68290
2018-06-11,11.68540
2018-06-12,11.68770
2018-06-13,11.69020
2018-06-14,11.69240
2018-06-15,11.69490
2018-06-16,11.68360
2018-06-17,11.68590
2018-06-18,11.68860
2018-06-19,11.69090
2018-06-20,11.69330
2018-06-21,11.69570
2018-06-22,11.69810
2018-06-23,11.68620
2018-06-24,11.68850
2018-06-25,11.69080
2018-06-26,11.69320
2018-06-27,11.69570
2018-06-28,11.69800
2018-06-29,11.70110
2018-06-30,11.68940
2018-07-01,11.69170
2018-07-02,11.69470
2018-07-03,11.69720
2018-07-04,11.69960
2018-07-05,11.70190
2018-07-06,11.70430
2018-07-07,11.69170
2018-07-08,11.69400
2018-07-09,11.69640
2018-07-10,11.69860
2018-07-11,11.70090
2018-07-12,11.70310
2018-07-13,11.70540
2018-07-14,11.69400
2018-07-15,11.69630
2018-07-16,11.69860
2018-07-17,11.70090
2018-07-18,11.70320
2018-07-19,11.70540
2018-07-20,11.70770
2018-07-21,11.69630
2018-07-22,11.69860
2018-07-23,11.70070
2018-07-24,11.70290
2018-07-25,11.70520
2018-07-26,11.70740
2018-07-27,11.70970
2018-07-28,11.69850
2018-07-29,11.70070
2018-07-30,11.70340
2018-07-31,11.70580
2018-08-01,11.70810
2018-08-02,11.71040
2018-08-03,11.71240
2018-08-04,11.70110
2018-08-05,11.70360
2018-08-06,11.70590
2018-08-07,11.70810
2018-08-08,11.71040
2018-08-09,11.71250
2018-08-10,11.71490
2018-08-11,11.70340
2018-08-12,11.70560
2018-08-13,11.70780
2018-08-14,11.71000
2018-08-15,11.71220
2018-08-16,11.71440
2018-08-17,11.70550
2018-08-18,11.70770
2018-08-19,11.71000
2018-08-20,11.71210
2018-08-21,11.71440
2018-08-22,11.71660
2018-08-23,11.71880
2018-08-24,11.72100
2018-08-25,11.70760
2018-08-26,11.70980
2018-08-27,11.71200
2018-08-28,11.71420
2018-08-29,11.71650
2018-08-30,11.71880
2018-08-31,11.72110
2018-09-01,11.70980
2018-09-02,11.71200
2018-09-03,11.71430
2018-09-04,11.71660
2018-09-05,11.71890
2018-09-06,11.72110
2018-09-07,11.72340
2018-09-08,11.71200
2018-09-09,11.71420
2018-09-10,11.71630
2018-09-11,11.71840
2018-09-12,11.72050
2018-09-13,11.72270
2018-09-14,11.72500
2018-09-16,11.71650
2018-09-17,11.71870
2018-09-18,11.72100
2018-09-19,11.72320
2018-09-20,11.72550
2018-09-21,11.72780
2018-09-23,11.71880
2018-09-24,11.72100
2018-09-25,11.72260
2018-09-26,11.72460
2018-09-27,11.72870
2018-09-28,11.73190
2018-09-30,11.72220
2018-10-01,11.72460
2018-10-02,11.72690
2018-10-03,11.72930
2018-10-04,11.73140
2018-10-05,11.73390
2018-10-07,11.72450
2018-10-08,11.72680
2018-10-09,11.72930
2018-10-10,11.73160
2018-10-11,11.73390
2018-10-12,11.73640
2018-10-14,11.72720
2018-10-15,11.72940
2018-10-16,11.73190
2018-10-17,11.73410
2018-10-18,11.73640
2018-10-19,11.73880
2018-10-21,11.72950
2018-10-22,11.73200
2018-10-23,11.73430
2018-10-24,11.73670
2018-10-25,11.73900
2018-10-26,11.74120
2018-10-28,11.73210
2018-10-29,11.73450
2018-10-30,11.73690
2018-10-31,11.73930
2018-11-01,11.74160
2018-11-02,11.74400
2018-11-04,11.73450
2018-11-05,11.73690
2018-11-06,11.73930
2018-11-08,11.74420
2018-11-09,11.74660
2018-11-11,11.73690
2018-11-12,11.73930
2018-11-13,11.74180
2018-11-14,11.74420
2018-11-15,11.74670
2018-11-16,11.74930
2018-11-18,11.73930
2018-11-19,11.74170
2018-11-20,11.74420
2018-11-21,11.74660
2018-11-22,11.74900
2018-11-25,11.74430
2018-11-26,11.74680
2018-11-27,11.74920
2018-11-28,11.75160
2018-11-29,11.75400
2018-11-30,11.75660
2018-12-02,11.74480
2018-12-03,11.74740
2018-12-04,11.74990
2018-12-05,11.75250
2018-12-06,11.75500
2018-12-07,11.75740
2018-12-09,11.74790
2018-12-10,11.75020
2018-12-11,11.75250
2018-12-12,11.75480
2018-12-13,11.75740
2018-12-14,11.75980
2018-12-16,11.75060
2018-12-17,11.75300
2018-12-18,11.75550
2018-12-19,11.75780
2018-12-20,11.76010
2018-12-21,11.76230
2018-12-23,11.75290
2018-12-24,11.75520
2018-12-25,11.75750
2018-12-26,11.75980
2018-12-27,11.76210
2018-12-28,11.76450
2018-12-30,11.75520
2018-12-31,11.75800
2019-01-01,11.76060
2019-01-02,11.76300
2019-01-03,11.76530
2019-01-04,11.76770
2019-01-06,11.75800
2019-01-07,11.76040
2019-01-08,11.76280
2019-01-09,11.76510
2019-01-10,11.76740
2019-01-11,11.76970
2019-01-13,11.76040
2019-01-14,11.76280
2019-01-15,11.76510
2019-01-16,11.76730
2019-01-17,11.76960
2019-01-18,11.77200
2019-01-20,11.76270
2019-01-21,11.76500
2019-01-22,11.76740
2019-01-23,11.76970
2019-01-24,11.77200
2019-01-25,11.77420
2019-01-27,11.76500
2019-01-28,11.76720
2019-01-29,11.76960
2019-01-30,11.77190
2019-01-31,11.77400
2019-02-01,11.77630
2019-02-03,11.76730
2019-02-04,11.76950
2019-02-05,11.77170
2019-02-06,11.77390
2019-02-07,11.77660
2019-02-08,11.77880
2019-02-10,11.76960
2019-02-11,11.77180
2019-02-12,11.77400
2019-02-13,11.77650
2019-02-14,11.77870
2019-02-15,11.78080
2019-02-17,11.77200
2019-02-18,11.77410
2019-02-19,11.77640
2019-02-20,11.77860
2019-02-21,11.78080
2019-02-22,11.78300
2019-02-24,11.77430
2019-02-25,11.77660
2019-02-26,11.77870
2019-02-27,11.78090
2019-02-28,11.78300
2019-03-01,11.78530
2019-03-04,11.77870
2019-03-05,11.78090
2019-03-06,11.78310
2019-03-07,11.78530
2019-03-08,11.78750
2019-03-09,11.77650
2019-03-10,11.77870
2019-03-11,11.78100
2019-03-12,11.78340
2019-03-13,11.78570
2019-03-14,11.78840
2019-03-15,11.79010
2019-03-16,11.77910
2019-03-17,11.78160
2019-03-18,11.78380
2019-03-19,11.78620
2019-03-20,11.78830
2019-03-21,11.79050
2019-03-22,11.79250
2019-03-24,11.78360
2019-03-25,11.78620
2019-03-26,11.78850
2019-03-27,11.79080
2019-03-28,11.79370
2019-03-29,11.80320
2019-03-31,11.79310
2019-04-01,11.79540
2019-04-02,11.79870
2019-04-03,11.80090
2019-04-04,11.80300
2019-04-05,11.80520
2019-04-07,11.79580
2019-04-08,11.79790
2019-04-09,11.80010
2019-04-10,11.80240
2019-04-11,11.80480
2019-04-12,11.80680
2019-04-14,11.79830
2019-04-15,11.80060
2019-04-16,11.80270
2019-04-17,11.80510
2019-04-18,11.80730
2019-04-21,11.80250
2019-04-22,11.80470
2019-04-23,11.80690
2019-04-24,11.80910
2019-04-25,11.81130
2019-04-26,11.81340
2019-04-28,11.80260
2019-04-29,11.80490
2019-04-30,11.80700
2019-05-01,11.80920
2019-05-02,11.81140
2019-05-03,11.81360
2019-05-05,11.80480
2019-05-06,11.80710
2019-05-07,11.80930
2019-05-08,11.81170
2019-05-09,11.81400
2019-05-10,11.81630
2019-05-12,11.80710
2019-05-13,11.80940
2019-05-14,11.81170
2019-05-15,11.81400
2019-05-16,11.81650
2019-05-17,11.81890
2019-05-18,11.80750
2019-05-19,11.80970
2019-05-20,11.81200
2019-05-21,11.81440
2019-05-22,11.81680
2019-05-23,11.81950
2019-05-24,11.82190
2019-05-26,11.81270
2019-05-27,11.81530
2019-05-28,11.81800
2019-05-29,11.82030
2019-05-30,11.82260
2019-05-31,11.82550
2019-06-02,11.81570
2019-06-03,11.81810
2019-06-04,11.82040
2019-06-05,11.82260
2019-06-06,11.82510
2019-06-07,11.82730
2019-06-09,11.81780
2019-06-10,11.81990
2019-06-11,11.82200
2019-06-12,11.82420
2019-06-13,11.82630
2019-06-14,11.82850
2019-06-16,11.81970
2019-06-17,11.82180
2019-06-18,11.82380
2019-06-19,11.82590
2019-06-20,11.82850
2019-06-21,11.83020
2019-06-23,11.82160
2019-06-24,11.82360
2019-06-25,11.82560
2019-06-26,11.82760
2019-06-27,11.82970
2019-06-28,11.83210
2019-06-30,11.82370
2019-07-01,11.82600
2019-07-02,11.82820
2019-07-03,11.83070
2019-07-04,11.83310
2019-07-05,11.83530
2019-07-07,11.82660
2019-07-08,11.82870
2019-07-09,11.83090
2019-07-10,11.83300
2019-07-11,11.83520
2019-07-12,11.83740
2019-07-14,11.82880
2019-07-15,11.83110
2019-07-16,11.83410
2019-07-17,11.83640
2019-07-18,11.83830
2019-07-19,11.84030
2019-07-21,11.83170
2019-07-22,11.83370
2019-07-23,11.83560
2019-07-24,11.83770
2019-07-25,11.83980
2019-07-26,11.84200
2019-07-28,11.83360
2019-07-29,11.83610
2019-07-30,11.83820
2019-07-31,11.84060
2019-08-01,11.84300
2019-08-02,11.84530
2019-08-04,11.83680
2019-08-05,11.83870
2019-08-06,11.84090
2019-08-07,11.84350
2019-08-08,11.84570
2019-08-09,11.84800
2019-08-12,11.84110
2019-08-13,11.84270
2019-08-14,11.84420
2019-08-15,11.84600
2019-08-16,11.84790
2019-08-17,11.83930
2019-08-18,11.84110
2019-08-19,11.84300
2019-08-20,11.84500
2019-08-21,11.84700
2019-08-22,11.84880
2019-08-23,11.85070
2019-08-25,11.84300
2019-08-26,11.84480
2019-08-27,11.84670
2019-08-28,11.84850
2019-08-29,11.85040
2019-08-30,11.85220
2019-09-02,11.84650
2019-09-03,11.84840
2019-09-04,11.85020
2019-09-05,11.85220
2019-09-06,11.85420
2019-09-08,11.84650
2019-09-09,11.84840
2019-09-10,11.85010
2019-09-11,11.85190
2019-09-12,11.85390
2019-09-13,11.85570
2019-09-15,11.84830
2019-09-16,11.85010
2019-09-17,11.85170
2019-09-18,11.85340
2019-09-19,11.85520
2019-09-20,11.85610
2019-09-22,11.85020
2019-09-23,11.85110
2019-09-24,11.85240
2019-09-25,11.85410
2019-09-26,11.85600
2019-09-27,11.85790
2019-09-29,11.85200
2019-09-30,11.85450
2019-10-01,11.85700
2019-10-02,11.85880
2019-10-03,11.86070
2019-10-04,11.86320
2019-10-06,11.85530
2019-10-07,11.85740
2019-10-08,11.85930
2019-10-09,11.86100
2019-10-10,11.86300
2019-10-11,11.86510
2019-10-13,11.85740
2019-10-14,11.85950
2019-10-15,11.86170
2019-10-16,11.86340
2019-10-17,11.86510
2019-10-18,11.86680
2019-10-21,11.86130
2019-10-22,11.86250
2019-10-23,11.86410
2019-10-24,11.86580
2019-10-25,11.86760
2019-10-26,11.85990
2019-10-28,11.86320
2019-10-29,11.86490
2019-10-30,11.86700
2019-10-31,11.86910
2019-11-01,11.87090
2019-11-03,11.86390
2019-11-04,11.86540
2019-11-05,11.86660
2019-11-06,11.86800
2019-11-07,11.86950
2019-11-08,11.86380
2019-11-10,11.86710
2019-11-11,11.86880
2019-11-12,11.87050
2019-11-13,11.87260
2019-11-14,11.87440
2019-11-15,11.87610
2019-11-16,11.86600
2019-11-17,11.86770
2019-11-18,11.86940
2019-11-19,11.87120
2019-11-20,11.87320
2019-11-21,11.87480
2019-11-22,11.87650
2019-11-24,11.86950
2019-11-25,11.87130
2019-11-26,11.87300
2019-11-27,11.87500
2019-11-28,11.87700
2019-11-29,11.87900
2019-12-01,11.87200
2019-12-02,11.87360
2019-12-03,11.87530
2019-12-04,11.87700
2019-12-05,11.87750
2019-12-06,11.87950
2019-12-08,11.87390
2019-12-09,11.87580
2019-12-10,11.87770
2019-12-11,11.87960
2019-12-12,11.88120
2019-12-13,11.88290
2019-12-15,11.87570
2019-12-16,11.87740
2019-12-17,11.87900
2019-12-18,11.88070
2019-12-19,11.88240
2019-12-20,11.88380
2019-12-22,11.87740
2019-12-23,11.87910
2019-12-24,11.88070
2019-12-25,11.88240
2019-12-26,11.88410
2019-12-27,11.88600
2019-12-29,11.87930
2019-12-30,11.88080
2019-12-31,11.88240
2020-01-01,11.88440
2020-01-02,11.88680
2020-01-03,11.88840
2020-01-05,11.88150
2020-01-06,11.88290
2020-01-07,11.88450
2020-01-08,11.88610
2020-01-09,11.88770
2020-01-10,11.88910
2020-01-12,11.88330
2020-01-13,11.88440
2020-01-14,11.88590
2020-01-15,11.88760
2020-01-16,11.88930
2020-01-17,11.89090
2020-01-19,11.88500
2020-01-20,11.88680
2020-01-21,11.88840
2020-01-22,11.89000
2020-01-23,11.89170
2020-01-24,11.89340
2020-01-26,11.88660
2020-01-27,11.88820
2020-01-28,11.88990
2020-01-29,11.89150
2020-01-30,11.89320
2020-01-31,11.89480
2020-02-01,11.88670
2020-02-02,11.88840
2020-02-03,11.89000
2020-02-04,11.89170
2020-02-05,11.89340
2020-02-06,11.89520
2020-02-07,11.89690
2020-02-09,11.89010
2020-02-10,11.89180
2020-02-11,11.89380
2020-02-12,11.89550
2020-02-13,11.89730
2020-02-14,11.89890
2020-02-16,11.89180
2020-02-17,11.89360
2020-02-18,11.89530
2020-02-19,11.89700
2020-02-20,11.89880
2020-02-23,11.89510
2020-02-24,11.89680
2020-02-25,11.89840
2020-02-26,11.90010
2020-02-27,11.90120
2020-02-28,11.90290
2020-03-01,11.89520
2020-03-02,11.89670
2020-03-03,11.89860
2020-03-04,11.90130
2020-03-05,11.90360
2020-03-06,11.90570
2020-03-08,11.89790
2020-03-09,11.90020
2020-03-10,11.90240
2020-03-11,11.90460
2020-03-12,11.90610
2020-03-13,11.90690
2020-03-15,11.89910
2020-03-16,11.90070
2020-03-17,11.90220
2020-03-18,11.90180
2020-03-19,11.89570
2020-03-20,11.89690
2020-03-22,11.90070
2020-03-23,11.89440
2020-03-24,11.89080
2020-03-25,11.89290
2020-03-26,11.89880
2020-03-27,11.92630
2020-03-28,11.90600
2020-03-29,11.90710
2020-03-30,11.90960
2020-03-31,11.91290
2020-04-01,11.91390
2020-04-02,11.91500
2020-04-03,11.91870
2020-04-04,11.91270
2020-04-06,11.91540
2020-04-07,11.91530
2020-04-08,11.91620
2020-04-09,11.91710
2020-04-12,11.91740
2020-04-13,11.91840
2020-04-14,11.91990
2020-04-15,11.92130
2020-04-16,11.92440
2020-04-17,11.92990
2020-04-18,11.91880
2020-04-19,11.92020
2020-04-20,11.92360
2020-04-21,11.92570
2020-04-22,11.92910
2020-04-23,11.93120
2020-04-24,11.93180
2020-04-26,11.92500
2020-04-27,11.92560
2020-04-28,11.92530
2020-04-29,11.92600
2020-04-30,11.92710
2020-05-03,11.92770
2020-05-04,11.92920
2020-05-05,11.93130
2020-05-06,11.93360
2020-05-07,11.93500
2020-05-08,11.93680
2020-05-10,11.92830
2020-05-11,11.93010
2020-05-12,11.93290
2020-05-13,11.93500
2020-05-14,11.93750
2020-05-15,11.93950
2020-05-17,11.93240
2020-05-18,11.93390
2020-05-19,11.93510
2020-05-20,11.93730
2020-05-21,11.93900
2020-05-22,11.94230
2020-05-25,11.93700
2020-05-26,11.93920
2020-05-27,11.93970
2020-05-28,11.93980
2020-05-29,11.94030
2020-05-30,11.93600
2020-05-31,11.93710
2020-06-01,11.93830
2020-06-02,11.93900
2020-06-03,11.93970
2020-06-04,11.94050
2020-06-05,11.94120
2020-06-07,11.93830
2020-06-08,11.93950
2020-06-09,11.94060
2020-06-10,11.94190
2020-06-11,11.94350
2020-06-12,11.94530
2020-06-14,11.93980
2020-06-15,11.94140
2020-06-16,11.94270
2020-06-17,11.94390
2020-06-18,11.94520
2020-06-19,11.94680
2020-06-21,11.94190
2020-06-22,11.94330
2020-06-23,11.94450
2020-06-24,11.94620
2020-06-25,11.94770
2020-06-26,11.94860
2020-06-27,11.94250
2020-06-28,11.94350
2020-06-29,11.94410
2020-06-30,11.94570
2020-07-01,11.94730
2020-07-02,11.94830
2020-07-03,11.94880
2020-07-05,11.94450
2020-07-06,11.94510
2020-07-07,11.94600
2020-07-08,11.94720
2020-07-09,11.94840
2020-07-10,11.94940
2020-07-11,11.94450
2020-07-12,11.94550
2020-07-13,11.94660
2020-07-14,11.94750
2020-07-15,11.94880
2020-07-16,11.94960
2020-07-17,11.95060
2020-07-19,11.94750
2020-07-20,11.94840
2020-07-21,11.94990
2020-07-22,11.95120
2020-07-23,11.95220
2020-07-24,11.95330
2020-07-26,11.94850
2020-07-27,11.94930
2020-07-28,11.95000
2020-07-29,11.95100
2020-07-30,11.95210
2020-07-31,11.95320
2020-08-02,11.94960
2020-08-03,11.95060
2020-08-04,11.95180
2020-08-05,11.95300
2020-08-06,11.95420
2020-08-07,11.95490
2020-08-09,11.95060
2020-08-10,11.95160
2020-08-11,11.95300
2020-08-12,11.95430
2020-08-13,11.95550
2020-08-14,11.95670
2020-08-16,11.95150
2020-08-17,11.95280
2020-08-18,11.95410
2020-08-19,11.95530
2020-08-20,11.95670
2020-08-21,11.95750
2020-08-23,11.95250
2020-08-24,11.95320
2020-08-25,11.95380
2020-08-26,11.95510
2020-08-27,11.95610
2020-08-28,11.95700
2020-08-30,11.95340
2020-08-31,11.95440
2020-09-01,11.95560
2020-09-02,11.95660
2020-09-03,11.95770
2020-09-04,11.95880
2020-09-06,11.95430
2020-09-07,11.95510
2020-09-08,11.95580
2020-09-09,11.95640
2020-09-10,11.95750
2020-09-11,11.95810
2020-09-13,11.95600
2020-09-14,11.95720
2020-09-15,11.95830
2020-09-16,11.95960
2020-09-17,11.96070
2020-09-18,11.96170
2020-09-20,11.95700
2020-09-21,11.95800
2020-09-22,11.95910
2020-09-23,11.96010
2020-09-24,11.96130
2020-09-25,11.96240
2020-09-26,11.95720
2020-09-27,11.95840
2020-09-28,11.95970
2020-09-29,11.96100
2020-09-30,11.96270
2020-10-01,11.96380
2020-10-03,11.95940
2020-10-04,11.96050
2020-10-05,11.96180
2020-10-06,11.96290
2020-10-07,11.96420
2020-10-08,11.96540
2020-10-09,11.96650
2020-10-10,11.95930
2020-10-11,11.96040
2020-10-12,11.96140
2020-10-13,11.96250
2020-10-14,11.96370
2020-10-15,11.96500
2020-10-16,11.96620
2020-10-18,11.96170
2020-10-19,11.96280
2020-10-20,11.96400
2020-10-21,11.96520
2020-10-22,11.96620
2020-10-23,11.96720
2020-10-25,11.96300
2020-10-26,11.96380
2020-10-27,11.96460
2020-10-28,11.96570
2020-10-29,11.96650
2020-10-30,11.96300
2020-11-01,11.96500
2020-11-02,11.96590
2020-11-03,11.96720
2020-11-04,11.96830
2020-11-05,11.96940
2020-11-06,11.97060
2020-11-08,11.96520
2020-11-09,11.96610
2020-11-10,11.96700
2020-11-11,11.96820
2020-11-12,11.96970
2020-11-13,11.97080
2020-11-16,11.96740
2020-11-17,11.96840
2020-11-18,11.96990
2020-11-19,11.97150
2020-11-20,11.97230
2020-11-21,11.96830
2020-11-22,11.96920
2020-11-23,11.96990
2020-11-24,11.97060
2020-11-25,11.97210
2020-11-26,11.97350
2020-11-27,11.97440
2020-11-28,11.96930
2020-11-30,11.97110
2020-12-01,11.97130
2020-12-02,11.97120
2020-12-03,11.97210
2020-12-04,11.97320
2020-12-06,11.97130
2020-12-07,11.97240
2020-12-08,11.97320
2020-12-09,11.97390
2020-12-10,11.97510
2020-12-11,11.97610
2020-12-13,11.97220
2020-12-14,11.97310
2020-12-15,11.97390
2020-12-16,11.97490
2020-12-17,11.97590
2020-12-18,11.97690
2020-12-20,11.97330
2020-12-21,11.97420
2020-12-22,11.97540
2020-12-23,11.97650
2020-12-24,11.97760
2020-12-26,11.97440
2020-12-27,11.97530
2020-12-28,11.97640
2020-12-29,11.97760
2020-12-30,11.97890
2020-12-31,11.98000
2021-01-01,11.98110
2021-01-02,11.97520
2021-01-03,11.97610
2021-01-04,11.97710
2021-01-05,11.97810
2021-01-06,11.97870
2021-01-07,11.97930
2021-01-08,11.98020
2021-01-09,11.97620
2021-01-10,11.97720
2021-01-11,11.97710
2021-01-12,11.97810
2021-01-13,11.97950
2021-01-14,11.98040
2021-01-15,11.98090
2021-01-16,11.97720
2021-01-17,11.97820
2021-01-18,11.97900
2021-01-19,11.98000
2021-01-20,11.98110
2021-01-21,11.98210
2021-01-22,11.98320
2021-01-24,11.97950
2021-01-25,11.98040
2021-01-26,11.98150
2021-01-27,11.98270
2021-01-28,11.98390
2021-01-29,11.98500
2021-01-30,11.97970
2021-01-31,11.98070
2021-02-01,11.98180
2021-02-02,11.98310
2021-02-03,11.98390
2021-02-04,11.98500
2021-02-05,11.98620
2021-02-07,11.98170
2021-02-08,11.98270
2021-02-09,11.98370
2021-02-10,11.98480
2021-02-11,11.98580
2021-02-12,11.98700
2021-02-13,11.98170
2021-02-14,11.98270
2021-02-15,11.98390
2021-02-16,11.98510
2021-02-17,11.98670
2021-02-18,11.98820
2021-02-19,11.98390
2021-02-21,11.98580
2021-02-22,11.98660
2021-02-23,11.98750
2021-02-24,11.98920
2021-02-25,11.99050
2021-02-26,11.99050
2021-02-27,11.98490
2021-02-28,11.98590
2021-03-01,11.98670
2021-03-02,11.98770
2021-03-03,11.98850
2021-03-04,11.98930
2021-03-05,11.99000
2021-03-06,11.98590
2021-03-07,11.98700
2021-03-08,11.98790
2021-03-09,11.98910
2021-03-10,11.99030
2021-03-11,11.99140
2021-03-12,11.99220
2021-03-14,11.98820
2021-03-15,11.98920
2021-03-16,11.99040
2021-03-17,11.99160
2021-03-18,11.99280
2021-03-19,11.99440
2021-03-21,11.98950
2021-03-22,11.99060
2021-03-23,11.99230
2021-03-24,11.99350
2021-03-25,11.99470
2021-03-26,11.99610
2021-03-28,11.99140
2021-03-29,11.99260
2021-03-30,11.99400
2021-03-31,11.99550
2021-04-01,11.99640
2021-04-04,11.99930
2021-04-05,12.00080
2021-04-06,12.00200
2021-04-07,12.00290
2021-04-08,12.00370
2021-04-09,12.00450
2021-04-10,11.99650
2021-04-11,11.99740
2021-04-12,11.99840
2021-04-13,11.99940
2021-04-14,12.00040
2021-04-15,12.00130
2021-04-16,12.00240
2021-04-17,11.99650
2021-04-18,11.99750
2021-04-19,11.99860
2021-04-20,11.99970
2021-04-21,12.00070
2021-04-22,12.00190
2021-04-23,12.00290
2021-04-24,11.99660
2021-04-25,11.99760
2021-04-26,11.99880
2021-04-27,11.99970
2021-04-28,12.00070
2021-04-29,12.00170
2021-04-30,12.00260
2021-05-02,11.99760
2021-05-03,11.99860
2021-05-04,11.99960
2021-05-05,12.00040
2021-05-06,12.00130
2021-05-07,12.00240
2021-05-09,11.99760
2021-05-10,11.99860
2021-05-11,11.99980
2021-05-12,12.00080
2021-05-13,12.00190
2021-05-14,12.00290
2021-05-16,11.99760
2021-05-17,11.99870
2021-05-18,11.99980
2021-05-19,12.00070
2021-05-20,12.00180
2021-05-21,12.00290
2021-05-22,11.99650
2021-05-23,11.99760
2021-05-24,11.99850
2021-05-25,11.99960
2021-05-26,12.00060
2021-05-27,12.00180
2021-05-28,12.00280
2021-05-30,11.99760
2021-05-31,11.99860
2021-06-01,11.99960
2021-06-02,12.00070
2021-06-03,12.00180
2021-06-04,12.00290
2021-06-05,11.99660
2021-06-06,11.99760
2021-06-07,11.99870
2021-06-08,11.99980
2021-06-09,12.00090
2021-06-10,12.00200
2021-06-11,12.00300
2021-06-13,11.99760
2021-06-14,11.99860
2021-06-15,11.99960
2021-06-16,12.00030
2021-06-17,12.00100
2021-06-18,12.00220
2021-06-19,11.99660
2021-06-20,11.99770
2021-06-21,11.99920
2021-06-22,12.00050
2021-06-23,12.00170
2021-06-24,12.00280
2021-06-25,12.00390
2021-06-27,11.99760
2021-06-28,11.99890
2021-06-29,12.00010
2021-06-30,12.00100
2021-07-01,12.00260
2021-07-02,12.00330
2021-07-04,11.99760
2021-07-05,11.99850
2021-07-06,11.99940
2021-07-07,12.00060
2021-07-08,12.00170
2021-07-09,12.00270
2021-07-11,11.99790
2021-07-12,11.99910
2021-07-13,12.00030
2021-07-14,12.00160
2021-07-15,12.00270
2021-07-16,12.00370
2021-07-18,11.99760
2021-07-19,11.99870
2021-07-20,11.99980
2021-07-21,12.00100
2021-07-22,12.00230
2021-07-23,12.00360
2021-07-25,11.99770
2021-07-26,11.99880
2021-07-27,11.99990
2021-07-28,12.00100
2021-07-29,12.00200
2021-07-30,12.00300
2021-08-01,11.99770
2021-08-02,11.99870
2021-08-03,11.99970
2021-08-04,12.00060
2021-08-05,12.00180
2021-08-06,12.00260
2021-08-08,11.99770
2021-08-09,11.99900
2021-08-10,12.00040
2021-08-11,12.00160
2021-08-12,12.00320
2021-08-13,12.00450
2021-08-15,11.99770
2021-08-16,11.99870
2021-08-17,12.00000
2021-08-18,12.00140
2021-08-19,12.00240
2021-08-20,12.00350
2021-08-22,11.99750
2021-08-23,11.99850
2021-08-24,11.99960
2021-08-25,12.00090
2021-08-26,12.00200
2021-08-27,12.00320
2021-08-29,11.99750
2021-08-30,11.99860
2021-08-31,11.99980
2021-09-01,12.00080
2021-09-02,12.00190
2021-09-03,12.00280
2021-09-05,11.99750
2021-09-06,11.99850
2021-09-07,11.99930
2021-09-08,12.00030
2021-09-09,12.00120
2021-09-10,11.99650
2021-09-11,11.99750
2021-09-12,11.99860
2021-09-13,11.99970
2021-09-14,12.00060
2021-09-15,12.00150
2021-09-16,12.00260
2021-09-17,12.00360
2021-09-19,11.99750
2021-09-20,11.99850
2021-09-21,11.99940
2021-09-22,12.00010
2021-09-23,12.00120
2021-09-24,12.00200
2021-09-26,11.99760
2021-09-27,11.99850
2021-09-28,11.99900
2021-09-29,11.99980
2021-09-30,12.00090
2021-10-01,12.00230
2021-10-03,11.99760
2021-10-04,11.99890
2021-10-05,11.99980
2021-10-06,12.00080
2021-10-07,12.00190
2021-10-08,12.00340
2021-10-09,11.99650
2021-10-10,11.99750
2021-10-11,11.99900
2021-10-12,12.00020
2021-10-13,12.00140
2021-10-14,12.00210
2021-10-17,11.99860
2021-10-18,11.99870
2021-10-19,11.99980
2021-10-20,12.00070
2021-10-21,12.00170
2021-10-23,11.99660
2021-10-24,11.99770
2021-10-25,11.99780
2021-10-26,11.99870
2021-10-27,11.99970
2021-10-28,12.00050
2021-10-29,12.00160
2021-10-31,11.99770
2021-11-01,11.99870
2021-11-02,11.99990
2021-11-03,12.00130
2021-11-07,12.00020
2021-11-08,12.00190
2021-11-09,12.00320
2021-11-10,12.00440
2021-11-11,12.00560
2021-11-12,12.00690
2021-11-14,11.99770
2021-11-15,11.99890
2021-11-16,11.99990
2021-11-17,12.00110
2021-11-18,12.00220
2021-11-21,11.99880
2021-11-22,11.99970
2021-11-23,12.00080
2021-11-24,12.00210
2021-11-25,12.00320
2021-11-26,12.00440
2021-11-28,11.99770
2021-11-29,11.99880
2021-11-30,12.00000
2021-12-01,12.00100
2021-12-02,12.00210
2021-12-03,12.00330
2021-12-05,11.99770
2021-12-06,11.99870
2021-12-07,11.99960
2021-12-08,12.00110
2021-12-09,12.00220
2021-12-10,12.00320
2021-12-12,11.99760
2021-12-13,11.99870
2021-12-14,11.99970
2021-12-15,12.00070
2021-12-16,12.00130
2021-12-17,12.00260
2021-12-19,11.99800
2021-12-20,11.99940
2021-12-21,12.00000
2021-12-22,12.00120
2021-12-23,12.00240
2021-12-24,12.00390
2021-12-26,11.99780
2021-12-27,11.99920
2021-12-28,12.00030
2021-12-29,12.00160
2021-12-30,11.99670
2021-12-31,11.99790
