Date,NAV
2006-04-03,10.10100
2006-04-04,10.10280
2006-04-05,10.10450
2006-04-07,10.10810
2006-04-10,10.11270
2006-04-12,10.11580
2006-04-13,10.11730
2006-04-17,10.12340
2006-04-18,10.12500
2006-04-19,10.12660
2006-04-20,10.12820
2006-04-21,10.12980
2006-04-24,10.13470
2006-04-25,10.13640
2006-04-26,10.13800
2006-04-27,10.14020
2006-04-28,10.14180
2006-05-02,10.14830
2006-05-03,10.09940
2006-05-04,10.10100
2006-05-05,10.10270
2006-05-08,10.10750
2006-05-09,10.10920
2006-05-10,10.11080
2006-05-11,10.11250
2006-05-12,10.11410
2006-05-15,10.11910
2006-05-16,10.12070
2006-05-17,10.12250
2006-05-18,10.12450
2006-05-19,10.12620
2006-05-22,10.13110
2006-05-23,10.13280
2006-05-24,10.13440
2006-05-25,10.13600
2006-05-26,10.13770
2006-05-29,10.14270
2006-05-30,10.14430
2006-05-31,10.14600
2006-06-01,10.10100
2006-06-02,10.10270
2006-06-05,10.10750
2006-06-06,10.10920
2006-06-07,10.11080
2006-06-08,10.11250
2006-06-09,10.11430
2006-06-12,10.11910
2006-06-13,10.12070
2006-06-14,10.12240
2006-06-15,10.12400
2006-06-16,10.12570
2006-06-19,10.13060
2006-06-20,10.13230
2006-06-21,10.13400
2006-06-22,10.13570
2006-06-23,10.13740
2006-06-26,10.14250
2006-06-27,10.14410
2006-06-28,10.14580
2006-06-29,10.14750
2006-06-30,10.14920
2006-07-03,10.15430
2006-07-04,10.10280
2006-07-05,10.10450
2006-07-06,10.10620
2006-07-07,10.10790
2006-07-10,10.11310
2006-07-11,10.11470
2006-07-12,10.11640
2006-07-13,10.11810
2006-07-14,10.11980
2006-07-17,10.12480
2006-07-18,10.12650
2006-07-19,10.12840
2006-07-20,10.13000
2006-07-21,10.13170
2006-07-24,10.13660
2006-07-25,10.13830
2006-07-26,10.14010
2006-07-27,10.14180
2006-07-28,10.14350
2006-07-31,10.14860
2006-08-01,10.10440
2006-08-02,10.10610
2006-08-03,10.10780
2006-08-04,10.10950
2006-08-07,10.11490
2006-08-08,10.11670
2006-08-09,10.11830
2006-08-10,10.12000
2006-08-11,10.12170
2006-08-14,10.12710
2006-08-16,10.13050
2006-08-17,10.13210
2006-08-18,10.13380
2006-08-21,10.13890
2006-08-22,10.14060
2006-08-23,10.14230
2006-08-24,10.14410
2006-08-25,10.14580
2006-08-28,10.15080
2006-08-29,10.15250
2006-08-30,10.15430
2006-08-31,10.15620
2006-09-01,10.10620
2006-09-04,10.11140
2006-09-05,10.11320
2006-09-06,10.11490
2006-09-07,10.11670
2006-09-08,10.11850
2006-09-11,10.12390
2006-09-12,10.12570
2006-09-13,10.12750
2006-09-14,10.12920
2006-09-15,10.13100
2006-09-18,10.13640
2006-09-19,10.13820
2006-09-20,10.14000
2006-09-21,10.14180
2006-09-22,10.14360
2006-09-25,10.14900
2006-09-26,10.15080
2006-09-27,10.15260
2006-09-28,10.15450
2006-09-29,10.15640
2006-10-03,10.10820
2006-10-04,10.11010
2006-10-05,10.11200
2006-10-06,10.11380
2006-10-09,10.11940
2006-10-10,10.12120
2006-10-11,10.12310
2006-10-12,10.12490
2006-10-13,10.12680
2006-10-16,10.13220
2006-10-17,10.13420
2006-10-18,10.13610
2006-10-19,10.13790
2006-10-20,10.13980
2006-10-23,10.14540
2006-10-26,10.15110
2006-10-27,10.15290
2006-10-30,10.15860
2006-10-31,10.16040
2006-11-01,10.11040
2006-11-02,10.11230
2006-11-03,10.11410
2006-11-06,10.11970
2006-11-07,10.12160
2006-11-08,10.12340
2006-11-09,10.12530
2006-11-10,10.12720
2006-11-13,10.13270
2006-11-14,10.13460
2006-11-15,10.13650
2006-11-16,10.13830
2006-11-17,10.14020
2006-11-20,10.14580
2006-11-21,10.14770
2006-11-22,10.14950
2006-11-23,10.15140
2006-11-24,10.15330
2006-11-27,10.15900
2006-11-28,10.16080
2006-11-29,10.16270
2006-11-30,10.16460
2006-12-01,10.11400
2006-12-04,10.11960
2006-12-05,10.12140
2006-12-06,10.12330
2006-12-07,10.12510
2006-12-08,10.12700
2006-12-11,10.13190
2006-12-12,10.13380
2006-12-13,10.13570
2006-12-14,10.13760
2006-12-15,10.13950
2006-12-18,10.14520
2006-12-19,10.14700
2006-12-20,10.14890
2006-12-21,10.15080
2006-12-22,10.15280
2006-12-26,10.16060
2006-12-27,10.16240
2006-12-28,10.16430
2006-12-29,10.16630
2007-01-02,10.11580
2007-01-03,10.11770
2007-01-04,10.11960
2007-01-05,10.12150
2007-01-08,10.12720
2007-01-09,10.12910
2007-01-10,10.13100
2007-01-11,10.13290
2007-01-12,10.13490
2007-01-15,10.14070
2007-01-16,10.14260
2007-01-17,10.14460
2007-01-18,10.14650
2007-01-19,10.14860
2007-01-22,10.15440
2007-01-23,10.15640
2007-01-24,10.15830
2007-01-25,10.16030
2007-01-29,10.16820
2007-01-31,10.17220
2007-02-01,10.11960
2007-02-02,10.12160
2007-02-05,10.12750
2007-02-06,10.12950
2007-02-07,10.13150
2007-02-08,10.13350
2007-02-09,10.13560
2007-02-12,10.14160
2007-02-13,10.14360
2007-02-14,10.14570
2007-02-15,10.14770
2007-02-19,10.15580
2007-02-20,10.15780
2007-02-21,10.15980
2007-02-22,10.16190
2007-02-23,10.16390
2007-02-26,10.17000
2007-02-27,10.17200
2007-02-28,10.17400
2007-03-01,10.12200
2007-03-02,10.12400
2007-03-05,10.12990
2007-03-06,10.13190
2007-03-07,10.13400
2007-03-08,10.13600
2007-03-09,10.13810
2007-03-12,10.14410
2007-03-13,10.14620
2007-03-14,10.14830
2007-03-15,10.15040
2007-03-16,10.15250
2007-03-19,10.15880
2007-03-20,10.16110
2007-03-21,10.16350
2007-03-22,10.16560
2007-03-23,10.16790
2007-03-26,10.17490
2007-03-28,10.17920
2007-03-29,10.18160
2007-03-30,10.18590
2007-04-02,10.14380
2007-04-03,10.14630
2007-04-04,10.14880
2007-04-05,10.15130
2007-04-09,10.16080
2007-04-10,10.16330
2007-04-11,10.16550
2007-04-12,10.16770
2007-04-13,10.16990
2007-04-16,10.17650
2007-04-17,10.17890
2007-04-18,10.18120
2007-04-19,10.18370
2007-04-20,10.18610
2007-04-23,10.19340
2007-04-24,10.19580
2007-04-25,10.19820
2007-04-26,10.20060
2007-04-27,10.20310
2007-04-30,10.21040
2007-05-03,10.14120
2007-05-04,10.14370
2007-05-07,10.15110
2007-05-08,10.15330
2007-05-09,10.15550
2007-05-10,10.15750
2007-05-11,10.15950
2007-05-14,10.16560
2007-05-15,10.16790
2007-05-16,10.17010
2007-05-17,10.17260
2007-05-18,10.17490
2007-05-21,10.18180
2007-05-22,10.18400
2007-05-23,10.18620
2007-05-24,10.18850
2007-05-25,10.19080
2007-05-28,10.19760
2007-05-29,10.20020
2007-05-30,10.20210
2007-05-31,10.20360
2007-06-01,10.14260
2007-06-04,10.14670
2007-06-05,10.14790
2007-06-06,10.14890
2007-06-07,10.14990
2007-06-08,10.15090
2007-06-11,10.15410
2007-06-12,10.15530
2007-06-13,10.15640
2007-06-14,10.15750
2007-06-15,10.15860
2007-06-18,10.16220
2007-06-19,10.16330
2007-06-20,10.16450
2007-06-21,10.16570
2007-06-22,10.16700
2007-06-25,10.17100
2007-06-26,10.17260
2007-06-27,10.17460
2007-06-28,10.17670
2007-06-29,10.17900
2007-07-02,10.18550
2007-07-03,10.18720
2007-07-04,10.14550
2007-07-05,10.14670
2007-07-06,10.14790
2007-07-09,10.15140
2007-07-10,10.15240
2007-07-11,10.15350
2007-07-12,10.15470
2007-07-13,10.15590
2007-07-16,10.16060
2007-07-17,10.16190
2007-07-18,10.16320
2007-07-19,10.16440
2007-07-20,10.16600
2007-07-23,10.17010
2007-07-24,10.17100
2007-07-25,10.17250
2007-07-26,10.17340
2007-07-27,10.17450
2007-07-30,10.17860
2007-07-31,10.17960
2007-08-01,10.14700
2007-08-02,10.14860
2007-08-03,10.15030
2007-08-06,10.15560
2007-08-07,10.15780
2007-08-08,10.15970
2007-08-09,10.16150
2007-08-10,10.16340
2007-08-13,10.16950
2007-08-14,10.17140
2007-08-16,10.17550
2007-08-17,10.17750
2007-08-20,10.18390
2007-08-21,10.18580
2007-08-22,10.18770
2007-08-23,10.18960
2007-08-24,10.19160
2007-08-27,10.19770
2007-08-28,10.19960
2007-08-29,10.20140
2007-08-30,10.20320
2007-08-31,10.20520
2007-09-03,10.21150
2007-09-04,10.15110
2007-09-05,10.15300
2007-09-06,10.15500
2007-09-07,10.15680
2007-09-10,10.16260
2007-09-11,10.16450
2007-09-12,10.16640
2007-09-13,10.16830
2007-09-14,10.17010
2007-09-17,10.17580
2007-09-18,10.17780
2007-09-19,10.17980
2007-09-20,10.18170
2007-09-21,10.18380
2007-09-24,10.19010
2007-09-25,10.19160
2007-09-26,10.19410
2007-09-27,10.19630
2007-09-28,10.19850
2007-10-01,10.20430
2007-10-03,10.15710
2007-10-04,10.15890
2007-10-05,10.16060
2007-10-08,10.16640
2007-10-09,10.16830
2007-10-10,10.17020
2007-10-11,10.17240
2007-10-12,10.17430
2007-10-15,10.18000
2007-10-16,10.18200
2007-10-17,10.18390
2007-10-18,10.18590
2007-10-19,10.18810
2007-10-22,10.19410
2007-10-23,10.19600
2007-10-24,10.19800
2007-10-25,10.20000
2007-10-26,10.20190
2007-10-29,10.20780
2007-10-30,10.20990
2007-10-31,10.21190
2007-11-01,10.21390
2007-11-02,10.15710
2007-11-05,10.16310
2007-11-06,10.16500
2007-11-07,10.16700
2007-11-08,10.16900
2007-11-12,10.17700
2007-11-13,10.17930
2007-11-14,10.18140
2007-11-15,10.18350
2007-11-16,10.18560
2007-11-19,10.19210
2007-11-20,10.19420
2007-11-21,10.19630
2007-11-22,10.19840
2007-11-23,10.20050
2007-11-26,10.20680
2007-11-27,10.20890
2007-11-28,10.21100
2007-11-29,10.21320
2007-11-30,10.21540
2007-12-03,10.22210
2007-12-04,10.16750
2007-12-05,10.16960
2007-12-06,10.17170
2007-12-07,10.17390
2007-12-10,10.18040
2007-12-11,10.18260
2007-12-12,10.18480
2007-12-13,10.18700
2007-12-14,10.18920
2007-12-17,10.19580
2007-12-18,10.19800
2007-12-19,10.20020
2007-12-20,10.20250
2007-12-24,10.21140
2007-12-26,10.21590
2007-12-27,10.21830
2007-12-28,10.22060
2007-12-31,10.22730
2008-01-01,10.22950
2008-01-02,10.23160
2008-01-03,10.16960
2008-01-04,10.17180
2008-01-07,10.17850
2008-01-08,10.18060
2008-01-09,10.18280
2008-01-10,10.18480
2008-01-11,10.18690
2008-01-14,10.19300
2008-01-15,10.19510
2008-01-16,10.19730
2008-01-17,10.19930
2008-01-18,10.20150
2008-01-21,10.20800
2008-01-22,10.21020
2008-01-23,10.21280
2008-01-24,10.21510
2008-01-25,10.21730
2008-01-28,10.22400
2008-01-29,10.22630
2008-01-30,10.22890
2008-01-31,10.23120
2008-02-01,10.23360
2008-02-04,10.24040
2008-02-05,10.24260
2008-02-06,10.18130
2008-02-07,10.18350
2008-02-08,10.18550
2008-02-11,10.19170
2008-02-12,10.19390
2008-02-13,10.19600
2008-02-14,10.19820
2008-02-15,10.20040
2008-02-18,10.20670
2008-02-19,10.20890
2008-02-20,10.21090
2008-02-21,10.21320
2008-02-22,10.21550
2008-02-25,10.22210
2008-02-26,10.22430
2008-02-27,10.22680
2008-02-28,10.22890
2008-02-29,10.23100
2008-03-03,10.23720
2008-03-04,10.18340
2008-03-05,10.18570
2008-03-07,10.18980
2008-03-10,10.19600
2008-03-11,10.19810
2008-03-12,10.20010
2008-03-13,10.20220
2008-03-14,10.20430
2008-03-17,10.21070
2008-03-18,10.21280
2008-03-19,10.21520
2008-03-24,10.22660
2008-03-25,10.22890
2008-03-26,10.23120
2008-03-27,10.23350
2008-03-28,10.23570
2008-03-31,10.24560
2008-04-01,10.23600
2008-04-02,10.23820
2008-04-03,10.24050
2008-04-04,10.24250
2008-04-07,10.24880
2008-04-08,10.25070
2008-04-09,10.25280
2008-04-10,10.25510
2008-04-11,10.25720
2008-04-15,10.26620
2008-04-16,10.26830
2008-04-17,10.27050
2008-04-21,10.27930
2008-04-22,10.28150
2008-04-23,10.28410
2008-04-24,10.28610
2008-04-25,10.28810
2008-04-28,10.29430
2008-04-29,10.29660
2008-04-30,10.29890
2008-05-02,10.24030
2008-05-05,10.24690
2008-05-06,10.24910
2008-05-07,10.25100
2008-05-08,10.25310
2008-05-09,10.25530
2008-05-12,10.26180
2008-05-13,10.26420
2008-05-14,10.26620
2008-05-15,10.26830
2008-05-16,10.27040
2008-05-20,10.27900
2008-05-21,10.28130
2008-05-22,10.28350
2008-05-23,10.28570
2008-05-26,10.29210
2008-05-27,10.29420
2008-05-28,10.29640
2008-05-29,10.29860
2008-05-30,10.30090
2008-06-02,10.30810
2008-06-03,10.24020
2008-06-04,10.24230
2008-06-05,10.24440
2008-06-06,10.24660
2008-06-09,10.25320
2008-06-10,10.25540
2008-06-11,10.25760
2008-06-12,10.25980
2008-06-13,10.26210
2008-06-16,10.26890
2008-06-17,10.27120
2008-06-18,10.27350
2008-06-19,10.27580
2008-06-20,10.27800
2008-06-23,10.28490
2008-06-24,10.28720
2008-06-25,10.28950
2008-06-26,10.29180
2008-06-27,10.29410
2008-06-30,10.30100
2008-07-01,10.30360
2008-07-02,10.30590
2008-07-03,10.24520
2008-07-04,10.24740
2008-07-07,10.25410
2008-07-08,10.25640
2008-07-09,10.25880
2008-07-10,10.26120
2008-07-11,10.26360
2008-07-14,10.27070
2008-07-15,10.27310
2008-07-16,10.27550
2008-07-17,10.27780
2008-07-18,10.28020
2008-07-21,10.28730
2008-07-22,10.28970
2008-07-23,10.29210
2008-07-24,10.29450
2008-07-25,10.29690
2008-07-28,10.30420
2008-07-29,10.30660
2008-07-30,10.30900
2008-07-31,10.31150
2008-08-01,10.25140
2008-08-04,10.25850
2008-08-05,10.26080
2008-08-06,10.26320
2008-08-07,10.26560
2008-08-08,10.26810
2008-08-11,10.27540
2008-08-12,10.27790
2008-08-13,10.28050
2008-08-14,10.28300
2008-08-18,10.29300
2008-08-19,0.00000
2008-08-20,10.29800
2008-08-21,10.30050
2008-08-22,10.30300
2008-08-25,10.31050
2008-08-26,10.31300
2008-08-27,10.31530
2008-08-28,10.31790
2008-08-29,10.32040
2008-09-01,10.32780
2008-09-02,10.25590
2008-09-04,10.26060
2008-09-05,10.26290
2008-09-08,10.26990
2008-09-09,10.27220
2008-09-10,10.27460
2008-09-11,10.27690
2008-09-12,10.27920
2008-09-15,10.28620
2008-09-16,10.28860
2008-09-17,10.29100
2008-09-18,10.29340
2008-09-19,10.29590
2008-09-22,10.30330
2008-09-23,10.30570
2008-09-24,10.30820
2008-09-25,10.31070
2008-09-26,10.31320
2008-09-29,10.32110
2008-09-30,10.32390
2008-10-01,10.32700
2008-10-03,10.33330
2008-10-06,10.34210
2008-10-07,10.25880
2008-10-08,10.26160
2008-10-10,10.26710
2008-10-13,10.27550
2008-10-14,10.27840
2008-10-15,10.28130
2008-10-16,10.28370
2008-10-17,10.28630
2008-10-20,10.29380
2008-10-21,10.29630
2008-10-22,10.29880
2008-10-23,10.30130
2008-10-24,10.30410
2008-10-27,10.31170
2008-10-29,10.31690
2008-10-31,10.32220
2008-11-03,10.32990
2008-11-04,10.26130
2008-11-05,10.26380
2008-11-06,10.26630
2008-11-07,10.26890
2008-11-10,10.27650
2008-11-11,10.27900
2008-11-12,10.28150
2008-11-14,10.28640
2008-11-17,10.29390
2008-11-18,10.29630
2008-11-19,10.29870
2008-11-20,10.30120
2008-11-21,10.30340
2008-11-24,10.31040
2008-11-25,10.31280
2008-11-26,10.31520
2008-11-28,10.32010
2008-12-01,10.32730
2008-12-02,10.32950
2008-12-03,10.26360
2008-12-04,10.26580
2008-12-05,10.26800
2008-12-08,10.27470
2008-12-10,10.27900
2008-12-11,10.28120
2008-12-12,10.28360
2008-12-15,10.28990
2008-12-16,10.29220
2008-12-17,10.29430
2008-12-18,10.29660
2008-12-19,10.29890
2008-12-22,10.30580
2008-12-23,10.30820
2008-12-24,10.31040
2008-12-26,10.31500
2008-12-29,10.32130
2008-12-30,10.32350
2008-12-31,10.32680
2009-01-01,10.32880
2009-01-02,10.26560
2009-01-05,10.27140
2009-01-06,10.27320
2009-01-07,10.27510
2009-01-09,10.27910
2009-01-12,10.28530
2009-01-13,10.28690
2009-01-14,10.28900
2009-01-15,10.29080
2009-01-16,10.29280
2009-01-19,10.29900
2009-01-20,10.30070
2009-01-21,10.30270
2009-01-22,10.30470
2009-01-23,10.30660
2009-01-27,10.31440
2009-01-28,10.31760
2009-01-29,10.31920
2009-01-30,10.32080
2009-02-02,10.26730
2009-02-03,10.26890
2009-02-04,10.27150
2009-02-05,10.27300
2009-02-06,10.27460
2009-02-09,10.27940
2009-02-10,10.28110
2009-02-11,10.28440
2009-02-12,10.28600
2009-02-13,10.28750
2009-02-16,10.29220
2009-02-17,10.29390
2009-02-18,10.29590
2009-02-19,10.29750
2009-02-20,10.29920
2009-02-24,10.30580
2009-02-25,10.30760
2009-02-26,10.30900
2009-02-27,10.31050
2009-03-02,10.31510
2009-03-03,10.26890
2009-03-04,10.27050
2009-03-05,10.27200
2009-03-06,10.27350
2009-03-09,10.27860
2009-03-12,10.28350
2009-03-13,10.28500
2009-03-16,10.28970
2009-03-17,10.29130
2009-03-18,10.29280
2009-03-19,10.29430
2009-03-20,10.29590
2009-03-23,10.30050
2009-03-24,10.30220
2009-03-25,10.30360
2009-03-26,10.30520
2009-03-27,10.30680
2009-03-30,10.31160
2009-03-31,10.31320
2009-04-01,10.31490
2009-04-02,10.31630
2009-04-06,10.27020
2009-04-08,10.27290
2009-04-09,10.27430
2009-04-13,10.27990
2009-04-15,10.28250
2009-04-16,10.28360
2009-04-17,10.28500
2009-04-20,10.28900
2009-04-21,10.29020
2009-04-22,10.29140
2009-04-23,10.29270
2009-04-24,10.29390
2009-04-27,10.29770
2009-04-28,10.29940
2009-04-29,10.30060
2009-05-04,10.30750
2009-05-05,10.27110
2009-05-06,10.27210
2009-05-07,10.27320
2009-05-08,10.27420
2009-05-11,10.27800
2009-05-12,10.27910
2009-05-13,10.28020
2009-05-14,10.28210
2009-05-15,10.28310
2009-05-18,10.28600
2009-05-19,10.28760
2009-05-20,10.28850
2009-05-21,10.28940
2009-05-22,10.29080
2009-05-25,10.29350
2009-05-26,10.29510
2009-05-27,10.29600
2009-05-28,10.29690
2009-05-29,10.29840
2009-06-01,10.30120
2009-06-02,10.27210
2009-06-03,10.27310
2009-06-04,10.27400
2009-06-05,10.27540
2009-06-08,10.27830
2009-06-09,10.27920
2009-06-10,10.28020
2009-06-11,10.28120
2009-06-12,10.28220
2009-06-15,10.28510
2009-06-16,10.28610
2009-06-17,10.28710
2009-06-18,10.28810
2009-06-19,10.28920
2009-06-22,10.29240
2009-06-23,10.29340
2009-06-24,10.29450
2009-06-25,10.29550
2009-06-26,10.29660
2009-06-29,10.30080
2009-06-30,10.30170
2009-07-01,10.30260
2009-07-02,10.30340
2009-07-03,10.27290
2009-07-06,10.27550
2009-07-07,10.27640
2009-07-08,10.27740
2009-07-09,10.27840
2009-07-10,10.27940
2009-07-13,10.28190
2009-07-14,10.28290
2009-07-15,10.28380
2009-07-16,10.28460
2009-07-17,10.28540
2009-07-20,10.28850
2009-07-21,10.28930
2009-07-22,10.29030
2009-07-23,10.29120
2009-07-24,10.29200
2009-07-27,10.29470
2009-07-28,10.29580
2009-07-29,10.29670
2009-07-30,10.29760
2009-07-31,10.29850
2009-08-03,10.30110
2009-08-04,10.27400
2009-08-05,10.27490
2009-08-06,10.27580
2009-08-07,10.27670
2009-08-10,10.27940
2009-08-11,10.28020
2009-08-12,10.28130
2009-08-13,10.28200
2009-08-14,10.28280
2009-08-17,10.28550
2009-08-18,10.28640
2009-08-19,10.28740
2009-08-20,10.28830
2009-08-21,10.28920
2009-08-24,10.29210
2009-08-25,10.29300
2009-08-26,10.29390
2009-08-27,10.29450
2009-08-28,10.29530
2009-08-31,10.29740
2009-09-01,10.29830
2009-09-02,10.27480
2009-09-03,10.27550
2009-09-04,10.27630
2009-09-07,10.27880
2009-09-08,10.27960
2009-09-09,10.28050
2009-09-10,10.28120
2009-09-11,10.28200
2009-09-14,10.28450
2009-09-15,10.28520
2009-09-16,10.28610
2009-09-17,10.28690
2009-09-18,10.28780
2009-09-22,10.29100
2009-09-23,10.29190
2009-09-24,10.29280
2009-09-25,10.29360
2009-09-29,10.29700
2009-09-30,10.29820
2009-10-01,10.29900
2009-10-05,10.30240
2009-10-06,10.27550
2009-10-07,10.27660
2009-10-08,10.27720
2009-10-09,10.27830
2009-10-12,10.28030
2009-10-14,10.28190
2009-10-15,10.28360
2009-10-16,10.28430
2009-10-20,10.28760
2009-10-21,10.28880
2009-10-22,10.28960
2009-10-23,10.29030
2009-10-26,10.29260
2009-10-27,10.29350
2009-10-28,10.29450
2009-10-29,10.29530
2009-10-30,10.29600
2009-11-03,10.29960
2009-11-04,10.27630
2009-11-05,10.27780
2009-11-06,10.27850
2009-11-09,10.28100
2009-11-10,10.28170
2009-11-11,10.28250
2009-11-12,10.28380
2009-11-13,10.28460
2009-11-16,10.28680
2009-11-17,10.28740
2009-11-18,10.28880
2009-11-19,10.28950
2009-11-20,10.29030
2009-11-23,10.29260
2009-11-24,10.29340
2009-11-25,10.29440
2009-11-26,10.29510
2009-11-27,10.29600
2009-11-30,10.29830
2009-12-01,10.29980
2009-12-02,10.27700
2009-12-03,10.27770
2009-12-04,10.27840
2009-12-07,10.28070
2009-12-08,10.28200
2009-12-09,10.28270
2009-12-10,10.28350
2009-12-11,10.28470
2009-12-14,10.28700
2009-12-15,10.28780
2009-12-16,10.28860
2009-12-17,10.28940
2009-12-18,10.29010
2009-12-21,10.29250
2009-12-22,10.29330
2009-12-23,10.29410
2009-12-24,10.29570
2009-12-29,10.29980
2009-12-30,10.30060
2009-12-31,10.30140
2010-01-04,10.30460
2010-01-05,10.27780
2010-01-06,10.27870
2010-01-07,10.27950
2010-01-08,10.28060
2010-01-11,10.28340
2010-01-12,10.28430
2010-01-13,10.28530
2010-01-14,10.28620
2010-01-15,10.28710
2010-01-18,10.28970
2010-01-19,10.29060
2010-01-20,10.29150
2010-01-21,10.29230
2010-01-22,10.29310
2010-01-25,10.29550
2010-01-27,10.29710
2010-01-28,10.29790
2010-01-29,10.29870
2010-02-01,10.30120
2010-02-02,10.27860
2010-02-03,10.27940
2010-02-04,10.28010
2010-02-05,10.28090
2010-02-08,10.28340
2010-02-09,10.28430
2010-02-10,10.28530
2010-02-11,10.28640
2010-02-15,10.29020
2010-02-16,10.29100
2010-02-17,10.29180
2010-02-18,10.29270
2010-02-19,10.29370
2010-02-22,10.29640
2010-02-23,10.29720
2010-02-24,10.29820
2010-02-25,10.29900
2010-02-26,10.30000
2010-03-02,10.30400
2010-03-03,10.27940
2010-03-04,10.28030
2010-03-05,10.28120
2010-03-08,10.28430
2010-03-09,10.28510
2010-03-10,10.28600
2010-03-11,10.28690
2010-03-12,10.28770
2010-03-15,10.29040
2010-03-16,10.29140
2010-03-17,10.29240
2010-03-18,10.29340
2010-03-19,10.29430
2010-03-22,10.29720
2010-03-23,10.29820
2010-03-25,10.30010
2010-03-26,10.30100
2010-03-29,10.30410
2010-03-30,10.30520
2010-03-31,10.30630
2010-04-01,10.30740
2010-04-05,10.31170
2010-04-06,10.28030
2010-04-07,10.28130
2010-04-08,10.28230
2010-04-09,10.28400
2010-04-12,10.28670
2010-04-13,10.28780
2010-04-15,10.29000
2010-04-16,10.29100
2010-04-19,10.29510
2010-04-20,10.29600
2010-04-21,10.29710
2010-04-22,10.29810
2010-04-23,10.29910
2010-04-26,10.30220
2010-04-27,10.30310
2010-04-28,10.30420
2010-04-29,10.30520
2010-04-30,10.28140
2010-05-03,10.28450
2010-05-04,10.28550
2010-05-05,10.28650
2010-05-06,10.28870
2010-05-07,10.28980
2010-05-10,10.29300
2010-05-11,10.29400
2010-05-12,10.29510
2010-05-13,10.29610
2010-05-14,10.29710
2010-05-17,10.30020
2010-05-18,10.30130
2010-05-19,10.30230
2010-05-20,10.30330
2010-05-21,10.30440
2010-05-24,10.30770
2010-05-25,10.30870
2010-05-26,10.30970
2010-05-27,10.31140
2010-05-28,10.31210
2010-05-31,10.31510
2010-06-01,10.28250
2010-06-02,10.28360
2010-06-03,10.28470
2010-06-04,10.28580
2010-06-07,10.28920
2010-06-08,10.29040
2010-06-09,10.29170
2010-06-10,10.29290
2010-06-11,10.29420
2010-06-14,10.29800
2010-06-15,10.29930
2010-06-16,10.30050
2010-06-17,10.30170
2010-06-18,10.30290
2010-06-21,10.30650
2010-06-22,10.30770
2010-06-23,10.30890
2010-06-24,10.31010
2010-06-25,10.31140
2010-06-28,10.31490
2010-06-29,10.31620
2010-06-30,10.31750
2010-07-01,10.31880
2010-07-02,10.28360
2010-07-05,10.28720
2010-07-06,10.28840
2010-07-07,10.28960
2010-07-08,10.29080
2010-07-09,10.29200
2010-07-12,10.29550
2010-07-13,10.29670
2010-07-14,10.29780
2010-07-15,10.29900
2010-07-16,10.30010
2010-07-19,10.30360
2010-07-20,10.30470
2010-07-21,10.30590
2010-07-22,10.30710
2010-07-23,10.30820
2010-07-26,10.31190
2010-07-27,10.31310
2010-07-28,10.31440
2010-07-29,10.31570
2010-07-30,10.31690
2010-08-02,10.32060
2010-08-03,10.28490
2010-08-04,10.28620
2010-08-05,10.28750
2010-08-06,10.28860
2010-08-09,10.29260
2010-08-10,10.29390
2010-08-11,10.29530
2010-08-12,10.29670
2010-08-13,10.29790
2010-08-16,10.30190
2010-08-17,10.30320
2010-08-18,10.30460
2010-08-19,10.30590
2010-08-20,10.30730
2010-08-23,10.31130
2010-08-24,10.31270
2010-08-25,10.31400
2010-08-26,10.31520
2010-08-27,10.31670
2010-08-30,10.32090
2010-08-31,10.32220
2010-09-01,10.28640
2010-09-02,10.28750
2010-09-03,10.28890
2010-09-06,10.29280
2010-09-07,10.29410
2010-09-08,10.29540
2010-09-09,10.29670
2010-09-13,10.30220
2010-09-14,10.30360
2010-09-15,10.30500
2010-09-16,10.30650
2010-09-17,10.30800
2010-09-20,10.31240
2010-09-21,10.31400
2010-09-22,10.31550
2010-09-23,10.31700
2010-09-24,10.31850
2010-09-27,10.32290
2010-09-28,10.32420
2010-09-29,10.32550
2010-09-30,10.32690
2010-10-01,10.32830
2010-10-04,10.33240
2010-10-05,10.28770
2010-10-06,10.28900
2010-10-07,10.29040
2010-10-08,10.29170
2010-10-11,10.29570
2010-10-12,10.29700
2010-10-13,10.29840
2010-10-14,10.29980
2010-10-15,10.30120
2010-10-18,10.30530
2010-10-19,10.30670
2010-10-20,10.30820
2010-10-21,10.30960
2010-10-22,10.31090
2010-10-25,10.31500
2010-10-26,10.31660
2010-10-27,10.31830
2010-10-28,10.31990
2010-10-29,10.32160
2010-11-01,10.32690
2010-11-02,10.28920
2010-11-03,10.29070
2010-11-04,10.29220
2010-11-08,10.29820
2010-11-09,10.29970
2010-11-10,10.30120
2010-11-11,10.30270
2010-11-12,10.30430
2010-11-15,10.30920
2010-11-16,10.31060
2010-11-18,10.31350
2010-11-19,10.31510
2010-11-22,10.32030
2010-11-23,10.32180
2010-11-24,10.32330
2010-11-25,10.32480
2010-11-26,10.32620
2010-11-29,10.33070
2010-11-30,10.33220
2010-12-01,10.29070
2010-12-02,10.29210
2010-12-03,10.29360
2010-12-06,10.29800
2010-12-07,10.29960
2010-12-08,10.30120
2010-12-09,10.30280
2010-12-10,10.30440
2010-12-13,10.31010
2010-12-14,10.31160
2010-12-15,10.31310
2010-12-16,10.31480
2010-12-20,10.32140
2010-12-21,10.32300
2010-12-22,10.32460
2010-12-23,10.32630
2010-12-24,10.32800
2010-12-27,10.33350
2010-12-28,10.33510
2010-12-29,10.33680
2010-12-30,10.33850
2010-12-31,10.29250
2011-01-03,10.29800
2011-01-04,10.29970
2011-01-05,10.30130
2011-01-06,10.30310
2011-01-07,10.30480
2011-01-10,10.31020
2011-01-11,10.31200
2011-01-12,10.31360
2011-01-13,10.31540
2011-01-14,10.31710
2011-01-17,10.32250
2011-01-18,10.32430
2011-01-19,10.32600
2011-01-20,10.32780
2011-01-21,10.32950
2011-01-24,10.33500
2011-01-25,10.33680
2011-01-27,10.34030
2011-01-28,10.34200
2011-01-31,10.34740
2011-02-01,10.29430
2011-02-02,10.29610
2011-02-03,10.29780
2011-02-04,10.29950
2011-02-07,10.30470
2011-02-08,10.30640
2011-02-09,10.30810
2011-02-10,10.30990
2011-02-11,10.31170
2011-02-14,10.31730
2011-02-15,10.31910
2011-02-16,10.32080
2011-02-17,10.32260
2011-02-18,10.32440
2011-02-21,10.32990
2011-02-22,10.33170
2011-02-23,10.33350
2011-02-24,10.33530
2011-02-25,10.33710
2011-02-28,10.34250
2011-03-01,10.29610
2011-03-03,10.29960
2011-03-04,10.30150
2011-03-07,10.30690
2011-03-08,10.30860
2011-03-09,10.31040
2011-03-10,10.31210
2011-03-11,10.31400
2011-03-14,10.31960
2011-03-15,10.32150
2011-03-16,10.32330
2011-03-17,10.32510
2011-03-18,10.32690
2011-03-21,10.33260
2011-03-22,10.33470
2011-03-23,10.33670
2011-03-24,10.33840
2011-03-25,10.34020
2011-03-28,10.34640
2011-03-29,10.34860
2011-03-30,10.35080
2011-03-31,10.35310
2011-04-01,10.35540
2011-04-04,10.36220
2011-04-05,10.36410
2011-04-06,10.36620
2011-04-07,10.29790
2011-04-08,10.29940
2011-04-11,10.30450
2011-04-13,10.30830
2011-04-15,10.31200
2011-04-18,10.31750
2011-04-19,10.31930
2011-04-20,10.32110
2011-04-21,10.32300
2011-04-25,10.33060
2011-04-26,10.33250
2011-04-27,10.33440
2011-04-28,10.33620
2011-04-29,10.33810
2011-05-02,10.34380
2011-05-03,10.29980
2011-05-04,10.30170
2011-05-05,10.30340
2011-05-06,10.30530
2011-05-09,10.31110
2011-05-10,10.31300
2011-05-11,10.31490
2011-05-12,10.31680
2011-05-13,10.31880
2011-05-16,10.32460
2011-05-17,10.32650
2011-05-18,10.32840
2011-05-19,10.33020
2011-05-20,10.33220
2011-05-23,10.33790
2011-05-24,10.33980
2011-05-25,10.34180
2011-05-26,10.34360
2011-05-27,10.34550
2011-05-30,10.35140
2011-05-31,10.35330
2011-06-01,10.30170
2011-06-02,10.30360
2011-06-03,10.30560
2011-06-06,10.31140
2011-06-07,10.31340
2011-06-08,10.31540
2011-06-09,10.31730
2011-06-10,10.31920
2011-06-13,10.32500
2011-06-14,10.32690
2011-06-15,10.32880
2011-06-16,10.33070
2011-06-17,10.33260
2011-06-20,10.33870
2011-06-21,10.34080
2011-06-22,10.34280
2011-06-23,10.34470
2011-06-24,10.34660
2011-06-27,10.35240
2011-06-28,10.35450
2011-06-29,10.35660
2011-06-30,10.35870
2011-07-01,10.36080
2011-07-04,10.36710
2011-07-05,10.30370
2011-07-06,10.30570
2011-07-07,10.30770
2011-07-08,10.30980
2011-07-11,10.31580
2011-07-12,10.31780
2011-07-13,10.31990
2011-07-14,10.32180
2011-07-15,10.32390
2011-07-18,10.32990
2011-07-19,10.33190
2011-07-20,10.33390
2011-07-21,10.33580
2011-07-22,10.33790
2011-07-25,10.34390
2011-07-26,10.34590
2011-07-27,10.34800
2011-07-28,10.35000
2011-07-29,10.35200
2011-08-01,10.35810
2011-08-02,10.30570
2011-08-03,10.30770
2011-08-04,10.30970
2011-08-05,10.31170
2011-08-08,10.31770
2011-08-09,10.31970
2011-08-10,10.32170
2011-08-11,10.32370
2011-08-12,10.32570
2011-08-16,10.33390
2011-08-17,10.33590
2011-08-18,10.33790
2011-08-19,10.33990
2011-08-22,10.34590
2011-08-23,10.34790
2011-08-24,10.34990
2011-08-25,10.35200
2011-08-26,10.35400
2011-08-29,10.36010
2011-08-30,10.36210
2011-09-02,10.36820
2011-09-05,10.37430
2011-09-06,10.30770
2011-09-07,10.30970
2011-09-08,10.31160
2011-09-09,10.31360
2011-09-10,10.31560
2011-09-11,10.31760
2011-09-12,10.31960
2011-09-13,10.32160
2011-09-14,10.32350
2011-09-15,10.32550
2011-09-16,10.32750
2011-09-18,10.33150
2011-09-19,10.33350
2011-09-20,10.33550
2011-09-21,10.33750
2011-09-22,10.33950
2011-09-23,10.34150
2011-09-24,10.34350
2011-09-25,10.34550
2011-09-26,10.34750
2011-09-27,10.34960
2011-09-28,10.35170
2011-09-29,10.35380
2011-09-30,10.35590
2011-10-01,10.35790
2011-10-02,10.36000
2011-10-03,10.36210
2011-10-04,10.30980
2011-10-05,10.31190
2011-10-06,10.31390
2011-10-07,10.31600
2011-10-08,10.31800
2011-10-09,10.31990
2011-10-10,10.32200
2011-10-11,10.32400
2011-10-12,10.32610
2011-10-13,10.32820
2011-10-14,10.33030
2011-10-15,10.33230
2011-10-16,10.33440
2011-10-17,10.33650
2011-10-18,10.33850
2011-10-19,10.34060
2011-10-20,10.34270
2011-10-21,10.34480
2011-10-22,10.34680
2011-10-23,10.34890
2011-10-24,10.35100
2011-10-25,10.35310
2011-10-26,10.35510
2011-10-27,10.35720
2011-10-28,10.35930
2011-10-29,10.36130
2011-10-30,10.36340
2011-10-31,10.36550
2011-11-01,10.31180
2011-11-02,10.31390
2011-11-03,10.31590
2011-11-04,10.31800
2011-11-05,10.32010
2011-11-06,10.32210
2011-11-07,10.32420
2011-11-08,10.32630
2011-11-09,10.32840
2011-11-10,10.33050
2011-11-11,10.33260
2011-11-12,10.33460
2011-11-13,10.33670
2011-11-14,10.33880
2011-11-15,10.34080
2011-11-16,10.34290
2011-11-17,10.34490
2011-11-18,10.34700
2011-11-19,10.34910
2011-11-20,10.35120
2011-11-21,10.35320
2011-11-22,10.35530
2011-11-23,10.35740
2011-11-24,10.35940
2011-11-25,10.36150
2011-11-26,10.36360
2011-11-27,10.36570
2011-11-28,10.36780
2011-11-29,10.36990
2011-11-30,10.37190
2011-12-01,10.31390
2011-12-02,10.31600
2011-12-03,10.31810
2011-12-04,10.32010
2011-12-05,10.32220
2011-12-06,10.32430
2011-12-07,10.32640
2011-12-08,10.32850
2011-12-09,10.33060
2011-12-10,10.33260
2011-12-11,10.33470
2011-12-12,10.33680
2011-12-13,10.33890
2011-12-14,10.34110
2011-12-15,10.34320
2011-12-16,10.34530
2011-12-17,10.34740
2011-12-18,10.34960
2011-12-19,10.35170
2011-12-20,10.35380
2011-12-21,10.35590
2011-12-22,10.35810
2011-12-23,10.36020
2011-12-24,10.36240
2011-12-25,10.36460
2011-12-26,10.36670
2011-12-27,10.36890
2011-12-28,10.37110
2011-12-29,10.37330
2011-12-30,10.37550
2011-12-31,10.37770
2012-01-01,10.37980
2012-01-02,10.38200
2012-01-03,10.31620
2012-01-04,10.31840
2012-01-05,10.32070
2012-01-06,10.32290
2012-01-07,10.32510
2012-01-08,10.32730
2012-01-09,10.32960
2012-01-10,10.33170
2012-01-11,10.33400
2012-01-12,10.33610
2012-01-13,10.33830
2012-01-14,10.34050
2012-01-15,10.34270
2012-01-16,10.34490
2012-01-17,10.34720
2012-01-18,10.34940
2012-01-19,10.35160
2012-01-20,10.35380
2012-01-21,10.35600
2012-01-22,10.35820
2012-01-23,10.36040
2012-01-24,10.36250
2012-01-25,10.36470
2012-01-26,10.36690
2012-01-27,10.36910
2012-01-28,10.37130
2012-01-29,10.37350
2012-01-30,10.37570
2012-01-31,10.37800
2012-02-01,10.31830
2012-02-02,10.32050
2012-02-03,10.32260
2012-02-04,10.32480
2012-02-05,10.32700
2012-02-06,10.32920
2012-02-07,10.33140
2012-02-08,10.33350
2012-02-09,10.33570
2012-02-10,10.33790
2012-02-11,10.34010
2012-02-12,10.34220
2012-02-13,10.34440
2012-02-14,10.34660
2012-02-15,10.34880
2012-02-16,10.35090
2012-02-17,10.35310
2012-02-18,10.35540
2012-02-19,10.35760
2012-02-20,10.35980
2012-02-21,10.36190
2012-02-22,10.36410
2012-02-23,10.36620
2012-02-24,10.36840
2012-02-25,10.37050
2012-02-26,10.37270
2012-02-27,10.37490
2012-02-28,10.37710
2012-02-29,10.37930
2012-03-01,10.32050
2012-03-02,10.32270
2012-03-03,10.32490
2012-03-04,10.32720
2012-03-05,10.32940
2012-03-06,10.33160
2012-03-07,10.33380
2012-03-08,10.33600
2012-03-09,10.33820
2012-03-10,10.34040
2012-03-11,10.34260
2012-03-12,10.34480
2012-03-13,10.34710
2012-03-14,10.34930
2012-03-15,10.35150
2012-03-16,10.35370
2012-03-17,10.35590
2012-03-18,10.35800
2012-03-19,10.36020
2012-03-20,10.36260
2012-03-21,10.36490
2012-03-22,10.36740
2012-03-23,10.36990
2012-03-26,10.37710
2012-03-27,10.37940
2012-03-28,10.38180
2012-03-29,10.32330
2012-03-30,10.32590
2012-03-31,10.32850
2012-04-01,10.33110
2012-04-02,10.33370
2012-04-03,10.33690
2012-04-04,10.33920
2012-04-05,10.34150
2012-04-06,10.34370
2012-04-07,10.34600
2012-04-08,10.34830
2012-04-09,10.35060
2012-04-10,10.35310
2012-04-11,10.35540
2012-04-12,10.35780
2012-04-13,10.36020
2012-04-14,10.36260
2012-04-15,10.36500
2012-04-16,10.36740
2012-04-17,10.37050
2012-04-18,10.37280
2012-04-19,10.37510
2012-04-20,10.37740
2012-04-21,10.37980
2012-04-22,10.38210
2012-04-23,10.38440
2012-04-24,10.38670
2012-04-25,10.38900
2012-04-26,10.39130
2012-04-27,10.39360
2012-04-28,10.39590
2012-04-29,10.39820
2012-04-30,10.40050
2012-05-02,10.40530
2012-05-03,10.32560
2012-05-04,10.32790
2012-05-05,10.33020
2012-05-06,10.33250
2012-05-07,10.33480
2012-05-08,10.33710
2012-05-09,10.33930
2012-05-10,10.34160
2012-05-11,10.34390
2012-05-12,10.34620
2012-05-13,10.34850
2012-05-14,10.35080
2012-05-15,10.35310
2012-05-16,10.35540
2012-05-17,10.35770
2012-05-18,10.36000
2012-05-19,10.36230
2012-05-20,10.36460
2012-05-21,10.36690
2012-05-22,10.36910
2012-05-23,10.37130
2012-05-24,10.37360
2012-05-25,10.37590
2012-05-26,10.37830
2012-05-27,10.38060
2012-05-28,10.38270
2012-05-29,10.38500
2012-05-30,10.38730
2012-05-31,10.32800
2012-06-01,10.33030
2012-06-02,10.33250
2012-06-03,10.33480
2012-06-04,10.33700
2012-06-05,10.33920
2012-06-06,10.34150
2012-06-07,10.34370
2012-06-08,10.34590
2012-06-09,10.34820
2012-06-10,10.35050
2012-06-11,10.35270
2012-06-12,10.35490
2012-06-13,10.35710
2012-06-14,10.35930
2012-06-15,10.36150
2012-06-16,10.36370
2012-06-17,10.36590
2012-06-18,10.36800
2012-06-19,10.37010
2012-06-20,10.37220
2012-06-21,10.37430
2012-06-22,10.37640
2012-06-23,10.37860
2012-06-24,10.38080
2012-06-25,10.38290
2012-06-26,10.38500
2012-06-27,10.38700
2012-06-28,10.38910
2012-06-29,10.39120
2012-06-30,10.39330
2012-07-01,10.39530
2012-07-02,10.39740
2012-07-03,10.39950
2012-07-04,10.33010
2012-07-05,10.33220
2012-07-06,10.33430
2012-07-07,10.33640
2012-07-08,10.33840
2012-07-09,10.34050
2012-07-10,10.34260
2012-07-11,10.34470
2012-07-12,10.34680
2012-07-13,10.34890
2012-07-14,10.35100
2012-07-15,10.35310
2012-07-16,10.35520
2012-07-17,10.35730
2012-07-18,10.35930
2012-07-19,10.36140
2012-07-20,10.36350
2012-07-21,10.36560
2012-07-22,10.36760
2012-07-23,10.36970
2012-07-24,10.37180
2012-07-25,10.37380
2012-07-26,10.37590
2012-07-27,10.37800
2012-07-28,10.38010
2012-07-29,10.38220
2012-07-30,10.38440
2012-07-31,10.38660
2012-08-01,10.33210
2012-08-02,10.33420
2012-08-03,10.33620
2012-08-04,10.33830
2012-08-05,10.34030
2012-08-06,10.34240
2012-08-07,10.34450
2012-08-08,10.34660
2012-08-09,10.34870
2012-08-10,10.35080
2012-08-11,10.35280
2012-08-12,10.35480
2012-08-13,10.35690
2012-08-14,10.35890
2012-08-15,10.36100
2012-08-16,10.36300
2012-08-17,10.36510
2012-08-18,10.36720
2012-08-19,10.36930
2012-08-20,10.37140
2012-08-21,10.37340
2012-08-22,10.37530
2012-08-23,10.37740
2012-08-24,10.37940
2012-08-25,10.38140
2012-08-26,10.38340
2012-08-27,10.38540
2012-08-28,10.38740
2012-08-29,10.38950
2012-08-30,10.39140
2012-08-31,10.39340
2012-09-01,10.39540
2012-09-02,10.39740
2012-09-03,10.39940
2012-09-04,10.33400
2012-09-05,10.33590
2012-09-06,10.33790
2012-09-07,10.33980
2012-09-08,10.34180
2012-09-09,10.34380
2012-09-10,10.34580
2012-09-11,10.34770
2012-09-12,10.34970
2012-09-13,10.35160
2012-09-14,10.35360
2012-09-15,10.35550
2012-09-16,10.35750
2012-09-17,10.35940
2012-09-18,10.36140
2012-09-19,10.36330
2012-09-20,10.36530
2012-09-21,10.36720
2012-09-22,10.36910
2012-09-23,10.37090
2012-09-24,10.37280
2012-09-25,10.37470
2012-09-26,10.37660
2012-09-27,10.37850
2012-09-28,10.38040
2012-09-29,10.38230
2012-09-30,10.38420
2012-10-01,10.38600
2012-10-02,10.38800
2012-10-03,10.39000
2012-10-04,10.33590
2012-10-05,10.33770
2012-10-06,10.33960
2012-10-08,10.34330
2012-10-09,10.34520
2012-10-10,10.34700
2012-10-11,10.34910
2012-10-12,10.35090
2012-10-13,10.35280
2012-10-14,10.35460
2012-10-15,10.35650
2012-10-16,10.35830
2012-10-17,10.36020
2012-10-18,10.36200
2012-10-19,10.36390
2012-10-20,10.36570
2012-10-21,10.36760
2012-10-22,10.36950
2012-10-23,10.37130
2012-10-24,10.37320
2012-10-25,10.37500
2012-10-26,10.37690
2012-10-27,10.37880
2012-10-28,10.38060
2012-10-29,10.38250
2012-10-30,10.38430
2012-10-31,10.38620
2012-11-01,10.33770
2012-11-02,10.33960
2012-11-03,10.34150
2012-11-04,10.34330
2012-11-05,10.34520
2012-11-06,10.34700
2012-11-07,10.34880
2012-11-08,10.35070
2012-11-09,10.35260
2012-11-10,10.35440
2012-11-11,10.35630
2012-11-12,10.35820
2012-11-13,10.36000
2012-11-14,10.36190
2012-11-15,10.36370
2012-11-16,10.36560
2012-11-17,10.36750
2012-11-18,10.36930
2012-11-19,10.37120
2012-11-20,10.37300
2012-11-21,10.37490
2012-11-22,10.37670
2012-11-23,10.37860
2012-11-24,10.38040
2012-11-25,10.38230
2012-11-26,10.38410
2012-11-27,10.38600
2012-11-28,10.38780
2012-11-29,10.38970
2012-11-30,10.39160
2012-12-01,10.39340
2012-12-02,10.39530
2012-12-03,10.39720
2012-12-04,10.33950
2012-12-05,10.34140
2012-12-06,10.34320
2012-12-07,10.34500
2012-12-08,10.34690
2012-12-09,10.34870
2012-12-10,10.35050
2012-12-11,10.35240
2012-12-12,10.35420
2012-12-13,10.35610
2012-12-14,10.35790
2012-12-15,10.35980
2012-12-16,10.36170
2012-12-17,10.36350
2012-12-18,10.36540
2012-12-19,10.36730
2012-12-20,10.36920
2012-12-21,10.37160
2012-12-22,10.37410
2012-12-23,10.37650
2012-12-24,10.37890
2012-12-25,10.38130
2012-12-26,10.38370
2012-12-27,10.38610
2012-12-28,10.38870
2012-12-29,10.39110
2012-12-30,10.39360
2012-12-31,10.39610
2013-01-01,10.39870
2013-01-02,10.34210
2013-01-03,10.34450
2013-01-04,10.34700
2013-01-05,10.34940
2013-01-06,10.35180
2013-01-07,10.35420
2013-01-08,10.35670
2013-01-09,10.35900
2013-01-10,10.36140
2013-01-11,10.36380
2013-01-12,10.36620
2013-01-13,10.36860
2013-01-14,10.37100
2013-01-15,10.37340
2013-01-16,10.37580
2013-01-17,10.37820
2013-01-18,10.38060
2013-01-19,10.38300
2013-01-20,10.38540
2013-01-21,10.38780
2013-01-22,10.39020
2013-01-23,10.39260
2013-01-24,10.39500
2013-01-25,10.39740
2013-01-26,10.39980
2013-01-27,10.40220
2013-01-28,10.40460
2013-01-29,10.40700
2013-01-30,10.40940
2013-01-31,10.41180
2013-02-01,10.34460
2013-02-02,10.34690
2013-02-03,10.34930
2013-02-04,10.35050
2013-02-05,10.35400
2013-02-06,10.35630
2013-02-07,10.35870
2013-02-08,10.36100
2013-02-09,10.36340
2013-02-10,10.36580
2013-02-11,10.36810
2013-02-12,10.37050
2013-02-13,10.37280
2013-02-14,10.37520
2013-02-15,10.37750
2013-02-16,10.37990
2013-02-17,10.38230
2013-02-18,10.38470
2013-02-19,10.38700
2013-02-20,10.38930
2013-02-21,10.39170
2013-02-22,10.39410
2013-02-23,10.39640
2013-02-24,10.39880
2013-02-25,10.40110
2013-02-26,10.40350
2013-02-27,10.34690
2013-02-28,10.34930
2013-03-01,10.35160
2013-03-02,10.35400
2013-03-03,10.35630
2013-03-04,10.35870
2013-03-05,10.36100
2013-03-06,10.36340
2013-03-07,10.36570
2013-03-08,10.36810
2013-03-09,10.37060
2013-03-10,10.37300
2013-03-11,10.37540
2013-03-12,10.37780
2013-03-13,10.38030
2013-03-14,10.38270
2013-03-15,10.38510
2013-03-16,10.38760
2013-03-17,10.39010
2013-03-18,10.39260
2013-03-19,10.39520
2013-03-20,10.39780
2013-03-21,10.40040
2013-03-22,10.40290
2013-03-23,10.40550
2013-03-24,10.40800
2013-03-25,10.41080
2013-03-26,10.41350
2013-03-27,10.41610
2013-03-28,10.41880
2013-03-29,10.42150
2013-03-30,10.42420
2013-03-31,10.42690
2013-04-01,10.42970
2013-04-02,10.43290
2013-04-03,10.35030
2013-04-04,10.35300
2013-04-05,10.35580
2013-04-06,10.35830
2013-04-07,10.36090
2013-04-08,10.36330
2013-04-09,10.36590
2013-04-10,10.36850
2013-04-11,10.37100
2013-04-12,10.37360
2013-04-13,10.37610
2013-04-14,10.37860
2013-04-15,10.38110
2013-04-16,10.38360
2013-04-17,10.38600
2013-04-18,10.38850
2013-04-19,10.39090
2013-04-20,10.39340
2013-04-21,10.39590
2013-04-22,10.39830
2013-04-23,10.40080
2013-04-24,10.40330
2013-04-25,10.40580
2013-04-26,10.40820
2013-04-27,10.41070
2013-04-28,10.41320
2013-04-29,10.41560
2013-04-30,10.41810
2013-05-01,10.42060
2013-05-02,10.35280
2013-05-03,10.35520
2013-05-04,10.35760
2013-05-05,10.36000
2013-05-06,10.36240
2013-05-07,10.36490
2013-05-08,10.36730
2013-05-09,10.36970
2013-05-10,10.37210
2013-05-11,10.37450
2013-05-12,10.37690
2013-05-13,10.37930
2013-05-14,10.38180
2013-05-15,10.38420
2013-05-16,10.38660
2013-05-17,10.38890
2013-05-18,10.39130
2013-05-19,10.39360
2013-05-20,10.39600
2013-05-21,10.39840
2013-05-22,10.40070
2013-05-23,10.40310
2013-05-24,10.40550
2013-05-25,10.40790
2013-05-26,10.41030
2013-05-27,10.41260
2013-05-28,10.41500
2013-05-29,10.41730
2013-05-30,10.41970
2013-05-31,10.42200
2013-06-01,10.42440
2013-06-02,10.42670
2013-06-03,10.42910
2013-06-04,10.43140
2013-06-05,10.35750
2013-06-06,10.35980
2013-06-07,10.36210
2013-06-08,10.36440
2013-06-09,10.36670
2013-06-10,10.36900
2013-06-11,10.37120
2013-06-12,10.37350
2013-06-13,10.37580
2013-06-14,10.37810
2013-06-15,10.38040
2013-06-16,10.38270
2013-06-17,10.38500
2013-06-18,10.38730
2013-06-19,10.38960
2013-06-20,10.39180
2013-06-21,10.39410
2013-06-22,10.39640
2013-06-23,10.39860
2013-06-24,10.40090
2013-06-25,10.40320
2013-06-26,10.40550
2013-06-27,10.40780
2013-06-28,10.41080
2013-06-29,10.41310
2013-06-30,10.41540
2013-07-01,10.41780
2013-07-02,10.42030
2013-07-03,10.42270
2013-07-04,10.36040
2013-07-05,10.36270
2013-07-06,10.36500
2013-07-07,10.36730
2013-07-08,10.36960
2013-07-09,10.37200
2013-07-10,10.37430
2013-07-11,10.37670
2013-07-12,10.37900
2013-07-13,10.38120
2013-07-14,10.38350
2013-07-15,10.38580
2013-07-16,10.36380
2013-07-17,10.36670
2013-07-18,10.36960
2013-07-19,10.37250
2013-07-20,10.37540
2013-07-21,10.37830
2013-07-22,10.38150
2013-07-23,10.38430
2013-07-24,10.37560
2013-07-25,10.37840
2013-07-26,10.38160
2013-07-27,10.38490
2013-07-28,10.38810
2013-07-29,10.39140
2013-07-30,10.39460
2013-07-31,10.39780
2013-08-01,10.40110
2013-08-02,10.40430
2013-08-03,10.40750
2013-08-04,10.41080
2013-08-05,10.41430
2013-08-06,10.41730
2013-08-07,10.42060
2013-08-08,10.42390
2013-08-09,10.42700
2013-08-10,10.43020
2013-08-11,10.43340
2013-08-12,10.43620
2013-08-13,10.43940
2013-08-14,10.44260
2013-08-15,10.44580
2013-08-16,10.44890
2013-08-17,10.45210
2013-08-18,10.45520
2013-08-19,10.45830
2013-08-20,10.46150
2013-08-21,10.46460
2013-08-22,10.46780
2013-08-23,10.47100
2013-08-24,10.47410
2013-08-25,10.47710
2013-08-26,10.48020
2013-08-27,10.48330
2013-08-28,10.48640
2013-08-29,10.48950
2013-08-30,10.49250
2013-08-31,10.49560
2013-09-01,10.49860
2013-09-02,10.40420
2013-09-03,10.40710
2013-09-04,10.41010
2013-09-05,10.41320
2013-09-06,10.41630
2013-09-07,10.41930
2013-09-08,10.42230
2013-09-09,10.42530
2013-09-10,10.42830
2013-09-11,10.43130
2013-09-12,10.43430
2013-09-13,10.43730
2013-09-14,10.44030
2013-09-15,10.44330
2013-09-16,10.44630
2013-09-17,10.44940
2013-09-18,10.45250
2013-09-19,10.45590
2013-09-20,10.45900
2013-09-21,10.46210
2013-09-22,10.46510
2013-09-23,10.46800
2013-09-24,10.47090
2013-09-25,10.47410
2013-09-26,10.47710
2013-09-27,10.48020
2013-09-28,10.48320
2013-09-29,10.48610
2013-09-30,10.48920
2013-10-01,10.49230
2013-10-02,10.49530
2013-10-03,10.49830
2013-10-04,10.50130
2013-10-05,10.50430
2013-10-06,10.50730
2013-10-07,10.40750
2013-10-08,10.41140
2013-10-09,10.41420
2013-10-10,10.41700
2013-10-11,10.41990
2013-10-12,10.42280
2013-10-13,10.42560
2013-10-14,10.42840
2013-10-15,10.43130
2013-10-16,10.43410
2013-10-17,10.43690
2013-10-18,10.43980
2013-10-19,10.44260
2013-10-20,10.44550
2013-10-21,10.44820
2013-10-22,10.45110
2013-10-23,10.45380
2013-10-24,10.45670
2013-10-25,10.45950
2013-10-26,10.46220
2013-10-27,10.46500
2013-10-28,10.46780
2013-10-29,10.47060
2013-10-30,10.47330
2013-10-31,10.47610
2013-11-01,10.47890
2013-11-02,10.48160
2013-11-03,10.48440
2013-11-04,10.48710
2013-11-05,10.48990
2013-11-06,10.41020
2013-11-07,10.41290
2013-11-08,10.41560
2013-11-09,10.41830
2013-11-10,10.42110
2013-11-11,10.42370
2013-11-12,10.42640
2013-11-13,10.42900
2013-11-14,10.43170
2013-11-15,10.43440
2013-11-16,10.43700
2013-11-17,10.43970
2013-11-18,10.44230
2013-11-19,10.44490
2013-11-20,10.44750
2013-11-21,10.45000
2013-11-22,10.45260
2013-11-23,10.45520
2013-11-24,10.45790
2013-11-25,10.46050
2013-11-26,10.46310
2013-11-27,10.46570
2013-11-28,10.46820
2013-11-29,10.47090
2013-11-30,10.47350
2013-12-01,10.47600
2013-12-02,10.47860
2013-12-03,10.41270
2013-12-04,10.41530
2013-12-05,10.41780
2013-12-06,10.42050
2013-12-07,10.42310
2013-12-08,10.42570
2013-12-09,10.42820
2013-12-10,10.43070
2013-12-11,10.43330
2013-12-12,10.43580
2013-12-13,10.43830
2013-12-14,10.44090
2013-12-15,10.44350
2013-12-16,10.44600
2013-12-17,10.44850
2013-12-18,10.45100
2013-12-19,10.45340
2013-12-20,10.45600
2013-12-21,10.45860
2013-12-22,10.46120
2013-12-23,10.46380
2013-12-24,10.46630
2013-12-25,10.46890
2013-12-26,10.47140
2013-12-27,10.47390
2013-12-28,10.47650
2013-12-29,10.47900
2013-12-30,10.48150
2013-12-31,10.48410
2014-01-01,10.48670
2014-01-02,10.48920
2014-01-03,10.41530
2014-01-04,10.41780
2014-01-05,10.42030
2014-01-06,10.42280
2014-01-07,10.42530
2014-01-08,10.42780
2014-01-09,10.43030
2014-01-10,10.43280
2014-01-11,10.43530
2014-01-12,10.43780
2014-01-13,10.44030
2014-01-14,10.44280
2014-01-15,10.44530
2014-01-16,10.44790
2014-01-17,10.45040
2014-01-18,10.45290
2014-01-19,10.45540
2014-01-20,10.45790
2014-01-21,10.46040
2014-01-22,10.46290
2014-01-23,10.46540
2014-01-24,10.46790
2014-01-25,10.47040
2014-01-26,10.47290
2014-01-27,10.47530
2014-01-28,10.47780
2014-01-29,10.48030
2014-01-30,10.48280
2014-01-31,10.48520
2014-02-01,10.48770
2014-02-02,10.49020
2014-02-03,10.41770
2014-02-04,10.42010
2014-02-05,10.42250
2014-02-06,10.42500
2014-02-07,10.42740
2014-02-08,10.42990
2014-02-09,10.43240
2014-02-10,10.43490
2014-02-11,10.43740
2014-02-12,10.43990
2014-02-13,10.44240
2014-02-14,10.44480
2014-02-15,10.44730
2014-02-16,10.44980
2014-02-17,10.45230
2014-02-18,10.45480
2014-02-19,10.45720
2014-02-20,10.45960
2014-02-21,10.46200
2014-02-22,10.46450
2014-02-23,10.46690
2014-02-24,10.46930
2014-02-25,10.47180
2014-02-26,10.47420
2014-02-27,10.47670
2014-02-28,10.47910
2014-03-01,10.48160
2014-03-02,10.48400
2014-03-03,10.48640
2014-03-04,10.42010
2014-03-05,10.42260
2014-03-06,10.42520
2014-03-07,10.42770
2014-03-08,10.43020
2014-03-09,10.43260
2014-03-10,10.43510
2014-03-11,10.43780
2014-03-12,10.44040
2014-03-13,10.44300
2014-03-14,10.44560
2014-03-15,10.44820
2014-03-16,10.45080
2014-03-17,10.45340
2014-03-18,10.45600
2014-03-19,10.45870
2014-03-20,10.46150
2014-03-21,10.46410
2014-03-22,10.46680
2014-03-23,10.46950
2014-03-24,10.47230
2014-03-25,10.47500
2014-03-26,10.47770
2014-03-27,10.48120
2014-03-28,10.48590
2014-03-29,10.48860
2014-03-30,10.49140
2014-03-31,10.49420
2014-04-01,10.49700
2014-04-02,10.49960
2014-04-03,10.42330
2014-04-04,10.42610
2014-04-05,10.42880
2014-04-06,10.43140
2014-04-07,10.43410
2014-04-08,10.43680
2014-04-09,10.43940
2014-04-10,10.44200
2014-04-11,10.44460
2014-04-12,10.44720
2014-04-13,10.44970
2014-04-14,10.45230
2014-04-15,10.45490
2014-04-16,10.45750
2014-04-17,10.46010
2014-04-18,10.46270
2014-04-19,10.46540
2014-04-20,10.46800
2014-04-21,10.47060
2014-04-22,10.47330
2014-04-23,10.47590
2014-04-24,10.47850
2014-04-25,10.48110
2014-04-26,10.48370
2014-04-27,10.48630
2014-04-28,10.48890
2014-04-29,10.49150
2014-04-30,10.49410
2014-05-01,10.49670
2014-05-02,10.42590
2014-05-03,10.42850
2014-05-04,10.43100
2014-05-05,10.43350
2014-05-06,10.43610
2014-05-07,10.43860
2014-05-08,10.44110
2014-05-09,10.44370
2014-05-10,10.44630
2014-05-11,10.44880
2014-05-12,10.45140
2014-05-13,10.45390
2014-05-14,10.45650
2014-05-15,10.45900
2014-05-16,10.46150
2014-05-17,10.46400
2014-05-18,10.46650
2014-05-19,10.46890
2014-05-20,10.47140
2014-05-21,10.47400
2014-05-22,10.47650
2014-05-23,10.47900
2014-05-24,10.48150
2014-05-25,10.48400
2014-05-26,10.48650
2014-05-27,10.48900
2014-05-28,10.49150
2014-05-29,10.49400
2014-05-30,10.49650
2014-05-31,10.49900
2014-06-01,10.50150
2014-06-02,10.50400
2014-06-03,10.42840
2014-06-04,10.43080
2014-06-05,10.43330
2014-06-06,10.43580
2014-06-07,10.43820
2014-06-08,10.44070
2014-06-09,10.44320
2014-06-10,10.44560
2014-06-11,10.44810
2014-06-12,10.45060
2014-06-13,10.45300
2014-06-14,10.45550
2014-06-15,10.45790
2014-06-16,10.46030
2014-06-17,10.46280
2014-06-18,10.46520
2014-06-19,10.46770
2014-06-20,10.47010
2014-06-21,10.47250
2014-06-22,10.47500
2014-06-23,10.47750
2014-06-24,10.47990
2014-06-25,10.48240
2014-06-26,10.48480
2014-06-27,10.48720
2014-06-28,10.48970
2014-06-29,10.49210
2014-06-30,10.49460
2014-07-01,10.49720
2014-07-02,10.49960
2014-07-03,10.50210
2014-07-04,10.43100
2014-07-05,10.43340
2014-07-06,10.43590
2014-07-07,10.43820
2014-07-08,10.44070
2014-07-09,10.44310
2014-07-10,10.44550
2014-07-11,10.44800
2014-07-12,10.45040
2014-07-13,10.45280
2014-07-14,10.45520
2014-07-15,10.45770
2014-07-16,10.46010
2014-07-17,10.46250
2014-07-18,10.46490
2014-07-19,10.46740
2014-07-20,10.46980
2014-07-21,10.47220
2014-07-22,10.47470
2014-07-23,10.47710
2014-07-24,10.47960
2014-07-25,10.48200
2014-07-26,10.48450
2014-07-27,10.48690
2014-07-28,10.48940
2014-07-29,10.49180
2014-07-30,10.49430
2014-07-31,10.49670
2014-08-01,10.49920
2014-08-02,10.50160
2014-08-03,10.50400
2014-08-04,10.43340
2014-08-05,10.43580
2014-08-06,10.43820
2014-08-07,10.44060
2014-08-08,10.44300
2014-08-09,10.44550
2014-08-10,10.44790
2014-08-11,10.45030
2014-08-12,10.45270
2014-08-13,10.45510
2014-08-14,10.45760
2014-08-15,10.46000
2014-08-16,10.46240
2014-08-17,10.46480
2014-08-18,10.46730
2014-08-19,10.46970
2014-08-20,10.47210
2014-08-21,10.47450
2014-08-22,10.47690
2014-08-23,10.47930
2014-08-24,10.48180
2014-08-25,10.48420
2014-08-26,10.48660
2014-08-27,10.48900
2014-08-28,10.49140
2014-08-29,10.49390
2014-08-30,10.49630
2014-08-31,10.49870
2014-09-01,10.50120
2014-09-02,10.50360
2014-09-03,10.50610
2014-09-04,10.43590
2014-09-05,10.43830
2014-09-06,10.44080
2014-09-07,10.44320
2014-09-08,10.44570
2014-09-09,10.44810
2014-09-10,10.45050
2014-09-11,10.45290
2014-09-12,10.45540
2014-09-13,10.45780
2014-09-14,10.46030
2014-09-15,10.46270
2014-09-16,10.46520
2014-09-17,10.46770
2014-09-18,10.47010
2014-09-19,10.47270
2014-09-20,10.47510
2014-09-21,10.47760
2014-09-22,10.48010
2014-09-23,10.48250
2014-09-24,10.48500
2014-09-25,10.48750
2014-09-26,10.49000
2014-09-27,10.49250
2014-09-28,10.49500
2014-09-29,10.49750
2014-09-30,10.50020
2014-10-01,10.50280
2014-10-02,10.50530
2014-10-03,10.50780
2014-10-04,10.51030
2014-10-05,10.51270
2014-10-06,10.51520
2014-10-07,10.43850
2014-10-08,10.44100
2014-10-09,10.44350
2014-10-10,10.44600
2014-10-11,10.44840
2014-10-12,10.45090
2014-10-13,10.45330
2014-10-14,10.45580
2014-10-15,10.45820
2014-10-16,10.46070
2014-10-17,10.46320
2014-10-18,10.46560
2014-10-19,10.46810
2014-10-20,10.47060
2014-10-21,10.47310
2014-10-22,10.47550
2014-10-23,10.47800
2014-10-24,10.48050
2014-10-25,10.48290
2014-10-26,10.48540
2014-10-27,10.48790
2014-10-28,10.49040
2014-10-29,10.49280
2014-10-30,10.49530
2014-10-31,10.49780
2014-11-01,10.50020
2014-11-02,10.50260
2014-11-03,10.44100
2014-11-04,10.44340
2014-11-05,10.44590
2014-11-06,10.44830
2014-11-07,10.45080
2014-11-08,10.45320
2014-11-09,10.45560
2014-11-10,10.45810
2014-11-11,10.46050
2014-11-12,10.46290
2014-11-13,10.46540
2014-11-14,10.46780
2014-11-15,10.47020
2014-11-16,10.47260
2014-11-17,10.47500
2014-11-18,10.47740
2014-11-19,10.47980
2014-11-20,10.48220
2014-11-21,10.48460
2014-11-22,10.48700
2014-11-23,10.48940
2014-11-24,10.49180
2014-11-25,10.49420
2014-11-26,10.49660
2014-11-27,10.49900
2014-11-28,10.50150
2014-11-29,10.50390
2014-11-30,10.50630
2014-12-01,10.50870
2014-12-02,10.51120
2014-12-03,10.44350
2014-12-04,10.44590
2014-12-05,10.44830
2014-12-06,10.45070
2014-12-07,10.45310
2014-12-08,10.45540
2014-12-09,10.45780
2014-12-10,10.46020
2014-12-11,10.46260
2014-12-12,10.46500
2014-12-13,10.46730
2014-12-14,10.46970
2014-12-15,10.47210
2014-12-16,10.47450
2014-12-17,10.47690
2014-12-18,10.47930
2014-12-19,10.48170
2014-12-20,10.48410
2014-12-21,10.48650
2014-12-22,10.48890
2014-12-23,10.49130
2014-12-24,10.49370
2014-12-25,10.49620
2014-12-26,10.49860
2014-12-27,10.50100
2014-12-28,10.50340
2014-12-29,10.50580
2014-12-30,10.50820
2014-12-31,10.51090
2015-01-01,10.51340
2015-01-02,10.51580
2015-01-03,10.51820
2015-01-04,10.52060
2015-01-05,10.44610
2015-01-06,10.44850
2015-01-07,10.45090
2015-01-08,10.45330
2015-01-09,10.45570
2015-01-10,10.45810
2015-01-11,10.46050
2015-01-12,10.46290
2015-01-13,10.46530
2015-01-14,10.46770
2015-01-15,10.47010
2015-01-16,10.47260
2015-01-17,10.47500
2015-01-18,10.47740
2015-01-19,10.47980
2015-01-20,10.48220
2015-01-21,10.48460
2015-01-22,10.48700
2015-01-23,10.48940
2015-01-24,10.49180
2015-01-25,10.49420
2015-01-26,10.49660
2015-01-27,10.49900
2015-01-28,10.50140
2015-01-29,10.50380
2015-01-30,10.50620
2015-01-31,10.50860
2015-02-01,10.51090
2015-02-02,10.51330
2015-02-03,10.44850
2015-02-04,10.45090
2015-02-05,10.45330
2015-02-06,10.45570
2015-02-07,10.45810
2015-02-08,10.46050
2015-02-09,10.46280
2015-02-10,10.46520
2015-02-11,10.46760
2015-02-12,10.47000
2015-02-13,10.47240
2015-02-14,10.47480
2015-02-15,10.47710
2015-02-16,10.47950
2015-02-17,10.48190
2015-02-18,10.48430
2015-02-19,10.48670
2015-02-20,10.48910
2015-02-21,10.49150
2015-02-22,10.49390
2015-02-23,10.49630
2015-02-24,10.49870
2015-02-25,10.50110
2015-02-26,10.50340
2015-02-27,10.50590
2015-02-28,10.50830
2015-03-01,10.51070
2015-03-02,10.51320
2015-03-03,10.45100
2015-03-04,10.45370
2015-03-05,10.45620
2015-03-06,10.45860
2015-03-07,10.46100
2015-03-08,10.46340
2015-03-09,10.46590
2015-03-10,10.46830
2015-03-11,10.47070
2015-03-12,10.47310
2015-03-13,10.47550
2015-03-14,10.47800
2015-03-15,10.48040
2015-03-16,10.48290
2015-03-17,10.48530
2015-03-18,10.48780
2015-03-19,10.49020
2015-03-20,10.49260
2015-03-21,10.49500
2015-03-22,10.49750
2015-03-23,10.50000
2015-03-24,10.50240
2015-03-25,10.50480
2015-03-26,10.50740
2015-03-27,10.51000
2015-03-28,10.51250
2015-03-29,10.51500
2015-03-30,10.51770
2015-03-31,10.52280
2015-04-01,10.52530
2015-04-02,10.52790
2015-04-03,10.53040
2015-04-04,10.53300
2015-04-05,10.53550
2015-04-06,10.53830
2015-04-07,10.54080
2015-04-08,10.54330
2015-04-09,10.54580
2015-04-10,10.54820
2015-04-11,10.55060
2015-04-12,10.55310
2015-04-13,10.55550
2015-04-14,10.55800
2015-04-15,10.56050
2015-04-16,10.56280
2015-04-17,10.56530
2015-04-18,10.56770
2015-04-19,10.57020
2015-04-20,10.57260
2015-04-21,10.57500
2015-04-22,10.57750
2015-04-23,10.57990
2015-04-24,10.58230
2015-04-25,10.45360
2015-04-26,10.45600
2015-04-27,10.45840
2015-04-28,10.46080
2015-04-29,10.46320
2015-04-30,10.46560
2015-05-01,10.46800
2015-05-02,10.47040
2015-05-03,10.47280
2015-05-04,10.47520
2015-05-05,10.47760
2015-05-06,10.48000
2015-05-07,10.48240
2015-05-08,10.48470
2015-05-09,10.48710
2015-05-10,10.48950
2015-05-11,10.49180
2015-05-12,10.49420
2015-05-13,10.49660
2015-05-14,10.49900
2015-05-15,10.50130
2015-05-16,10.50370
2015-05-17,10.50600
2015-05-18,10.50840
2015-05-19,10.51080
2015-05-20,10.51320
2015-05-21,10.51560
2015-05-22,10.51790
2015-05-23,10.52020
2015-05-24,10.52260
2015-05-25,10.52500
2015-05-26,10.52740
2015-05-27,10.52980
2015-05-28,10.53220
2015-05-29,10.53460
2015-05-30,10.45600
2015-05-31,10.45830
2015-06-01,10.46070
2015-06-02,10.46320
2015-06-03,10.46550
2015-06-04,10.46790
2015-06-05,10.47020
2015-06-06,10.47250
2015-06-07,10.47480
2015-06-08,10.47720
2015-06-09,10.47950
2015-06-10,10.48190
2015-06-11,10.48420
2015-06-12,10.48660
2015-06-13,10.48890
2015-06-14,10.49120
2015-06-15,10.49350
2015-06-16,10.49580
2015-06-17,10.49810
2015-06-18,10.50040
2015-06-19,10.50270
2015-06-20,10.50490
2015-06-21,10.50720
2015-06-22,10.50950
2015-06-23,10.51180
2015-06-24,10.51410
2015-06-25,10.51640
2015-06-26,10.51870
2015-06-27,10.45830
2015-06-28,10.46050
2015-06-29,10.46280
2015-06-30,10.46530
2015-07-01,10.46760
2015-07-02,10.47000
2015-07-03,10.47230
2015-07-04,10.47450
2015-07-05,10.47680
2015-07-06,10.47910
2015-07-07,10.48140
2015-07-08,10.48370
2015-07-09,10.48600
2015-07-10,10.48830
2015-07-11,10.49060
2015-07-12,10.49290
2015-07-13,10.49510
2015-07-14,10.49740
2015-07-15,10.49970
2015-07-16,10.50190
2015-07-17,10.50430
2015-07-18,10.50650
2015-07-19,10.50880
2015-07-20,10.51110
2015-07-21,10.51330
2015-07-22,10.51560
2015-07-23,10.51790
2015-07-24,10.52010
2015-07-25,10.52240
2015-07-26,10.52460
2015-07-27,10.52690
2015-07-28,10.52920
2015-07-29,10.53140
2015-07-30,10.53370
2015-07-31,10.53590
2015-08-01,10.46050
2015-08-02,10.46270
2015-08-03,10.46490
2015-08-04,10.46710
2015-08-05,10.46940
2015-08-06,10.47160
2015-08-07,10.47380
2015-08-08,10.47600
2015-08-09,10.47820
2015-08-10,10.48040
2015-08-11,10.48260
2015-08-12,10.48480
2015-08-13,10.48700
2015-08-14,10.48930
2015-08-15,10.49150
2015-08-16,10.49370
2015-08-17,10.49590
2015-08-18,10.49810
2015-08-19,10.50030
2015-08-20,10.50250
2015-08-21,10.50470
2015-08-22,10.50680
2015-08-23,10.50900
2015-08-24,10.51120
2015-08-25,10.51330
2015-08-26,10.51550
2015-08-27,10.51760
2015-08-28,10.51970
2015-08-29,10.46270
2015-08-30,10.46480
2015-08-31,10.46700
2015-09-01,10.46910
2015-09-02,10.47130
2015-09-03,10.47340
2015-09-04,10.47550
2015-09-05,10.47770
2015-09-06,10.47980
2015-09-07,10.48200
2015-09-08,10.48420
2015-09-09,10.48630
2015-09-10,10.48830
2015-09-11,10.49050
2015-09-12,10.49260
2015-09-13,10.49480
2015-09-14,10.49690
2015-09-15,10.49910
2015-09-16,10.50120
2015-09-17,10.50340
2015-09-18,10.50550
2015-09-19,10.50770
2015-09-20,10.50990
2015-09-21,10.51210
2015-09-22,10.51430
2015-09-23,10.51650
2015-09-24,10.51870
2015-09-25,10.46490
2015-09-26,10.46710
2015-09-27,10.46930
2015-09-28,10.47150
2015-09-29,10.47450
2015-09-30,10.47720
2015-10-01,10.47930
2015-10-02,10.48140
2015-10-03,10.48360
2015-10-04,10.48570
2015-10-05,10.48790
2015-10-06,10.49020
2015-10-07,10.49230
2015-10-08,10.49440
2015-10-09,10.49650
2015-10-10,10.49870
2015-10-11,10.50080
2015-10-12,10.50300
2015-10-13,10.50520
2015-10-14,10.50730
2015-10-15,10.50950
2015-10-16,10.51160
2015-10-17,10.51370
2015-10-18,10.51590
2015-10-19,10.51810
2015-10-20,10.52020
2015-10-21,10.52240
2015-10-22,10.52450
2015-10-23,10.52670
2015-10-24,10.52890
2015-10-25,10.53100
2015-10-26,10.53320
2015-10-27,10.53530
2015-10-28,10.53750
2015-10-29,10.53960
2015-10-30,10.54180
2015-10-31,10.46750
2015-11-01,10.46960
2015-11-02,10.47180
2015-11-03,10.47390
2015-11-04,10.47600
2015-11-05,10.47810
2015-11-06,10.48030
2015-11-07,10.48240
2015-11-08,10.48450
2015-11-09,10.48670
2015-11-10,10.48870
2015-11-11,10.49080
2015-11-12,10.49300
2015-11-13,10.49520
2015-11-14,10.49730
2015-11-15,10.49940
2015-11-16,10.50150
2015-11-17,10.50360
2015-11-18,10.50570
2015-11-19,10.50790
2015-11-20,10.51000
2015-11-21,10.51210
2015-11-22,10.51410
2015-11-23,10.51620
2015-11-24,10.51820
2015-11-25,10.52030
2015-11-26,10.52250
2015-11-27,10.52450
2015-11-28,10.46960
2015-11-29,10.47170
2015-11-30,10.47380
2015-12-01,10.47580
2015-12-02,10.47790
2015-12-03,10.47990
2015-12-04,10.48200
2015-12-05,10.48410
2015-12-06,10.48620
2015-12-07,10.48820
2015-12-08,10.49030
2015-12-09,10.49230
2015-12-10,10.49440
2015-12-11,10.49640
2015-12-12,10.49850
2015-12-13,10.50070
2015-12-14,10.50290
2015-12-15,10.50500
2015-12-16,10.50720
2015-12-17,10.50940
2015-12-18,10.51150
2015-12-19,10.51380
2015-12-20,10.51600
2015-12-21,10.51810
2015-12-22,10.52030
2015-12-23,10.52240
2015-12-24,10.52450
2015-12-25,10.52670
2015-12-26,10.52890
2015-12-27,10.53100
2015-12-28,10.53320
2015-12-29,10.53550
2015-12-30,10.53800
2015-12-31,10.54040
2016-01-01,10.48020
2016-01-02,10.48230
2016-01-03,10.48440
2016-01-04,10.48660
2016-01-05,10.48860
2016-01-06,10.49070
2016-01-07,10.49290
2016-01-08,10.49500
2016-01-09,10.49710
2016-01-10,10.49930
2016-01-11,10.50140
2016-01-12,10.50350
2016-01-13,10.50560
2016-01-14,10.50760
2016-01-15,10.50970
2016-01-16,10.51190
2016-01-17,10.51400
2016-01-18,10.51610
2016-01-19,10.51830
2016-01-20,10.52040
2016-01-21,10.52250
2016-01-22,10.52450
2016-01-23,10.52660
2016-01-24,10.52880
2016-01-25,10.53090
2016-01-26,10.53300
2016-01-27,10.53510
2016-01-28,10.53730
2016-01-29,10.53940
2016-01-30,10.48270
2016-01-31,10.48490
2016-02-01,10.48700
2016-02-02,10.48910
2016-02-03,10.49130
2016-02-04,10.49340
2016-02-05,10.49560
2016-02-06,10.49770
2016-02-07,10.49990
2016-02-08,10.50210
2016-02-09,10.50430
2016-02-10,10.50650
2016-02-11,10.50860
2016-02-12,10.51080
2016-02-13,10.51300
2016-02-14,10.51520
2016-02-15,10.51740
2016-02-16,10.51960
2016-02-17,10.52180
2016-02-18,10.52390
2016-02-19,10.52610
2016-02-20,10.52830
2016-02-21,10.53050
2016-02-22,10.53260
2016-02-23,10.53480
2016-02-24,10.53700
2016-02-25,10.53910
2016-02-26,10.54110
2016-02-27,10.48490
2016-02-28,10.48710
2016-02-29,10.48940
2016-03-01,10.49160
2016-03-02,10.49380
2016-03-03,10.49590
2016-03-04,10.49820
2016-03-05,10.50040
2016-03-06,10.50260
2016-03-07,10.50490
2016-03-08,10.50710
2016-03-09,10.50910
2016-03-10,10.51120
2016-03-11,10.51350
2016-03-12,10.51580
2016-03-13,10.51800
2016-03-14,10.52050
2016-03-15,10.52310
2016-03-16,10.52540
2016-03-17,10.52770
2016-03-18,10.53000
2016-03-19,10.53240
2016-03-20,10.53470
2016-03-21,10.53700
2016-03-22,10.53920
2016-03-23,10.54140
2016-03-24,10.54390
2016-03-25,10.54620
2016-03-26,10.54860
2016-03-27,10.55100
2016-03-28,10.55340
2016-03-29,10.55600
2016-03-30,10.55870
2016-03-31,10.49340
2016-04-01,10.49580
2016-04-02,10.49820
2016-04-03,10.50050
2016-04-04,10.50310
2016-04-05,10.50580
2016-04-06,10.50810
2016-04-07,10.51040
2016-04-08,10.51270
2016-04-09,10.51510
2016-04-10,10.51740
2016-04-11,10.51960
2016-04-12,10.52200
2016-04-13,10.52430
2016-04-14,10.52660
2016-04-15,10.52890
2016-04-16,10.53130
2016-04-17,10.53360
2016-04-18,10.53590
2016-04-19,10.53820
2016-04-20,10.54050
2016-04-21,10.54270
2016-04-22,10.54490
2016-04-23,10.54720
2016-04-24,10.54950
2016-04-25,10.55180
2016-04-26,10.55410
2016-04-27,10.55630
2016-04-28,10.55860
2016-04-29,10.56080
2016-04-30,10.49570
2016-05-01,10.49800
2016-05-02,10.50020
2016-05-03,10.50260
2016-05-04,10.50480
2016-05-05,10.50710
2016-05-06,10.50920
2016-05-07,10.51150
2016-05-08,10.51380
2016-05-09,10.51610
2016-05-10,10.51830
2016-05-11,10.52060
2016-05-12,10.52280
2016-05-13,10.52510
2016-05-14,10.52730
2016-05-15,10.52950
2016-05-16,10.53180
2016-05-17,10.53390
2016-05-18,10.53610
2016-05-19,10.53840
2016-05-20,10.54070
2016-05-21,10.54290
2016-05-22,10.54510
2016-05-23,10.54720
2016-05-24,10.54950
2016-05-25,10.55180
2016-05-26,10.55390
2016-05-27,10.55610
2016-05-28,10.49790
2016-05-29,10.50010
2016-05-30,10.50230
2016-05-31,10.50450
2016-06-01,10.50670
2016-06-02,10.50880
2016-06-03,10.51100
2016-06-04,10.51310
2016-06-05,10.51520
2016-06-06,10.51740
2016-06-07,10.51950
2016-06-08,10.52170
2016-06-09,10.52380
2016-06-10,10.52620
2016-06-11,10.52830
2016-06-12,10.53040
2016-06-13,10.53260
2016-06-14,10.53480
2016-06-15,10.53700
2016-06-16,10.53910
2016-06-17,10.54120
2016-06-18,10.54330
2016-06-19,10.54550
2016-06-20,10.54750
2016-06-21,10.54970
2016-06-22,10.55180
2016-06-23,10.55400
2016-06-24,10.55610
2016-06-25,10.50050
2016-06-26,10.50270
2016-06-27,10.50490
2016-06-28,10.50700
2016-06-29,10.50940
2016-06-30,10.51160
2016-07-01,10.51360
2016-07-02,10.51570
2016-07-03,10.51770
2016-07-04,10.51980
2016-07-05,10.52200
2016-07-06,10.52410
2016-07-07,10.52620
2016-07-08,10.52850
2016-07-09,10.53060
2016-07-10,10.53270
2016-07-11,10.53470
2016-07-12,10.53680
2016-07-13,10.53890
2016-07-14,10.54100
2016-07-15,10.54310
2016-07-16,10.54520
2016-07-17,10.54730
2016-07-18,10.54940
2016-07-19,10.55140
2016-07-20,10.55350
2016-07-21,10.55560
2016-07-22,10.55770
2016-07-23,10.55980
2016-07-24,10.56180
2016-07-25,10.56420
2016-07-26,10.56620
2016-07-27,10.56830
2016-07-28,10.57040
2016-07-29,10.57240
2016-07-30,10.50260
2016-07-31,10.50460
2016-08-01,10.50660
2016-08-02,10.50860
2016-08-03,10.51060
2016-08-04,10.51270
2016-08-05,10.51470
2016-08-06,10.51670
2016-08-07,10.51870
2016-08-08,10.52060
2016-08-09,10.52280
2016-08-10,10.52480
2016-08-11,10.52680
2016-08-12,10.52880
2016-08-13,10.53070
2016-08-14,10.53270
2016-08-15,10.53470
2016-08-16,10.53670
2016-08-17,10.53870
2016-08-18,10.54070
2016-08-19,10.54260
2016-08-20,10.54460
2016-08-21,10.54660
2016-08-22,10.54870
2016-08-23,10.55060
2016-08-24,10.55270
2016-08-25,10.55470
2016-08-26,10.55670
2016-08-27,10.50450
2016-08-28,10.50650
2016-08-29,10.50850
2016-08-30,10.51040
2016-08-31,10.51240
2016-09-01,10.51430
2016-09-02,10.51630
2016-09-03,10.51820
2016-09-04,10.52020
2016-09-05,10.52210
2016-09-06,10.52410
2016-09-07,10.52610
2016-09-08,10.52800
2016-09-09,10.52990
2016-09-10,10.53190
2016-09-11,10.53380
2016-09-12,10.53580
2016-09-13,10.53770
2016-09-14,10.53960
2016-09-15,10.54150
2016-09-16,10.54350
2016-09-17,10.54540
2016-09-18,10.54730
2016-09-19,10.54930
2016-09-20,10.55120
2016-09-21,10.55320
2016-09-22,10.55510
2016-09-23,10.55710
2016-09-24,10.55910
2016-09-25,10.56100
2016-09-26,10.56300
2016-09-27,10.56500
2016-09-28,10.56700
2016-09-29,10.56910
2016-09-30,10.57170
2016-10-01,10.50690
2016-10-02,10.50880
2016-10-03,10.51090
2016-10-04,10.51300
2016-10-05,10.51510
2016-10-06,10.51700
2016-10-07,10.51900
2016-10-08,10.52090
2016-10-09,10.52280
2016-10-10,10.52470
2016-10-11,10.52660
2016-10-12,10.52850
2016-10-13,10.53040
2016-10-14,10.53230
2016-10-15,10.53420
2016-10-16,10.53610
2016-10-17,10.53810
2016-10-18,10.53990
2016-10-19,10.54180
2016-10-20,10.54370
2016-10-21,10.54560
2016-10-22,10.54750
2016-10-23,10.54950
2016-10-24,10.55140
2016-10-25,10.55320
2016-10-26,10.55510
2016-10-27,10.55700
2016-10-28,10.55900
2016-10-29,10.50890
2016-10-30,10.51080
2016-10-31,10.51270
2016-11-01,10.51470
2016-11-02,10.51660
2016-11-03,10.51850
2016-11-04,10.52050
2016-11-05,10.52250
2016-11-06,10.52440
2016-11-07,10.52630
2016-11-08,10.52820
2016-11-09,10.53010
2016-11-10,10.53200
2016-11-11,10.53390
2016-11-12,10.53580
2016-11-13,10.53770
2016-11-14,10.53960
2016-11-15,10.54170
2016-11-16,10.54400
2016-11-17,10.54590
2016-11-18,10.54790
2016-11-19,10.54980
2016-11-20,10.55170
2016-11-21,10.55380
2016-11-22,10.55570
2016-11-23,10.55780
2016-11-24,10.56020
2016-11-25,10.56180
2016-11-26,10.51110
2016-11-27,10.51290
2016-11-28,10.51450
2016-11-29,10.51650
2016-11-30,10.51840
2016-12-01,10.52030
2016-12-02,10.52170
2016-12-03,10.52360
2016-12-04,10.52550
2016-12-05,10.52740
2016-12-06,10.52930
2016-12-07,10.52990
2016-12-08,10.53170
2016-12-09,10.53370
2016-12-10,10.53550
2016-12-11,10.53740
2016-12-12,10.53930
2016-12-13,10.54130
2016-12-14,10.54320
2016-12-15,10.54500
2016-12-16,10.54680
2016-12-17,10.54870
2016-12-18,10.55060
2016-12-19,10.55240
2016-12-20,10.55430
2016-12-21,10.55610
2016-12-22,10.55780
2016-12-23,10.55980
2016-12-24,10.56170
2016-12-25,10.56370
2016-12-26,10.56550
2016-12-27,10.56730
2016-12-28,10.56910
2016-12-29,10.57100
2016-12-30,10.57290
2016-12-31,10.51290
2017-01-01,10.51480
2017-01-02,10.51670
2017-01-03,10.51860
2017-01-04,10.52060
2017-01-05,10.52240
2017-01-06,10.52430
2017-01-07,10.52620
2017-01-08,10.52800
2017-01-09,10.52990
2017-01-10,10.53180
2017-01-11,10.53360
2017-01-12,10.53540
2017-01-13,10.53720
2017-01-14,10.53910
2017-01-15,10.54100
2017-01-16,10.54280
2017-01-17,10.54470
2017-01-18,10.54660
2017-01-19,10.54840
2017-01-20,10.55030
2017-01-21,10.55220
2017-01-22,10.55410
2017-01-23,10.55600
2017-01-24,10.55780
2017-01-25,10.55970
2017-01-26,10.56160
2017-01-27,10.56350
2017-01-28,10.51540
2017-01-29,10.51730
2017-01-30,10.51920
2017-01-31,10.52110
2017-02-01,10.52290
2017-02-02,10.52480
2017-02-03,10.52670
2017-02-04,10.52860
2017-02-05,10.53040
2017-02-06,10.53240
2017-02-07,10.53420
2017-02-08,10.53580
2017-02-09,10.53760
2017-02-10,10.53960
2017-02-11,10.54150
2017-02-12,10.54330
2017-02-13,10.54520
2017-02-14,10.54710
2017-02-15,10.54890
2017-02-16,10.55080
2017-02-17,10.55270
2017-02-18,10.55450
2017-02-19,10.55640
2017-02-20,10.55830
2017-02-21,10.56010
2017-02-22,10.56210
2017-02-23,10.56410
2017-02-24,10.51840
2017-02-25,10.52030
2017-02-26,10.52220
2017-02-27,10.52400
2017-02-28,10.52570
2017-03-01,10.52760
2017-03-02,10.52950
2017-03-03,10.53120
2017-03-04,10.53310
2017-03-05,10.53490
2017-03-06,10.53680
2017-03-07,10.53870
2017-03-08,10.54050
2017-03-09,10.54240
2017-03-10,10.54430
2017-03-11,10.54630
2017-03-12,10.54840
2017-03-13,10.55040
2017-03-14,10.55240
2017-03-15,10.55430
2017-03-16,10.55630
2017-03-17,10.55810
2017-03-18,10.56010
2017-03-19,10.56210
2017-03-20,10.56400
2017-03-21,10.56590
2017-03-22,10.56810
2017-03-23,10.57000
2017-03-24,10.57180
2017-03-25,10.52030
2017-03-26,10.52220
2017-03-27,10.52400
2017-03-28,10.52580
2017-03-29,10.52770
2017-03-30,10.52980
2017-03-31,10.53240
2017-04-01,10.53430
2017-04-02,10.53620
2017-04-03,10.53810
2017-04-04,10.54000
2017-04-05,10.54200
2017-04-06,10.54370
2017-04-07,10.54560
2017-04-08,10.54750
2017-04-09,10.54930
2017-04-10,10.55120
2017-04-11,10.55300
2017-04-12,10.55490
2017-04-13,10.55670
2017-04-14,10.55850
2017-04-15,10.56040
2017-04-16,10.56220
2017-04-17,10.56400
2017-04-18,10.56580
2017-04-19,10.56770
2017-04-20,10.56960
2017-04-21,10.57140
2017-04-22,10.57330
2017-04-23,10.57520
2017-04-24,10.57700
2017-04-25,10.57890
2017-04-26,10.58070
2017-04-27,10.58260
2017-04-28,10.58440
2017-04-29,10.52210
2017-04-30,10.52400
2017-05-01,10.52580
2017-05-02,10.52770
2017-05-03,10.52950
2017-05-04,10.53130
2017-05-05,10.53310
2017-05-06,10.53500
2017-05-07,10.53690
2017-05-08,10.53870
2017-05-09,10.54060
2017-05-10,10.54240
2017-05-11,10.54420
2017-05-12,10.54610
2017-05-13,10.54800
2017-05-14,10.54990
2017-05-15,10.55180
2017-05-16,10.55370
2017-05-17,10.55560
2017-05-18,10.55750
2017-05-19,10.55930
2017-05-20,10.56120
2017-05-21,10.56310
2017-05-22,10.56500
2017-05-23,10.56680
2017-05-24,10.56860
2017-05-25,10.57050
2017-05-26,10.57230
2017-05-27,10.52400
2017-05-28,10.52580
2017-05-29,10.52760
2017-05-30,10.52950
2017-05-31,10.53140
2017-06-01,10.53320
2017-06-02,10.53520
2017-06-03,10.53700
2017-06-04,10.53880
2017-06-05,10.54070
2017-06-06,10.54260
2017-06-07,10.54440
2017-06-08,10.54630
2017-06-09,10.54810
2017-06-10,10.54990
2017-06-11,10.55170
2017-06-12,10.55360
2017-06-13,10.55540
2017-06-14,10.55730
2017-06-15,10.55920
2017-06-16,10.56100
2017-06-17,10.56280
2017-06-18,10.56470
2017-06-19,10.56660
2017-06-20,10.56840
2017-06-21,10.57030
2017-06-22,10.57210
2017-06-23,10.57390
2017-06-24,10.57590
2017-06-25,10.57780
2017-06-26,10.57980
2017-06-27,10.58170
2017-06-28,10.58370
2017-06-29,10.58550
2017-06-30,10.58750
2017-07-01,10.52580
2017-07-02,10.52770
2017-07-03,10.52970
2017-07-04,10.53160
2017-07-05,10.53350
2017-07-06,10.53550
2017-07-07,10.53740
2017-07-08,10.53930
2017-07-09,10.54130
2017-07-10,10.54320
2017-07-11,10.54510
2017-07-12,10.54700
2017-07-13,10.54880
2017-07-14,10.55080
2017-07-15,10.55260
2017-07-16,10.55440
2017-07-17,10.55630
2017-07-18,10.55820
2017-07-19,10.56010
2017-07-20,10.56200
2017-07-21,10.56390
2017-07-22,10.56580
2017-07-23,10.56770
2017-07-24,10.56950
2017-07-25,10.57140
2017-07-26,10.57330
2017-07-27,10.57510
2017-07-28,10.57700
2017-07-29,10.52770
2017-07-30,10.52950
2017-07-31,10.53140
2017-08-01,10.53320
2017-08-02,10.53500
2017-08-03,10.53690
2017-08-04,10.53870
2017-08-05,10.54060
2017-08-06,10.54250
2017-08-07,10.54450
2017-08-08,10.54630
2017-08-09,10.54820
2017-08-10,10.55010
2017-08-11,10.55190
2017-08-12,10.55380
2017-08-13,10.55560
2017-08-14,10.55750
2017-08-15,10.55930
2017-08-16,10.56110
2017-08-17,10.56300
2017-08-18,10.56480
2017-08-19,10.56660
2017-08-20,10.56840
2017-08-21,10.57030
2017-08-22,10.57210
2017-08-23,10.57390
2017-08-24,10.57570
2017-08-25,10.52950
2017-08-26,10.53120
2017-08-27,10.53300
2017-08-28,10.53480
2017-08-29,10.53660
2017-08-30,10.53840
2017-08-31,10.54020
2017-09-01,10.54200
2017-09-02,10.54380
2017-09-03,10.54560
2017-09-04,10.54740
2017-09-05,10.54910
2017-09-06,10.55090
2017-09-07,10.55270
2017-09-08,10.55450
2017-09-09,10.55630
2017-09-10,10.55800
2017-09-11,10.55990
2017-09-12,10.56170
2017-09-13,10.56350
2017-09-14,10.56530
2017-09-15,10.56720
2017-09-16,10.56900
2017-09-17,10.57090
2017-09-18,10.57270
2017-09-19,10.57450
2017-09-20,10.57640
2017-09-21,10.57820
2017-09-22,10.58000
2017-09-23,10.58190
2017-09-24,10.58370
2017-09-25,10.58560
2017-09-26,10.58750
2017-09-27,10.58950
2017-09-28,10.59130
2017-09-29,10.59320
2017-09-30,10.53130
2017-10-01,10.53310
2017-10-02,10.53490
2017-10-03,10.53670
2017-10-04,10.53850
2017-10-05,10.54020
2017-10-06,10.54200
2017-10-07,10.54380
2017-10-08,10.54550
2017-10-09,10.54740
2017-10-10,10.54920
2017-10-11,10.55110
2017-10-12,10.55290
2017-10-13,10.55480
2017-10-14,10.55660
2017-10-15,10.55850
2017-10-16,10.56040
2017-10-17,10.56220
2017-10-18,10.56390
2017-10-19,10.56570
2017-10-20,10.56750
2017-10-21,10.56930
2017-10-22,10.57110
2017-10-23,10.57280
2017-10-24,10.57460
2017-10-25,10.57640
2017-10-26,10.57810
2017-10-27,10.57980
2017-10-28,10.53300
2017-10-29,10.53480
2017-10-30,10.53660
2017-10-31,10.53850
2017-11-01,10.54040
2017-11-02,10.54230
2017-11-03,10.54410
2017-11-04,10.54600
2017-11-05,10.54780
2017-11-06,10.54960
2017-11-07,10.55150
2017-11-08,10.55330
2017-11-09,10.55500
2017-11-10,10.55680
2017-11-11,10.55860
2017-11-12,10.56040
2017-11-13,10.56220
2017-11-14,10.56400
2017-11-15,10.56580
2017-11-16,10.56750
2017-11-17,10.56930
2017-11-18,10.57110
2017-11-19,10.57290
2017-11-20,10.57470
2017-11-21,10.57650
2017-11-22,10.57830
2017-11-23,10.58010
2017-11-24,10.58180
2017-11-25,10.53480
2017-11-26,10.53660
2017-11-27,10.53850
2017-11-28,10.54030
2017-11-29,10.54210
2017-11-30,10.54390
2017-12-01,10.54570
2017-12-02,10.54750
2017-12-03,10.54930
2017-12-04,10.55110
2017-12-05,10.55290
2017-12-06,10.55470
2017-12-07,10.55650
2017-12-08,10.55830
2017-12-09,10.56020
2017-12-10,10.56200
2017-12-11,10.56380
2017-12-12,10.56560
2017-12-13,10.56740
2017-12-14,10.56920
2017-12-15,10.57100
2017-12-16,10.57280
2017-12-17,10.57460
2017-12-18,10.57640
2017-12-19,10.57820
2017-12-20,10.58000
2017-12-21,10.58180
2017-12-22,10.58370
2017-12-23,10.58550
2017-12-24,10.58740
2017-12-25,10.58920
2017-12-26,10.59110
2017-12-27,10.59300
2017-12-28,10.59490
2017-12-29,10.59700
2017-12-30,10.53670
2017-12-31,10.53860
2018-01-01,10.54090
2018-01-02,10.54270
2018-01-03,10.54460
2018-01-04,10.54640
2018-01-05,10.54820
2018-01-06,10.55010
2018-01-07,10.55190
2018-01-08,10.55380
2018-01-09,10.55570
2018-01-10,10.55750
2018-01-11,10.55930
2018-01-12,10.56120
2018-01-13,10.56300
2018-01-14,10.56480
2018-01-15,10.56670
2018-01-16,10.56860
2018-01-17,10.57050
2018-01-18,10.57240
2018-01-19,10.57430
2018-01-20,10.57610
2018-01-21,10.57800
2018-01-22,10.57990
2018-01-23,10.58180
2018-01-24,10.58370
2018-01-25,10.58560
2018-01-26,10.53860
2018-01-27,10.54050
2018-01-28,10.54240
2018-01-29,10.54430
2018-01-30,10.54620
2018-01-31,10.54800
2018-02-01,10.54990
2018-02-02,10.55180
2018-02-03,10.55360
2018-02-04,10.55550
2018-02-05,10.55740
2018-02-06,10.55930
2018-02-07,10.56120
2018-02-08,10.56310
2018-02-09,10.56500
2018-02-10,10.56680
2018-02-11,10.56870
2018-02-12,10.57070
2018-02-13,10.57250
2018-02-14,10.57450
2018-02-15,10.57640
2018-02-16,10.57830
2018-02-17,10.58020
2018-02-18,10.58210
2018-02-19,10.58400
2018-02-20,10.58590
2018-02-21,10.58780
2018-02-22,10.58960
2018-02-23,10.59150
2018-02-24,10.54050
2018-02-25,10.54240
2018-02-26,10.54420
2018-02-27,10.54620
2018-02-28,10.54800
2018-03-01,10.55000
2018-03-02,10.55190
2018-03-03,10.55380
2018-03-04,10.55580
2018-03-05,10.55770
2018-03-06,10.55990
2018-03-07,10.56200
2018-03-08,10.56390
2018-03-09,10.56590
2018-03-10,10.56790
2018-03-11,10.56990
2018-03-12,10.57190
2018-03-13,10.57400
2018-03-14,10.57610
2018-03-15,10.57820
2018-03-16,10.58150
2018-03-17,10.58350
2018-03-18,10.58550
2018-03-19,10.58790
2018-03-20,10.58990
2018-03-21,10.59200
2018-03-22,10.59400
2018-03-23,10.59570
2018-03-24,10.59770
2018-03-25,10.59960
2018-03-26,10.60140
2018-03-27,10.60370
2018-03-28,10.61170
2018-03-29,10.55110
2018-03-30,10.55300
2018-03-31,10.55500
2018-04-01,10.55690
2018-04-02,10.55890
2018-04-03,10.56100
2018-04-04,10.56310
2018-04-05,10.56520
2018-04-06,10.56720
2018-04-07,10.56910
2018-04-08,10.57100
2018-04-09,10.57300
2018-04-10,10.57500
2018-04-11,10.57690
2018-04-12,10.57880
2018-04-13,10.58070
2018-04-14,10.58260
2018-04-15,10.58450
2018-04-16,10.58650
2018-04-17,10.58840
2018-04-18,10.59030
2018-04-19,10.59220
2018-04-20,10.59410
2018-04-21,10.59600
2018-04-22,10.59790
2018-04-23,10.59980
2018-04-24,10.60170
2018-04-25,10.60360
2018-04-26,10.60550
2018-04-27,10.60750
2018-04-28,10.55300
2018-04-29,10.55490
2018-04-30,10.55680
2018-05-01,10.55870
2018-05-02,10.56070
2018-05-03,10.56260
2018-05-04,10.56450
2018-05-05,10.56640
2018-05-06,10.56830
2018-05-07,10.57020
2018-05-08,10.57220
2018-05-09,10.57410
2018-05-10,10.57590
2018-05-11,10.57780
2018-05-12,10.57970
2018-05-13,10.58160
2018-05-14,10.58350
2018-05-15,10.58540
2018-05-16,10.58730
2018-05-17,10.58910
2018-05-18,10.59100
2018-05-19,10.59300
2018-05-20,10.59500
2018-05-21,10.59690
2018-05-22,10.59880
2018-05-23,10.60080
2018-05-24,10.60270
2018-05-25,10.60480
2018-05-26,10.55500
2018-05-27,10.55690
2018-05-28,10.55920
2018-05-29,10.56160
2018-05-30,10.56420
2018-05-31,10.56590
2018-06-01,10.56770
2018-06-02,10.56970
2018-06-03,10.57170
2018-06-04,10.57370
2018-06-05,10.57570
2018-06-06,10.57860
2018-06-07,10.58050
2018-06-08,10.58270
2018-06-09,10.58470
2018-06-10,10.58680
2018-06-11,10.58900
2018-06-12,10.59110
2018-06-13,10.59330
2018-06-14,10.59540
2018-06-15,10.59760
2018-06-16,10.59970
2018-06-17,10.60170
2018-06-18,10.60420
2018-06-19,10.60630
2018-06-20,10.60850
2018-06-21,10.61060
2018-06-22,10.61280
2018-06-23,10.61490
2018-06-24,10.61700
2018-06-25,10.61910
2018-06-26,10.62130
2018-06-27,10.62350
2018-06-28,10.62570
2018-06-29,10.62840
2018-06-30,10.55960
2018-07-01,10.56170
2018-07-02,10.56430
2018-07-03,10.56660
2018-07-04,10.56880
2018-07-05,10.57090
2018-07-06,10.57310
2018-07-07,10.57520
2018-07-08,10.57730
2018-07-09,10.57940
2018-07-10,10.58140
2018-07-11,10.58350
2018-07-12,10.58550
2018-07-13,10.58760
2018-07-14,10.58960
2018-07-15,10.59170
2018-07-16,10.59380
2018-07-17,10.59590
2018-07-18,10.59800
2018-07-19,10.59990
2018-07-20,10.60210
2018-07-21,10.60420
2018-07-22,10.60630
2018-07-23,10.60820
2018-07-24,10.61020
2018-07-25,10.61230
2018-07-26,10.61420
2018-07-27,10.61630
2018-07-28,10.56160
2018-07-29,10.56360
2018-07-30,10.56600
2018-07-31,10.56820
2018-08-01,10.57030
2018-08-02,10.57230
2018-08-03,10.57420
2018-08-04,10.57650
2018-08-05,10.57880
2018-08-06,10.58080
2018-08-07,10.58290
2018-08-08,10.58490
2018-08-09,10.58680
2018-08-10,10.58890
2018-08-11,10.59100
2018-08-12,10.59310
2018-08-13,10.59500
2018-08-14,10.59700
2018-08-15,10.59900
2018-08-16,10.60100
2018-08-17,10.60300
2018-08-18,10.60500
2018-08-19,10.60700
2018-08-20,10.60900
2018-08-21,10.61100
2018-08-22,10.61310
2018-08-23,10.61500
2018-08-24,10.61710
2018-08-25,10.61910
2018-08-26,10.62110
2018-08-27,10.62310
2018-08-28,10.62510
2018-08-29,10.62710
2018-08-30,10.62930
2018-08-31,10.63130
2018-09-01,10.56360
2018-09-02,10.56570
2018-09-03,10.56770
2018-09-04,10.56980
2018-09-05,10.57180
2018-09-06,10.57380
2018-09-07,10.57590
2018-09-08,10.57790
2018-09-09,10.57990
2018-09-10,10.58180
2018-09-11,10.58370
2018-09-12,10.58560
2018-09-13,10.58760
2018-09-14,10.58970
2018-09-16,10.59370
2018-09-17,10.59570
2018-09-18,10.59780
2018-09-19,10.59980
2018-09-20,10.60190
2018-09-21,10.60390
2018-09-23,10.60800
2018-09-24,10.61000
2018-09-25,10.61140
2018-09-26,10.61330
2018-09-27,10.61700
2018-09-28,10.61990
2018-09-30,10.56870
2018-10-01,10.57090
2018-10-02,10.57300
2018-10-03,10.57510
2018-10-04,10.57710
2018-10-05,10.57930
2018-10-07,10.58350
2018-10-08,10.58570
2018-10-09,10.58790
2018-10-10,10.59000
2018-10-11,10.59200
2018-10-12,10.59430
2018-10-14,10.59890
2018-10-15,10.60090
2018-10-16,10.60310
2018-10-17,10.60510
2018-10-18,10.60730
2018-10-19,10.60940
2018-10-21,10.61380
2018-10-22,10.61600
2018-10-23,10.61810
2018-10-24,10.62030
2018-10-25,10.62230
2018-10-26,10.62430
2018-10-28,10.57110
2018-10-29,10.57330
2018-10-30,10.57550
2018-10-31,10.57760
2018-11-01,10.57970
2018-11-02,10.58190
2018-11-04,10.58630
2018-11-05,10.58850
2018-11-06,10.59070
2018-11-08,10.59500
2018-11-09,10.59720
2018-11-11,10.60160
2018-11-12,10.60380
2018-11-13,10.60600
2018-11-14,10.60820
2018-11-15,10.61050
2018-11-16,10.61280
2018-11-18,10.61720
2018-11-19,10.61940
2018-11-20,10.62160
2018-11-21,10.62380
2018-11-22,10.62590
2018-11-25,10.63260
2018-11-26,10.63480
2018-11-27,10.63700
2018-11-28,10.63920
2018-11-29,10.64140
2018-11-30,10.64370
2018-12-02,10.57380
2018-12-03,10.57610
2018-12-04,10.57840
2018-12-05,10.58080
2018-12-06,10.58300
2018-12-07,10.58520
2018-12-09,10.58940
2018-12-10,10.59150
2018-12-11,10.59350
2018-12-12,10.59570
2018-12-13,10.59800
2018-12-14,10.60020
2018-12-16,10.60450
2018-12-17,10.60670
2018-12-18,10.60890
2018-12-19,10.61100
2018-12-20,10.61310
2018-12-21,10.61510
2018-12-23,10.61930
2018-12-24,10.62140
2018-12-25,10.62350
2018-12-26,10.62560
2018-12-27,10.62760
2018-12-28,10.62980
2018-12-30,10.57590
2018-12-31,10.57840
2019-01-01,10.58080
2019-01-02,10.58300
2019-01-03,10.58500
2019-01-04,10.58720
2019-01-06,10.59150
2019-01-07,10.59360
2019-01-08,10.59570
2019-01-09,10.59780
2019-01-10,10.59990
2019-01-11,10.60200
2019-01-13,10.60620
2019-01-14,10.60830
2019-01-15,10.61040
2019-01-16,10.61250
2019-01-17,10.61450
2019-01-18,10.61660
2019-01-20,10.62080
2019-01-21,10.62290
2019-01-22,10.62500
2019-01-23,10.62710
2019-01-24,10.62920
2019-01-25,10.63120
2019-01-27,10.57800
2019-01-28,10.58000
2019-01-29,10.58210
2019-01-30,10.58410
2019-01-31,10.58610
2019-02-01,10.58810
2019-02-03,10.59220
2019-02-04,10.59430
2019-02-05,10.59620
2019-02-06,10.59820
2019-02-07,10.60060
2019-02-08,10.60260
2019-02-10,10.60660
2019-02-11,10.60860
2019-02-12,10.61050
2019-02-13,10.61280
2019-02-14,10.61480
2019-02-15,10.61660
2019-02-17,10.62080
2019-02-18,10.62270
2019-02-19,10.62470
2019-02-20,10.62670
2019-02-21,10.62870
2019-02-22,10.63060
2019-02-24,10.58010
2019-02-25,10.58210
2019-02-26,10.58410
2019-02-27,10.58600
2019-02-28,10.58790
2019-03-01,10.58990
2019-03-04,10.59590
2019-03-05,10.59790
2019-03-06,10.59990
2019-03-07,10.60180
2019-03-08,10.60380
2019-03-09,10.60580
2019-03-10,10.60780
2019-03-11,10.60980
2019-03-12,10.61200
2019-03-13,10.61410
2019-03-14,10.61650
2019-03-15,10.61800
2019-03-16,10.62030
2019-03-17,10.62250
2019-03-18,10.62450
2019-03-19,10.62660
2019-03-20,10.62850
2019-03-21,10.63060
2019-03-22,10.63230
2019-03-24,10.63640
2019-03-25,10.63880
2019-03-26,10.64090
2019-03-27,10.64290
2019-03-28,10.64550
2019-03-29,10.65410
2019-03-31,10.58870
2019-04-01,10.59070
2019-04-02,10.59370
2019-04-03,10.59560
2019-04-04,10.59750
2019-04-05,10.59960
2019-04-07,10.60360
2019-04-08,10.60550
2019-04-09,10.60740
2019-04-10,10.60960
2019-04-11,10.61170
2019-04-12,10.61350
2019-04-14,10.61780
2019-04-15,10.61990
2019-04-16,10.62180
2019-04-17,10.62390
2019-04-18,10.62590
2019-04-21,10.63180
2019-04-22,10.63380
2019-04-23,10.63580
2019-04-24,10.63780
2019-04-25,10.63980
2019-04-26,10.64170
2019-04-28,10.59070
2019-04-29,10.59280
2019-04-30,10.59470
2019-05-01,10.59670
2019-05-02,10.59870
2019-05-03,10.60060
2019-05-05,10.60460
2019-05-06,10.60660
2019-05-07,10.60860
2019-05-08,10.61080
2019-05-09,10.61280
2019-05-10,10.61490
2019-05-12,10.61890
2019-05-13,10.62090
2019-05-14,10.62300
2019-05-15,10.62510
2019-05-16,10.62730
2019-05-17,10.62950
2019-05-18,10.63150
2019-05-19,10.63350
2019-05-20,10.63550
2019-05-21,10.63760
2019-05-22,10.63980
2019-05-23,10.64230
2019-05-24,10.64440
2019-05-26,10.64850
2019-05-27,10.65080
2019-05-28,10.65320
2019-05-29,10.65530
2019-05-30,10.65740
2019-05-31,10.66000
2019-06-02,10.59410
2019-06-03,10.59630
2019-06-04,10.59830
2019-06-05,10.60030
2019-06-06,10.60250
2019-06-07,10.60450
2019-06-09,10.60830
2019-06-10,10.61030
2019-06-11,10.61220
2019-06-12,10.61410
2019-06-13,10.61600
2019-06-14,10.61790
2019-06-16,10.62170
2019-06-17,10.62360
2019-06-18,10.62540
2019-06-19,10.62720
2019-06-20,10.62960
2019-06-21,10.63110
2019-06-23,10.63470
2019-06-24,10.63650
2019-06-25,10.63830
2019-06-26,10.64010
2019-06-27,10.64200
2019-06-28,10.64420
2019-06-30,10.59590
2019-07-01,10.59790
2019-07-02,10.59980
2019-07-03,10.60210
2019-07-04,10.60430
2019-07-05,10.60620
2019-07-07,10.60980
2019-07-08,10.61170
2019-07-09,10.61370
2019-07-10,10.61560
2019-07-11,10.61760
2019-07-12,10.61960
2019-07-14,10.62320
2019-07-15,10.62520
2019-07-16,10.62790
2019-07-17,10.62990
2019-07-18,10.63170
2019-07-19,10.63350
2019-07-21,10.63700
2019-07-22,10.63880
2019-07-23,10.64060
2019-07-24,10.64240
2019-07-25,10.64430
2019-07-26,10.64630
2019-07-28,10.59880
2019-07-29,10.60100
2019-07-30,10.60290
2019-07-31,10.60500
2019-08-01,10.60710
2019-08-02,10.60930
2019-08-04,10.61280
2019-08-05,10.61460
2019-08-06,10.61650
2019-08-07,10.61880
2019-08-08,10.62080
2019-08-09,10.62280
2019-08-12,10.62770
2019-08-13,10.62910
2019-08-14,10.63050
2019-08-15,10.63210
2019-08-16,10.63380
2019-08-17,10.63540
2019-08-18,10.63700
2019-08-19,10.63880
2019-08-20,10.64050
2019-08-21,10.64230
2019-08-22,10.64400
2019-08-23,10.64570
2019-08-25,10.64900
2019-08-26,10.65060
2019-08-27,10.65250
2019-08-28,10.65410
2019-08-29,10.65570
2019-08-30,10.65740
2019-09-02,10.60180
2019-09-03,10.60340
2019-09-04,10.60510
2019-09-05,10.60690
2019-09-06,10.60860
2019-09-08,10.61180
2019-09-09,10.61340
2019-09-10,10.61500
2019-09-11,10.61660
2019-09-12,10.61840
2019-09-13,10.62000
2019-09-15,10.62320
2019-09-16,10.62480
2019-09-17,10.62620
2019-09-18,10.62770
2019-09-19,10.62930
2019-09-20,10.63010
2019-09-22,10.63330
2019-09-23,10.63420
2019-09-24,10.63540
2019-09-25,10.63690
2019-09-26,10.63860
2019-09-27,10.64030
2019-09-29,10.60180
2019-09-30,10.60400
2019-10-01,10.60630
2019-10-02,10.60790
2019-10-03,10.60960
2019-10-04,10.61180
2019-10-06,10.61510
2019-10-07,10.61700
2019-10-08,10.61870
2019-10-09,10.62030
2019-10-10,10.62200
2019-10-11,10.62390
2019-10-13,10.62690
2019-10-14,10.62880
2019-10-15,10.63070
2019-10-16,10.63230
2019-10-17,10.63380
2019-10-18,10.63540
2019-10-21,10.63980
2019-10-22,10.64080
2019-10-23,10.64220
2019-10-24,10.64380
2019-10-25,10.64540
2019-10-26,10.60320
2019-10-28,10.60620
2019-10-29,10.60770
2019-10-30,10.60960
2019-10-31,10.61140
2019-11-01,10.61310
2019-11-03,10.61600
2019-11-04,10.61730
2019-11-05,10.61840
2019-11-06,10.61960
2019-11-07,10.62100
2019-11-08,10.62230
2019-11-10,10.62530
2019-11-11,10.62680
2019-11-12,10.62830
2019-11-13,10.63010
2019-11-14,10.63180
2019-11-15,10.63340
2019-11-16,10.63480
2019-11-17,10.63630
2019-11-18,10.63780
2019-11-19,10.63940
2019-11-20,10.64120
2019-11-21,10.64270
2019-11-22,10.64420
2019-11-24,10.64720
2019-11-25,10.64880
2019-11-26,10.65040
2019-11-27,10.65220
2019-11-28,10.65390
2019-11-29,10.65570
2019-12-01,10.60660
2019-12-02,10.60810
2019-12-03,10.60960
2019-12-04,10.61110
2019-12-05,10.61150
2019-12-06,10.61340
2019-12-08,10.61650
2019-12-09,10.61830
2019-12-10,10.62000
2019-12-11,10.62160
2019-12-12,10.62310
2019-12-13,10.62460
2019-12-15,10.62750
2019-12-16,10.62900
2019-12-17,10.63050
2019-12-18,10.63190
2019-12-19,10.63350
2019-12-20,10.63480
2019-12-22,10.63770
2019-12-23,10.63920
2019-12-24,10.64060
2019-12-25,10.64220
2019-12-26,10.64370
2019-12-27,10.64540
2019-12-29,10.60810
2019-12-30,10.60950
2019-12-31,10.61100
2020-01-01,10.61270
2020-01-02,10.61490
2020-01-03,10.61630
2020-01-05,10.61910
2020-01-06,10.62040
2020-01-07,10.62180
2020-01-08,10.62320
2020-01-09,10.62470
2020-01-10,10.62590
2020-01-12,10.62890
2020-01-13,10.63000
2020-01-14,10.63130
2020-01-15,10.63280
2020-01-16,10.63440
2020-01-17,10.63580
2020-01-19,10.63880
2020-01-20,10.64040
2020-01-21,10.64190
2020-01-22,10.64330
2020-01-23,10.64480
2020-01-24,10.64630
2020-01-26,10.64930
2020-01-27,10.65070
2020-01-28,10.65220
2020-01-29,10.65360
2020-01-30,10.65520
2020-01-31,10.65660
2020-02-01,10.60810
2020-02-02,10.60960
2020-02-03,10.61100
2020-02-04,10.61260
2020-02-05,10.61400
2020-02-06,10.61560
2020-02-07,10.61720
2020-02-09,10.62020
2020-02-10,10.62170
2020-02-11,10.62350
2020-02-12,10.62500
2020-02-13,10.62660
2020-02-14,10.62800
2020-02-16,10.63100
2020-02-17,10.63260
2020-02-18,10.63420
2020-02-19,10.63570
2020-02-20,10.63730
2020-02-23,10.64180
2020-02-24,10.64330
2020-02-25,10.64480
2020-02-26,10.64630
2020-02-27,10.64720
2020-02-28,10.64880
2020-03-01,10.24490
2020-03-02,10.24630
2020-03-03,10.24780
2020-03-04,10.25020
2020-03-05,10.25210
2020-03-06,10.25400
2020-03-08,10.25770
2020-03-09,10.25970
2020-03-10,10.26160
2020-03-11,10.26350
2020-03-12,10.26480
2020-03-13,10.26550
2020-03-15,10.26840
2020-03-16,10.26980
2020-03-17,10.27110
2020-03-18,10.27080
2020-03-19,10.26550
2020-03-20,10.26650
2020-03-22,10.26980
2020-03-23,10.26430
2020-03-24,10.26120
2020-03-25,10.26300
2020-03-26,10.26820
2020-03-27,10.29190
2020-03-28,10.25090
2020-03-29,10.25180
2020-03-30,10.25400
2020-03-31,10.25680
2020-04-01,10.25770
2020-04-02,10.25860
2020-04-03,10.26180
2020-04-04,10.26290
2020-04-06,10.26520
2020-04-07,10.26510
2020-04-08,10.26590
2020-04-09,10.26670
2020-04-12,10.27070
2020-04-13,10.27160
2020-04-14,10.27300
2020-04-15,10.27410
2020-04-16,10.27680
2020-04-17,10.28150
2020-04-18,10.28280
2020-04-19,10.28400
2020-04-20,10.28690
2020-04-21,10.28880
2020-04-22,10.29170
2020-04-23,10.29350
2020-04-24,10.29400
2020-04-26,10.26020
2020-04-27,10.26070
2020-04-28,10.26040
2020-04-29,10.26110
2020-04-30,10.26190
2020-05-03,10.26570
2020-05-04,10.26690
2020-05-05,10.26880
2020-05-06,10.27080
2020-05-07,10.27190
2020-05-08,10.27350
2020-05-10,10.27580
2020-05-11,10.27740
2020-05-12,10.27980
2020-05-13,10.28160
2020-05-14,10.28370
2020-05-15,10.28550
2020-05-17,10.28760
2020-05-18,10.28880
2020-05-19,10.28990
2020-05-20,10.29180
2020-05-21,10.29320
2020-05-22,10.29600
2020-05-25,10.29890
2020-05-26,10.30090
2020-05-27,10.30120
2020-05-28,10.30140
2020-05-29,10.30180
2020-05-30,10.26000
2020-05-31,10.26100
2020-06-01,10.26200
2020-06-02,10.26260
2020-06-03,10.26320
2020-06-04,10.26380
2020-06-05,10.26450
2020-06-07,10.26650
2020-06-08,10.26740
2020-06-09,10.26840
2020-06-10,10.26950
2020-06-11,10.27090
2020-06-12,10.27250
2020-06-14,10.27430
2020-06-15,10.27570
2020-06-16,10.27680
2020-06-17,10.27790
2020-06-18,10.27900
2020-06-19,10.28030
2020-06-21,10.28210
2020-06-22,10.28330
2020-06-23,10.28430
2020-06-24,10.28580
2020-06-25,10.28710
2020-06-26,10.28780
2020-06-27,10.26090
2020-06-28,10.26180
2020-06-29,10.26230
2020-06-30,10.26360
2020-07-01,10.26500
2020-07-02,10.26590
2020-07-03,10.26630
2020-07-05,10.26800
2020-07-06,10.26850
2020-07-07,10.26930
2020-07-08,10.27030
2020-07-09,10.27140
2020-07-10,10.27220
2020-07-11,10.27310
2020-07-12,10.27400
2020-07-13,10.27490
2020-07-14,10.27570
2020-07-15,10.27680
2020-07-16,10.27740
2020-07-17,10.27830
2020-07-19,10.28030
2020-07-20,10.28100
2020-07-21,10.28230
2020-07-22,10.28340
2020-07-23,10.28430
2020-07-24,10.28520
2020-07-26,10.28700
2020-07-27,10.28780
2020-07-28,10.28830
2020-07-29,10.28920
2020-07-30,10.29010
2020-07-31,10.29100
2020-08-02,10.26270
2020-08-03,10.26360
2020-08-04,10.26460
2020-08-05,10.26570
2020-08-06,10.26670
2020-08-07,10.26730
2020-08-09,10.26910
2020-08-10,10.27000
2020-08-11,10.27120
2020-08-12,10.27230
2020-08-13,10.27330
2020-08-14,10.27430
2020-08-16,10.27610
2020-08-17,10.27720
2020-08-18,10.27830
2020-08-19,10.27940
2020-08-20,10.28060
2020-08-21,10.28130
2020-08-23,10.28290
2020-08-24,10.28360
2020-08-25,10.28400
2020-08-26,10.28510
2020-08-27,10.28610
2020-08-28,10.28680
2020-08-30,10.26350
2020-08-31,10.26440
2020-09-01,10.26530
2020-09-02,10.26620
2020-09-03,10.26710
2020-09-04,10.26800
2020-09-06,10.26970
2020-09-07,10.27040
2020-09-08,10.27100
2020-09-09,10.27160
2020-09-10,10.27250
2020-09-11,10.27300
2020-09-13,10.27490
2020-09-14,10.27600
2020-09-15,10.27690
2020-09-16,10.27800
2020-09-17,10.27900
2020-09-18,10.27980
2020-09-20,10.28170
2020-09-21,10.28250
2020-09-22,10.28340
2020-09-23,10.28430
2020-09-24,10.28530
2020-09-25,10.28630
2020-09-26,10.26380
2020-09-27,10.26480
2020-09-28,10.26590
2020-09-29,10.26700
2020-09-30,10.26850
2020-10-01,10.26940
2020-10-03,10.27130
2020-10-04,10.27230
2020-10-05,10.27330
2020-10-06,10.27430
2020-10-07,10.27540
2020-10-08,10.27640
2020-10-09,10.27730
2020-10-10,10.27820
2020-10-11,10.27910
2020-10-12,10.28000
2020-10-13,10.28090
2020-10-14,10.28200
2020-10-15,10.28310
2020-10-16,10.28410
2020-10-18,10.28580
2020-10-19,10.28680
2020-10-20,10.28780
2020-10-21,10.28880
2020-10-22,10.28970
2020-10-23,10.29060
2020-10-25,10.29230
2020-10-26,10.29300
2020-10-27,10.29370
2020-10-28,10.29460
2020-10-29,10.29530
2020-10-30,10.26470
2020-11-01,10.26640
2020-11-02,10.26720
2020-11-03,10.26820
2020-11-04,10.26920
2020-11-05,10.27010
2020-11-06,10.27120
2020-11-08,10.27280
2020-11-09,10.27360
2020-11-10,10.27440
2020-11-11,10.27540
2020-11-12,10.27660
2020-11-13,10.27760
2020-11-16,10.28000
2020-11-17,10.28080
2020-11-18,10.28220
2020-11-19,10.28350
2020-11-20,10.28420
2020-11-21,10.28490
2020-11-22,10.28570
2020-11-23,10.28630
2020-11-24,10.28690
2020-11-25,10.28810
2020-11-26,10.28940
2020-11-27,10.29010
2020-11-28,10.26750
2020-11-30,10.26900
2020-12-01,10.26920
2020-12-02,10.26910
2020-12-03,10.26990
2020-12-04,10.27080
2020-12-06,10.27260
2020-12-07,10.27350
2020-12-08,10.27420
2020-12-09,10.27480
2020-12-10,10.27590
2020-12-11,10.27670
2020-12-13,10.27830
2020-12-14,10.27910
2020-12-15,10.27980
2020-12-16,10.28060
2020-12-17,10.28150
2020-12-18,10.28230
2020-12-20,10.28410
2020-12-21,10.28490
2020-12-22,10.28600
2020-12-23,10.28690
2020-12-24,10.28780
2020-12-26,10.26920
2020-12-27,10.27010
2020-12-28,10.27100
2020-12-29,10.27200
2020-12-30,10.27310
2020-12-31,10.27410
2021-01-01,10.27500
2021-01-02,10.27580
2021-01-03,10.27650
2021-01-04,10.27740
2021-01-05,10.27830
2021-01-06,10.27880
2021-01-07,10.27930
2021-01-08,10.28010
2021-01-09,10.28090
2021-01-10,10.28180
2021-01-11,10.28170
2021-01-12,10.28260
2021-01-13,10.28370
2021-01-14,10.28450
2021-01-15,10.28500
2021-01-16,10.28590
2021-01-17,10.28670
2021-01-18,10.28740
2021-01-19,10.28830
2021-01-20,10.28910
2021-01-21,10.29000
2021-01-22,10.29100
2021-01-24,10.29280
2021-01-25,10.29370
2021-01-26,10.29460
2021-01-27,10.29560
2021-01-28,10.29660
2021-01-29,10.29760
2021-01-30,10.26950
2021-01-31,10.27040
2021-02-01,10.27140
2021-02-02,10.27250
2021-02-03,10.27320
2021-02-04,10.27410
2021-02-05,10.27510
2021-02-07,10.27690
2021-02-08,10.27780
2021-02-09,10.27860
2021-02-10,10.27950
2021-02-11,10.28040
2021-02-12,10.28140
2021-02-13,10.28230
2021-02-14,10.28310
2021-02-15,10.28410
2021-02-16,10.28520
2021-02-17,10.28660
2021-02-18,10.28780
2021-02-19,10.28860
2021-02-21,10.29020
2021-02-22,10.29100
2021-02-23,10.29170
2021-02-24,10.29310
2021-02-25,10.29430
2021-02-26,10.29430
2021-02-27,10.27090
2021-02-28,10.27170
2021-03-01,10.27240
2021-03-02,10.27330
2021-03-03,10.27390
2021-03-04,10.27460
2021-03-05,10.27520
2021-03-06,10.27620
2021-03-07,10.27710
2021-03-08,10.27790
2021-03-09,10.27880
2021-03-10,10.27990
2021-03-11,10.28080
2021-03-12,10.28150
2021-03-14,10.28340
2021-03-15,10.28430
2021-03-16,10.28530
2021-03-17,10.28630
2021-03-18,10.28740
2021-03-19,10.28870
2021-03-21,10.29070
2021-03-22,10.29170
2021-03-23,10.29310
2021-03-24,10.29410
2021-03-25,10.29520
2021-03-26,10.29630
2021-03-28,10.27300
2021-03-29,10.27400
2021-03-30,10.27520
2021-03-31,10.27650
2021-04-01,10.27730
2021-04-04,10.27980
2021-04-05,10.28100
2021-04-06,10.28200
2021-04-07,10.28280
2021-04-08,10.28350
2021-04-09,10.28420
2021-04-10,10.28500
2021-04-11,10.28590
2021-04-12,10.28670
2021-04-13,10.28760
2021-04-14,10.28840
2021-04-15,10.28920
2021-04-16,10.29010
2021-04-17,10.27740
2021-04-18,10.27820
2021-04-19,10.27920
2021-04-20,10.28010
2021-04-21,10.28100
2021-04-22,10.28200
2021-04-23,10.28290
2021-04-24,10.28380
2021-04-25,10.28460
2021-04-26,10.28570
2021-04-27,10.28650
2021-04-28,10.28740
2021-04-29,10.28820
2021-04-30,10.28900
2021-05-02,10.29080
2021-05-03,10.29160
2021-05-04,10.29250
2021-05-05,10.29310
2021-05-06,10.29390
2021-05-07,10.29480
2021-05-09,10.29670
2021-05-10,10.29750
2021-05-11,10.29860
2021-05-12,10.29940
2021-05-13,10.30030
2021-05-14,10.30120
2021-05-16,10.30300
2021-05-17,10.30400
2021-05-18,10.27740
2021-05-19,10.27820
2021-05-20,10.27910
2021-05-21,10.28000
2021-05-22,10.28090
2021-05-23,10.28180
2021-05-24,10.28270
2021-05-25,10.28360
2021-05-26,10.28450
2021-05-27,10.28540
2021-05-28,10.28640
2021-05-30,10.28810
2021-05-31,10.28900
2021-06-01,10.28990
2021-06-02,10.29080
2021-06-03,10.29170
2021-06-04,10.29270
2021-06-05,10.29360
2021-06-06,10.29450
2021-06-07,10.29540
2021-06-08,10.29640
2021-06-09,10.29730
2021-06-10,10.29830
2021-06-11,10.29920
2021-06-13,10.30090
2021-06-14,10.30180
2021-06-15,10.30270
2021-06-16,10.30320
2021-06-17,10.30380
2021-06-18,10.27760
2021-06-19,10.27860
2021-06-20,10.27950
2021-06-21,10.28080
2021-06-22,10.28190
2021-06-23,10.28290
2021-06-24,10.28390
2021-06-25,10.28480
2021-06-27,10.28660
2021-06-28,10.28770
2021-06-29,10.28870
2021-06-30,10.28950
2021-07-01,10.29090
2021-07-02,10.29150
2021-07-04,10.29330
2021-07-05,10.29410
2021-07-06,10.29480
2021-07-07,10.29580
2021-07-08,10.29680
2021-07-09,10.29770
2021-07-11,10.29970
2021-07-12,10.30070
2021-07-13,10.30180
2021-07-14,10.30290
2021-07-15,10.30380
2021-07-16,10.30470
2021-07-18,10.27830
2021-07-19,10.27920
2021-07-20,10.28020
2021-07-21,10.28120
2021-07-22,10.28230
2021-07-23,10.28340
2021-07-25,10.28530
2021-07-26,10.28620
2021-07-27,10.28720
2021-07-28,10.28810
2021-07-29,10.28900
2021-07-30,10.28990
2021-08-01,10.29170
2021-08-02,10.29260
2021-08-03,10.29350
2021-08-04,10.29430
2021-08-05,10.29520
2021-08-06,10.29600
2021-08-08,10.29790
2021-08-09,10.29900
2021-08-10,10.30010
2021-08-11,10.30120
2021-08-12,10.30260
2021-08-13,10.30370
2021-08-15,10.30560
2021-08-16,10.30650
2021-08-17,10.30750
2021-08-18,10.27780
2021-08-19,10.27860
2021-08-20,10.27960
2021-08-22,10.28130
2021-08-23,10.28210
2021-08-24,10.28310
2021-08-25,10.28410
2021-08-26,10.28510
2021-08-27,10.28620
2021-08-29,10.28790
2021-08-30,10.28880
2021-08-31,10.28980
2021-09-01,10.29070
2021-09-02,10.29160
2021-09-03,10.29240
2021-09-05,10.29410
2021-09-06,10.29500
2021-09-07,10.29570
2021-09-08,10.29660
2021-09-09,10.29730
2021-09-10,10.29820
2021-09-11,10.29910
2021-09-12,10.29990
2021-09-13,10.30090
2021-09-14,10.30170
2021-09-15,10.30250
2021-09-16,10.30340
2021-09-17,10.30420
2021-09-19,10.27830
2021-09-20,10.27910
2021-09-21,10.27990
2021-09-22,10.28050
2021-09-23,10.28140
2021-09-24,10.28220
2021-09-26,10.28400
2021-09-27,10.28470
2021-09-28,10.28510
2021-09-29,10.28580
2021-09-30,10.28680
2021-10-01,10.28800
2021-10-03,10.28980
2021-10-04,10.29090
2021-10-05,10.29170
2021-10-06,10.29250
2021-10-07,10.29340
2021-10-08,10.29470
2021-10-09,10.29560
2021-10-10,10.29650
2021-10-11,10.29770
2021-10-12,10.29870
2021-10-13,10.29980
2021-10-14,10.30040
2021-10-17,10.27920
2021-10-18,10.27930
2021-10-19,10.28020
2021-10-20,10.28100
2021-10-21,10.28180
2021-10-23,10.28360
2021-10-24,10.28450
2021-10-25,10.28450
2021-10-26,10.28530
2021-10-27,10.28620
2021-10-28,10.28690
2021-10-29,10.28780
2021-10-31,10.28970
2021-11-01,10.29050
2021-11-02,10.29160
2021-11-03,10.29280
2021-11-07,10.29680
2021-11-08,10.29830
2021-11-09,10.29940
2021-11-10,10.30040
2021-11-11,10.30150
2021-11-12,10.30260
2021-11-14,10.30450
2021-11-15,10.30550
2021-11-16,10.30640
2021-11-17,10.30740
2021-11-18,10.27740
2021-11-21,10.28030
2021-11-22,10.28100
2021-11-23,10.28200
2021-11-24,10.28310
2021-11-25,10.28410
2021-11-26,10.28510
2021-11-28,10.28690
2021-11-29,10.28790
2021-11-30,10.28890
2021-12-01,10.28980
2021-12-02,10.29070
2021-12-03,10.29180
2021-12-05,10.29370
2021-12-06,10.29450
2021-12-07,10.29530
2021-12-08,10.29660
2021-12-09,10.29750
2021-12-10,10.29840
2021-12-12,10.30020
2021-12-13,10.30110
2021-12-14,10.30200
2021-12-15,10.30290
2021-12-16,10.30340
2021-12-17,10.30450
2021-12-19,10.27860
2021-12-20,10.27980
2021-12-21,10.28030
2021-12-22,10.28130
2021-12-23,10.28240
2021-12-24,10.28370
2021-12-26,10.28560
2021-12-27,10.28690
2021-12-28,10.28780
2021-12-29,10.28890
2021-12-30,10.28990
2021-12-31,10.29100
