Date,NAV
2006-04-03,10.34760
2006-04-04,10.34950
2006-04-05,10.35120
2006-04-07,10.35490
2006-04-10,10.35960
2006-04-12,10.36280
2006-04-13,10.36430
2006-04-17,10.37060
2006-04-18,10.37220
2006-04-19,10.37390
2006-04-20,10.37550
2006-04-21,10.37710
2006-04-24,10.37740
2006-04-25,10.38390
2006-04-26,10.38550
2006-04-27,10.38770
2006-04-28,10.38940
2006-05-02,10.39610
2006-05-03,10.39770
2006-05-04,10.39940
2006-05-05,10.40110
2006-05-08,10.40610
2006-05-09,10.40780
2006-05-10,10.40950
2006-05-11,10.41120
2006-05-12,10.41290
2006-05-15,10.41800
2006-05-16,10.41970
2006-05-17,10.42150
2006-05-18,10.42360
2006-05-19,10.42530
2006-05-22,10.43040
2006-05-23,10.43210
2006-05-24,10.43370
2006-05-25,10.43540
2006-05-26,10.43720
2006-05-29,10.44230
2006-05-30,10.44400
2006-05-31,10.44570
2006-06-01,10.44740
2006-06-02,10.44900
2006-06-05,10.45410
2006-06-06,10.45580
2006-06-07,10.45750
2006-06-08,10.45920
2006-06-09,10.46090
2006-06-12,10.46590
2006-06-13,10.46760
2006-06-14,10.46930
2006-06-15,10.47100
2006-06-16,10.47270
2006-06-19,10.47780
2006-06-20,10.47950
2006-06-21,10.48130
2006-06-22,10.48300
2006-06-23,10.48480
2006-06-26,10.49010
2006-06-27,10.49180
2006-06-28,10.49350
2006-06-29,10.49530
2006-06-30,10.49700
2006-07-03,10.50240
2006-07-04,10.50410
2006-07-05,10.50590
2006-07-06,10.50760
2006-07-07,10.50940
2006-07-10,10.51480
2006-07-11,10.51650
2006-07-12,10.51830
2006-07-13,10.52000
2006-07-14,10.52180
2006-07-17,10.52700
2006-07-18,10.52870
2006-07-19,10.53070
2006-07-20,10.53240
2006-07-21,10.53410
2006-07-24,10.53930
2006-07-25,10.04740
2006-07-26,10.04910
2006-07-27,10.05080
2006-07-28,10.05240
2006-07-31,10.05750
2006-08-01,10.05910
2006-08-02,10.06080
2006-08-03,10.06250
2006-08-04,10.06420
2006-08-07,10.06950
2006-08-08,10.07130
2006-08-09,10.07300
2006-08-10,10.07460
2006-08-11,10.07630
2006-08-14,10.08170
2006-08-16,10.08500
2006-08-17,10.08670
2006-08-18,10.08840
2006-08-21,10.09340
2006-08-22,10.09510
2006-08-23,10.09680
2006-08-24,10.09850
2006-08-25,10.10020
2006-08-28,10.10520
2006-08-29,10.10700
2006-08-30,10.10870
2006-08-31,10.11050
2006-09-01,10.11230
2006-09-04,10.11760
2006-09-05,10.11940
2006-09-06,10.12110
2006-09-07,10.12290
2006-09-08,10.12470
2006-09-11,10.13010
2006-09-12,10.13190
2006-09-13,10.13370
2006-09-14,10.13540
2006-09-15,10.13720
2006-09-18,10.14260
2006-09-19,10.14440
2006-09-20,10.14620
2006-09-21,10.14800
2006-09-22,10.14990
2006-09-25,10.15530
2006-09-26,10.15710
2006-09-27,10.15880
2006-09-28,10.16070
2006-09-29,10.16260
2006-10-03,10.17010
2006-10-04,10.17200
2006-10-05,10.17380
2006-10-06,10.17570
2006-10-09,10.18130
2006-10-10,10.18320
2006-10-11,10.18500
2006-10-12,10.18690
2006-10-13,10.18870
2006-10-16,10.19420
2006-10-17,10.19620
2006-10-18,10.19810
2006-10-19,10.19990
2006-10-20,10.20180
2006-10-23,10.20750
2006-10-26,10.21320
2006-10-27,10.21500
2006-10-30,10.22070
2006-10-31,10.22260
2006-11-01,10.22450
2006-11-02,10.22640
2006-11-03,10.22820
2006-11-06,10.23390
2006-11-07,10.23580
2006-11-08,10.23760
2006-11-09,10.23960
2006-11-10,10.24140
2006-11-13,10.24710
2006-11-14,10.24890
2006-11-15,10.25080
2006-11-16,10.25270
2006-11-17,10.25460
2006-11-20,10.26030
2006-11-21,10.26220
2006-11-22,10.26400
2006-11-23,10.26600
2006-11-24,10.26790
2006-11-27,10.27360
2006-11-28,10.27550
2006-11-29,10.27740
2006-11-30,10.27930
2006-12-01,10.28120
2006-12-04,10.28690
2006-12-05,10.28880
2006-12-06,10.29070
2006-12-07,10.29260
2006-12-08,10.29450
2006-12-11,10.30020
2006-12-12,10.30210
2006-12-13,10.30400
2006-12-14,10.30590
2006-12-15,10.30790
2006-12-18,10.31360
2006-12-19,10.31560
2006-12-20,10.31740
2006-12-21,10.31940
2006-12-22,10.32130
2006-12-26,10.32920
2006-12-27,10.33110
2006-12-28,10.33300
2006-12-29,10.33500
2007-01-02,10.34290
2007-01-03,10.34490
2007-01-04,10.34680
2007-01-05,10.34880
2007-01-08,10.08180
2007-01-09,10.08320
2007-01-10,10.08500
2007-01-11,10.08700
2007-01-12,10.08890
2007-01-15,10.09470
2007-01-16,10.09660
2007-01-17,10.09860
2007-01-18,10.10050
2007-01-19,10.10260
2007-01-22,10.10830
2007-01-23,10.11030
2007-01-24,10.11230
2007-01-25,10.11420
2007-01-29,10.12210
2007-01-31,10.12610
2007-02-01,10.12810
2007-02-02,10.13000
2007-02-05,10.13600
2007-02-06,10.13810
2007-02-07,10.14030
2007-02-08,10.14230
2007-02-09,10.14440
2007-02-12,10.15040
2007-02-13,10.15250
2007-02-14,10.15450
2007-02-15,10.15650
2007-02-19,10.16470
2007-02-20,10.16670
2007-02-21,10.16870
2007-02-22,10.17080
2007-02-23,10.17280
2007-02-26,10.17890
2007-02-27,10.18090
2007-02-28,10.18290
2007-03-01,10.18490
2007-03-02,10.18690
2007-03-05,10.19290
2007-03-06,10.19490
2007-03-07,10.19700
2007-03-08,10.19900
2007-03-09,10.20110
2007-03-12,10.20720
2007-03-13,10.20930
2007-03-14,10.21140
2007-03-15,10.21340
2007-03-16,10.21550
2007-03-19,10.22190
2007-03-20,10.22290
2007-03-21,10.22540
2007-03-22,10.22740
2007-03-23,10.22960
2007-03-26,10.23670
2007-03-28,10.24130
2007-03-29,10.24340
2007-03-30,10.24330
2007-04-02,10.25630
2007-04-03,10.25880
2007-04-04,10.26140
2007-04-05,10.26380
2007-04-09,10.27350
2007-04-10,10.27600
2007-04-11,10.27830
2007-04-12,10.28050
2007-04-13,10.28270
2007-04-16,10.28940
2007-04-17,10.29180
2007-04-18,10.29420
2007-04-19,10.29660
2007-04-20,10.29910
2007-04-23,10.30650
2007-04-24,10.30890
2007-04-25,10.31140
2007-04-26,10.31380
2007-04-27,10.31630
2007-04-30,10.32370
2007-05-03,10.33130
2007-05-04,10.33380
2007-05-07,10.34130
2007-05-08,10.34350
2007-05-09,10.34580
2007-05-10,10.34790
2007-05-11,10.34990
2007-05-14,10.35610
2007-05-15,10.35840
2007-05-16,10.36070
2007-05-17,10.36320
2007-05-18,10.36560
2007-05-21,10.37260
2007-05-22,10.37490
2007-05-23,10.37720
2007-05-24,10.37950
2007-05-25,10.38180
2007-05-28,10.38880
2007-05-29,10.39130
2007-05-30,10.39330
2007-05-31,10.39490
2007-06-01,10.39620
2007-06-04,10.40050
2007-06-05,10.40170
2007-06-06,10.40270
2007-06-07,10.40380
2007-06-08,10.40480
2007-06-11,10.40810
2007-06-12,10.40930
2007-06-13,10.41050
2007-06-14,10.41160
2007-06-15,10.41280
2007-06-18,10.41640
2007-06-19,10.41760
2007-06-20,10.41880
2007-06-21,10.42000
2007-06-22,10.42140
2007-06-25,10.42540
2007-06-26,10.42700
2007-06-27,10.42900
2007-06-28,10.43130
2007-06-29,10.43360
2007-07-02,10.44030
2007-07-03,10.44200
2007-07-04,10.44310
2007-07-05,10.44430
2007-07-06,10.44560
2007-07-09,10.44920
2007-07-10,10.45020
2007-07-11,10.45140
2007-07-12,10.45260
2007-07-13,10.45380
2007-07-16,10.45870
2007-07-17,10.46000
2007-07-18,10.46140
2007-07-19,10.46260
2007-07-20,10.46420
2007-07-23,10.28840
2007-07-24,10.28930
2007-07-25,10.29090
2007-07-26,10.29180
2007-07-27,10.29290
2007-07-30,10.29700
2007-07-31,10.29800
2007-08-01,10.29960
2007-08-02,10.30120
2007-08-03,10.30280
2007-08-06,10.30820
2007-08-07,10.31050
2007-08-08,10.31240
2007-08-09,10.31430
2007-08-10,10.31620
2007-08-13,10.32230
2007-08-14,10.32430
2007-08-16,10.32840
2007-08-17,10.33050
2007-08-20,10.33700
2007-08-21,10.33890
2007-08-22,10.34080
2007-08-23,10.34280
2007-08-24,10.34480
2007-08-27,10.35100
2007-08-28,10.35290
2007-08-29,10.35470
2007-08-30,10.35660
2007-08-31,10.35850
2007-09-03,10.36500
2007-09-04,10.36690
2007-09-05,10.36890
2007-09-06,10.37080
2007-09-07,10.37280
2007-09-10,10.37900
2007-09-11,10.38100
2007-09-12,10.38290
2007-09-13,10.38490
2007-09-14,10.38670
2007-09-17,10.39250
2007-09-18,10.39460
2007-09-19,10.39660
2007-09-20,10.39860
2007-09-21,10.40060
2007-09-24,10.40710
2007-09-25,10.40870
2007-09-26,10.41120
2007-09-27,10.41340
2007-09-28,10.41570
2007-10-01,10.42150
2007-10-03,10.42570
2007-10-04,10.42750
2007-10-05,10.42930
2007-10-08,10.43530
2007-10-09,10.43720
2007-10-10,10.43910
2007-10-11,10.44140
2007-10-12,10.44340
2007-10-15,10.44920
2007-10-16,10.45120
2007-10-17,10.45320
2007-10-18,10.45520
2007-10-19,10.45760
2007-10-22,10.46360
2007-10-23,10.46560
2007-10-24,10.46770
2007-10-25,10.46970
2007-10-26,10.47170
2007-10-29,10.47780
2007-10-30,10.47990
2007-10-31,10.48190
2007-11-01,10.48400
2007-11-02,10.48600
2007-11-05,10.49210
2007-11-06,10.49410
2007-11-07,10.49620
2007-11-08,10.49820
2007-11-12,10.50650
2007-11-13,10.50890
2007-11-14,10.51100
2007-11-15,10.51320
2007-11-16,10.51540
2007-11-19,10.52210
2007-11-20,10.52430
2007-11-21,10.52640
2007-11-22,10.52860
2007-11-23,10.53080
2007-11-26,10.53730
2007-11-27,10.53940
2007-11-28,10.54160
2007-11-29,10.54390
2007-11-30,10.54610
2007-12-03,10.55300
2007-12-04,10.55520
2007-12-05,10.55740
2007-12-06,10.55960
2007-12-07,10.56180
2007-12-10,10.56870
2007-12-11,10.57090
2007-12-12,10.57320
2007-12-13,10.57550
2007-12-14,10.57780
2007-12-17,10.58460
2007-12-18,10.58690
2007-12-19,10.58920
2007-12-20,10.59160
2007-12-24,10.60080
2007-12-26,10.42540
2007-12-27,10.42790
2007-12-28,10.43020
2007-12-31,10.43710
2008-01-01,10.43930
2008-01-02,10.44140
2008-01-03,10.44360
2008-01-04,10.44590
2008-01-07,10.45280
2008-01-08,10.45480
2008-01-09,10.45720
2008-01-10,10.45920
2008-01-11,10.46130
2008-01-14,10.46760
2008-01-15,10.46980
2008-01-16,10.47200
2008-01-17,10.47410
2008-01-18,10.47640
2008-01-21,10.48300
2008-01-22,10.48530
2008-01-23,10.48790
2008-01-24,10.49030
2008-01-25,10.49260
2008-01-28,10.49950
2008-01-29,10.50180
2008-01-30,10.50450
2008-01-31,10.50690
2008-02-01,10.50930
2008-02-04,10.51630
2008-02-05,10.51860
2008-02-06,10.52080
2008-02-07,10.52310
2008-02-08,10.52520
2008-02-11,10.53150
2008-02-12,10.53380
2008-02-13,10.53600
2008-02-14,10.53830
2008-02-15,10.54050
2008-02-18,10.54700
2008-02-19,10.54930
2008-02-20,10.55140
2008-02-21,10.55380
2008-02-22,10.55610
2008-02-25,10.56290
2008-02-26,10.56520
2008-02-27,10.56740
2008-02-28,10.56960
2008-02-29,10.57170
2008-03-03,10.57810
2008-03-04,10.58030
2008-03-05,10.58270
2008-03-07,10.58700
2008-03-10,10.59340
2008-03-11,10.59560
2008-03-12,10.59770
2008-03-13,10.59980
2008-03-14,10.60210
2008-03-17,10.60870
2008-03-18,10.61090
2008-03-19,10.61340
2008-03-24,10.62530
2008-03-25,10.62760
2008-03-26,10.63000
2008-03-27,10.63240
2008-03-28,10.63470
2008-03-31,10.46490
2008-04-01,10.46730
2008-04-02,10.46950
2008-04-03,10.47190
2008-04-04,10.47390
2008-04-07,10.48040
2008-04-08,10.48240
2008-04-09,10.48440
2008-04-10,10.48680
2008-04-11,10.48900
2008-04-15,10.49820
2008-04-16,10.50040
2008-04-17,10.50260
2008-04-21,10.51160
2008-04-22,10.51380
2008-04-23,10.51650
2008-04-24,10.51850
2008-04-25,10.52060
2008-04-28,10.52690
2008-04-29,10.52920
2008-04-30,10.53160
2008-05-02,10.53600
2008-05-05,10.54280
2008-05-06,10.54500
2008-05-07,10.54700
2008-05-08,10.54920
2008-05-09,10.55140
2008-05-12,10.55810
2008-05-13,10.56060
2008-05-14,10.56270
2008-05-15,10.56470
2008-05-16,10.56690
2008-05-20,10.57580
2008-05-21,10.57820
2008-05-22,10.58040
2008-05-23,10.58270
2008-05-26,10.58930
2008-05-27,10.59150
2008-05-28,10.59370
2008-05-29,10.59600
2008-05-30,10.59840
2008-06-02,10.60570
2008-06-03,10.60790
2008-06-04,10.61010
2008-06-05,10.61230
2008-06-06,10.61460
2008-06-09,10.62130
2008-06-10,10.62360
2008-06-11,10.62590
2008-06-12,10.62820
2008-06-13,10.63060
2008-06-16,10.63770
2008-06-17,10.64010
2008-06-18,10.64240
2008-06-19,10.64480
2008-06-20,10.64710
2008-06-23,10.65420
2008-06-24,10.65660
2008-06-25,10.65900
2008-06-26,10.66140
2008-06-27,10.66380
2008-06-30,10.67090
2008-07-01,10.47360
2008-07-02,10.47590
2008-07-03,10.47830
2008-07-04,10.48050
2008-07-07,10.48740
2008-07-08,10.48980
2008-07-09,10.49220
2008-07-10,10.49460
2008-07-11,10.49710
2008-07-14,10.50440
2008-07-15,10.50680
2008-07-16,10.50920
2008-07-17,10.51160
2008-07-18,10.51410
2008-07-21,10.52130
2008-07-22,10.52370
2008-07-23,10.52620
2008-07-24,10.52870
2008-07-25,10.53110
2008-07-28,10.53860
2008-07-29,10.54110
2008-07-30,10.54350
2008-07-31,10.54600
2008-08-01,10.54840
2008-08-04,10.55570
2008-08-05,10.55810
2008-08-06,10.56060
2008-08-07,10.56310
2008-08-08,10.56560
2008-08-11,10.57310
2008-08-12,10.57570
2008-08-13,10.57830
2008-08-14,10.58090
2008-08-18,10.59120
2008-08-19,0.00000
2008-08-20,10.59630
2008-08-21,10.59890
2008-08-22,10.60150
2008-08-25,10.60920
2008-08-26,10.61180
2008-08-27,10.61420
2008-08-28,10.61680
2008-08-29,10.61940
2008-09-01,10.62710
2008-09-02,10.62960
2008-09-04,10.63450
2008-09-05,10.63690
2008-09-08,10.64410
2008-09-09,10.64650
2008-09-10,10.64890
2008-09-11,10.65140
2008-09-12,10.65380
2008-09-15,10.66100
2008-09-16,10.66350
2008-09-17,10.66600
2008-09-18,10.66850
2008-09-19,10.67100
2008-09-22,10.67870
2008-09-23,10.68120
2008-09-24,10.68380
2008-09-25,10.68640
2008-09-26,10.68890
2008-09-29,10.69720
2008-09-30,10.70000
2008-10-01,10.70330
2008-10-03,10.70980
2008-10-06,10.71900
2008-10-07,10.72190
2008-10-08,10.72480
2008-10-10,10.73060
2008-10-13,10.73940
2008-10-14,10.74240
2008-10-15,10.74540
2008-10-16,10.74800
2008-10-17,10.75060
2008-10-20,10.75850
2008-10-21,10.76110
2008-10-22,10.76370
2008-10-23,10.76640
2008-10-24,10.76920
2008-10-27,10.77720
2008-10-29,10.78270
2008-10-31,10.78820
2008-11-03,10.79620
2008-11-04,10.79880
2008-11-05,10.80150
2008-11-06,10.80410
2008-11-07,10.80680
2008-11-10,10.81480
2008-11-11,10.81750
2008-11-12,10.62010
2008-11-14,10.62520
2008-11-17,10.63290
2008-11-18,10.63540
2008-11-19,10.63790
2008-11-20,10.64040
2008-11-21,10.64270
2008-11-24,10.65000
2008-11-25,10.65240
2008-11-26,10.65490
2008-11-28,10.65990
2008-12-01,10.66740
2008-12-02,10.66970
2008-12-03,10.67210
2008-12-04,10.67430
2008-12-05,10.67670
2008-12-08,10.68360
2008-12-10,10.68810
2008-12-11,10.69030
2008-12-12,10.69280
2008-12-15,10.69940
2008-12-16,10.70180
2008-12-17,10.70400
2008-12-18,10.70640
2008-12-19,10.70880
2008-12-22,10.71590
2008-12-23,10.71840
2008-12-24,10.72070
2008-12-26,10.72550
2008-12-29,10.73210
2008-12-30,10.73430
2008-12-31,10.73780
2009-01-01,10.73990
2009-01-02,10.74190
2009-01-05,10.54790
2009-01-06,10.54980
2009-01-07,10.55180
2009-01-09,10.55580
2009-01-12,10.56220
2009-01-13,10.56390
2009-01-14,10.56600
2009-01-15,10.56790
2009-01-16,10.56990
2009-01-19,10.57630
2009-01-20,10.57800
2009-01-21,10.58010
2009-01-22,10.58210
2009-01-23,10.58410
2009-01-27,10.59210
2009-01-28,10.59530
2009-01-29,10.59700
2009-01-30,10.59870
2009-02-02,10.60380
2009-02-03,10.60550
2009-02-04,10.60810
2009-02-05,10.60970
2009-02-06,10.61130
2009-02-09,10.61630
2009-02-10,10.61800
2009-02-11,10.62150
2009-02-12,10.62310
2009-02-13,10.62470
2009-02-16,10.62950
2009-02-17,10.63130
2009-02-18,10.63330
2009-02-19,10.63500
2009-02-20,10.63670
2009-02-24,10.64350
2009-02-25,10.64540
2009-02-26,10.64690
2009-02-27,10.64840
2009-03-02,10.65320
2009-03-03,10.65480
2009-03-04,10.65650
2009-03-05,10.65810
2009-03-06,10.65960
2009-03-09,10.66490
2009-03-12,10.67000
2009-03-13,10.67160
2009-03-16,10.67640
2009-03-17,10.67810
2009-03-18,10.67960
2009-03-19,10.68120
2009-03-20,10.68280
2009-03-23,10.68760
2009-03-24,10.68930
2009-03-25,10.69080
2009-03-26,10.69250
2009-03-27,10.69420
2009-03-30,10.69950
2009-03-31,10.70120
2009-04-01,10.70290
2009-04-02,10.70440
2009-04-06,10.71050
2009-04-08,10.71330
2009-04-09,10.71470
2009-04-13,10.72060
2009-04-15,10.72330
2009-04-16,10.72450
2009-04-17,10.72590
2009-04-20,10.73010
2009-04-21,10.73130
2009-04-22,10.73260
2009-04-23,10.73390
2009-04-24,10.73520
2009-04-27,10.73910
2009-04-28,10.74090
2009-04-29,10.74220
2009-05-04,10.74940
2009-05-05,10.75030
2009-05-06,10.75140
2009-05-07,10.75250
2009-05-08,10.75350
2009-05-11,10.75750
2009-05-12,10.75870
2009-05-13,10.75980
2009-05-14,10.76180
2009-05-15,10.76290
2009-05-18,10.76590
2009-05-19,10.76760
2009-05-20,10.76860
2009-05-21,10.76950
2009-05-22,10.77090
2009-05-25,10.77380
2009-05-26,10.77540
2009-05-27,10.77640
2009-05-28,10.77730
2009-05-29,10.77890
2009-06-01,10.78190
2009-06-02,10.78290
2009-06-03,10.78390
2009-06-04,10.78490
2009-06-05,10.78640
2009-06-08,10.78940
2009-06-09,10.79040
2009-06-10,10.79140
2009-06-11,10.79250
2009-06-12,10.79350
2009-06-15,10.79660
2009-06-16,10.79770
2009-06-17,10.79870
2009-06-18,10.79980
2009-06-19,10.80090
2009-06-22,10.80420
2009-06-23,10.80530
2009-06-24,10.80650
2009-06-25,10.80750
2009-06-26,10.80870
2009-06-29,10.81310
2009-06-30,10.81400
2009-07-01,10.81490
2009-07-02,10.63560
2009-07-03,10.63660
2009-07-06,10.63930
2009-07-07,10.64020
2009-07-08,10.64130
2009-07-09,10.64230
2009-07-10,10.64330
2009-07-13,10.64590
2009-07-14,10.64700
2009-07-15,10.64790
2009-07-16,10.64880
2009-07-17,10.64960
2009-07-20,10.65270
2009-07-21,10.65360
2009-07-22,10.65460
2009-07-23,10.65550
2009-07-24,10.65640
2009-07-27,10.65920
2009-07-28,10.66030
2009-07-29,10.66130
2009-07-30,10.66220
2009-07-31,10.66310
2009-08-03,10.66580
2009-08-04,10.66700
2009-08-05,10.66790
2009-08-06,10.66880
2009-08-07,10.66980
2009-08-10,10.67250
2009-08-11,10.67340
2009-08-12,10.67450
2009-08-13,10.67530
2009-08-14,10.67610
2009-08-17,10.67890
2009-08-18,10.67990
2009-08-19,10.68080
2009-08-20,10.68180
2009-08-21,10.68280
2009-08-24,10.68570
2009-08-25,10.68670
2009-08-26,10.68760
2009-08-27,10.68830
2009-08-28,10.68910
2009-08-31,10.69130
2009-09-01,10.69210
2009-09-02,10.69300
2009-09-03,10.69380
2009-09-04,10.69460
2009-09-07,10.69710
2009-09-08,10.69810
2009-09-09,10.69890
2009-09-10,10.69960
2009-09-11,10.70050
2009-09-14,10.70310
2009-09-15,10.70390
2009-09-16,10.70480
2009-09-17,10.70570
2009-09-18,10.70650
2009-09-22,10.70990
2009-09-23,10.71080
2009-09-24,10.71170
2009-09-25,10.71260
2009-09-29,10.71620
2009-09-30,10.71740
2009-10-01,10.71820
2009-10-05,10.72170
2009-10-06,10.72250
2009-10-07,10.72360
2009-10-08,10.72430
2009-10-09,10.60540
2009-10-12,10.60750
2009-10-14,10.60910
2009-10-15,10.61080
2009-10-16,10.61160
2009-10-20,10.61500
2009-10-21,10.61630
2009-10-22,10.61710
2009-10-23,10.61780
2009-10-26,10.62010
2009-10-27,10.62110
2009-10-28,10.62210
2009-10-29,10.62290
2009-10-30,10.62370
2009-11-03,10.62740
2009-11-04,10.62820
2009-11-05,10.62970
2009-11-06,10.63050
2009-11-09,10.63310
2009-11-10,10.63380
2009-11-11,10.63460
2009-11-12,10.63600
2009-11-13,10.63680
2009-11-16,10.63900
2009-11-17,10.63970
2009-11-18,10.64110
2009-11-19,10.64190
2009-11-20,10.64270
2009-11-23,10.64510
2009-11-24,10.64590
2009-11-25,10.64690
2009-11-26,10.64760
2009-11-27,10.64860
2009-11-30,10.65100
2009-12-01,10.65250
2009-12-02,10.65320
2009-12-03,10.65400
2009-12-04,10.65470
2009-12-07,10.65710
2009-12-08,10.65850
2009-12-09,10.65920
2009-12-10,10.66000
2009-12-11,10.66120
2009-12-14,10.66360
2009-12-15,10.66440
2009-12-16,10.66520
2009-12-17,10.66600
2009-12-18,10.66680
2009-12-21,10.66930
2009-12-22,10.67020
2009-12-23,10.67100
2009-12-24,10.67260
2009-12-29,10.67690
2009-12-30,10.67770
2009-12-31,10.67860
2010-01-04,10.68190
2010-01-05,10.68270
2010-01-06,10.68360
2010-01-07,10.68450
2010-01-08,10.68560
2010-01-11,10.68850
2010-01-12,10.68950
2010-01-13,10.69050
2010-01-14,10.69140
2010-01-15,10.69230
2010-01-18,10.69510
2010-01-19,10.69600
2010-01-20,10.69700
2010-01-21,10.69780
2010-01-22,10.69860
2010-01-25,10.70100
2010-01-27,10.70270
2010-01-28,10.70350
2010-01-29,10.70440
2010-02-01,10.70700
2010-02-02,10.70790
2010-02-03,10.70870
2010-02-04,10.70940
2010-02-05,10.71020
2010-02-08,10.71290
2010-02-09,10.71380
2010-02-10,10.71480
2010-02-11,10.71590
2010-02-15,10.72010
2010-02-16,10.72090
2010-02-17,10.72170
2010-02-18,10.72270
2010-02-19,10.72370
2010-02-22,10.72650
2010-02-23,10.72740
2010-02-24,10.72840
2010-02-25,10.72930
2010-02-26,10.73020
2010-03-02,10.73440
2010-03-03,10.73530
2010-03-04,10.73620
2010-03-05,10.73710
2010-03-08,10.74030
2010-03-09,10.74130
2010-03-10,10.74220
2010-03-11,10.74310
2010-03-12,10.74400
2010-03-15,10.74680
2010-03-16,10.74780
2010-03-17,10.74880
2010-03-18,10.74980
2010-03-19,10.75080
2010-03-22,10.75380
2010-03-23,10.75490
2010-03-25,10.75690
2010-03-26,10.75780
2010-03-29,10.76110
2010-03-30,10.76220
2010-03-31,10.76340
2010-04-01,10.68450
2010-04-05,10.68890
2010-04-06,10.68990
2010-04-07,10.69090
2010-04-08,10.69200
2010-04-09,10.69370
2010-04-12,10.69660
2010-04-13,10.69770
2010-04-15,10.70000
2010-04-16,10.70110
2010-04-19,10.70530
2010-04-20,10.70620
2010-04-21,10.70730
2010-04-22,10.70840
2010-04-23,10.70940
2010-04-26,10.71260
2010-04-27,10.71360
2010-04-28,10.71480
2010-04-29,10.71580
2010-04-30,10.71690
2010-05-03,10.72020
2010-05-04,10.72120
2010-05-05,10.72220
2010-05-06,10.72450
2010-05-07,10.72560
2010-05-10,10.72900
2010-05-11,10.73010
2010-05-12,10.73120
2010-05-13,10.73220
2010-05-14,10.73330
2010-05-17,10.73650
2010-05-18,10.73760
2010-05-19,10.73870
2010-05-20,10.73980
2010-05-21,10.74090
2010-05-24,10.74430
2010-05-25,10.74540
2010-05-26,10.74640
2010-05-27,10.74820
2010-05-28,10.74890
2010-05-31,10.75200
2010-06-01,10.75320
2010-06-02,10.75430
2010-06-03,10.75550
2010-06-04,10.75670
2010-06-07,10.76020
2010-06-08,10.76140
2010-06-09,10.76280
2010-06-10,10.76410
2010-06-11,10.76540
2010-06-14,10.76940
2010-06-15,10.77070
2010-06-16,10.77200
2010-06-17,10.77330
2010-06-18,10.77450
2010-06-21,10.77830
2010-06-22,10.77950
2010-06-23,10.78080
2010-06-24,10.78210
2010-06-25,10.78340
2010-06-28,10.78710
2010-06-29,10.78840
2010-06-30,10.78970
2010-07-01,10.79110
2010-07-02,10.79230
2010-07-05,10.79600
2010-07-06,10.79730
2010-07-07,10.79850
2010-07-08,10.69980
2010-07-09,10.70100
2010-07-12,10.70470
2010-07-13,10.70600
2010-07-14,10.70720
2010-07-15,10.70830
2010-07-16,10.70950
2010-07-19,10.71310
2010-07-20,10.71430
2010-07-21,10.71550
2010-07-22,10.71670
2010-07-23,10.71800
2010-07-26,10.72180
2010-07-27,10.72310
2010-07-28,10.72440
2010-07-29,10.72570
2010-07-30,10.72700
2010-08-02,10.73080
2010-08-03,10.73220
2010-08-04,10.73360
2010-08-05,10.73490
2010-08-06,10.73610
2010-08-09,10.74020
2010-08-10,10.74160
2010-08-11,10.74300
2010-08-12,10.74450
2010-08-13,10.74580
2010-08-16,10.74990
2010-08-17,10.75130
2010-08-18,10.75270
2010-08-19,10.75410
2010-08-20,10.75560
2010-08-23,10.75970
2010-08-24,10.76120
2010-08-25,10.76260
2010-08-26,10.76380
2010-08-27,10.76540
2010-08-30,10.76980
2010-08-31,10.77110
2010-09-01,10.77250
2010-09-02,10.77380
2010-09-03,10.77520
2010-09-06,10.77930
2010-09-07,10.78060
2010-09-08,10.78200
2010-09-09,10.78330
2010-09-13,10.78920
2010-09-14,10.79060
2010-09-15,10.79210
2010-09-16,10.79370
2010-09-17,10.79520
2010-09-20,10.79980
2010-09-21,10.80140
2010-09-22,10.80300
2010-09-23,10.80460
2010-09-24,10.80620
2010-09-27,10.81080
2010-09-28,10.81220
2010-09-29,10.81350
2010-09-30,10.81500
2010-10-01,10.81640
2010-10-04,10.82070
2010-10-05,10.82210
2010-10-06,10.82350
2010-10-07,10.82490
2010-10-08,10.82630
2010-10-11,10.83050
2010-10-12,10.83190
2010-10-13,10.83340
2010-10-14,10.83480
2010-10-15,10.83630
2010-10-18,10.84060
2010-10-19,10.84210
2010-10-20,10.84370
2010-10-21,10.84510
2010-10-22,10.84650
2010-10-25,10.85080
2010-10-26,10.85250
2010-10-27,10.85430
2010-10-28,10.85600
2010-10-29,10.85780
2010-11-01,10.86330
2010-11-02,10.86500
2010-11-03,10.86650
2010-11-04,10.86810
2010-11-08,10.87440
2010-11-09,10.87600
2010-11-10,10.87760
2010-11-11,10.87920
2010-11-12,10.88090
2010-11-15,10.88600
2010-11-16,10.88750
2010-11-18,10.89060
2010-11-19,10.89220
2010-11-22,10.89770
2010-11-23,10.89930
2010-11-24,10.90090
2010-11-25,10.90240
2010-11-26,10.90400
2010-11-29,10.90870
2010-11-30,10.91030
2010-12-01,10.91190
2010-12-02,10.91340
2010-12-03,10.91490
2010-12-06,10.91960
2010-12-07,10.92140
2010-12-08,10.92300
2010-12-09,10.92470
2010-12-10,10.92640
2010-12-13,10.93250
2010-12-14,10.93400
2010-12-15,10.93560
2010-12-16,10.93740
2010-12-20,10.94440
2010-12-21,10.94610
2010-12-22,10.94780
2010-12-23,10.94960
2010-12-24,10.95140
2010-12-27,10.95720
2010-12-28,10.95900
2010-12-29,10.96070
2010-12-30,10.96250
2010-12-31,10.96440
2011-01-03,10.97030
2011-01-04,10.97210
2011-01-05,10.97390
2011-01-06,10.97580
2011-01-07,10.97760
2011-01-10,10.98340
2011-01-11,10.98520
2011-01-12,10.98700
2011-01-13,10.98890
2011-01-14,10.99070
2011-01-17,10.99650
2011-01-18,10.99830
2011-01-19,11.00020
2011-01-20,11.00200
2011-01-21,11.00400
2011-01-24,11.00980
2011-01-25,11.01170
2011-01-27,11.01540
2011-01-28,11.01720
2011-01-31,11.02300
2011-02-01,11.02490
2011-02-02,11.02680
2011-02-03,11.02860
2011-02-04,11.03050
2011-02-07,11.03610
2011-02-08,11.03790
2011-02-09,11.03970
2011-02-10,11.04160
2011-02-11,11.04350
2011-02-14,11.04950
2011-02-15,11.05140
2011-02-16,11.05330
2011-02-17,11.05520
2011-02-18,11.05710
2011-02-21,11.06300
2011-02-22,11.06500
2011-02-23,11.06690
2011-02-24,11.06880
2011-02-25,11.07070
2011-02-28,11.07650
2011-03-01,11.07840
2011-03-03,11.08230
2011-03-04,11.08420
2011-03-07,11.09010
2011-03-08,11.09200
2011-03-09,11.09380
2011-03-10,11.09570
2011-03-11,11.09770
2011-03-14,11.10370
2011-03-15,11.10570
2011-03-16,11.10780
2011-03-17,11.10970
2011-03-18,11.11160
2011-03-21,11.11780
2011-03-22,11.11990
2011-03-23,11.12210
2011-03-24,11.12400
2011-03-25,11.12590
2011-03-28,11.13280
2011-03-29,11.13520
2011-03-30,11.13750
2011-03-31,11.14010
2011-04-01,11.14250
2011-04-04,11.14980
2011-04-05,11.15190
2011-04-06,11.15410
2011-04-07,11.15610
2011-04-08,11.15770
2011-04-11,11.16320
2011-04-13,11.16730
2011-04-15,11.17130
2011-04-18,11.17730
2011-04-19,11.17920
2011-04-20,11.18120
2011-04-21,11.18330
2011-04-25,11.19150
2011-04-26,11.19350
2011-04-27,11.19560
2011-04-28,11.19750
2011-04-29,11.19960
2011-05-02,11.20580
2011-05-03,11.20780
2011-05-04,11.20990
2011-05-05,11.21180
2011-05-06,11.21390
2011-05-09,11.22010
2011-05-10,11.22220
2011-05-11,11.22430
2011-05-12,11.22640
2011-05-13,11.22850
2011-05-16,11.23480
2011-05-17,11.23690
2011-05-18,11.23890
2011-05-19,11.24100
2011-05-20,11.24300
2011-05-23,11.24930
2011-05-24,11.25140
2011-05-25,11.25350
2011-05-26,11.25550
2011-05-27,11.25760
2011-05-30,11.26390
2011-05-31,11.26610
2011-06-01,11.26820
2011-06-02,11.27020
2011-06-03,11.27230
2011-06-06,11.27870
2011-06-07,11.28080
2011-06-08,11.28300
2011-06-09,11.28500
2011-06-10,11.28720
2011-06-13,11.29350
2011-06-14,11.29560
2011-06-15,11.29770
2011-06-16,11.29970
2011-06-17,11.30190
2011-06-20,11.30850
2011-06-21,11.31080
2011-06-22,11.31290
2011-06-23,11.31500
2011-06-24,11.31710
2011-06-27,11.32350
2011-06-28,11.32570
2011-06-29,11.32810
2011-06-30,11.33030
2011-07-01,11.33260
2011-07-04,11.33950
2011-07-05,11.34170
2011-07-06,11.34390
2011-07-07,11.34620
2011-07-08,11.34840
2011-07-11,11.35500
2011-07-12,11.35720
2011-07-13,11.35950
2011-07-14,11.36160
2011-07-15,11.36390
2011-07-18,11.37060
2011-07-19,11.37270
2011-07-20,11.37490
2011-07-21,11.37710
2011-07-22,11.37930
2011-07-25,11.38600
2011-07-26,11.38820
2011-07-27,11.39040
2011-07-28,11.39260
2011-07-29,11.39490
2011-08-01,11.40160
2011-08-02,11.40380
2011-08-03,11.40600
2011-08-04,11.40820
2011-08-05,11.41040
2011-08-08,11.41710
2011-08-09,11.41930
2011-08-10,11.42150
2011-08-11,11.42370
2011-08-12,11.42600
2011-08-16,11.43500
2011-08-17,11.43720
2011-08-18,11.43940
2011-08-19,11.44160
2011-08-22,11.44820
2011-08-23,11.45040
2011-08-24,11.45270
2011-08-25,11.45490
2011-08-26,11.45720
2011-08-29,11.46390
2011-08-30,11.46610
2011-09-02,11.47280
2011-09-05,11.47960
2011-09-06,11.48180
2011-09-07,11.48400
2011-09-08,11.48620
2011-09-09,11.48840
2011-09-10,11.49060
2011-09-11,11.49290
2011-09-12,11.49510
2011-09-13,11.49730
2011-09-14,11.49940
2011-09-15,11.50160
2011-09-16,11.50390
2011-09-18,11.50830
2011-09-19,11.51050
2011-09-20,11.51280
2011-09-21,11.51500
2011-09-22,11.51720
2011-09-23,11.51940
2011-09-24,11.52170
2011-09-25,11.52390
2011-09-26,11.52620
2011-09-27,11.52850
2011-09-28,11.53080
2011-09-29,11.53310
2011-09-30,11.53550
2011-10-01,11.53780
2011-10-02,11.54010
2011-10-03,11.54240
2011-10-04,11.54470
2011-10-05,11.54700
2011-10-06,11.54940
2011-10-07,11.55160
2011-10-08,11.55390
2011-10-09,11.55610
2011-10-10,11.55840
2011-10-11,11.56070
2011-10-12,11.56300
2011-10-13,11.56530
2011-10-14,11.56760
2011-10-15,11.57000
2011-10-16,11.57230
2011-10-17,11.57460
2011-10-18,11.57690
2011-10-19,11.57920
2011-10-20,11.58150
2011-10-21,11.58390
2011-10-22,11.58620
2011-10-23,11.58850
2011-10-24,11.59090
2011-10-25,11.59320
2011-10-26,11.59550
2011-10-27,11.59780
2011-10-28,11.60010
2011-10-29,11.60240
2011-10-30,11.60470
2011-10-31,11.60700
2011-11-01,11.60940
2011-11-02,11.61170
2011-11-03,11.61400
2011-11-04,11.61630
2011-11-05,11.61860
2011-11-06,11.62100
2011-11-07,11.62330
2011-11-08,11.62570
2011-11-09,11.62800
2011-11-10,11.63040
2011-11-11,11.63270
2011-11-12,11.63500
2011-11-13,11.63740
2011-11-14,11.63970
2011-11-15,11.64200
2011-11-16,11.64430
2011-11-17,11.64660
2011-11-18,11.64900
2011-11-19,11.65130
2011-11-20,11.65360
2011-11-21,11.65600
2011-11-22,11.65830
2011-11-23,11.66060
2011-11-24,11.66300
2011-11-25,11.66530
2011-11-26,11.66770
2011-11-27,11.67000
2011-11-28,11.67240
2011-11-29,11.67470
2011-11-30,11.67700
2011-12-01,11.67940
2011-12-02,11.68170
2011-12-03,11.68410
2011-12-04,11.68640
2011-12-05,11.68880
2011-12-06,11.69110
2011-12-07,11.69350
2011-12-08,11.69590
2011-12-09,11.69820
2011-12-10,11.70060
2011-12-11,11.70300
2011-12-12,11.70530
2011-12-13,11.70770
2011-12-14,11.71010
2011-12-15,11.71250
2011-12-16,11.71490
2011-12-17,11.71730
2011-12-18,11.71970
2011-12-19,11.72220
2011-12-20,11.72460
2011-12-21,11.72690
2011-12-22,11.72940
2011-12-23,11.73180
2011-12-24,11.73430
2011-12-25,11.73670
2011-12-26,11.73920
2011-12-27,11.74160
2011-12-28,11.74400
2011-12-29,11.74660
2011-12-30,11.74900
2011-12-31,11.75150
2012-01-01,11.75400
2012-01-02,11.75650
2012-01-03,11.75900
2012-01-04,11.76160
2012-01-05,11.76420
2012-01-06,11.76670
2012-01-07,11.76920
2012-01-08,11.77170
2012-01-09,11.77430
2012-01-10,11.77680
2012-01-11,11.77930
2012-01-12,11.78180
2012-01-13,11.78430
2012-01-14,11.78680
2012-01-15,11.78930
2012-01-16,11.79180
2012-01-17,11.79430
2012-01-18,11.79690
2012-01-19,11.79940
2012-01-20,11.80190
2012-01-21,11.80440
2012-01-22,11.80690
2012-01-23,11.80940
2012-01-24,11.81190
2012-01-25,11.81440
2012-01-26,11.81690
2012-01-27,11.81940
2012-01-28,11.82190
2012-01-29,11.82440
2012-01-30,11.82690
2012-01-31,11.82940
2012-02-01,11.83190
2012-02-02,11.83440
2012-02-03,11.83690
2012-02-04,11.83930
2012-02-05,11.84180
2012-02-06,11.84430
2012-02-07,11.84690
2012-02-08,11.84930
2012-02-09,11.85190
2012-02-10,11.85430
2012-02-11,11.85680
2012-02-12,11.85930
2012-02-13,11.86180
2012-02-14,11.86430
2012-02-15,11.86680
2012-02-16,11.86930
2012-02-17,11.87180
2012-02-18,11.87440
2012-02-19,11.87690
2012-02-20,11.87940
2012-02-21,11.88190
2012-02-22,11.88440
2012-02-23,11.88690
2012-02-24,11.88930
2012-02-25,11.89180
2012-02-26,11.89420
2012-02-27,11.89680
2012-02-28,11.89940
2012-02-29,11.90190
2012-03-01,11.90440
2012-03-02,11.90690
2012-03-03,11.90950
2012-03-04,11.91210
2012-03-05,11.91460
2012-03-06,11.91720
2012-03-07,11.91970
2012-03-08,11.92220
2012-03-09,11.92480
2012-03-10,11.92730
2012-03-11,11.92990
2012-03-12,11.93240
2012-03-13,11.93500
2012-03-14,11.93760
2012-03-15,11.94010
2012-03-16,11.94260
2012-03-17,11.94510
2012-03-18,11.94760
2012-03-19,11.95020
2012-03-20,11.95290
2012-03-21,11.95560
2012-03-22,11.95850
2012-03-23,11.96130
2012-03-26,11.96960
2012-03-27,11.97230
2012-03-28,11.97500
2012-03-29,11.97830
2012-03-30,11.98140
2012-03-31,11.98440
2012-04-01,11.98730
2012-04-02,11.99030
2012-04-03,11.99410
2012-04-04,11.99670
2012-04-05,11.99940
2012-04-06,12.00200
2012-04-07,12.00460
2012-04-08,12.00730
2012-04-09,12.01000
2012-04-10,12.01280
2012-04-11,12.01550
2012-04-12,12.01830
2012-04-13,12.02120
2012-04-14,12.02390
2012-04-15,12.02670
2012-04-16,12.02940
2012-04-17,12.03310
2012-04-18,12.03570
2012-04-19,12.03830
2012-04-20,12.04110
2012-04-21,12.04380
2012-04-22,12.04650
2012-04-23,12.04920
2012-04-24,12.05180
2012-04-25,12.05450
2012-04-26,12.05720
2012-04-27,12.05990
2012-04-28,12.06250
2012-04-29,12.06520
2012-04-30,12.06790
2012-05-02,12.07340
2012-05-03,12.07610
2012-05-04,12.07880
2012-05-05,12.08150
2012-05-06,12.08420
2012-05-07,12.08690
2012-05-08,12.08960
2012-05-09,12.09210
2012-05-10,12.09480
2012-05-11,12.09750
2012-05-12,12.10020
2012-05-13,12.10290
2012-05-14,12.10560
2012-05-15,12.10830
2012-05-16,12.11090
2012-05-17,12.11360
2012-05-18,12.11630
2012-05-19,12.11900
2012-05-20,12.12170
2012-05-21,12.12440
2012-05-22,12.12690
2012-05-23,12.12960
2012-05-24,12.13220
2012-05-25,12.13490
2012-05-26,12.13770
2012-05-27,12.14040
2012-05-28,12.14290
2012-05-29,12.14550
2012-05-30,12.14820
2012-05-31,12.15080
2012-06-01,12.15350
2012-06-02,12.15610
2012-06-03,12.15880
2012-06-04,12.16140
2012-06-05,12.16400
2012-06-06,12.16670
2012-06-07,12.16930
2012-06-08,12.17190
2012-06-09,12.17460
2012-06-10,12.17720
2012-06-11,12.17990
2012-06-12,12.18240
2012-06-13,12.18500
2012-06-14,12.18760
2012-06-15,12.19020
2012-06-16,12.19280
2012-06-17,12.19540
2012-06-18,12.19790
2012-06-19,12.20030
2012-06-20,12.20280
2012-06-21,12.20520
2012-06-22,12.20780
2012-06-23,12.21030
2012-06-24,12.21290
2012-06-25,12.21540
2012-06-26,12.21780
2012-06-27,12.22020
2012-06-28,12.22270
2012-06-29,12.22510
2012-06-30,12.22760
2012-07-01,12.23000
2012-07-02,12.23250
2012-07-03,12.23500
2012-07-04,12.23740
2012-07-05,12.23990
2012-07-06,12.24230
2012-07-07,12.24480
2012-07-08,12.24720
2012-07-09,12.24970
2012-07-10,12.25220
2012-07-11,12.25460
2012-07-12,12.25720
2012-07-13,12.25960
2012-07-14,12.26210
2012-07-15,12.26460
2012-07-16,12.26710
2012-07-17,12.26960
2012-07-18,12.27200
2012-07-19,12.27440
2012-07-20,12.27690
2012-07-21,12.27940
2012-07-22,12.28180
2012-07-23,12.28430
2012-07-24,12.28670
2012-07-25,12.28920
2012-07-26,12.29160
2012-07-27,12.29410
2012-07-28,12.29660
2012-07-29,12.29910
2012-07-30,12.30170
2012-07-31,12.30430
2012-08-01,12.30670
2012-08-02,12.30920
2012-08-03,12.31160
2012-08-04,12.31410
2012-08-05,12.31650
2012-08-06,12.31900
2012-08-07,12.32150
2012-08-08,12.32400
2012-08-09,12.32640
2012-08-10,12.32890
2012-08-11,12.33130
2012-08-12,12.33370
2012-08-13,12.33620
2012-08-14,12.33860
2012-08-15,12.34110
2012-08-16,12.34350
2012-08-17,12.34600
2012-08-18,12.34850
2012-08-19,12.35100
2012-08-20,12.35350
2012-08-21,12.35580
2012-08-22,12.35820
2012-08-23,12.36060
2012-08-24,12.36300
2012-08-25,12.36540
2012-08-26,12.36780
2012-08-27,12.37010
2012-08-28,12.37260
2012-08-29,12.37500
2012-08-30,12.37730
2012-08-31,12.37970
2012-09-01,12.38210
2012-09-02,12.38440
2012-09-03,12.38680
2012-09-04,12.38910
2012-09-05,12.39140
2012-09-06,12.39370
2012-09-07,12.39610
2012-09-08,12.39840
2012-09-09,12.40080
2012-09-10,12.40320
2012-09-11,12.40560
2012-09-12,12.40790
2012-09-13,12.41020
2012-09-14,12.41250
2012-09-15,12.41490
2012-09-16,12.41720
2012-09-17,12.41960
2012-09-18,12.42190
2012-09-19,12.42430
2012-09-20,12.42660
2012-09-21,12.42890
2012-09-22,12.43110
2012-09-23,12.43340
2012-09-24,12.43560
2012-09-25,12.43790
2012-09-26,12.44020
2012-09-27,12.44240
2012-09-28,12.44470
2012-09-29,12.44690
2012-09-30,12.44920
2012-10-01,12.45150
2012-10-02,12.45380
2012-10-03,12.45620
2012-10-04,12.45850
2012-10-05,12.46070
2012-10-06,12.46300
2012-10-08,12.46750
2012-10-09,12.46970
2012-10-10,12.47190
2012-10-11,12.47420
2012-10-12,12.47650
2012-10-13,12.47870
2012-10-14,12.48090
2012-10-15,12.48310
2012-10-16,12.48540
2012-10-17,12.48760
2012-10-18,12.48980
2012-10-19,12.49210
2012-10-20,12.49430
2012-10-21,12.49650
2012-10-22,12.49880
2012-10-23,12.50100
2012-10-24,12.50330
2012-10-25,12.50550
2012-10-26,12.50780
2012-10-27,12.51000
2012-10-28,12.51220
2012-10-29,12.51450
2012-10-30,12.51670
2012-10-31,12.51900
2012-11-01,12.52120
2012-11-02,12.52340
2012-11-03,12.52570
2012-11-04,12.52790
2012-11-05,12.53020
2012-11-06,12.53240
2012-11-07,12.53460
2012-11-08,12.53690
2012-11-09,12.53910
2012-11-10,12.54140
2012-11-11,12.54370
2012-11-12,12.54590
2012-11-13,12.54820
2012-11-14,12.55040
2012-11-15,12.55270
2012-11-16,12.55490
2012-11-17,12.55720
2012-11-18,12.55940
2012-11-19,12.56170
2012-11-20,12.56390
2012-11-21,12.56620
2012-11-22,12.56840
2012-11-23,12.57070
2012-11-24,12.57290
2012-11-25,12.57510
2012-11-26,12.57740
2012-11-27,12.57960
2012-11-28,12.58190
2012-11-29,12.58410
2012-11-30,12.58640
2012-12-01,12.58870
2012-12-02,12.59090
2012-12-03,12.59320
2012-12-04,12.59540
2012-12-05,12.59770
2012-12-06,12.59990
2012-12-07,12.60210
2012-12-08,12.60440
2012-12-09,12.60660
2012-12-10,12.60880
2012-12-11,12.61110
2012-12-12,12.61330
2012-12-13,12.61560
2012-12-14,12.61790
2012-12-15,12.62010
2012-12-16,12.62240
2012-12-17,12.62470
2012-12-18,12.62700
2012-12-19,12.62930
2012-12-20,12.63150
2012-12-21,12.63450
2012-12-22,12.63750
2012-12-23,12.64050
2012-12-24,12.64340
2012-12-25,12.64630
2012-12-26,12.64930
2012-12-27,12.65220
2012-12-28,12.65530
2012-12-29,12.65830
2012-12-30,12.66130
2012-12-31,12.66440
2013-01-01,12.66750
2013-01-02,12.67040
2013-01-03,12.67340
2013-01-04,12.67640
2013-01-05,12.67930
2013-01-06,12.68230
2013-01-07,12.68520
2013-01-08,12.68830
2013-01-09,12.69110
2013-01-10,12.69410
2013-01-11,12.69700
2013-01-12,12.69990
2013-01-13,12.70290
2013-01-14,12.70580
2013-01-15,12.70880
2013-01-16,12.71170
2013-01-17,12.71470
2013-01-18,12.71760
2013-01-19,12.72060
2013-01-20,12.72350
2013-01-21,12.72640
2013-01-22,12.72930
2013-01-23,12.73230
2013-01-24,12.73520
2013-01-25,12.73820
2013-01-26,12.74110
2013-01-27,12.74400
2013-01-28,12.74700
2013-01-29,12.75000
2013-01-30,12.75290
2013-01-31,12.75580
2013-02-01,12.75870
2013-02-02,12.76160
2013-02-03,12.76450
2013-02-04,12.76750
2013-02-05,12.77030
2013-02-06,12.77320
2013-02-07,12.77610
2013-02-08,12.77900
2013-02-09,12.78200
2013-02-10,12.78490
2013-02-11,12.78780
2013-02-12,12.79070
2013-02-13,12.79360
2013-02-14,12.79650
2013-02-15,12.79940
2013-02-16,12.80230
2013-02-17,12.80530
2013-02-18,12.80820
2013-02-19,12.81100
2013-02-20,12.81400
2013-02-21,12.81690
2013-02-22,12.81980
2013-02-23,12.82270
2013-02-24,12.82560
2013-02-25,12.82850
2013-02-26,12.83140
2013-02-27,12.83430
2013-02-28,12.83720
2013-03-01,12.84010
2013-03-02,12.84300
2013-03-03,12.84590
2013-03-04,12.84880
2013-03-05,12.85170
2013-03-06,12.85470
2013-03-07,12.85760
2013-03-08,12.86060
2013-03-09,12.86360
2013-03-10,12.86660
2013-03-11,12.86960
2013-03-12,12.87260
2013-03-13,12.87560
2013-03-14,12.87860
2013-03-15,12.88170
2013-03-16,12.88470
2013-03-17,12.88780
2013-03-18,12.89090
2013-03-19,12.89410
2013-03-20,12.89730
2013-03-21,12.90050
2013-03-22,12.90360
2013-03-23,12.90690
2013-03-24,12.91010
2013-03-25,12.91350
2013-03-26,12.91680
2013-03-27,12.92000
2013-03-28,12.92350
2013-03-29,12.92680
2013-03-30,12.93020
2013-03-31,12.93350
2013-04-01,12.93690
2013-04-02,12.94090
2013-04-03,12.94440
2013-04-04,12.94770
2013-04-05,12.95120
2013-04-06,12.95440
2013-04-07,12.95760
2013-04-08,12.96060
2013-04-09,12.96380
2013-04-10,12.96710
2013-04-11,12.97030
2013-04-12,12.97350
2013-04-13,12.97660
2013-04-14,12.97980
2013-04-15,12.98290
2013-04-16,12.98600
2013-04-17,12.98900
2013-04-18,12.99210
2013-04-19,12.99520
2013-04-20,12.99830
2013-04-21,13.00140
2013-04-22,13.00440
2013-04-23,13.00750
2013-04-24,13.01070
2013-04-25,13.01370
2013-04-26,13.01680
2013-04-27,13.01990
2013-04-28,13.02300
2013-04-29,13.02610
2013-04-30,13.02920
2013-05-01,13.03230
2013-05-02,13.03540
2013-05-03,13.03850
2013-05-04,13.04150
2013-05-05,13.04450
2013-05-06,13.04760
2013-05-07,13.05060
2013-05-08,13.05360
2013-05-09,13.05670
2013-05-10,13.05970
2013-05-11,13.06280
2013-05-12,13.06580
2013-05-13,13.06890
2013-05-14,13.07190
2013-05-15,13.07490
2013-05-16,13.07790
2013-05-17,13.08090
2013-05-18,13.08390
2013-05-19,13.08680
2013-05-20,13.08980
2013-05-21,13.09280
2013-05-22,13.09580
2013-05-23,13.09880
2013-05-24,13.10180
2013-05-25,13.10480
2013-05-26,13.10780
2013-05-27,13.11070
2013-05-28,13.11370
2013-05-29,13.11660
2013-05-30,13.11960
2013-05-31,13.12260
2013-06-01,13.12560
2013-06-02,13.12850
2013-06-03,13.13140
2013-06-04,13.13440
2013-06-05,13.13730
2013-06-06,13.14020
2013-06-07,13.14310
2013-06-08,13.14600
2013-06-09,13.14890
2013-06-10,13.15180
2013-06-11,13.15470
2013-06-12,13.15760
2013-06-13,13.16040
2013-06-14,13.16340
2013-06-15,13.16630
2013-06-16,13.16920
2013-06-17,13.17210
2013-06-18,13.17500
2013-06-19,13.17790
2013-06-20,13.18080
2013-06-21,13.18370
2013-06-22,13.18650
2013-06-23,13.18940
2013-06-24,13.19230
2013-06-25,13.19520
2013-06-26,13.19810
2013-06-27,13.20110
2013-06-28,13.20480
2013-06-29,13.20780
2013-06-30,13.21080
2013-07-01,13.21380
2013-07-02,13.21700
2013-07-03,13.22010
2013-07-04,13.22310
2013-07-05,13.22600
2013-07-06,13.22890
2013-07-07,13.23190
2013-07-08,13.23480
2013-07-09,13.23780
2013-07-10,13.24080
2013-07-11,13.24380
2013-07-12,13.24670
2013-07-13,13.24960
2013-07-14,13.25250
2013-07-15,13.25540
2013-07-16,13.22730
2013-07-17,13.23100
2013-07-18,13.23470
2013-07-19,13.23840
2013-07-20,13.24210
2013-07-21,13.24580
2013-07-22,13.25000
2013-07-23,13.25360
2013-07-24,13.24240
2013-07-25,13.24600
2013-07-26,13.25010
2013-07-27,13.25420
2013-07-28,13.25840
2013-07-29,13.26250
2013-07-30,13.26660
2013-07-31,13.27080
2013-08-01,13.27490
2013-08-02,13.27910
2013-08-03,13.28320
2013-08-04,13.28730
2013-08-05,13.29170
2013-08-06,13.29570
2013-08-07,13.29980
2013-08-08,13.30400
2013-08-09,13.30800
2013-08-10,13.31210
2013-08-11,13.31610
2013-08-12,13.31970
2013-08-13,13.32380
2013-08-14,13.32790
2013-08-15,13.33200
2013-08-16,13.33600
2013-08-17,13.34000
2013-08-18,13.34400
2013-08-19,13.34800
2013-08-20,13.35200
2013-08-21,13.35600
2013-08-22,13.36010
2013-08-23,13.36410
2013-08-24,13.36810
2013-08-25,13.37200
2013-08-26,13.37590
2013-08-27,13.37990
2013-08-28,13.38380
2013-08-29,13.38770
2013-08-30,13.39160
2013-08-31,13.39550
2013-09-01,13.39940
2013-09-02,13.40340
2013-09-03,13.40720
2013-09-04,13.41100
2013-09-05,13.41500
2013-09-06,13.41900
2013-09-07,13.42290
2013-09-08,13.42670
2013-09-09,13.43060
2013-09-10,13.43440
2013-09-11,13.43830
2013-09-12,13.44220
2013-09-13,13.44610
2013-09-14,13.44990
2013-09-15,13.45380
2013-09-16,13.45770
2013-09-17,13.46160
2013-09-18,13.46560
2013-09-19,13.47000
2013-09-20,13.47410
2013-09-21,13.47800
2013-09-22,13.48190
2013-09-23,13.48560
2013-09-24,13.48930
2013-09-25,13.49340
2013-09-26,13.49730
2013-09-27,13.50130
2013-09-28,13.50510
2013-09-29,13.50900
2013-09-30,13.51300
2013-10-01,13.51690
2013-10-02,13.52080
2013-10-03,13.52470
2013-10-04,13.52850
2013-10-05,13.53240
2013-10-06,13.53630
2013-10-07,13.54000
2013-10-08,13.54500
2013-10-09,13.54870
2013-10-10,13.55240
2013-10-11,13.55620
2013-10-12,13.55990
2013-10-13,13.56360
2013-10-14,13.56720
2013-10-15,13.57090
2013-10-16,13.57460
2013-10-17,13.57830
2013-10-18,13.58200
2013-10-19,13.58570
2013-10-20,13.58940
2013-10-21,13.59300
2013-10-22,13.59670
2013-10-23,13.60030
2013-10-24,13.60400
2013-10-25,13.60760
2013-10-26,13.61120
2013-10-27,13.61480
2013-10-28,13.61850
2013-10-29,13.62210
2013-10-30,13.62570
2013-10-31,13.62930
2013-11-01,13.63280
2013-11-02,13.63640
2013-11-03,13.64000
2013-11-04,13.64360
2013-11-05,13.64720
2013-11-06,13.65070
2013-11-07,13.65420
2013-11-08,13.65780
2013-11-09,13.66130
2013-11-10,13.66490
2013-11-11,13.66840
2013-11-12,13.67190
2013-11-13,13.67540
2013-11-14,13.67890
2013-11-15,13.68240
2013-11-16,13.68580
2013-11-17,13.68930
2013-11-18,13.69280
2013-11-19,13.69620
2013-11-20,13.69960
2013-11-21,13.70290
2013-11-22,13.70630
2013-11-23,13.70970
2013-11-24,13.71320
2013-11-25,13.71660
2013-11-26,13.72000
2013-11-27,13.72350
2013-11-28,13.72680
2013-11-29,13.73020
2013-11-30,13.73360
2013-12-01,13.73700
2013-12-02,13.74040
2013-12-03,13.74360
2013-12-04,13.74710
2013-12-05,13.75040
2013-12-06,13.75390
2013-12-07,13.75740
2013-12-08,13.76080
2013-12-09,13.76410
2013-12-10,13.76750
2013-12-11,13.77080
2013-12-12,13.77420
2013-12-13,13.77740
2013-12-14,13.78090
2013-12-15,13.78430
2013-12-16,13.78760
2013-12-17,13.79090
2013-12-18,13.79420
2013-12-19,13.79750
2013-12-20,13.80090
2013-12-21,13.80430
2013-12-22,13.80770
2013-12-23,13.81110
2013-12-24,13.81450
2013-12-25,13.81780
2013-12-26,13.82120
2013-12-27,13.82450
2013-12-28,13.82780
2013-12-29,13.83120
2013-12-30,13.83450
2013-12-31,13.83800
2014-01-01,13.84140
2014-01-02,13.84460
2014-01-03,13.84800
2014-01-04,13.85130
2014-01-05,13.85470
2014-01-06,13.85800
2014-01-07,13.86130
2014-01-08,13.86470
2014-01-09,13.86800
2014-01-10,13.87130
2014-01-11,13.87470
2014-01-12,13.87800
2014-01-13,13.88130
2014-01-14,13.88470
2014-01-15,13.88800
2014-01-16,13.89140
2014-01-17,13.89470
2014-01-18,13.89800
2014-01-19,13.90130
2014-01-20,13.90470
2014-01-21,13.90810
2014-01-22,13.91140
2014-01-23,13.91460
2014-01-24,13.91790
2014-01-25,13.92130
2014-01-26,13.92460
2014-01-27,13.92790
2014-01-28,13.93120
2014-01-29,13.93450
2014-01-30,13.93770
2014-01-31,13.94100
2014-02-01,13.94440
2014-02-02,13.94770
2014-02-03,13.95090
2014-02-04,13.95410
2014-02-05,13.95730
2014-02-06,13.96060
2014-02-07,13.96390
2014-02-08,13.96720
2014-02-09,13.97060
2014-02-10,13.97390
2014-02-11,13.97720
2014-02-12,13.98060
2014-02-13,13.98390
2014-02-14,13.98730
2014-02-15,13.99060
2014-02-16,13.99400
2014-02-17,13.99720
2014-02-18,14.00060
2014-02-19,14.00390
2014-02-20,14.00700
2014-02-21,14.01030
2014-02-22,14.01350
2014-02-23,14.01680
2014-02-24,14.02010
2014-02-25,14.02330
2014-02-26,14.02660
2014-02-27,14.02990
2014-02-28,14.03320
2014-03-01,14.03640
2014-03-02,14.03970
2014-03-03,14.04300
2014-03-04,14.04620
2014-03-05,14.04960
2014-03-06,14.05310
2014-03-07,14.05640
2014-03-08,14.05970
2014-03-09,14.06310
2014-03-10,14.06640
2014-03-11,14.07000
2014-03-12,14.07360
2014-03-13,14.07700
2014-03-14,14.08060
2014-03-15,14.08410
2014-03-16,14.08760
2014-03-17,14.09110
2014-03-18,14.09460
2014-03-19,14.09830
2014-03-20,14.10200
2014-03-21,14.10550
2014-03-22,14.10920
2014-03-23,14.11280
2014-03-24,14.11650
2014-03-25,14.12020
2014-03-26,14.12390
2014-03-27,14.12850
2014-03-28,14.13480
2014-03-29,14.13860
2014-03-30,14.14230
2014-03-31,14.14610
2014-04-01,14.14980
2014-04-02,14.15340
2014-04-03,14.15710
2014-04-04,14.16090
2014-04-05,14.16450
2014-04-06,14.16810
2014-04-07,14.17170
2014-04-08,14.17540
2014-04-09,14.17890
2014-04-10,14.18250
2014-04-11,14.18600
2014-04-12,14.18950
2014-04-13,14.19290
2014-04-14,14.19640
2014-04-15,14.20000
2014-04-16,14.20360
2014-04-17,14.20700
2014-04-18,14.21060
2014-04-19,14.21420
2014-04-20,14.21780
2014-04-21,14.22140
2014-04-22,14.22490
2014-04-23,14.22850
2014-04-24,14.23200
2014-04-25,14.23560
2014-04-26,14.23910
2014-04-27,14.24260
2014-04-28,14.24620
2014-04-29,14.24960
2014-04-30,14.25320
2014-05-01,14.25670
2014-05-02,14.26020
2014-05-03,14.26370
2014-05-04,14.26720
2014-05-05,14.27070
2014-05-06,14.27420
2014-05-07,14.27760
2014-05-08,14.28110
2014-05-09,14.28460
2014-05-10,14.28810
2014-05-11,14.29160
2014-05-12,14.29510
2014-05-13,14.29860
2014-05-14,14.30210
2014-05-15,14.30550
2014-05-16,14.30890
2014-05-17,14.31230
2014-05-18,14.31570
2014-05-19,14.31910
2014-05-20,14.32250
2014-05-21,14.32600
2014-05-22,14.32940
2014-05-23,14.33280
2014-05-24,14.33630
2014-05-25,14.33970
2014-05-26,14.34310
2014-05-27,14.34650
2014-05-28,14.34990
2014-05-29,14.35340
2014-05-30,14.35680
2014-05-31,14.36020
2014-06-01,14.36360
2014-06-02,14.36700
2014-06-03,14.37040
2014-06-04,14.37380
2014-06-05,14.37720
2014-06-06,14.38060
2014-06-07,14.38400
2014-06-08,14.38740
2014-06-09,14.39080
2014-06-10,14.39420
2014-06-11,14.39760
2014-06-12,14.40100
2014-06-13,14.40440
2014-06-14,14.40770
2014-06-15,14.41110
2014-06-16,14.41450
2014-06-17,14.41780
2014-06-18,14.42120
2014-06-19,14.42460
2014-06-20,14.42790
2014-06-21,14.43130
2014-06-22,14.43470
2014-06-23,14.43810
2014-06-24,14.44140
2014-06-25,14.44480
2014-06-26,14.44810
2014-06-27,14.45150
2014-06-28,14.45490
2014-06-29,14.45830
2014-06-30,14.46170
2014-07-01,14.46520
2014-07-02,14.46860
2014-07-03,14.47200
2014-07-04,14.47560
2014-07-05,14.47900
2014-07-06,14.48240
2014-07-07,14.48570
2014-07-08,14.48910
2014-07-09,14.49240
2014-07-10,14.49580
2014-07-11,14.49910
2014-07-12,14.50250
2014-07-13,14.50580
2014-07-14,14.50920
2014-07-15,14.51260
2014-07-16,14.51600
2014-07-17,14.51930
2014-07-18,14.52270
2014-07-19,14.52610
2014-07-20,14.52940
2014-07-21,14.53280
2014-07-22,14.53620
2014-07-23,14.53960
2014-07-24,14.54300
2014-07-25,14.54640
2014-07-26,14.54980
2014-07-27,14.55320
2014-07-28,14.55660
2014-07-29,14.56000
2014-07-30,14.56340
2014-07-31,14.56680
2014-08-01,14.57020
2014-08-02,14.57360
2014-08-03,14.57700
2014-08-04,14.58030
2014-08-05,14.58370
2014-08-06,14.58710
2014-08-07,14.59040
2014-08-08,14.59380
2014-08-09,14.59720
2014-08-10,14.60060
2014-08-11,14.60400
2014-08-12,14.60730
2014-08-13,14.61070
2014-08-14,14.61410
2014-08-15,14.61750
2014-08-16,14.62090
2014-08-17,14.62430
2014-08-18,14.62760
2014-08-19,14.63100
2014-08-20,14.63440
2014-08-21,14.63770
2014-08-22,14.64110
2014-08-23,14.64450
2014-08-24,14.64790
2014-08-25,14.65120
2014-08-26,14.65460
2014-08-27,14.65800
2014-08-28,14.66140
2014-08-29,14.66480
2014-08-30,14.66820
2014-08-31,14.67160
2014-09-01,14.67500
2014-09-02,14.67840
2014-09-03,14.68190
2014-09-04,14.68540
2014-09-05,14.68880
2014-09-06,14.69220
2014-09-07,14.69570
2014-09-08,14.69910
2014-09-09,14.70260
2014-09-10,14.70590
2014-09-11,14.70930
2014-09-12,14.71280
2014-09-13,14.71620
2014-09-14,14.71970
2014-09-15,14.72310
2014-09-16,10.50980
2014-09-17,10.51230
2014-09-18,10.51480
2014-09-19,10.51730
2014-09-20,10.51980
2014-09-21,10.52230
2014-09-22,10.52480
2014-09-23,10.52720
2014-09-24,10.52970
2014-09-25,10.53220
2014-09-26,10.53470
2014-09-27,10.53720
2014-09-28,10.53970
2014-09-29,10.54230
2014-09-30,10.54500
2014-10-01,10.54760
2014-10-02,10.55010
2014-10-03,10.55260
2014-10-04,10.55510
2014-10-05,10.55760
2014-10-06,10.56010
2014-10-07,10.56260
2014-10-08,10.56510
2014-10-09,10.56760
2014-10-10,10.57010
2014-10-11,10.57260
2014-10-12,10.57510
2014-10-13,10.57760
2014-10-14,10.58010
2014-10-15,10.58250
2014-10-16,10.58500
2014-10-17,10.58750
2014-10-18,10.59000
2014-10-19,10.59250
2014-10-20,10.59510
2014-10-21,10.59760
2014-10-22,10.60010
2014-10-23,10.60250
2014-10-24,10.60500
2014-10-25,10.60750
2014-10-26,10.61000
2014-10-27,10.61250
2014-10-28,10.61500
2014-10-29,10.61760
2014-10-30,10.62010
2014-10-31,10.62250
2014-11-01,10.62500
2014-11-02,10.62750
2014-11-03,10.62990
2014-11-04,10.63240
2014-11-05,10.63500
2014-11-06,10.63740
2014-11-07,10.63990
2014-11-08,10.64240
2014-11-09,10.64490
2014-11-10,10.64730
2014-11-11,10.64980
2014-11-12,10.65230
2014-11-13,10.65480
2014-11-14,10.65720
2014-11-15,10.65970
2014-11-16,10.66210
2014-11-17,10.66460
2014-11-18,10.66700
2014-11-19,10.66950
2014-11-20,10.67190
2014-11-21,10.67440
2014-11-22,10.67680
2014-11-23,10.67930
2014-11-24,10.68170
2014-11-25,10.68410
2014-11-26,10.68660
2014-11-27,10.68910
2014-11-28,10.69160
2014-11-29,10.69400
2014-11-30,10.69640
2014-12-01,10.69890
2014-12-02,10.70150
2014-12-03,10.70390
2014-12-04,10.70640
2014-12-05,10.70880
2014-12-06,10.71130
2014-12-07,10.71370
2014-12-08,10.71620
2014-12-09,10.71860
2014-12-10,10.72100
2014-12-11,10.72350
2014-12-12,10.72590
2014-12-13,10.72840
2014-12-14,10.73080
2014-12-15,10.73330
2014-12-16,10.73570
2014-12-17,10.73820
2014-12-18,10.74060
2014-12-19,10.74310
2014-12-20,10.74550
2014-12-21,10.74800
2014-12-22,10.75050
2014-12-23,10.75300
2014-12-24,10.75540
2014-12-25,10.75790
2014-12-26,10.76040
2014-12-27,10.76280
2014-12-28,10.76530
2014-12-29,10.76770
2014-12-30,10.77030
2014-12-31,10.77300
2015-01-01,10.77560
2015-01-02,10.77800
2015-01-03,10.78050
2015-01-04,10.78300
2015-01-05,10.78550
2015-01-06,10.78790
2015-01-07,10.79040
2015-01-08,10.79290
2015-01-09,10.79540
2015-01-10,10.79780
2015-01-11,10.80030
2015-01-12,10.80280
2015-01-13,10.80530
2015-01-14,10.80780
2015-01-15,10.81020
2015-01-16,10.81280
2015-01-17,10.81530
2015-01-18,10.81780
2015-01-19,10.82030
2015-01-20,10.82270
2015-01-21,10.82520
2015-01-22,10.82770
2015-01-23,10.83020
2015-01-24,10.83260
2015-01-25,10.83510
2015-01-26,10.83760
2015-01-27,10.84000
2015-01-28,10.84260
2015-01-29,10.84500
2015-01-30,10.84750
2015-01-31,10.84990
2015-02-01,10.85240
2015-02-02,10.85490
2015-02-03,10.85730
2015-02-04,10.85980
2015-02-05,10.86230
2015-02-06,10.86480
2015-02-07,10.86730
2015-02-08,10.86980
2015-02-09,10.87220
2015-02-10,10.87470
2015-02-11,10.87720
2015-02-12,10.87960
2015-02-13,10.88210
2015-02-14,10.88460
2015-02-15,10.88710
2015-02-16,10.88960
2015-02-17,10.89210
2015-02-18,10.89460
2015-02-19,10.89700
2015-02-20,10.89950
2015-02-21,10.90200
2015-02-22,10.90450
2015-02-23,10.90700
2015-02-24,10.90950
2015-02-25,10.91190
2015-02-26,10.91440
2015-02-27,10.91700
2015-02-28,10.91950
2015-03-01,10.92200
2015-03-02,10.92450
2015-03-03,10.92700
2015-03-04,10.92970
2015-03-05,10.93230
2015-03-06,10.93490
2015-03-07,10.93740
2015-03-08,10.93990
2015-03-09,10.94250
2015-03-10,10.94500
2015-03-11,10.94760
2015-03-12,10.95000
2015-03-13,10.95260
2015-03-14,10.95510
2015-03-15,10.95770
2015-03-16,10.96030
2015-03-17,10.96280
2015-03-18,10.96540
2015-03-19,10.96790
2015-03-20,10.97040
2015-03-21,10.97300
2015-03-22,10.97560
2015-03-23,10.97820
2015-03-24,10.98070
2015-03-25,10.98320
2015-03-26,10.98590
2015-03-27,10.98860
2015-03-28,10.99120
2015-03-29,10.99390
2015-03-30,10.99670
2015-03-31,11.00200
2015-04-01,11.00470
2015-04-02,11.00730
2015-04-03,11.01000
2015-04-04,11.01270
2015-04-05,11.01530
2015-04-06,11.01820
2015-04-07,11.02090
2015-04-08,11.02340
2015-04-09,11.02600
2015-04-10,11.02860
2015-04-11,11.03110
2015-04-12,11.03370
2015-04-13,11.03620
2015-04-14,11.03880
2015-04-15,11.04140
2015-04-16,11.04390
2015-04-17,11.04640
2015-04-18,11.04900
2015-04-19,11.05150
2015-04-20,11.05410
2015-04-21,11.05660
2015-04-22,11.05910
2015-04-23,11.06170
2015-04-24,11.06420
2015-04-25,11.06680
2015-04-26,11.06930
2015-04-27,11.07190
2015-04-28,11.07440
2015-04-29,11.07700
2015-04-30,11.07950
2015-05-01,11.08210
2015-05-02,11.08460
2015-05-03,11.08710
2015-05-04,11.08960
2015-05-05,11.09220
2015-05-06,11.09470
2015-05-07,11.09720
2015-05-08,11.09970
2015-05-09,11.10220
2015-05-10,11.10470
2015-05-11,11.10720
2015-05-12,11.10970
2015-05-13,11.11230
2015-05-14,11.11480
2015-05-15,11.11730
2015-05-16,11.11980
2015-05-17,11.12230
2015-05-18,11.12480
2015-05-19,11.12730
2015-05-20,11.12980
2015-05-21,11.13240
2015-05-22,11.13480
2015-05-23,11.13730
2015-05-24,11.13980
2015-05-25,11.14240
2015-05-26,11.14490
2015-05-27,11.14750
2015-05-28,11.15000
2015-05-29,11.15260
2015-05-30,11.15510
2015-05-31,11.15750
2015-06-01,11.16010
2015-06-02,11.16270
2015-06-03,11.16520
2015-06-04,11.16770
2015-06-05,11.17020
2015-06-06,11.17270
2015-06-07,11.17510
2015-06-08,11.17760
2015-06-09,11.18020
2015-06-10,11.18270
2015-06-11,11.18520
2015-06-12,11.18760
2015-06-13,11.19010
2015-06-14,11.19260
2015-06-15,11.19500
2015-06-16,11.19750
2015-06-17,11.20000
2015-06-18,11.20240
2015-06-19,11.20480
2015-06-20,11.20730
2015-06-21,11.20970
2015-06-22,11.21210
2015-06-23,11.21460
2015-06-24,11.21700
2015-06-25,11.21950
2015-06-26,11.22190
2015-06-27,11.22430
2015-06-28,11.22680
2015-06-29,11.22920
2015-06-30,11.23190
2015-07-01,11.23440
2015-07-02,11.23700
2015-07-03,11.23940
2015-07-04,11.24180
2015-07-05,11.24420
2015-07-06,11.24670
2015-07-07,11.24920
2015-07-08,11.25160
2015-07-09,11.25400
2015-07-10,11.25660
2015-07-11,11.25900
2015-07-12,11.26150
2015-07-13,11.26390
2015-07-14,11.26630
2015-07-15,11.26880
2015-07-16,11.27120
2015-07-17,11.27370
2015-07-18,11.27610
2015-07-19,11.27860
2015-07-20,11.28100
2015-07-21,11.28340
2015-07-22,11.28590
2015-07-23,11.28830
2015-07-24,11.29070
2015-07-25,11.29310
2015-07-26,11.29550
2015-07-27,11.29800
2015-07-28,11.30040
2015-07-29,11.30280
2015-07-30,11.30530
2015-07-31,11.30770
2015-08-01,11.31000
2015-08-02,11.31240
2015-08-03,11.31480
2015-08-04,11.31720
2015-08-05,11.31960
2015-08-06,11.32200
2015-08-07,11.32440
2015-08-08,11.32680
2015-08-09,11.32920
2015-08-10,11.33150
2015-08-11,11.33390
2015-08-12,11.33630
2015-08-13,11.33870
2015-08-14,11.34120
2015-08-15,11.34360
2015-08-16,11.34600
2015-08-17,11.34830
2015-08-18,11.35070
2015-08-19,11.35310
2015-08-20,11.35540
2015-08-21,11.35780
2015-08-22,11.36010
2015-08-23,11.36250
2015-08-24,11.36480
2015-08-25,11.36710
2015-08-26,11.36950
2015-08-27,11.37170
2015-08-28,11.37410
2015-08-29,11.37640
2015-08-30,11.37880
2015-08-31,11.38110
2015-09-01,11.38350
2015-09-02,11.38580
2015-09-03,11.38810
2015-09-04,11.39040
2015-09-05,11.39280
2015-09-06,11.39510
2015-09-07,11.39740
2015-09-08,11.39980
2015-09-09,11.40210
2015-09-10,11.40430
2015-09-11,11.40670
2015-09-12,11.40900
2015-09-13,11.41140
2015-09-14,11.41370
2015-09-15,11.41600
2015-09-16,11.41840
2015-09-17,11.42070
2015-09-18,11.42300
2015-09-19,11.42540
2015-09-20,11.42780
2015-09-21,11.43020
2015-09-22,11.43260
2015-09-23,11.43500
2015-09-24,11.43730
2015-09-25,11.43980
2015-09-26,11.44220
2015-09-27,11.44460
2015-09-28,11.44700
2015-09-29,11.45030
2015-09-30,11.45320
2015-10-01,11.45550
2015-10-02,11.45790
2015-10-03,11.46020
2015-10-04,11.46250
2015-10-05,11.46500
2015-10-06,11.46740
2015-10-07,11.46970
2015-10-08,11.47200
2015-10-09,11.47430
2015-10-10,11.47670
2015-10-11,11.47910
2015-10-12,11.48140
2015-10-13,11.48380
2015-10-14,11.48610
2015-10-15,11.48850
2015-10-16,11.49080
2015-10-17,11.49320
2015-10-18,11.49550
2015-10-19,11.49790
2015-10-20,11.50030
2015-10-21,11.50260
2015-10-22,11.50500
2015-10-23,11.50730
2015-10-24,11.50970
2015-10-25,11.51210
2015-10-26,11.51440
2015-10-27,11.51680
2015-10-28,11.51910
2015-10-29,11.52150
2015-10-30,11.52380
2015-10-31,11.52620
2015-11-01,11.52850
2015-11-02,11.53080
2015-11-03,11.53320
2015-11-04,11.53560
2015-11-05,11.53790
2015-11-06,11.54020
2015-11-07,11.54260
2015-11-08,11.54490
2015-11-09,11.54730
2015-11-10,11.54950
2015-11-11,11.55190
2015-11-12,11.55420
2015-11-13,11.55660
2015-11-14,11.55900
2015-11-15,11.56130
2015-11-16,11.56360
2015-11-17,11.56590
2015-11-18,11.56830
2015-11-19,11.57060
2015-11-20,11.57290
2015-11-21,11.57520
2015-11-22,11.57750
2015-11-23,11.57980
2015-11-24,11.58200
2015-11-25,11.58430
2015-11-26,11.58670
2015-11-27,11.58900
2015-11-28,11.59130
2015-11-29,11.59360
2015-11-30,11.59590
2015-12-01,11.59810
2015-12-02,11.60040
2015-12-03,11.60270
2015-12-04,11.60500
2015-12-05,11.60730
2015-12-06,11.60960
2015-12-07,11.61190
2015-12-08,11.61420
2015-12-09,11.61650
2015-12-10,11.61870
2015-12-11,11.62100
2015-12-12,11.62330
2015-12-13,11.62570
2015-12-14,11.62810
2015-12-15,11.63050
2015-12-16,11.63300
2015-12-17,11.63530
2015-12-18,11.63760
2015-12-19,11.64020
2015-12-20,11.64270
2015-12-21,11.64500
2015-12-22,11.64740
2015-12-23,11.64970
2015-12-24,11.65210
2015-12-25,11.65450
2015-12-26,11.65690
2015-12-27,11.65930
2015-12-28,11.66170
2015-12-29,11.66420
2015-12-30,11.66700
2015-12-31,11.66960
2016-01-01,11.67230
2016-01-02,11.67460
2016-01-03,11.67700
2016-01-04,11.67930
2016-01-05,11.68160
2016-01-06,11.68400
2016-01-07,11.68640
2016-01-08,11.68880
2016-01-09,11.69110
2016-01-10,11.69350
2016-01-11,11.69580
2016-01-12,11.69810
2016-01-13,11.70050
2016-01-14,11.70270
2016-01-15,11.70510
2016-01-16,11.70750
2016-01-17,11.70990
2016-01-18,11.71220
2016-01-19,11.71460
2016-01-20,11.71700
2016-01-21,11.71930
2016-01-22,11.72160
2016-01-23,11.72400
2016-01-24,11.72630
2016-01-25,11.72870
2016-01-26,11.73110
2016-01-27,11.73340
2016-01-28,11.73580
2016-01-29,11.73820
2016-01-30,11.74060
2016-01-31,11.74300
2016-02-01,11.74540
2016-02-02,11.74770
2016-02-03,11.75010
2016-02-04,11.75250
2016-02-05,11.75490
2016-02-06,11.75740
2016-02-07,11.75980
2016-02-08,11.76230
2016-02-09,11.76470
2016-02-10,11.76710
2016-02-11,11.76960
2016-02-12,11.77200
2016-02-13,11.77450
2016-02-14,11.77700
2016-02-15,11.77940
2016-02-16,11.78190
2016-02-17,11.78430
2016-02-18,11.78670
2016-02-19,11.78920
2016-02-20,11.79160
2016-02-21,11.79410
2016-02-22,11.79650
2016-02-23,11.79890
2016-02-24,11.80130
2016-02-25,11.80370
2016-02-26,11.80600
2016-02-27,11.80840
2016-02-28,11.81090
2016-02-29,11.81340
2016-03-01,11.81600
2016-03-02,11.81840
2016-03-03,11.82080
2016-03-04,11.82330
2016-03-05,11.82580
2016-03-06,11.82840
2016-03-07,11.83090
2016-03-08,11.83340
2016-03-09,11.83560
2016-03-10,11.83800
2016-03-11,11.84060
2016-03-12,11.84310
2016-03-13,11.84570
2016-03-14,11.84850
2016-03-15,11.85140
2016-03-16,11.85400
2016-03-17,11.85660
2016-03-18,11.85920
2016-03-19,11.86180
2016-03-20,11.86450
2016-03-21,11.86710
2016-03-22,11.86950
2016-03-23,11.87200
2016-03-24,11.72480
2016-03-25,11.72750
2016-03-26,11.73010
2016-03-27,11.73280
2016-03-28,11.73540
2016-03-29,11.73830
2016-03-30,11.74130
2016-03-31,11.75070
2016-04-01,11.75340
2016-04-02,11.75610
2016-04-03,11.75870
2016-04-04,11.76160
2016-04-05,11.76460
2016-04-06,11.76720
2016-04-07,11.76980
2016-04-08,11.77240
2016-04-09,11.77500
2016-04-10,11.77760
2016-04-11,11.78010
2016-04-12,11.78270
2016-04-13,11.78530
2016-04-14,11.78790
2016-04-15,11.79050
2016-04-16,11.79310
2016-04-17,11.79570
2016-04-18,11.79830
2016-04-19,11.80090
2016-04-20,11.80340
2016-04-21,11.80590
2016-04-22,11.80840
2016-04-23,11.81100
2016-04-24,11.81350
2016-04-25,11.81610
2016-04-26,11.81860
2016-04-27,11.82120
2016-04-28,11.82370
2016-04-29,11.82620
2016-04-30,11.82880
2016-05-01,11.83140
2016-05-02,11.83390
2016-05-03,11.83650
2016-05-04,11.83910
2016-05-05,11.84170
2016-05-06,11.84410
2016-05-07,11.84670
2016-05-08,11.84930
2016-05-09,11.85180
2016-05-10,11.85430
2016-05-11,11.85690
2016-05-12,11.85940
2016-05-13,11.86190
2016-05-14,11.86440
2016-05-15,11.86690
2016-05-16,11.86950
2016-05-17,11.87190
2016-05-18,11.87440
2016-05-19,11.87690
2016-05-20,11.87950
2016-05-21,11.88200
2016-05-22,11.88440
2016-05-23,11.88690
2016-05-24,11.88950
2016-05-25,11.89200
2016-05-26,11.89440
2016-05-27,11.89680
2016-05-28,11.89930
2016-05-29,11.90180
2016-05-30,11.90430
2016-05-31,11.90680
2016-06-01,11.90930
2016-06-02,11.91170
2016-06-03,11.91410
2016-06-04,11.91650
2016-06-05,11.91890
2016-06-06,11.92150
2016-06-07,11.92410
2016-06-08,11.92660
2016-06-09,11.92900
2016-06-10,11.93160
2016-06-11,11.93400
2016-06-12,11.93640
2016-06-13,11.93880
2016-06-14,11.94130
2016-06-15,11.94380
2016-06-16,11.94620
2016-06-17,11.94860
2016-06-18,11.95100
2016-06-19,11.95340
2016-06-20,11.95580
2016-06-21,11.95820
2016-06-22,11.81060
2016-06-23,11.81310
2016-06-24,11.81550
2016-06-25,11.81790
2016-06-26,11.82030
2016-06-27,11.82280
2016-06-28,11.82520
2016-06-29,11.82780
2016-06-30,11.83030
2016-07-01,11.83260
2016-07-02,11.83490
2016-07-03,11.83720
2016-07-04,11.83960
2016-07-05,11.84200
2016-07-06,11.84430
2016-07-07,11.84670
2016-07-08,11.84930
2016-07-09,11.85170
2016-07-10,11.85400
2016-07-11,11.85630
2016-07-12,11.85860
2016-07-13,11.86110
2016-07-14,11.86350
2016-07-15,11.86580
2016-07-16,11.86820
2016-07-17,11.87050
2016-07-18,11.87280
2016-07-19,11.87520
2016-07-20,11.87750
2016-07-21,11.87980
2016-07-22,11.88220
2016-07-23,11.88450
2016-07-24,11.88690
2016-07-25,11.88950
2016-07-26,11.89180
2016-07-27,11.89410
2016-07-28,11.89650
2016-07-29,11.89870
2016-07-30,11.90100
2016-07-31,11.90330
2016-08-01,11.90550
2016-08-02,11.90790
2016-08-03,11.91020
2016-08-04,11.91240
2016-08-05,11.91480
2016-08-06,11.91700
2016-08-07,11.91930
2016-08-08,11.92150
2016-08-09,11.92390
2016-08-10,11.92620
2016-08-11,11.92840
2016-08-12,11.93070
2016-08-13,11.93290
2016-08-14,11.93520
2016-08-15,11.93740
2016-08-16,11.93970
2016-08-17,11.94190
2016-08-18,11.94420
2016-08-19,11.94630
2016-08-20,11.94860
2016-08-21,11.95090
2016-08-22,11.95330
2016-08-23,11.95550
2016-08-24,11.95780
2016-08-25,11.96010
2016-08-26,11.96230
2016-08-27,11.96460
2016-08-28,11.96680
2016-08-29,11.96910
2016-08-30,11.97130
2016-08-31,11.97350
2016-09-01,11.97570
2016-09-02,11.97800
2016-09-03,11.98020
2016-09-04,11.98240
2016-09-05,11.98460
2016-09-06,11.98690
2016-09-07,11.98910
2016-09-08,11.99130
2016-09-09,11.99350
2016-09-10,11.99570
2016-09-11,11.99790
2016-09-12,12.00020
2016-09-13,12.00240
2016-09-14,12.00450
2016-09-15,12.00670
2016-09-16,12.00890
2016-09-17,12.01110
2016-09-18,12.01330
2016-09-19,12.01560
2016-09-20,12.01770
2016-09-21,12.02000
2016-09-22,12.02220
2016-09-23,12.02450
2016-09-24,11.87670
2016-09-25,11.87890
2016-09-26,11.88110
2016-09-27,11.88340
2016-09-28,11.88560
2016-09-29,11.88800
2016-09-30,11.89090
2016-10-01,11.89310
2016-10-02,11.89530
2016-10-03,11.89770
2016-10-04,11.90000
2016-10-05,11.90240
2016-10-06,11.90460
2016-10-07,11.90680
2016-10-08,11.90900
2016-10-09,11.91110
2016-10-10,11.91320
2016-10-11,11.91540
2016-10-12,11.91760
2016-10-13,11.91970
2016-10-14,11.92190
2016-10-15,11.92410
2016-10-16,11.92620
2016-10-17,11.92840
2016-10-18,11.93050
2016-10-19,11.93260
2016-10-20,11.93470
2016-10-21,11.93700
2016-10-22,11.93910
2016-10-23,11.94130
2016-10-24,11.94340
2016-10-25,11.94560
2016-10-26,11.94770
2016-10-27,11.94990
2016-10-28,11.95200
2016-10-29,11.95420
2016-10-30,11.95640
2016-10-31,11.95860
2016-11-01,11.96070
2016-11-02,11.96290
2016-11-03,11.96510
2016-11-04,11.96740
2016-11-05,11.96960
2016-11-06,11.97180
2016-11-07,11.97400
2016-11-08,11.97620
2016-11-09,11.97830
2016-11-10,11.98050
2016-11-11,11.98260
2016-11-12,11.98480
2016-11-13,11.98690
2016-11-14,11.98900
2016-11-15,11.99150
2016-11-16,11.99410
2016-11-17,11.99630
2016-11-18,11.99860
2016-11-19,12.00070
2016-11-20,12.00290
2016-11-21,12.00530
2016-11-22,12.00750
2016-11-23,12.00980
2016-11-24,12.01250
2016-11-25,12.01440
2016-11-26,12.01650
2016-11-27,12.01870
2016-11-28,12.02050
2016-11-29,12.02280
2016-11-30,12.02490
2016-12-01,12.02710
2016-12-02,12.02870
2016-12-03,12.03090
2016-12-04,12.03300
2016-12-05,12.03520
2016-12-06,12.03740
2016-12-07,12.03810
2016-12-08,12.04010
2016-12-09,12.04240
2016-12-10,12.04450
2016-12-11,12.04670
2016-12-12,12.04880
2016-12-13,12.05110
2016-12-14,12.05320
2016-12-15,12.05540
2016-12-16,12.05740
2016-12-17,12.05960
2016-12-18,12.06170
2016-12-19,12.06380
2016-12-20,12.06590
2016-12-21,12.06810
2016-12-22,11.92000
2016-12-23,11.92220
2016-12-24,11.92440
2016-12-25,11.92660
2016-12-26,11.92870
2016-12-27,11.93070
2016-12-28,11.93280
2016-12-29,11.93490
2016-12-30,11.93710
2016-12-31,11.93920
2017-01-01,11.94130
2017-01-02,11.94340
2017-01-03,11.94560
2017-01-04,11.94790
2017-01-05,11.94990
2017-01-06,11.95200
2017-01-07,11.95420
2017-01-08,11.95630
2017-01-09,11.95850
2017-01-10,11.96060
2017-01-11,11.96260
2017-01-12,11.96470
2017-01-13,11.96680
2017-01-14,11.96890
2017-01-15,11.97100
2017-01-16,11.97310
2017-01-17,11.97520
2017-01-18,11.97740
2017-01-19,11.97940
2017-01-20,11.98160
2017-01-21,11.98380
2017-01-22,11.98590
2017-01-23,11.98800
2017-01-24,11.99010
2017-01-25,11.99230
2017-01-26,11.99440
2017-01-27,11.99660
2017-01-28,11.99880
2017-01-29,12.00100
2017-01-30,12.00310
2017-01-31,12.00530
2017-02-01,12.00740
2017-02-02,12.00950
2017-02-03,12.01170
2017-02-04,12.01380
2017-02-05,12.01590
2017-02-06,12.01820
2017-02-07,12.02030
2017-02-08,12.02210
2017-02-09,12.02420
2017-02-10,12.02640
2017-02-11,12.02860
2017-02-12,12.03070
2017-02-13,12.03290
2017-02-14,12.03500
2017-02-15,12.03710
2017-02-16,12.03920
2017-02-17,12.04130
2017-02-18,12.04340
2017-02-19,12.04560
2017-02-20,12.04770
2017-02-21,12.04990
2017-02-22,12.05210
2017-02-23,12.05440
2017-02-24,12.05660
2017-02-25,12.05870
2017-02-26,12.06090
2017-02-27,12.06290
2017-02-28,12.06500
2017-03-01,12.06720
2017-03-02,12.06930
2017-03-03,12.07120
2017-03-04,12.07340
2017-03-05,12.07550
2017-03-06,12.07770
2017-03-07,12.07990
2017-03-08,12.08190
2017-03-09,12.08400
2017-03-10,12.08620
2017-03-11,12.08860
2017-03-12,12.09100
2017-03-13,12.09330
2017-03-14,12.09550
2017-03-15,12.09770
2017-03-16,12.10000
2017-03-17,12.10200
2017-03-18,12.10430
2017-03-19,12.10660
2017-03-20,12.10890
2017-03-21,12.11100
2017-03-22,12.11360
2017-03-23,12.11570
2017-03-24,12.11770
2017-03-25,12.11990
2017-03-26,12.12210
2017-03-27,12.12420
2017-03-28,11.97630
2017-03-29,11.97840
2017-03-30,11.98080
2017-03-31,11.98370
2017-04-01,11.98590
2017-04-02,11.98810
2017-04-03,11.99030
2017-04-04,11.99240
2017-04-05,11.99470
2017-04-06,11.99660
2017-04-07,11.99880
2017-04-08,12.00090
2017-04-09,12.00300
2017-04-10,12.00510
2017-04-11,12.00720
2017-04-12,12.00930
2017-04-13,12.01140
2017-04-14,12.01350
2017-04-15,12.01560
2017-04-16,12.01770
2017-04-17,12.01970
2017-04-18,12.02180
2017-04-19,12.02390
2017-04-20,12.02610
2017-04-21,12.02820
2017-04-22,12.03030
2017-04-23,12.03240
2017-04-24,12.03450
2017-04-25,12.03660
2017-04-26,12.03880
2017-04-27,12.04090
2017-04-28,12.04300
2017-04-29,12.04510
2017-04-30,12.04720
2017-05-01,12.04930
2017-05-02,12.05140
2017-05-03,12.05350
2017-05-04,12.05560
2017-05-05,12.05760
2017-05-06,12.05980
2017-05-07,12.06190
2017-05-08,12.06400
2017-05-09,12.06620
2017-05-10,12.06830
2017-05-11,12.07030
2017-05-12,12.07250
2017-05-13,12.07460
2017-05-14,12.07680
2017-05-15,12.07900
2017-05-16,12.08120
2017-05-17,12.08330
2017-05-18,12.08550
2017-05-19,12.08760
2017-05-20,12.08980
2017-05-21,12.09200
2017-05-22,12.09410
2017-05-23,12.09620
2017-05-24,12.09830
2017-05-25,12.10040
2017-05-26,12.10250
2017-05-27,12.10460
2017-05-28,12.10670
2017-05-29,12.10880
2017-05-30,12.11100
2017-05-31,12.11320
2017-06-01,12.11530
2017-06-02,12.11750
2017-06-03,12.11960
2017-06-04,12.12170
2017-06-05,12.12380
2017-06-06,12.12600
2017-06-07,12.12820
2017-06-08,12.13030
2017-06-09,12.13240
2017-06-10,12.13450
2017-06-11,12.13660
2017-06-12,12.13870
2017-06-13,12.14080
2017-06-14,12.14300
2017-06-15,12.14510
2017-06-16,12.14720
2017-06-17,12.14930
2017-06-18,12.15140
2017-06-19,12.15360
2017-06-20,12.15570
2017-06-21,12.15790
2017-06-22,12.16000
2017-06-23,12.16210
2017-06-24,12.16430
2017-06-25,12.16660
2017-06-26,12.16880
2017-06-27,12.17100
2017-06-28,12.02330
2017-06-29,12.02540
2017-06-30,12.02770
2017-07-01,12.02980
2017-07-02,12.03190
2017-07-03,12.03420
2017-07-04,12.03630
2017-07-05,12.03850
2017-07-06,12.04080
2017-07-07,12.04300
2017-07-08,12.04520
2017-07-09,12.04740
2017-07-10,12.04960
2017-07-11,12.05180
2017-07-12,12.05400
2017-07-13,12.05610
2017-07-14,12.05830
2017-07-15,12.06040
2017-07-16,12.06250
2017-07-17,12.06460
2017-07-18,12.06670
2017-07-19,12.06890
2017-07-20,12.07110
2017-07-21,12.07330
2017-07-22,12.07540
2017-07-23,12.07760
2017-07-24,12.07970
2017-07-25,12.08190
2017-07-26,12.08400
2017-07-27,12.08610
2017-07-28,12.08820
2017-07-29,12.09030
2017-07-30,12.09240
2017-07-31,12.09460
2017-08-01,12.09670
2017-08-02,12.09880
2017-08-03,12.10090
2017-08-04,12.10300
2017-08-05,12.10520
2017-08-06,12.10740
2017-08-07,12.10960
2017-08-08,12.11180
2017-08-09,12.11390
2017-08-10,12.11610
2017-08-11,12.11820
2017-08-12,12.12030
2017-08-13,12.12240
2017-08-14,12.12460
2017-08-15,12.12660
2017-08-16,12.12880
2017-08-17,12.13080
2017-08-18,12.13290
2017-08-19,12.13500
2017-08-20,12.13710
2017-08-21,12.13920
2017-08-22,12.14130
2017-08-23,12.14340
2017-08-24,12.14550
2017-08-25,12.14750
2017-08-26,12.14960
2017-08-27,12.15160
2017-08-28,12.15370
2017-08-29,12.15570
2017-08-30,12.15780
2017-08-31,12.15990
2017-09-01,12.16200
2017-09-02,12.16400
2017-09-03,12.16610
2017-09-04,12.16820
2017-09-05,12.17020
2017-09-06,12.17220
2017-09-07,12.17430
2017-09-08,12.17640
2017-09-09,12.17840
2017-09-10,12.18050
2017-09-11,12.18260
2017-09-12,12.18470
2017-09-13,12.18680
2017-09-14,12.18890
2017-09-15,12.19100
2017-09-16,12.19320
2017-09-17,12.19530
2017-09-18,12.19740
2017-09-19,12.19950
2017-09-20,12.20160
2017-09-21,12.20380
2017-09-22,12.05580
2017-09-23,12.05800
2017-09-24,12.06010
2017-09-25,12.06220
2017-09-26,12.06440
2017-09-27,12.06660
2017-09-28,12.06870
2017-09-29,12.07080
2017-09-30,12.07290
2017-10-01,12.07490
2017-10-02,12.07700
2017-10-03,12.07910
2017-10-04,12.08120
2017-10-05,12.08320
2017-10-06,12.08520
2017-10-07,12.08730
2017-10-08,12.08930
2017-10-09,12.09130
2017-10-10,12.09350
2017-10-11,12.09560
2017-10-12,12.09770
2017-10-13,12.09990
2017-10-14,12.10200
2017-10-15,12.10410
2017-10-16,12.10630
2017-10-17,12.10830
2017-10-18,12.11040
2017-10-19,12.11240
2017-10-20,12.11440
2017-10-21,12.11650
2017-10-22,12.11850
2017-10-23,12.12060
2017-10-24,12.12260
2017-10-25,12.12460
2017-10-26,12.12660
2017-10-27,12.12860
2017-10-28,12.13060
2017-10-29,12.13270
2017-10-30,12.13480
2017-10-31,12.13690
2017-11-01,12.13910
2017-11-02,12.14120
2017-11-03,12.14340
2017-11-04,12.14550
2017-11-05,12.14760
2017-11-06,12.14970
2017-11-07,12.15180
2017-11-08,12.15390
2017-11-09,12.15590
2017-11-10,12.15800
2017-11-11,12.16010
2017-11-12,12.16210
2017-11-13,12.16420
2017-11-14,12.16630
2017-11-15,12.16830
2017-11-16,12.17030
2017-11-17,12.17240
2017-11-18,12.17440
2017-11-19,12.17650
2017-11-20,12.17860
2017-11-21,12.18060
2017-11-22,12.18270
2017-11-23,12.18480
2017-11-24,12.18680
2017-11-25,12.18890
2017-11-26,12.19100
2017-11-27,12.19310
2017-11-28,12.19520
2017-11-29,12.19730
2017-11-30,12.19940
2017-12-01,12.20150
2017-12-02,12.20350
2017-12-03,12.20560
2017-12-04,12.20770
2017-12-05,12.20980
2017-12-06,12.21190
2017-12-07,12.21400
2017-12-08,12.21610
2017-12-09,12.21820
2017-12-10,12.22030
2017-12-11,12.22240
2017-12-12,12.22440
2017-12-13,12.22660
2017-12-14,12.22870
2017-12-15,12.23070
2017-12-16,12.23280
2017-12-17,12.23490
2017-12-18,12.23700
2017-12-19,12.23910
2017-12-20,12.09120
2017-12-21,12.09330
2017-12-22,12.09530
2017-12-23,12.09750
2017-12-24,12.09960
2017-12-25,12.10170
2017-12-26,12.10380
2017-12-27,12.10600
2017-12-28,12.10820
2017-12-29,12.11050
2017-12-30,12.11270
2017-12-31,12.11480
2018-01-01,12.11750
2018-01-02,12.11960
2018-01-03,12.12170
2018-01-04,12.12380
2018-01-05,12.12590
2018-01-06,12.12800
2018-01-07,12.13020
2018-01-08,12.13230
2018-01-09,12.13450
2018-01-10,12.13660
2018-01-11,12.13870
2018-01-12,12.14080
2018-01-13,12.14290
2018-01-14,12.14500
2018-01-15,12.14720
2018-01-16,12.14940
2018-01-17,12.15150
2018-01-18,12.15370
2018-01-19,12.15590
2018-01-20,12.15800
2018-01-21,12.16020
2018-01-22,12.16230
2018-01-23,12.16450
2018-01-24,12.16670
2018-01-25,12.16890
2018-01-26,12.17100
2018-01-27,12.17320
2018-01-28,12.17540
2018-01-29,12.17760
2018-01-30,12.17980
2018-01-31,12.18190
2018-02-01,12.18410
2018-02-02,12.18620
2018-02-03,12.18840
2018-02-04,12.19060
2018-02-05,12.19270
2018-02-06,12.19500
2018-02-07,12.19710
2018-02-08,12.19930
2018-02-09,12.20150
2018-02-10,12.20360
2018-02-11,12.20580
2018-02-12,12.20800
2018-02-13,12.21020
2018-02-14,12.21240
2018-02-15,12.21460
2018-02-16,12.21680
2018-02-17,12.21900
2018-02-18,12.22120
2018-02-19,12.22340
2018-02-20,12.22560
2018-02-21,12.22780
2018-02-22,12.23000
2018-02-23,12.23220
2018-02-24,12.23430
2018-02-25,12.23650
2018-02-26,12.23870
2018-02-27,12.24090
2018-02-28,12.24310
2018-03-01,12.24540
2018-03-02,12.24760
2018-03-03,12.24980
2018-03-04,12.25210
2018-03-05,12.25430
2018-03-06,12.25690
2018-03-07,12.25930
2018-03-08,12.26150
2018-03-09,12.26390
2018-03-10,12.26620
2018-03-11,12.26840
2018-03-12,12.27090
2018-03-13,12.27330
2018-03-14,12.27560
2018-03-15,12.27810
2018-03-16,12.28190
2018-03-17,12.28420
2018-03-18,12.28660
2018-03-19,12.28940
2018-03-20,12.29170
2018-03-21,12.29420
2018-03-22,12.29640
2018-03-23,12.29840
2018-03-24,12.30070
2018-03-25,12.30300
2018-03-26,12.30500
2018-03-27,12.30770
2018-03-28,12.16700
2018-03-29,12.16930
2018-03-30,12.17150
2018-03-31,12.17380
2018-04-01,12.17600
2018-04-02,12.17830
2018-04-03,12.18060
2018-04-04,12.18310
2018-04-05,12.18550
2018-04-06,12.18780
2018-04-07,12.19000
2018-04-08,12.19220
2018-04-09,12.19450
2018-04-10,12.19680
2018-04-11,12.19900
2018-04-12,12.20120
2018-04-13,12.20330
2018-04-14,12.20550
2018-04-15,12.20770
2018-04-16,12.21010
2018-04-17,12.21220
2018-04-18,12.21440
2018-04-19,12.21660
2018-04-20,12.21880
2018-04-21,12.22110
2018-04-22,12.22330
2018-04-23,12.22540
2018-04-24,12.22760
2018-04-25,12.22990
2018-04-26,12.23210
2018-04-27,12.23430
2018-04-28,12.23650
2018-04-29,12.23870
2018-04-30,12.24090
2018-05-01,12.24310
2018-05-02,12.24530
2018-05-03,12.24750
2018-05-04,12.24980
2018-05-05,12.25200
2018-05-06,12.25420
2018-05-07,12.25640
2018-05-08,12.25870
2018-05-09,12.26090
2018-05-10,12.26300
2018-05-11,12.26520
2018-05-12,12.26740
2018-05-13,12.26960
2018-05-14,12.27180
2018-05-15,12.27400
2018-05-16,12.27620
2018-05-17,12.27840
2018-05-18,12.28060
2018-05-19,12.28280
2018-05-20,12.28510
2018-05-21,12.28730
2018-05-22,12.28960
2018-05-23,12.29180
2018-05-24,12.29410
2018-05-25,12.29650
2018-05-26,12.29880
2018-05-27,12.30110
2018-05-28,12.30360
2018-05-29,12.30650
2018-05-30,12.30950
2018-05-31,12.31150
2018-06-01,12.31360
2018-06-02,12.31590
2018-06-03,12.31830
2018-06-04,12.32060
2018-06-05,12.32300
2018-06-06,12.32620
2018-06-07,12.32860
2018-06-08,12.33100
2018-06-09,12.33340
2018-06-10,12.33580
2018-06-11,12.33840
2018-06-12,12.34090
2018-06-13,12.34350
2018-06-14,12.34580
2018-06-15,12.34840
2018-06-16,12.35080
2018-06-17,12.35320
2018-06-18,12.35610
2018-06-19,12.35860
2018-06-20,12.36110
2018-06-21,12.36360
2018-06-22,12.36610
2018-06-23,12.36860
2018-06-24,12.37100
2018-06-25,12.37350
2018-06-26,12.37610
2018-06-27,12.22870
2018-06-28,12.23110
2018-06-29,12.23430
2018-06-30,12.23680
2018-07-01,12.23930
2018-07-02,12.24230
2018-07-03,12.24500
2018-07-04,12.24750
2018-07-05,12.24990
2018-07-06,12.25240
2018-07-07,12.25490
2018-07-08,12.25730
2018-07-09,12.25970
2018-07-10,12.26210
2018-07-11,12.26450
2018-07-12,12.26680
2018-07-13,12.26920
2018-07-14,12.27160
2018-07-15,12.27400
2018-07-16,12.27640
2018-07-17,12.27890
2018-07-18,12.28130
2018-07-19,12.28360
2018-07-20,12.28610
2018-07-21,12.28850
2018-07-22,12.29090
2018-07-23,12.29320
2018-07-24,12.29550
2018-07-25,12.29790
2018-07-26,12.30010
2018-07-27,12.30260
2018-07-28,12.30490
2018-07-29,12.30730
2018-07-30,12.31000
2018-07-31,12.31260
2018-08-01,12.31510
2018-08-02,12.31740
2018-08-03,12.31960
2018-08-04,12.32230
2018-08-05,12.32490
2018-08-06,12.32730
2018-08-07,12.32970
2018-08-08,12.33200
2018-08-09,12.33430
2018-08-10,12.33680
2018-08-11,12.33920
2018-08-12,12.34160
2018-08-13,12.34390
2018-08-14,12.34620
2018-08-15,12.34850
2018-08-16,12.35090
2018-08-17,12.35320
2018-08-18,12.35550
2018-08-19,12.35790
2018-08-20,12.36020
2018-08-21,12.36250
2018-08-22,12.36490
2018-08-23,12.36720
2018-08-24,12.36960
2018-08-25,12.37190
2018-08-26,12.37430
2018-08-27,12.37650
2018-08-28,12.37890
2018-08-29,12.38130
2018-08-30,12.38380
2018-08-31,12.38620
2018-09-01,12.38860
2018-09-02,12.39090
2018-09-03,12.39340
2018-09-04,12.39570
2018-09-05,12.39820
2018-09-06,12.40050
2018-09-07,12.40290
2018-09-08,12.40530
2018-09-09,12.40770
2018-09-10,12.40990
2018-09-11,12.41210
2018-09-12,12.41440
2018-09-13,12.41670
2018-09-14,12.41910
2018-09-16,12.42380
2018-09-17,12.42620
2018-09-18,12.42860
2018-09-19,12.43100
2018-09-20,12.43340
2018-09-21,12.43580
2018-09-23,12.44060
2018-09-24,12.44290
2018-09-25,12.44460
2018-09-26,12.44680
2018-09-27,12.30120
2018-09-28,12.30450
2018-09-30,12.30950
2018-10-01,12.31200
2018-10-02,12.31440
2018-10-03,12.31690
2018-10-04,12.31920
2018-10-05,12.32180
2018-10-07,12.32670
2018-10-08,12.32920
2018-10-09,12.33180
2018-10-10,12.33430
2018-10-11,12.33660
2018-10-12,12.33920
2018-10-14,12.34450
2018-10-15,12.34690
2018-10-16,12.34950
2018-10-17,12.35180
2018-10-18,12.35430
2018-10-19,12.35680
2018-10-21,12.36190
2018-10-22,12.36450
2018-10-23,12.36700
2018-10-24,12.36950
2018-10-25,12.37190
2018-10-26,12.37420
2018-10-28,12.37950
2018-10-29,12.38200
2018-10-30,12.38450
2018-10-31,12.38710
2018-11-01,12.38950
2018-11-02,12.39210
2018-11-04,12.39720
2018-11-05,12.39980
2018-11-06,12.40240
2018-11-08,12.40750
2018-11-09,12.41000
2018-11-11,12.41520
2018-11-12,12.41770
2018-11-13,12.42030
2018-11-14,12.42290
2018-11-15,12.42550
2018-11-16,12.42830
2018-11-18,12.43340
2018-11-19,12.43590
2018-11-20,12.43850
2018-11-21,12.44110
2018-11-22,12.44360
2018-11-25,12.45140
2018-11-26,12.45410
2018-11-27,12.45660
2018-11-28,12.45920
2018-11-29,12.46180
2018-11-30,12.46450
2018-12-02,12.46960
2018-12-03,12.47230
2018-12-04,12.47500
2018-12-05,12.47780
2018-12-06,12.48040
2018-12-07,12.48300
2018-12-09,12.48800
2018-12-10,12.49040
2018-12-11,12.49280
2018-12-12,12.49530
2018-12-13,12.49800
2018-12-14,12.50070
2018-12-16,12.50570
2018-12-17,12.50830
2018-12-18,12.51100
2018-12-19,12.51340
2018-12-20,12.51590
2018-12-21,12.36820
2018-12-23,12.37310
2018-12-24,12.37560
2018-12-25,12.37800
2018-12-26,12.38040
2018-12-27,12.38280
2018-12-28,12.38530
2018-12-30,12.39020
2018-12-31,12.39310
2019-01-01,12.39590
2019-01-02,12.39850
2019-01-03,12.40080
2019-01-04,12.40340
2019-01-06,12.40840
2019-01-07,12.41090
2019-01-08,12.41340
2019-01-09,12.41580
2019-01-10,12.41830
2019-01-11,12.42070
2019-01-13,12.42570
2019-01-14,12.42820
2019-01-15,12.43060
2019-01-16,12.43300
2019-01-17,12.43540
2019-01-18,12.43790
2019-01-20,12.44280
2019-01-21,12.44520
2019-01-22,12.44770
2019-01-23,12.45010
2019-01-24,12.45260
2019-01-25,12.45500
2019-01-27,12.45980
2019-01-28,12.46220
2019-01-29,12.46460
2019-01-30,12.46710
2019-01-31,12.46940
2019-02-01,12.47180
2019-02-03,12.47660
2019-02-04,12.47900
2019-02-05,12.48130
2019-02-06,12.48360
2019-02-07,12.48650
2019-02-08,12.48880
2019-02-10,12.49350
2019-02-11,12.49580
2019-02-12,12.49820
2019-02-13,12.50080
2019-02-14,12.50310
2019-02-15,12.50540
2019-02-17,12.51020
2019-02-18,12.51250
2019-02-19,12.51490
2019-02-20,12.51720
2019-02-21,12.51950
2019-02-22,12.52190
2019-02-24,12.52670
2019-02-25,12.52910
2019-02-26,12.53140
2019-02-27,12.53380
2019-02-28,12.53600
2019-03-01,12.53840
2019-03-04,12.54550
2019-03-05,12.54780
2019-03-06,12.55010
2019-03-07,12.55250
2019-03-08,12.55490
2019-03-09,12.55720
2019-03-10,12.55960
2019-03-11,12.56200
2019-03-12,12.56460
2019-03-13,12.56700
2019-03-14,12.56990
2019-03-15,12.57170
2019-03-16,12.57430
2019-03-17,12.57690
2019-03-18,12.57930
2019-03-19,12.58180
2019-03-20,12.58410
2019-03-21,12.58650
2019-03-22,12.58860
2019-03-24,12.59350
2019-03-25,12.59620
2019-03-26,12.59870
2019-03-27,12.45110
2019-03-28,12.45420
2019-03-29,12.46420
2019-03-31,12.46900
2019-04-01,12.47140
2019-04-02,12.47500
2019-04-03,12.47720
2019-04-04,12.47940
2019-04-05,12.48180
2019-04-07,12.48660
2019-04-08,12.48880
2019-04-09,12.49110
2019-04-10,12.49360
2019-04-11,12.49610
2019-04-12,12.49830
2019-04-14,12.50330
2019-04-15,12.50570
2019-04-16,12.50800
2019-04-17,12.51050
2019-04-18,12.51280
2019-04-21,12.51980
2019-04-22,12.52210
2019-04-23,12.52450
2019-04-24,12.52690
2019-04-25,12.52920
2019-04-26,12.53140
2019-04-28,12.53620
2019-04-29,12.53860
2019-04-30,12.54080
2019-05-01,12.54320
2019-05-02,12.54560
2019-05-03,12.54790
2019-05-05,12.55260
2019-05-06,12.55500
2019-05-07,12.55740
2019-05-08,12.55990
2019-05-09,12.56230
2019-05-10,12.56480
2019-05-12,12.56950
2019-05-13,12.57200
2019-05-14,12.57440
2019-05-15,12.57690
2019-05-16,12.57950
2019-05-17,12.58210
2019-05-18,12.58440
2019-05-19,12.58680
2019-05-20,12.58920
2019-05-21,12.59170
2019-05-22,12.59430
2019-05-23,12.59720
2019-05-24,12.59980
2019-05-26,12.60450
2019-05-27,12.60720
2019-05-28,12.61010
2019-05-29,12.61260
2019-05-30,12.61510
2019-05-31,12.61810
2019-06-02,12.62280
2019-06-03,12.62540
2019-06-04,12.62780
2019-06-05,12.63020
2019-06-06,12.63280
2019-06-07,12.63520
2019-06-09,12.63980
2019-06-10,12.64210
2019-06-11,12.64430
2019-06-12,12.64660
2019-06-13,12.64890
2019-06-14,12.65120
2019-06-16,12.65570
2019-06-17,12.65790
2019-06-18,12.66000
2019-06-19,12.66230
2019-06-20,12.66500
2019-06-21,12.66690
2019-06-23,12.67120
2019-06-24,12.67330
2019-06-25,12.67540
2019-06-26,12.67760
2019-06-27,12.52990
2019-06-28,12.53240
2019-06-30,12.53680
2019-07-01,12.53910
2019-07-02,12.54150
2019-07-03,12.54420
2019-07-04,12.54670
2019-07-05,12.54900
2019-07-07,12.55330
2019-07-08,12.55560
2019-07-09,12.55780
2019-07-10,12.56010
2019-07-11,12.56250
2019-07-12,12.56480
2019-07-14,12.56910
2019-07-15,12.57150
2019-07-16,12.57470
2019-07-17,12.57710
2019-07-18,12.57920
2019-07-19,12.58130
2019-07-21,12.58550
2019-07-22,12.58760
2019-07-23,12.58970
2019-07-24,12.59180
2019-07-25,12.59410
2019-07-26,12.59640
2019-07-28,12.60060
2019-07-29,12.60320
2019-07-30,12.60550
2019-07-31,12.60800
2019-08-01,12.61060
2019-08-02,12.61310
2019-08-04,12.61730
2019-08-05,12.61940
2019-08-06,12.62170
2019-08-07,12.62450
2019-08-08,12.62680
2019-08-09,12.62920
2019-08-12,12.63510
2019-08-13,12.63670
2019-08-14,12.63830
2019-08-15,12.64030
2019-08-16,12.64220
2019-08-17,12.64420
2019-08-18,12.64610
2019-08-19,12.64820
2019-08-20,12.65030
2019-08-21,12.65240
2019-08-22,12.65440
2019-08-23,12.65640
2019-08-25,12.66030
2019-08-26,12.66230
2019-08-27,12.66440
2019-08-28,12.66630
2019-08-29,12.66830
2019-08-30,12.67020
2019-09-02,12.67590
2019-09-03,12.67790
2019-09-04,12.67990
2019-09-05,12.68200
2019-09-06,12.68410
2019-09-08,12.68790
2019-09-09,12.68990
2019-09-10,12.69180
2019-09-11,12.69370
2019-09-12,12.69590
2019-09-13,12.69780
2019-09-15,12.70160
2019-09-16,12.70350
2019-09-17,12.70520
2019-09-18,12.70700
2019-09-19,12.70890
2019-09-20,12.70990
2019-09-22,12.71370
2019-09-23,12.71480
2019-09-24,12.71620
2019-09-25,12.71800
2019-09-26,12.72000
2019-09-27,12.57210
2019-09-29,12.57590
2019-09-30,12.57850
2019-10-01,12.58120
2019-10-02,12.58310
2019-10-03,12.58510
2019-10-04,12.58770
2019-10-06,12.59170
2019-10-07,12.59400
2019-10-08,12.59590
2019-10-09,12.59780
2019-10-10,12.59990
2019-10-11,12.60210
2019-10-13,12.60570
2019-10-14,12.60790
2019-10-15,12.61020
2019-10-16,12.61210
2019-10-17,12.61390
2019-10-18,12.61570
2019-10-21,12.62090
2019-10-22,12.62220
2019-10-23,12.62380
2019-10-24,12.62570
2019-10-25,12.62770
2019-10-26,12.62950
2019-10-28,12.63310
2019-10-29,12.63490
2019-10-30,12.63710
2019-10-31,12.63930
2019-11-01,12.64130
2019-11-03,12.64470
2019-11-04,12.64630
2019-11-05,12.64760
2019-11-06,12.64900
2019-11-07,12.65070
2019-11-08,12.65230
2019-11-10,12.65580
2019-11-11,12.65760
2019-11-12,12.65940
2019-11-13,12.66160
2019-11-14,12.66350
2019-11-15,12.66540
2019-11-16,12.66720
2019-11-17,12.66900
2019-11-18,12.67080
2019-11-19,12.67270
2019-11-20,12.67480
2019-11-21,12.67660
2019-11-22,12.67840
2019-11-24,12.68190
2019-11-25,12.68380
2019-11-26,12.68570
2019-11-27,12.68780
2019-11-28,12.68990
2019-11-29,12.69210
2019-12-01,12.69560
2019-12-02,12.69740
2019-12-03,12.69920
2019-12-04,12.70100
2019-12-05,12.70150
2019-12-06,12.70370
2019-12-08,12.70750
2019-12-09,12.70960
2019-12-10,12.71160
2019-12-11,12.71360
2019-12-12,12.71540
2019-12-13,12.71710
2019-12-15,12.72070
2019-12-16,12.72240
2019-12-17,12.72420
2019-12-18,12.72590
2019-12-19,12.72780
2019-12-20,12.72930
2019-12-22,12.73290
2019-12-23,12.73470
2019-12-24,12.73640
2019-12-25,12.73820
2019-12-26,12.74000
2019-12-27,12.74210
2019-12-29,12.74570
2019-12-30,12.74730
2019-12-31,12.59910
2020-01-01,12.60110
2020-01-02,12.60370
2020-01-03,12.60540
2020-01-05,12.60870
2020-01-06,12.61030
2020-01-07,12.61200
2020-01-08,12.61370
2020-01-09,12.61540
2020-01-10,12.61690
2020-01-12,12.62040
2020-01-13,12.62170
2020-01-14,12.62320
2020-01-15,12.62500
2020-01-16,12.62690
2020-01-17,12.62860
2020-01-19,12.63210
2020-01-20,12.63400
2020-01-21,12.63580
2020-01-22,12.63750
2020-01-23,12.63930
2020-01-24,12.64100
2020-01-26,12.64460
2020-01-27,12.64630
2020-01-28,12.64800
2020-01-29,12.64980
2020-01-30,12.65160
2020-01-31,12.65330
2020-02-01,12.65500
2020-02-02,12.65680
2020-02-03,12.65850
2020-02-04,12.66040
2020-02-05,12.66210
2020-02-06,12.66410
2020-02-07,12.66590
2020-02-09,12.66950
2020-02-10,12.67120
2020-02-11,12.67340
2020-02-12,12.67530
2020-02-13,12.67710
2020-02-14,12.67880
2020-02-16,12.68240
2020-02-17,12.68430
2020-02-18,12.68620
2020-02-19,12.68800
2020-02-20,12.69000
2020-02-23,12.69530
2020-02-24,12.69710
2020-02-25,12.69880
2020-02-26,12.70060
2020-02-27,12.70180
2020-02-28,12.70360
2020-03-01,12.70720
2020-03-02,12.70890
2020-03-03,12.71080
2020-03-04,12.71370
2020-03-05,12.71610
2020-03-06,12.71850
2020-03-08,12.72310
2020-03-09,12.72560
2020-03-10,12.72790
2020-03-11,12.73020
2020-03-12,12.73180
2020-03-13,12.73270
2020-03-15,12.73640
2020-03-16,12.73800
2020-03-17,12.73970
2020-03-18,12.73920
2020-03-19,12.73270
2020-03-20,12.73400
2020-03-22,12.73800
2020-03-23,12.73130
2020-03-24,12.72740
2020-03-25,12.72970
2020-03-26,12.73610
2020-03-27,12.61540
2020-03-28,12.61660
2020-03-29,12.61770
2020-03-30,12.62040
2020-03-31,12.62380
2020-04-01,12.62490
2020-04-02,12.62610
2020-04-03,12.63000
2020-04-04,12.63140
2020-04-06,12.63420
2020-04-07,12.63410
2020-04-08,12.63510
2020-04-09,12.63600
2020-04-12,12.64100
2020-04-13,12.64210
2020-04-14,12.64370
2020-04-15,12.64520
2020-04-16,12.64850
2020-04-17,12.65430
2020-04-18,12.65580
2020-04-19,12.65740
2020-04-20,12.66100
2020-04-21,12.66320
2020-04-22,12.66680
2020-04-23,12.66910
2020-04-24,12.66970
2020-04-26,12.67260
2020-04-27,12.67320
2020-04-28,12.67290
2020-04-29,12.67370
2020-04-30,12.67480
2020-05-03,12.67930
2020-05-04,12.68090
2020-05-05,12.68320
2020-05-06,12.68560
2020-05-07,12.68710
2020-05-08,12.68900
2020-05-10,12.69190
2020-05-11,12.69390
2020-05-12,12.69670
2020-05-13,12.69900
2020-05-14,12.70170
2020-05-15,12.70380
2020-05-17,12.70640
2020-05-18,12.70790
2020-05-19,12.70920
2020-05-20,12.71160
2020-05-21,12.71340
2020-05-22,12.71690
2020-05-25,12.72040
2020-05-26,12.72280
2020-05-27,12.72330
2020-05-28,12.72340
2020-05-29,12.72400
2020-05-30,12.72520
2020-05-31,12.72640
2020-06-01,12.72770
2020-06-02,12.72840
2020-06-03,12.72920
2020-06-04,12.73000
2020-06-05,12.73070
2020-06-07,12.73320
2020-06-08,12.73450
2020-06-09,12.73570
2020-06-10,12.73700
2020-06-11,12.73880
2020-06-12,12.74070
2020-06-14,12.74290
2020-06-15,12.74470
2020-06-16,12.74610
2020-06-17,12.74740
2020-06-18,12.74880
2020-06-19,12.75050
2020-06-21,12.75270
2020-06-22,12.75410
2020-06-23,12.75540
2020-06-24,12.75720
2020-06-25,12.75880
2020-06-26,12.75970
2020-06-27,12.76080
2020-06-28,12.76190
2020-06-29,12.76250
2020-06-30,12.76420
2020-07-01,12.76590
2020-07-02,12.76700
2020-07-03,12.76750
2020-07-05,12.76960
2020-07-06,12.77030
2020-07-07,12.77130
2020-07-08,12.77260
2020-07-09,12.77390
2020-07-10,12.77490
2020-07-11,12.77600
2020-07-12,12.77710
2020-07-13,12.77820
2020-07-14,12.77920
2020-07-15,12.78060
2020-07-16,12.78140
2020-07-17,12.63250
2020-07-19,12.63490
2020-07-20,12.63580
2020-07-21,12.63740
2020-07-22,12.63880
2020-07-23,12.63980
2020-07-24,12.64090
2020-07-26,12.64320
2020-07-27,12.64410
2020-07-28,12.64480
2020-07-29,12.64590
2020-07-30,12.64700
2020-07-31,12.64810
2020-08-02,12.65040
2020-08-03,12.65140
2020-08-04,12.65270
2020-08-05,12.65390
2020-08-06,12.65520
2020-08-07,12.65600
2020-08-09,12.65820
2020-08-10,12.65930
2020-08-11,12.66070
2020-08-12,12.66210
2020-08-13,12.66340
2020-08-14,12.66460
2020-08-16,12.66680
2020-08-17,12.66820
2020-08-18,12.66950
2020-08-19,12.67080
2020-08-20,12.67230
2020-08-21,12.67320
2020-08-23,12.67520
2020-08-24,12.67600
2020-08-25,12.67660
2020-08-26,12.67800
2020-08-27,12.67910
2020-08-28,12.68000
2020-08-30,12.68210
2020-08-31,12.68320
2020-09-01,12.68440
2020-09-02,12.68540
2020-09-03,12.68660
2020-09-04,12.68770
2020-09-06,12.68980
2020-09-07,12.69060
2020-09-08,12.69140
2020-09-09,12.69210
2020-09-10,12.69320
2020-09-11,12.69380
2020-09-13,12.69630
2020-09-14,12.69750
2020-09-15,12.69870
2020-09-16,12.70010
2020-09-17,12.70120
2020-09-18,12.70230
2020-09-20,12.70460
2020-09-21,12.70560
2020-09-22,12.70680
2020-09-23,12.70780
2020-09-24,12.70910
2020-09-25,12.56030
2020-09-26,12.56150
2020-09-27,12.56280
2020-09-28,12.56410
2020-09-29,12.56550
2020-09-30,12.56720
2020-10-01,12.56840
2020-10-03,12.57070
2020-10-04,12.57190
2020-10-05,12.57320
2020-10-06,12.57440
2020-10-07,12.57570
2020-10-08,12.57690
2020-10-09,12.57810
2020-10-10,12.57920
2020-10-11,12.58020
2020-10-12,12.58140
2020-10-13,12.58250
2020-10-14,12.58380
2020-10-15,12.58510
2020-10-16,12.58640
2020-10-18,12.58850
2020-10-19,12.58970
2020-10-20,12.59090
2020-10-21,12.59220
2020-10-22,12.59320
2020-10-23,12.59430
2020-10-25,12.59640
2020-10-26,12.59730
2020-10-27,12.59810
2020-10-28,12.59920
2020-10-29,12.60010
2020-10-30,12.60120
2020-11-01,12.60320
2020-11-02,12.60420
2020-11-03,12.60550
2020-11-04,12.60670
2020-11-05,12.60780
2020-11-06,12.60910
2020-11-08,12.61110
2020-11-09,12.61210
2020-11-10,12.61310
2020-11-11,12.61430
2020-11-12,12.61580
2020-11-13,12.61700
2020-11-16,12.61990
2020-11-17,12.62100
2020-11-18,12.62260
2020-11-19,12.62430
2020-11-20,12.62510
2020-11-21,12.62600
2020-11-22,12.62700
2020-11-23,12.62760
2020-11-24,12.62840
2020-11-25,12.63000
2020-11-26,12.63150
2020-11-27,12.63240
2020-11-28,12.63330
2020-11-30,12.63520
2020-12-01,12.63540
2020-12-02,12.63530
2020-12-03,12.63630
2020-12-04,12.63750
2020-12-06,12.63960
2020-12-07,12.64070
2020-12-08,12.64160
2020-12-09,12.64240
2020-12-10,12.64370
2020-12-11,12.64460
2020-12-13,12.64670
2020-12-14,12.64760
2020-12-15,12.64850
2020-12-16,12.64950
2020-12-17,12.65050
2020-12-18,12.65160
2020-12-20,12.65380
2020-12-21,12.65480
2020-12-22,12.65610
2020-12-23,12.50730
2020-12-24,12.50840
2020-12-26,12.51040
2020-12-27,12.51140
2020-12-28,12.51250
2020-12-29,12.51380
2020-12-30,12.51510
2020-12-31,12.51630
2021-01-01,12.51740
2021-01-02,12.51840
2021-01-03,12.51930
2021-01-04,12.52040
2021-01-05,12.52140
2021-01-06,12.52210
2021-01-07,12.52270
2021-01-08,12.52360
2021-01-09,12.52470
2021-01-10,12.52570
2021-01-11,12.52570
2021-01-12,12.52670
2021-01-13,12.52810
2021-01-14,12.52910
2021-01-15,12.52960
2021-01-16,12.53070
2021-01-17,12.53180
2021-01-18,12.53250
2021-01-19,12.53360
2021-01-20,12.53470
2021-01-21,12.53580
2021-01-22,12.53690
2021-01-24,12.53920
2021-01-25,12.54020
2021-01-26,12.54140
2021-01-27,12.54260
2021-01-28,12.54380
2021-01-29,12.54510
2021-01-30,12.54620
2021-01-31,12.54730
2021-02-01,12.54840
2021-02-02,12.54970
2021-02-03,12.55060
2021-02-04,12.55170
2021-02-05,12.55300
2021-02-07,12.55510
2021-02-08,12.55620
2021-02-09,12.55720
2021-02-10,12.55830
2021-02-11,12.55940
2021-02-12,12.56060
2021-02-13,12.56170
2021-02-14,12.56280
2021-02-15,12.56400
2021-02-16,12.56530
2021-02-17,12.56700
2021-02-18,12.56850
2021-02-19,12.56950
2021-02-21,12.57150
2021-02-22,12.57230
2021-02-23,12.57330
2021-02-24,12.57500
2021-02-25,12.57640
2021-02-26,12.57640
2021-02-27,12.57740
2021-02-28,12.57850
2021-03-01,12.57930
2021-03-02,12.58040
2021-03-03,12.58120
2021-03-04,12.58200
2021-03-05,12.58280
2021-03-06,12.58390
2021-03-07,12.58500
2021-03-08,12.58600
2021-03-09,12.58720
2021-03-10,12.58840
2021-03-11,12.58960
2021-03-12,12.59040
2021-03-14,12.59280
2021-03-15,12.59380
2021-03-16,12.59510
2021-03-17,12.59630
2021-03-18,12.59760
2021-03-19,12.59930
2021-03-21,12.60170
2021-03-22,12.60290
2021-03-23,12.60460
2021-03-24,12.60590
2021-03-25,12.60720
2021-03-26,12.45860
2021-03-28,12.46090
2021-03-29,12.46210
2021-03-30,12.46360
2021-03-31,12.46510
2021-04-01,12.46610
2021-04-04,12.46910
2021-04-05,12.47060
2021-04-06,12.47190
2021-04-07,12.47280
2021-04-08,12.47370
2021-04-09,12.47450
2021-04-10,12.47550
2021-04-11,12.47650
2021-04-12,12.47750
2021-04-13,12.47860
2021-04-14,12.47960
2021-04-15,12.48060
2021-04-16,12.48170
2021-04-17,12.48270
2021-04-18,12.48380
2021-04-19,12.48490
2021-04-20,12.48610
2021-04-21,12.48710
2021-04-22,12.48840
2021-04-23,12.48940
2021-04-24,12.49050
2021-04-25,12.49150
2021-04-26,12.49280
2021-04-27,12.49380
2021-04-28,12.49480
2021-04-29,12.49590
2021-04-30,12.49680
2021-05-02,12.49900
2021-05-03,12.50000
2021-05-04,12.50100
2021-05-05,12.50190
2021-05-06,12.50280
2021-05-07,12.50390
2021-05-09,12.50620
2021-05-10,12.50720
2021-05-11,12.50840
2021-05-12,12.50950
2021-05-13,12.51060
2021-05-14,12.51170
2021-05-16,12.51390
2021-05-17,12.51500
2021-05-18,12.51610
2021-05-19,12.51720
2021-05-20,12.51830
2021-05-21,12.51940
2021-05-22,12.52050
2021-05-23,12.52160
2021-05-24,12.52260
2021-05-25,12.52370
2021-05-26,12.52480
2021-05-27,12.52590
2021-05-28,12.52710
2021-05-30,12.52920
2021-05-31,12.53030
2021-06-01,12.53130
2021-06-02,12.53250
2021-06-03,12.53360
2021-06-04,12.53480
2021-06-05,12.53590
2021-06-06,12.53700
2021-06-07,12.53810
2021-06-08,12.53920
2021-06-09,12.54040
2021-06-10,12.54160
2021-06-11,12.54270
2021-06-13,12.54480
2021-06-14,12.54590
2021-06-15,12.54690
2021-06-16,12.54760
2021-06-17,12.54840
2021-06-18,12.54970
2021-06-19,12.55080
2021-06-20,12.55200
2021-06-21,12.55350
2021-06-22,12.55490
2021-06-23,12.55610
2021-06-24,12.55730
2021-06-25,12.55840
2021-06-27,12.56060
2021-06-28,12.56190
2021-06-29,12.41320
2021-06-30,12.41420
2021-07-01,12.41580
2021-07-02,12.41660
2021-07-04,12.41870
2021-07-05,12.41970
2021-07-06,12.42060
2021-07-07,12.42180
2021-07-08,12.42300
2021-07-09,12.42400
2021-07-11,12.42650
2021-07-12,12.42770
2021-07-13,12.42900
2021-07-14,12.43030
2021-07-15,12.43140
2021-07-16,12.43250
2021-07-18,12.43470
2021-07-19,12.43580
2021-07-20,12.43700
2021-07-21,12.43810
2021-07-22,12.43950
2021-07-23,12.44090
2021-07-25,12.44320
2021-07-26,12.44430
2021-07-27,12.44540
2021-07-28,12.44660
2021-07-29,12.44770
2021-07-30,12.44870
2021-08-01,12.45090
2021-08-02,12.45200
2021-08-03,12.45300
2021-08-04,12.45400
2021-08-05,12.45520
2021-08-06,12.45610
2021-08-08,12.45840
2021-08-09,12.45970
2021-08-10,12.46110
2021-08-11,12.46230
2021-08-12,12.46400
2021-08-13,12.46540
2021-08-15,12.46770
2021-08-16,12.46880
2021-08-17,12.47010
2021-08-18,12.47150
2021-08-19,12.47260
2021-08-20,12.47370
2021-08-22,12.47580
2021-08-23,12.47680
2021-08-24,12.47800
2021-08-25,12.47930
2021-08-26,12.48050
2021-08-27,12.48180
2021-08-29,12.48380
2021-08-30,12.48500
2021-08-31,12.48620
2021-09-01,12.48730
2021-09-02,12.48840
2021-09-03,12.48930
2021-09-05,12.49140
2021-09-06,12.49240
2021-09-07,12.49330
2021-09-08,12.49430
2021-09-09,12.49530
2021-09-10,12.49630
2021-09-11,12.49740
2021-09-12,12.49850
2021-09-13,12.49960
2021-09-14,12.50060
2021-09-15,12.50160
2021-09-16,12.50260
2021-09-17,12.50370
2021-09-19,12.50580
2021-09-20,12.50680
2021-09-21,12.50770
2021-09-22,12.50850
2021-09-23,12.50960
2021-09-24,12.51050
2021-09-26,12.51270
2021-09-27,12.51370
2021-09-28,12.43910
2021-09-29,12.44000
2021-09-30,12.44110
2021-10-01,12.44260
2021-10-03,12.44470
2021-10-04,12.44610
2021-10-05,12.44700
2021-10-06,12.44810
2021-10-07,12.44920
2021-10-08,12.45070
2021-10-09,12.45180
2021-10-10,12.45290
2021-10-11,12.45440
2021-10-12,12.45560
2021-10-13,12.45690
2021-10-14,12.45760
2021-10-17,12.46080
2021-10-18,12.46090
2021-10-19,12.46200
2021-10-20,12.46300
2021-10-21,12.46410
2021-10-23,12.46610
2021-10-24,12.46720
2021-10-25,12.46730
2021-10-26,12.46830
2021-10-27,12.46940
2021-10-28,12.47020
2021-10-29,12.47130
2021-10-31,12.47360
2021-11-01,12.47460
2021-11-02,12.47590
2021-11-03,12.47730
2021-11-07,12.48220
2021-11-08,12.48400
2021-11-09,12.48540
2021-11-10,12.48660
2021-11-11,12.48790
2021-11-12,12.48920
2021-11-14,12.49150
2021-11-15,12.49270
2021-11-16,12.49380
2021-11-17,12.49510
2021-11-18,12.49620
2021-11-21,12.49960
2021-11-22,12.50060
2021-11-23,12.50170
2021-11-24,12.50310
2021-11-25,12.50420
2021-11-26,12.50540
2021-11-28,12.50770
2021-11-29,12.50890
2021-11-30,12.51010
2021-12-01,12.51130
2021-12-02,12.51230
2021-12-03,12.51360
2021-12-05,12.51590
2021-12-06,12.51700
2021-12-07,12.51790
2021-12-08,12.51950
2021-12-09,12.52060
2021-12-10,12.52160
2021-12-12,12.52380
2021-12-13,12.52500
2021-12-14,12.52600
2021-12-15,12.52710
2021-12-16,12.52770
2021-12-17,12.52910
2021-12-19,12.53170
2021-12-20,12.53310
2021-12-21,12.45870
2021-12-22,12.45990
2021-12-23,12.46120
2021-12-24,12.46280
2021-12-26,12.46520
2021-12-27,12.46670
2021-12-28,12.46780
2021-12-29,12.46920
2021-12-30,12.47030
2021-12-31,12.47160
