Date,NAV
2006-04-01,10.89320
2006-04-02,10.89520
2006-04-03,10.89730
2006-04-04,10.89950
2006-04-05,10.90150
2006-04-06,10.90340
2006-04-07,10.90540
2006-04-08,10.90730
2006-04-09,10.90910
2006-04-10,10.91110
2006-04-11,10.91300
2006-04-12,10.91510
2006-04-13,10.91690
2006-04-14,10.91880
2006-04-15,10.92070
2006-04-16,10.92250
2006-04-17,10.92450
2006-04-18,10.92650
2006-04-19,10.92850
2006-04-20,10.93060
2006-04-21,10.93260
2006-04-22,10.93440
2006-04-23,10.93630
2006-04-24,10.93820
2006-04-25,10.94020
2006-04-26,10.94210
2006-04-27,10.94420
2006-04-28,10.94620
2006-04-29,10.94820
2006-04-30,10.95020
2006-05-01,10.95220
2006-05-02,10.95420
2006-05-03,10.95610
2006-05-04,10.95810
2006-05-05,10.96000
2006-05-06,10.96190
2006-05-07,10.96380
2006-05-08,10.96570
2006-05-09,10.96760
2006-05-10,10.96950
2006-05-11,10.97160
2006-05-12,10.97350
2006-05-13,10.97550
2006-05-14,10.97740
2006-05-15,10.97940
2006-05-16,10.98140
2006-05-17,10.98330
2006-05-18,10.98520
2006-05-19,10.98710
2006-05-20,10.98900
2006-05-21,10.99080
2006-05-22,10.99270
2006-05-23,10.99460
2006-05-24,10.99650
2006-05-25,10.99840
2006-05-26,11.00040
2006-05-27,11.00230
2006-05-28,11.00420
2006-05-29,11.00620
2006-05-30,11.00820
2006-05-31,11.01020
2006-06-01,11.01220
2006-06-02,11.01410
2006-06-03,11.01600
2006-06-04,11.01790
2006-06-05,11.01980
2006-06-06,11.02170
2006-06-07,11.02360
2006-06-08,11.02560
2006-06-09,11.02750
2006-06-10,11.02940
2006-06-11,11.03140
2006-06-12,11.03330
2006-06-13,11.03520
2006-06-14,11.03720
2006-06-15,11.03920
2006-06-16,11.04120
2006-06-17,11.04310
2006-06-18,11.04510
2006-06-19,11.04710
2006-06-20,11.04900
2006-06-21,11.05090
2006-06-22,11.05280
2006-06-23,11.05480
2006-06-24,11.05670
2006-06-25,11.05860
2006-06-26,11.06060
2006-06-27,11.06250
2006-06-28,11.06450
2006-06-29,11.06650
2006-06-30,11.06850
2006-07-01,11.07050
2006-07-02,11.07250
2006-07-03,11.07440
2006-07-04,11.07640
2006-07-05,11.07830
2006-07-06,11.08030
2006-07-07,11.08230
2006-07-08,11.08420
2006-07-09,11.08620
2006-07-10,11.08820
2006-07-11,11.09010
2006-07-12,11.09210
2006-07-13,11.09410
2006-07-14,11.09610
2006-07-15,11.09800
2006-07-16,11.10000
2006-07-17,11.10200
2006-07-18,11.10400
2006-07-19,11.10600
2006-07-20,11.10800
2006-07-21,11.11000
2006-07-22,11.11200
2006-07-23,11.11400
2006-07-24,11.11600
2006-07-25,11.11800
2006-07-26,11.12000
2006-07-27,11.12200
2006-07-28,11.12400
2006-07-29,11.12600
2006-07-30,11.12800
2006-07-31,11.13000
2006-08-01,11.13200
2006-08-02,11.13410
2006-08-03,11.13610
2006-08-04,11.13810
2006-08-05,11.14010
2006-08-06,11.14220
2006-08-07,11.14420
2006-08-08,11.14620
2006-08-09,11.14830
2006-08-10,11.15030
2006-08-11,11.15230
2006-08-12,11.15430
2006-08-13,11.15630
2006-08-14,11.15830
2006-08-15,11.16030
2006-08-16,11.16240
2006-08-17,11.16440
2006-08-18,11.16650
2006-08-19,11.16840
2006-08-20,11.17050
2006-08-21,11.17250
2006-08-22,11.17450
2006-08-23,11.17650
2006-08-24,11.17860
2006-08-25,11.18060
2006-08-26,11.18270
2006-08-27,11.18470
2006-08-28,11.18680
2006-08-29,11.18880
2006-08-30,11.19090
2006-08-31,11.19300
2006-09-01,11.19500
2006-09-02,11.19710
2006-09-03,11.19910
2006-09-04,11.20130
2006-09-05,11.20330
2006-09-06,11.20540
2006-09-07,11.20740
2006-09-08,11.20950
2006-09-09,11.21160
2006-09-10,11.21360
2006-09-11,11.21570
2006-09-12,11.21780
2006-09-13,11.21980
2006-09-14,11.22190
2006-09-15,11.22400
2006-09-16,11.22610
2006-09-17,11.22820
2006-09-18,11.23030
2006-09-19,11.23240
2006-09-20,11.23450
2006-09-21,11.23660
2006-09-22,11.23880
2006-09-23,11.24090
2006-09-24,11.24300
2006-09-25,11.24510
2006-09-26,11.24730
2006-09-27,11.24950
2006-09-28,11.25170
2006-09-29,11.25390
2006-09-30,11.25610
2006-10-01,11.25830
2006-10-02,11.26050
2006-10-03,11.26260
2006-10-04,11.26480
2006-10-05,11.26700
2006-10-06,11.26910
2006-10-07,11.27120
2006-10-08,11.27330
2006-10-09,11.27550
2006-10-10,11.27760
2006-10-11,11.27980
2006-10-12,11.28200
2006-10-13,11.28410
2006-10-14,11.28620
2006-10-15,11.28830
2006-10-16,11.29050
2006-10-17,11.29270
2006-10-18,11.29490
2006-10-19,11.29710
2006-10-20,11.29920
2006-10-21,11.30140
2006-10-22,11.30350
2006-10-23,11.30570
2006-10-24,11.30790
2006-10-25,11.31010
2006-10-26,11.31230
2006-10-27,11.31450
2006-10-28,11.31670
2006-10-29,11.31890
2006-10-30,11.32110
2006-10-31,11.32330
2006-11-01,11.32550
2006-11-02,11.32770
2006-11-03,11.32990
2006-11-04,11.33210
2006-11-05,11.33430
2006-11-06,11.33650
2006-11-07,11.33870
2006-11-08,11.34090
2006-11-09,11.34310
2006-11-10,11.34530
2006-11-11,11.34750
2006-11-12,11.34970
2006-11-13,11.35190
2006-11-14,11.35410
2006-11-15,11.35630
2006-11-16,11.35860
2006-11-17,11.36090
2006-11-18,11.36310
2006-11-19,11.36540
2006-11-20,11.36770
2006-11-21,11.37000
2006-11-22,11.37230
2006-11-23,11.37460
2006-11-24,11.37680
2006-11-25,11.37900
2006-11-26,11.38110
2006-11-27,11.38340
2006-11-28,11.38560
2006-11-29,11.38790
2006-11-30,11.39020
2006-12-01,11.39240
2006-12-02,11.39460
2006-12-03,11.39680
2006-12-04,11.39910
2006-12-05,11.40140
2006-12-06,11.40360
2006-12-07,11.40590
2006-12-08,11.40810
2006-12-09,11.41030
2006-12-10,11.41250
2006-12-11,11.41470
2006-12-12,11.41690
2006-12-13,11.41920
2006-12-14,11.42140
2006-12-15,11.42370
2006-12-16,11.42600
2006-12-17,11.42830
2006-12-18,11.43060
2006-12-19,11.43290
2006-12-20,11.43520
2006-12-21,11.43750
2006-12-22,11.43990
2006-12-23,11.44230
2006-12-24,11.44470
2006-12-25,11.44710
2006-12-26,11.44950
2006-12-27,11.45190
2006-12-28,11.45410
2006-12-29,11.45680
2006-12-30,11.45920
2006-12-31,11.46170
2007-01-01,11.46410
2007-01-02,11.46650
2007-01-03,11.46890
2007-01-04,11.47130
2007-01-05,11.47360
2007-01-06,11.47590
2007-01-07,11.47820
2007-01-08,11.48060
2007-01-09,11.48300
2007-01-10,11.48540
2007-01-11,11.48770
2007-01-12,11.49000
2007-01-13,11.49230
2007-01-14,11.49460
2007-01-15,11.49700
2007-01-16,11.49930
2007-01-17,11.50170
2007-01-18,11.50410
2007-01-19,11.50650
2007-01-20,11.50880
2007-01-21,11.51120
2007-01-22,11.51360
2007-01-23,11.51600
2007-01-24,11.51840
2007-01-25,11.52080
2007-01-26,11.52310
2007-01-27,11.52550
2007-01-28,11.52780
2007-01-29,11.53020
2007-01-30,11.53260
2007-01-31,11.53500
2007-02-01,11.53740
2007-02-02,11.53980
2007-02-03,11.54210
2007-02-04,11.54450
2007-02-05,11.54690
2007-02-06,11.54930
2007-02-07,11.55170
2007-02-08,11.55410
2007-02-09,11.55640
2007-02-10,11.55870
2007-02-11,11.56100
2007-02-12,11.56340
2007-02-13,11.56580
2007-02-14,11.56820
2007-02-15,11.57060
2007-02-16,11.57300
2007-02-17,11.57540
2007-02-18,11.57780
2007-02-19,11.58030
2007-02-20,11.58280
2007-02-21,11.58530
2007-02-22,11.58770
2007-02-23,11.59010
2007-02-24,11.59250
2007-02-25,11.59500
2007-02-26,11.59750
2007-02-27,11.60000
2007-02-28,11.60250
2007-03-01,11.60500
2007-03-02,11.60750
2007-03-03,11.61000
2007-03-04,11.61250
2007-03-05,11.61490
2007-03-06,11.61730
2007-03-07,11.61970
2007-03-08,11.62220
2007-03-09,11.62470
2007-03-10,11.62710
2007-03-11,11.62960
2007-03-12,11.63210
2007-03-13,11.63470
2007-03-14,11.63720
2007-03-15,11.63980
2007-03-16,11.64260
2007-03-17,11.64530
2007-03-18,11.64810
2007-03-19,11.65090
2007-03-20,11.65390
2007-03-21,11.65710
2007-03-22,11.66020
2007-03-23,11.66310
2007-03-24,11.66600
2007-03-25,11.66890
2007-03-26,11.67180
2007-03-27,11.67470
2007-03-28,11.67770
2007-03-29,11.68060
2007-03-30,11.68380
2007-03-31,11.68740
2007-04-01,11.69100
2007-04-02,11.69450
2007-04-03,11.69750
2007-04-04,11.70030
2007-04-05,11.70300
2007-04-06,11.70570
2007-04-07,11.70840
2007-04-08,11.71110
2007-04-09,11.71380
2007-04-10,11.71650
2007-04-11,11.71910
2007-04-12,11.72140
2007-04-13,11.72390
2007-04-14,11.72640
2007-04-15,11.72890
2007-04-16,11.73170
2007-04-17,11.73460
2007-04-18,11.73740
2007-04-19,11.74030
2007-04-20,11.74310
2007-04-21,11.74590
2007-04-22,11.74870
2007-04-23,11.75150
2007-04-24,11.75430
2007-04-25,11.75720
2007-04-26,11.76010
2007-04-27,11.76290
2007-04-28,11.76570
2007-04-29,11.76850
2007-04-30,11.77140
2007-05-01,11.77420
2007-05-02,11.77710
2007-05-03,11.78010
2007-05-04,11.78300
2007-05-05,11.78580
2007-05-06,11.78860
2007-05-07,11.79140
2007-05-08,11.79410
2007-05-09,11.79670
2007-05-10,11.79920
2007-05-11,11.80170
2007-05-12,11.80420
2007-05-13,11.80680
2007-05-14,11.80960
2007-05-15,11.81250
2007-05-16,11.81550
2007-05-17,11.81850
2007-05-18,11.82130
2007-05-19,11.82410
2007-05-20,11.82700
2007-05-21,11.82980
2007-05-22,11.83270
2007-05-23,11.83550
2007-05-24,11.83830
2007-05-25,11.84130
2007-05-26,11.84420
2007-05-27,11.84710
2007-05-28,11.84990
2007-05-29,11.85250
2007-05-30,11.85480
2007-05-31,11.85690
2007-06-01,11.85880
2007-06-02,11.86050
2007-06-03,11.86210
2007-06-04,11.86380
2007-06-05,11.86590
2007-06-06,11.86800
2007-06-07,11.87000
2007-06-08,11.87200
2007-06-09,11.87410
2007-06-10,11.87620
2007-06-11,11.87820
2007-06-12,11.88010
2007-06-13,11.88210
2007-06-14,11.88390
2007-06-15,11.88590
2007-06-16,11.88770
2007-06-17,11.88960
2007-06-18,11.89160
2007-06-19,11.89360
2007-06-20,11.89570
2007-06-21,11.89780
2007-06-22,11.90000
2007-06-23,11.90210
2007-06-24,11.90430
2007-06-25,11.90670
2007-06-26,11.90910
2007-06-27,11.91150
2007-06-28,11.91440
2007-06-29,11.91800
2007-06-30,11.92090
2007-07-01,11.92380
2007-07-02,11.92710
2007-07-03,11.92960
2007-07-04,11.93180
2007-07-05,11.93380
2007-07-06,11.93550
2007-07-07,11.93730
2007-07-08,11.93910
2007-07-09,11.94130
2007-07-10,11.94340
2007-07-11,11.94540
2007-07-12,11.94760
2007-07-13,11.94970
2007-07-14,11.95170
2007-07-15,11.95370
2007-07-16,11.95580
2007-07-17,11.95810
2007-07-18,11.96010
2007-07-19,11.96210
2007-07-20,11.96380
2007-07-21,11.96550
2007-07-22,11.96720
2007-07-23,11.96920
2007-07-24,11.97120
2007-07-25,11.97290
2007-07-26,11.97460
2007-07-27,11.97630
2007-07-28,11.97790
2007-07-29,11.97950
2007-07-30,11.98120
2007-07-31,11.98290
2007-08-01,11.98440
2007-08-02,11.98600
2007-08-03,11.98770
2007-08-04,11.98970
2007-08-05,11.99170
2007-08-06,11.99410
2007-08-07,11.99650
2007-08-08,11.99890
2007-08-09,12.00130
2007-08-10,12.00370
2007-08-11,12.00620
2007-08-12,12.00870
2007-08-13,12.01120
2007-08-14,12.01370
2007-08-15,12.01620
2007-08-16,12.01870
2007-08-17,12.02110
2007-08-18,12.02360
2007-08-19,12.02610
2007-08-20,12.02860
2007-08-21,12.03110
2007-08-22,12.03360
2007-08-23,12.03620
2007-08-24,12.03870
2007-08-25,12.04120
2007-08-26,12.04370
2007-08-27,12.04620
2007-08-28,12.04870
2007-08-29,12.05120
2007-08-30,12.05370
2007-08-31,12.05620
2007-09-01,12.05850
2007-09-02,12.06090
2007-09-03,12.06330
2007-09-04,12.06570
2007-09-05,12.06810
2007-09-06,12.07050
2007-09-07,12.07300
2007-09-08,12.07540
2007-09-09,12.07780
2007-09-10,12.08020
2007-09-11,12.08260
2007-09-12,12.08510
2007-09-13,12.08760
2007-09-14,12.09020
2007-09-15,12.09270
2007-09-16,12.09520
2007-09-17,12.09790
2007-09-18,12.10060
2007-09-19,12.10330
2007-09-20,12.10600
2007-09-21,12.10860
2007-09-22,12.11110
2007-09-23,12.11370
2007-09-24,12.11640
2007-09-25,12.11910
2007-09-26,12.12180
2007-09-27,12.12450
2007-09-28,12.12720
2007-09-29,12.12980
2007-09-30,12.13240
2007-10-01,12.13500
2007-10-02,12.13760
2007-10-03,12.14020
2007-10-04,12.14280
2007-10-05,12.14530
2007-10-06,12.14770
2007-10-07,12.15010
2007-10-08,12.15250
2007-10-09,12.15500
2007-10-10,12.15760
2007-10-11,12.16020
2007-10-12,12.16280
2007-10-13,12.16540
2007-10-14,12.16800
2007-10-15,12.17060
2007-10-16,12.17320
2007-10-17,12.17580
2007-10-18,12.17830
2007-10-19,12.18080
2007-10-20,12.18320
2007-10-21,12.18560
2007-10-22,12.18810
2007-10-23,12.19070
2007-10-24,12.19330
2007-10-25,12.19590
2007-10-26,12.19840
2007-10-27,12.20090
2007-10-28,12.20340
2007-10-29,12.20600
2007-10-30,12.20860
2007-10-31,12.21120
2007-11-01,12.21380
2007-11-02,12.21630
2007-11-03,12.21880
2007-11-04,12.22130
2007-11-05,12.22380
2007-11-06,12.22640
2007-11-07,12.22900
2007-11-08,12.23150
2007-11-09,12.23400
2007-11-10,12.23660
2007-11-11,12.23910
2007-11-12,12.24180
2007-11-13,12.24450
2007-11-14,12.24730
2007-11-15,12.25010
2007-11-16,12.25290
2007-11-17,12.25570
2007-11-18,12.25850
2007-11-19,12.26130
2007-11-20,12.26400
2007-11-21,12.26660
2007-11-22,12.26920
2007-11-23,12.27190
2007-11-24,12.27460
2007-11-25,12.27730
2007-11-26,12.28000
2007-11-27,12.28270
2007-11-28,12.28540
2007-11-29,12.28820
2007-11-30,12.29100
2007-12-01,12.29370
2007-12-02,12.29640
2007-12-03,12.29920
2007-12-04,12.30190
2007-12-05,12.30460
2007-12-06,12.30720
2007-12-07,12.30980
2007-12-08,12.31240
2007-12-09,12.31490
2007-12-10,12.31760
2007-12-11,12.32030
2007-12-12,12.32300
2007-12-13,12.32570
2007-12-14,12.32840
2007-12-15,12.33100
2007-12-16,12.33370
2007-12-17,12.33640
2007-12-18,12.33920
2007-12-19,12.34200
2007-12-20,12.34470
2007-12-21,12.34740
2007-12-22,12.35010
2007-12-23,12.35270
2007-12-24,12.35550
2007-12-25,12.35830
2007-12-26,12.36110
2007-12-27,12.36390
2007-12-28,12.36680
2007-12-29,12.36950
2007-12-30,12.37220
2007-12-31,12.37510
2008-01-01,12.37780
2008-01-02,12.38050
2008-01-03,12.38320
2008-01-04,12.38590
2008-01-05,12.38850
2008-01-06,12.39110
2008-01-07,12.39370
2008-01-08,12.39640
2008-01-09,12.39900
2008-01-10,12.40170
2008-01-11,12.40440
2008-01-12,12.40700
2008-01-13,12.40960
2008-01-14,12.41230
2008-01-15,12.41500
2008-01-16,12.41770
2008-01-17,12.42030
2008-01-18,12.42290
2008-01-19,12.42540
2008-01-20,12.42800
2008-01-21,12.43070
2008-01-22,12.43350
2008-01-23,12.43630
2008-01-24,12.43930
2008-01-25,12.44230
2008-01-26,12.44530
2008-01-27,12.44830
2008-01-28,12.45130
2008-01-29,12.45430
2008-01-30,12.45720
2008-01-31,12.46010
2008-02-01,12.46280
2008-02-02,12.46550
2008-02-03,12.46820
2008-02-04,12.47090
2008-02-05,12.47360
2008-02-06,12.47630
2008-02-07,12.47910
2008-02-08,12.48180
2008-02-09,12.48450
2008-02-10,12.48720
2008-02-11,12.48990
2008-02-12,12.49270
2008-02-13,12.49550
2008-02-14,12.49820
2008-02-15,12.50090
2008-02-16,12.50350
2008-02-17,12.50620
2008-02-18,12.50900
2008-02-19,12.51170
2008-02-20,12.51450
2008-02-21,12.51730
2008-02-22,12.52010
2008-02-23,12.52300
2008-02-24,12.52590
2008-02-25,12.52880
2008-02-26,12.53170
2008-02-27,12.53450
2008-02-28,12.53740
2008-02-29,12.54010
2008-03-01,12.54270
2008-03-02,12.54530
2008-03-03,12.54810
2008-03-04,12.55090
2008-03-05,12.55370
2008-03-06,12.55640
2008-03-07,12.55910
2008-03-08,12.56160
2008-03-09,12.56420
2008-03-10,12.56690
2008-03-11,12.56960
2008-03-12,12.57230
2008-03-13,12.57510
2008-03-14,12.57800
2008-03-15,12.58080
2008-03-16,12.58370
2008-03-17,12.58650
2008-03-18,12.58940
2008-03-19,12.59240
2008-03-20,12.59540
2008-03-21,12.59840
2008-03-22,12.60130
2008-03-23,12.60430
2008-03-24,12.60740
2008-03-25,12.61050
2008-03-26,12.61370
2008-03-27,12.61700
2008-03-28,12.62020
2008-03-29,12.62320
2008-03-30,12.62630
2008-03-31,12.62940
2008-04-01,12.63240
2008-04-02,12.63540
2008-04-03,12.63840
2008-04-04,12.64130
2008-04-05,12.64430
2008-04-06,12.64730
2008-04-07,12.65030
2008-04-08,12.65290
2008-04-09,12.65560
2008-04-10,12.65830
2008-04-11,12.66100
2008-04-12,12.66380
2008-04-13,12.66660
2008-04-14,12.66950
2008-04-15,12.67230
2008-04-16,12.67510
2008-04-17,12.67790
2008-04-18,12.68070
2008-04-19,12.68360
2008-04-20,12.68650
2008-04-21,12.68930
2008-04-22,12.69210
2008-04-23,12.69500
2008-04-24,12.69770
2008-04-25,12.70050
2008-04-26,12.70330
2008-04-27,12.70610
2008-04-28,12.70890
2008-04-29,12.71180
2008-04-30,12.71470
2008-05-01,12.71760
2008-05-02,12.72040
2008-05-03,12.72320
2008-05-04,12.72600
2008-05-05,12.72880
2008-05-06,12.73150
2008-05-07,12.73420
2008-05-08,12.73690
2008-05-09,12.73960
2008-05-10,12.74240
2008-05-11,12.74520
2008-05-12,12.74800
2008-05-13,12.75080
2008-05-14,12.75370
2008-05-15,12.75660
2008-05-16,12.75950
2008-05-17,12.76240
2008-05-18,12.76530
2008-05-19,12.76820
2008-05-20,12.77110
2008-05-21,12.77400
2008-05-22,12.77680
2008-05-23,12.77960
2008-05-24,12.78240
2008-05-25,12.78520
2008-05-26,12.78810
2008-05-27,12.79100
2008-05-28,12.79400
2008-05-29,12.79700
2008-05-30,12.80000
2008-05-31,12.80300
2008-06-01,12.80600
2008-06-02,12.80890
2008-06-03,12.81170
2008-06-04,12.81450
2008-06-05,12.81730
2008-06-06,12.82020
2008-06-07,12.82310
2008-06-08,12.82600
2008-06-09,12.82890
2008-06-10,12.83180
2008-06-11,12.83480
2008-06-12,12.83780
2008-06-13,12.84080
2008-06-14,12.84370
2008-06-15,12.84660
2008-06-16,12.84960
2008-06-17,12.85270
2008-06-18,12.85570
2008-06-19,12.85870
2008-06-20,12.86170
2008-06-21,12.86460
2008-06-22,12.86750
2008-06-23,12.87050
2008-06-24,12.87350
2008-06-25,12.87640
2008-06-26,12.87940
2008-06-27,12.88240
2008-06-28,12.88540
2008-06-29,12.88840
2008-06-30,12.89140
2008-07-01,12.89440
2008-07-02,12.89740
2008-07-03,12.90030
2008-07-04,12.90300
2008-07-05,12.90580
2008-07-06,12.90860
2008-07-07,12.91170
2008-07-08,12.91480
2008-07-09,12.91790
2008-07-10,12.92100
2008-07-11,12.92410
2008-07-12,12.92710
2008-07-13,12.93020
2008-07-14,12.93330
2008-07-15,12.93650
2008-07-16,12.93970
2008-07-17,12.94290
2008-07-18,12.94610
2008-07-19,12.94930
2008-07-20,12.95250
2008-07-21,12.95570
2008-07-22,12.95890
2008-07-23,12.96210
2008-07-24,12.96530
2008-07-25,12.96850
2008-07-26,12.97170
2008-07-27,12.97490
2008-07-28,12.97810
2008-07-29,12.98130
2008-07-30,12.98450
2008-07-31,12.98760
2008-08-01,12.99070
2008-08-02,12.99380
2008-08-03,12.99690
2008-08-04,13.00010
2008-08-05,13.00330
2008-08-06,13.00650
2008-08-07,13.00980
2008-08-08,13.01310
2008-08-09,13.01630
2008-08-10,13.01960
2008-08-11,13.02290
2008-08-12,13.02620
2008-08-13,13.02950
2008-08-14,13.03280
2008-08-15,13.03610
2008-08-16,13.03940
2008-08-17,13.04270
2008-08-18,13.04600
2008-08-19,13.04930
2008-08-20,13.05260
2008-08-21,13.05590
2008-08-22,13.05920
2008-08-23,13.06250
2008-08-24,13.06580
2008-08-25,13.06910
2008-08-26,13.07240
2008-08-27,13.07570
2008-08-28,13.07890
2008-08-29,13.08220
2008-08-30,13.08540
2008-08-31,13.08870
2008-09-01,13.09200
2008-09-02,13.09530
2008-09-03,13.09860
2008-09-04,13.10190
2008-09-05,13.10520
2008-09-06,13.10850
2008-09-07,13.11180
2008-09-08,13.11510
2008-09-09,13.11840
2008-09-10,13.12170
2008-09-11,13.12500
2008-09-12,13.12810
2008-09-13,13.13130
2008-09-14,13.13450
2008-09-15,13.13790
2008-09-16,13.14130
2008-09-17,13.14470
2008-09-18,13.14810
2008-09-19,13.15160
2008-09-20,13.15500
2008-09-21,13.15840
2008-09-22,13.16200
2008-09-23,13.16560
2008-09-24,13.16920
2008-09-25,13.17280
2008-09-26,13.17640
2008-09-27,13.18000
2008-09-28,13.18360
2008-09-29,13.18730
2008-09-30,13.19100
2008-10-01,13.19480
2008-10-02,13.19860
2008-10-03,13.20240
2008-10-04,13.20620
2008-10-05,13.21000
2008-10-06,13.21380
2008-10-07,13.21760
2008-10-08,13.22140
2008-10-09,13.22520
2008-10-10,13.22900
2008-10-11,13.23280
2008-10-12,13.23660
2008-10-13,13.24040
2008-10-14,13.24410
2008-10-15,13.24780
2008-10-16,13.25150
2008-10-17,13.25520
2008-10-18,13.25890
2008-10-19,13.26270
2008-10-20,13.26640
2008-10-21,13.27010
2008-10-22,13.27370
2008-10-23,13.27730
2008-10-24,13.28080
2008-10-25,13.28430
2008-10-26,13.28790
2008-10-27,13.29150
2008-10-28,13.29510
2008-10-29,13.29870
2008-10-30,13.30230
2008-10-31,13.30600
2008-11-01,13.30960
2008-11-02,13.31320
2008-11-03,13.31680
2008-11-04,13.32040
2008-11-05,13.32400
2008-11-06,13.32760
2008-11-07,13.33120
2008-11-08,13.33470
2008-11-09,13.33830
2008-11-10,13.34170
2008-11-11,13.34520
2008-11-12,13.34850
2008-11-13,13.35190
2008-11-14,13.35510
2008-11-15,13.35830
2008-11-16,13.36160
2008-11-17,13.36490
2008-11-18,13.36830
2008-11-19,13.37170
2008-11-20,13.37500
2008-11-21,13.37830
2008-11-22,13.38150
2008-11-23,13.38480
2008-11-24,13.38810
2008-11-25,13.39150
2008-11-26,13.39500
2008-11-27,13.39840
2008-11-28,13.40180
2008-11-29,13.40510
2008-11-30,13.40850
2008-12-01,13.41180
2008-12-02,13.41500
2008-12-03,13.41820
2008-12-04,13.42140
2008-12-05,13.42460
2008-12-06,13.42780
2008-12-07,13.43100
2008-12-08,13.43410
2008-12-09,13.43720
2008-12-10,13.44020
2008-12-11,13.44320
2008-12-12,13.44640
2008-12-13,13.44960
2008-12-14,13.45280
2008-12-15,13.45600
2008-12-16,13.45920
2008-12-17,13.46240
2008-12-18,13.46560
2008-12-19,13.46880
2008-12-20,13.47200
2008-12-21,13.47520
2008-12-22,13.47840
2008-12-23,13.48160
2008-12-24,13.48490
2008-12-25,13.48820
2008-12-26,13.49150
2008-12-27,13.49480
2008-12-28,13.49810
2008-12-29,13.50140
2008-12-30,13.50450
2008-12-31,13.50760
2009-01-01,13.51050
2009-01-02,13.51330
2009-01-03,13.51620
2009-01-04,13.51910
2009-01-05,13.52190
2009-01-06,13.52470
2009-01-07,13.52750
2009-01-08,13.53030
2009-01-09,13.53310
2009-01-10,13.53600
2009-01-11,13.53890
2009-01-12,13.54170
2009-01-13,13.54450
2009-01-14,13.54730
2009-01-15,13.55020
2009-01-16,13.55310
2009-01-17,13.55590
2009-01-18,13.55870
2009-01-19,13.56160
2009-01-20,13.56450
2009-01-21,13.56730
2009-01-22,13.57020
2009-01-23,13.57290
2009-01-24,13.57570
2009-01-25,13.57850
2009-01-26,13.58130
2009-01-27,13.58410
2009-01-28,13.58690
2009-01-29,13.58960
2009-01-30,13.59230
2009-01-31,13.59500
2009-02-01,13.59770
2009-02-02,13.60040
2009-02-03,13.60320
2009-02-04,13.60600
2009-02-05,13.60810
2009-02-06,13.61080
2009-02-07,13.61350
2009-02-08,13.61620
2009-02-09,13.61900
2009-02-10,13.62170
2009-02-11,13.62430
2009-02-12,13.62700
2009-02-13,13.62970
2009-02-14,13.63230
2009-02-15,13.63490
2009-02-16,13.63730
2009-02-17,13.63980
2009-02-18,13.64220
2009-02-19,13.64480
2009-02-20,13.64740
2009-02-21,13.65000
2009-02-22,13.65260
2009-02-23,13.65520
2009-02-24,13.65760
2009-02-25,13.66010
2009-02-26,13.66260
2009-02-27,13.66500
2009-02-28,13.66750
2009-03-01,13.66990
2009-03-02,13.67240
2009-03-03,13.67480
2009-03-04,13.67720
2009-03-05,13.67970
2009-03-06,13.68210
2009-03-07,13.68460
2009-03-08,13.68710
2009-03-09,13.68940
2009-03-10,13.69170
2009-03-11,13.69400
2009-03-12,13.69630
2009-03-13,13.69850
2009-03-14,13.70080
2009-03-15,13.70310
2009-03-16,13.70540
2009-03-17,13.70780
2009-03-18,13.71010
2009-03-19,13.71240
2009-03-20,13.71480
2009-03-21,13.71720
2009-03-22,13.71960
2009-03-23,13.72190
2009-03-24,13.72420
2009-03-25,13.72650
2009-03-26,13.72900
2009-03-27,13.73160
2009-03-28,13.73420
2009-03-29,13.73680
2009-03-30,13.73930
2009-03-31,13.74180
2009-04-01,13.74450
2009-04-02,13.74660
2009-04-03,13.74890
2009-04-04,13.75100
2009-04-05,13.75310
2009-04-06,13.75490
2009-04-07,13.75680
2009-04-08,13.75830
2009-04-09,13.75990
2009-04-10,13.76160
2009-04-11,13.76330
2009-04-12,13.76490
2009-04-13,13.76680
2009-04-14,13.76870
2009-04-15,13.77070
2009-04-16,13.77270
2009-04-17,13.77480
2009-04-18,13.77680
2009-04-19,13.77880
2009-04-20,13.78080
2009-04-21,13.78300
2009-04-22,13.78520
2009-04-23,13.78730
2009-04-24,13.78940
2009-04-25,13.79150
2009-04-26,13.79360
2009-04-27,13.79560
2009-04-28,13.79770
2009-04-29,13.79960
2009-04-30,13.80140
2009-05-01,13.80330
2009-05-02,13.80510
2009-05-03,13.80690
2009-05-04,13.80860
2009-05-05,13.81030
2009-05-06,13.81210
2009-05-07,13.81410
2009-05-08,13.81600
2009-05-09,13.81790
2009-05-10,13.81980
2009-05-11,13.82170
2009-05-12,13.82370
2009-05-13,13.82560
2009-05-14,13.82760
2009-05-15,13.82950
2009-05-16,13.83130
2009-05-17,13.83310
2009-05-18,13.83500
2009-05-19,13.83680
2009-05-20,13.83870
2009-05-21,13.84040
2009-05-22,13.84240
2009-05-23,13.84420
2009-05-24,13.84600
2009-05-25,13.84780
2009-05-26,13.84940
2009-05-27,13.85110
2009-05-28,13.85280
2009-05-29,13.85460
2009-05-30,13.85640
2009-05-31,13.85810
2009-06-01,13.85990
2009-06-02,13.86180
2009-06-03,13.86370
2009-06-04,13.86540
2009-06-05,13.86720
2009-06-06,13.86900
2009-06-07,13.87090
2009-06-08,13.87280
2009-06-09,13.87460
2009-06-10,13.87650
2009-06-11,13.87840
2009-06-12,13.88030
2009-06-13,13.88210
2009-06-14,13.88400
2009-06-15,13.88590
2009-06-16,13.88760
2009-06-17,13.88920
2009-06-18,13.89100
2009-06-19,13.89290
2009-06-20,13.89480
2009-06-21,13.89670
2009-06-22,13.89840
2009-06-23,13.90020
2009-06-24,13.90210
2009-06-25,13.90370
2009-06-26,13.90530
2009-06-27,13.90690
2009-06-28,13.90850
2009-06-29,13.91030
2009-06-30,13.91220
2009-07-01,13.91420
2009-07-02,13.91580
2009-07-03,13.91740
2009-07-04,13.91910
2009-07-05,13.92080
2009-07-06,13.92250
2009-07-07,13.92420
2009-07-08,13.92580
2009-07-09,13.92750
2009-07-10,13.92910
2009-07-11,13.93070
2009-07-12,13.93240
2009-07-13,13.93400
2009-07-14,13.93550
2009-07-15,13.93720
2009-07-16,13.93870
2009-07-17,13.94040
2009-07-18,13.94210
2009-07-19,13.94380
2009-07-20,13.94550
2009-07-21,13.94720
2009-07-22,13.94890
2009-07-23,13.95060
2009-07-24,13.95240
2009-07-25,13.95420
2009-07-26,13.95590
2009-07-27,13.95770
2009-07-28,13.95920
2009-07-29,13.96090
2009-07-30,13.96260
2009-07-31,13.96420
2009-08-01,13.96590
2009-08-02,13.96760
2009-08-03,13.96920
2009-08-04,13.97080
2009-08-05,13.97240
2009-08-06,13.97400
2009-08-07,13.97560
2009-08-08,13.97720
2009-08-09,13.97880
2009-08-10,13.98050
2009-08-11,13.98200
2009-08-12,13.98350
2009-08-13,13.98520
2009-08-14,13.98660
2009-08-15,13.98830
2009-08-16,13.99000
2009-08-17,13.99170
2009-08-18,13.99320
2009-08-19,13.99470
2009-08-20,13.99620
2009-08-21,13.99770
2009-08-22,13.99930
2009-08-23,14.00090
2009-08-24,14.00250
2009-08-25,14.00390
2009-08-26,14.00550
2009-08-27,14.00680
2009-08-28,14.00780
2009-08-29,14.00930
2009-08-30,14.01080
2009-08-31,14.01230
2009-09-01,14.01360
2009-09-02,14.01500
2009-09-03,14.01650
2009-09-04,14.01780
2009-09-05,14.01920
2009-09-06,14.02060
2009-09-07,14.02200
2009-09-08,14.02330
2009-09-09,14.02470
2009-09-10,14.02600
2009-09-11,14.02730
2009-09-12,14.02860
2009-09-13,14.02980
2009-09-14,14.03130
2009-09-15,14.03250
2009-09-16,14.03370
2009-09-17,14.03510
2009-09-18,14.03640
2009-09-19,14.03780
2009-09-20,14.03920
2009-09-21,14.04060
2009-09-22,14.04200
2009-09-23,14.04340
2009-09-24,14.04480
2009-09-25,14.04620
2009-09-26,14.04750
2009-09-27,14.04890
2009-09-28,14.05030
2009-09-29,14.05190
2009-09-30,14.05350
2009-10-01,14.05480
2009-10-02,14.05630
2009-10-03,14.05780
2009-10-04,14.05930
2009-10-05,14.06080
2009-10-06,14.06220
2009-10-07,14.06370
2009-10-08,14.06510
2009-10-09,14.06660
2009-10-10,14.06810
2009-10-11,14.06960
2009-10-12,14.07110
2009-10-13,14.07260
2009-10-14,14.07410
2009-10-15,14.07560
2009-10-16,14.07710
2009-10-17,14.07870
2009-10-18,14.08030
2009-10-19,14.08190
2009-10-20,14.08340
2009-10-21,14.08500
2009-10-22,14.08650
2009-10-23,14.08790
2009-10-24,14.08950
2009-10-25,14.09100
2009-10-26,14.09250
2009-10-27,14.09400
2009-10-28,14.09560
2009-10-29,14.09700
2009-10-30,14.09850
2009-10-31,14.09890
2009-11-01,14.10110
2009-11-02,14.10330
2009-11-03,14.10470
2009-11-04,14.10630
2009-11-05,14.10760
2009-11-06,14.10900
2009-11-07,14.11040
2009-11-08,14.11170
2009-11-09,14.11320
2009-11-10,14.11470
2009-11-11,14.11610
2009-11-12,14.11750
2009-11-13,14.11890
2009-11-14,14.12040
2009-11-15,14.12200
2009-11-16,14.12340
2009-11-17,14.12480
2009-11-18,14.12620
2009-11-19,14.12770
2009-11-20,14.12900
2009-11-21,14.13070
2009-11-22,14.13240
2009-11-23,14.13380
2009-11-24,14.13550
2009-11-25,14.13690
2009-11-26,14.13830
2009-11-27,14.13970
2009-11-28,14.14130
2009-11-29,14.14290
2009-11-30,14.14440
2009-12-01,14.14600
2009-12-02,14.14750
2009-12-03,14.14910
2009-12-04,14.15050
2009-12-05,14.15210
2009-12-06,14.15370
2009-12-07,14.15520
2009-12-08,14.15660
2009-12-09,14.15810
2009-12-10,14.15950
2009-12-11,14.16090
2009-12-12,14.16220
2009-12-13,14.16360
2009-12-14,14.16510
2009-12-15,14.16660
2009-12-16,14.16820
2009-12-17,14.16960
2009-12-18,14.17100
2009-12-19,14.17230
2009-12-20,14.17430
2009-12-21,14.17580
2009-12-22,14.17720
2009-12-23,14.17880
2009-12-24,14.18030
2009-12-25,14.18190
2009-12-26,14.18340
2009-12-27,14.18500
2009-12-28,14.18660
2009-12-29,14.18810
2009-12-30,14.18950
2009-12-31,14.19110
2010-01-01,14.19250
2010-01-02,14.19440
2010-01-03,14.19620
2010-01-04,14.19750
2010-01-05,14.19900
2010-01-06,14.20050
2010-01-07,14.20210
2010-01-08,14.20350
2010-01-09,14.20510
2010-01-10,14.20670
2010-01-11,14.20830
2010-01-12,14.20990
2010-01-13,14.21150
2010-01-14,14.21300
2010-01-15,14.21440
2010-01-16,14.21590
2010-01-17,14.21750
2010-01-18,14.21900
2010-01-19,14.22050
2010-01-20,14.22200
2010-01-21,14.22360
2010-01-22,14.22500
2010-01-23,14.22660
2010-01-24,14.22820
2010-01-25,14.22970
2010-01-26,14.23130
2010-01-27,14.23290
2010-01-28,14.23440
2010-01-29,14.23600
2010-01-30,14.23770
2010-01-31,14.23950
2010-02-01,14.24100
2010-02-02,14.24240
2010-02-03,14.24390
2010-02-04,14.24540
2010-02-05,14.24690
2010-02-06,14.24850
2010-02-07,14.25020
2010-02-08,14.25160
2010-02-09,14.25320
2010-02-10,14.25470
2010-02-11,14.25600
2010-02-12,14.25760
2010-02-13,14.25920
2010-02-14,14.26080
2010-02-15,14.26230
2010-02-16,14.26370
2010-02-17,14.26510
2010-02-18,14.26670
2010-02-19,14.26810
2010-02-20,14.26950
2010-02-21,14.27100
2010-02-22,14.27240
2010-02-23,14.27380
2010-02-24,14.27520
2010-02-25,14.27680
2010-02-26,14.27830
2010-02-27,14.27990
2010-02-28,14.28140
2010-03-01,14.28300
2010-03-02,14.28440
2010-03-03,14.28580
2010-03-04,14.28730
2010-03-05,14.28880
2010-03-06,14.29030
2010-03-07,14.29190
2010-03-08,14.29330
2010-03-09,14.29490
2010-03-10,14.29630
2010-03-11,14.29780
2010-03-12,14.29950
2010-03-13,14.30110
2010-03-14,14.30270
2010-03-15,14.30440
2010-03-16,14.30610
2010-03-17,14.30780
2010-03-18,14.30950
2010-03-19,14.31130
2010-03-20,14.31330
2010-03-21,14.31530
2010-03-22,14.31700
2010-03-23,14.31880
2010-03-24,14.32050
2010-03-25,14.32230
2010-03-26,14.32400
2010-03-27,14.32570
2010-03-28,14.32750
2010-03-29,14.32920
2010-03-30,14.33130
2010-03-31,14.33330
2010-04-01,14.33540
2010-04-02,14.33750
2010-04-03,14.33960
2010-04-04,14.34170
2010-04-05,14.34330
2010-04-06,14.34470
2010-04-07,14.34650
2010-04-08,14.34830
2010-04-09,14.34980
2010-04-10,14.35140
2010-04-11,14.35290
2010-04-12,14.35470
2010-04-13,14.35640
2010-04-14,14.35810
2010-04-15,14.35980
2010-04-16,14.36150
2010-04-17,14.36340
2010-04-18,14.36530
2010-04-19,14.36700
2010-04-20,14.36870
2010-04-21,14.37050
2010-04-22,14.37220
2010-04-23,14.37390
2010-04-24,14.37570
2010-04-25,14.37760
2010-04-26,14.37940
2010-04-27,14.38110
2010-04-28,14.38280
2010-04-29,14.38470
2010-04-30,14.38630
2010-05-01,14.38810
2010-05-02,14.39000
2010-05-03,14.39170
2010-05-04,14.39340
2010-05-05,14.39510
2010-05-06,14.39680
2010-05-07,14.39860
2010-05-08,14.40040
2010-05-09,14.40220
2010-05-10,14.40400
2010-05-11,14.40580
2010-05-12,14.40750
2010-05-13,14.40920
2010-05-14,14.41100
2010-05-15,14.41280
2010-05-16,14.41460
2010-05-17,14.41640
2010-05-18,14.41810
2010-05-19,14.41980
2010-05-20,14.42160
2010-05-21,14.42340
2010-05-22,14.42510
2010-05-23,14.42690
2010-05-24,14.42870
2010-05-25,14.43050
2010-05-26,14.43220
2010-05-27,14.43390
2010-05-28,14.43570
2010-05-29,14.43740
2010-05-30,14.43920
2010-05-31,14.44110
2010-06-01,14.44300
2010-06-02,14.44480
2010-06-03,14.44660
2010-06-04,14.44840
2010-06-05,14.45020
2010-06-06,14.45230
2010-06-07,14.45410
2010-06-08,14.45600
2010-06-09,14.45790
2010-06-10,14.45980
2010-06-11,14.46170
2010-06-12,14.46350
2010-06-13,14.46540
2010-06-14,14.46720
2010-06-15,14.46900
2010-06-16,14.47080
2010-06-17,14.47260
2010-06-18,14.47440
2010-06-19,14.47610
2010-06-20,14.47790
2010-06-21,14.47980
2010-06-22,14.48170
2010-06-23,14.48360
2010-06-24,14.48540
2010-06-25,14.48730
2010-06-26,14.48920
2010-06-27,14.49100
2010-06-28,14.49300
2010-06-29,14.49490
2010-06-30,14.49690
2010-07-01,14.49890
2010-07-02,14.50090
2010-07-03,14.50290
2010-07-04,14.50480
2010-07-05,14.50680
2010-07-06,14.50890
2010-07-07,14.51090
2010-07-08,14.51300
2010-07-09,14.51500
2010-07-10,14.51700
2010-07-11,14.51900
2010-07-12,14.52110
2010-07-13,14.52320
2010-07-14,14.52530
2010-07-15,14.52750
2010-07-16,14.52960
2010-07-17,14.53160
2010-07-18,14.53360
2010-07-19,14.53580
2010-07-20,14.53800
2010-07-21,14.54010
2010-07-22,14.54220
2010-07-23,14.54430
2010-07-24,14.54640
2010-07-25,14.54850
2010-07-26,14.55060
2010-07-27,14.55270
2010-07-28,14.55470
2010-07-29,14.55680
2010-07-30,14.55890
2010-07-31,14.56090
2010-08-01,14.56290
2010-08-02,14.56490
2010-08-03,14.56700
2010-08-04,14.56900
2010-08-05,14.57110
2010-08-06,14.57320
2010-08-07,14.57530
2010-08-08,14.57740
2010-08-09,14.57950
2010-08-10,14.58150
2010-08-11,14.58360
2010-08-12,14.58580
2010-08-13,14.58800
2010-08-14,14.59000
2010-08-15,14.59210
2010-08-16,14.59440
2010-08-17,14.59660
2010-08-18,14.59880
2010-08-19,14.60100
2010-08-20,14.60310
2010-08-21,14.60520
2010-08-22,14.60740
2010-08-23,14.60950
2010-08-24,14.61160
2010-08-25,14.61370
2010-08-26,14.61580
2010-08-27,14.61790
2010-08-28,14.62000
2010-08-29,14.62210
2010-08-30,14.62430
2010-08-31,14.62640
2010-09-01,14.62850
2010-09-02,14.63060
2010-09-03,14.63270
2010-09-04,14.63480
2010-09-05,14.63690
2010-09-06,14.63900
2010-09-07,14.64110
2010-09-08,14.64320
2010-09-09,14.64530
2010-09-10,14.64740
2010-09-11,14.64950
2010-09-12,14.65160
2010-09-13,14.65380
2010-09-14,14.65610
2010-09-15,14.65840
2010-09-16,14.66070
2010-09-17,14.66300
2010-09-18,14.66530
2010-09-19,14.66760
2010-09-20,14.66990
2010-09-21,14.67230
2010-09-22,14.67470
2010-09-23,14.67720
2010-09-24,14.67970
2010-09-25,14.68220
2010-09-26,14.68470
2010-09-27,14.68720
2010-09-28,14.68970
2010-09-29,14.69230
2010-09-30,14.69490
2010-10-01,14.69750
2010-10-02,14.70000
2010-10-03,14.70260
2010-10-04,14.70530
2010-10-05,14.70780
2010-10-06,14.71040
2010-10-07,14.71300
2010-10-08,14.71570
2010-10-09,14.71830
2010-10-10,14.72100
2010-10-11,14.72370
2010-10-12,14.72630
2010-10-13,14.72890
2010-10-14,14.73150
2010-10-15,14.73400
2010-10-16,14.73660
2010-10-17,14.73920
2010-10-18,14.74180
2010-10-19,14.74450
2010-10-20,14.74720
2010-10-21,14.74990
2010-10-22,14.75250
2010-10-23,14.75510
2010-10-24,14.75770
2010-10-25,14.76030
2010-10-26,14.76310
2010-10-27,14.76590
2010-10-28,14.76880
2010-10-29,14.77170
2010-10-30,14.77460
2010-10-31,14.77760
2010-11-01,14.78050
2010-11-02,14.78320
2010-11-03,14.78590
2010-11-04,14.78870
2010-11-05,14.79150
2010-11-06,14.79420
2010-11-07,14.79690
2010-11-08,14.79970
2010-11-09,14.80240
2010-11-10,14.80510
2010-11-11,14.80780
2010-11-12,14.81060
2010-11-13,14.81340
2010-11-14,14.81620
2010-11-15,14.81890
2010-11-16,14.82160
2010-11-17,14.82440
2010-11-18,14.82720
2010-11-19,14.83010
2010-11-20,14.83300
2010-11-21,14.83600
2010-11-22,14.83900
2010-11-23,14.84200
2010-11-24,14.84470
2010-11-25,14.84750
2010-11-26,14.85020
2010-11-27,14.85290
2010-11-28,14.85560
2010-11-29,14.85830
2010-11-30,14.86110
2010-12-01,14.86390
2010-12-02,14.86670
2010-12-03,14.86950
2010-12-04,14.87220
2010-12-05,14.87490
2010-12-06,14.87770
2010-12-07,14.88060
2010-12-08,14.88360
2010-12-09,14.88660
2010-12-10,14.88950
2010-12-11,14.89250
2010-12-12,14.89550
2010-12-13,14.89840
2010-12-14,14.90120
2010-12-15,14.90410
2010-12-16,14.90700
2010-12-17,14.91000
2010-12-18,14.91290
2010-12-19,14.91590
2010-12-20,14.91890
2010-12-21,14.92190
2010-12-22,14.92490
2010-12-23,14.92790
2010-12-24,14.93090
2010-12-25,14.93390
2010-12-26,14.93690
2010-12-27,14.94000
2010-12-28,14.94310
2010-12-29,14.94620
2010-12-30,14.94960
2010-12-31,14.95300
2011-01-01,14.95640
2011-01-02,14.95980
2011-01-03,14.96320
2011-01-04,14.96630
2011-01-05,14.96950
2011-01-06,14.97260
2011-01-07,14.97570
2011-01-08,14.97870
2011-01-09,14.98170
2011-01-10,14.98480
2011-01-11,14.98800
2011-01-12,14.99120
2011-01-13,14.99460
2011-01-14,14.99770
2011-01-15,15.00080
2011-01-16,15.00390
2011-01-17,15.00710
2011-01-18,15.01040
2011-01-19,15.01360
2011-01-20,15.01680
2011-01-21,15.02000
2011-01-22,15.02320
2011-01-23,15.02640
2011-01-24,15.02950
2011-01-25,15.03270
2011-01-26,15.03580
2011-01-27,15.03900
2011-01-28,15.04230
2011-01-29,15.04560
2011-01-30,15.04890
2011-01-31,15.05220
2011-02-01,15.05540
2011-02-02,15.05860
2011-02-03,15.06190
2011-02-04,15.06520
2011-02-05,15.06850
2011-02-06,15.07180
2011-02-07,15.07500
2011-02-08,15.07820
2011-02-09,15.08150
2011-02-10,15.08480
2011-02-11,15.08810
2011-02-12,15.09130
2011-02-13,15.09460
2011-02-14,15.09800
2011-02-15,15.10150
2011-02-16,15.10500
2011-02-17,15.10840
2011-02-18,15.11180
2011-02-19,15.11510
2011-02-20,15.11840
2011-02-21,15.12180
2011-02-22,15.12500
2011-02-23,15.12820
2011-02-24,15.13150
2011-02-25,15.13490
2011-02-26,15.13830
2011-02-27,15.14170
2011-02-28,15.14500
2011-03-01,15.14840
2011-03-02,15.15180
2011-03-03,15.15510
2011-03-04,15.15840
2011-03-05,15.16170
2011-03-06,15.16500
2011-03-07,15.16840
2011-03-08,15.17180
2011-03-09,15.17520
2011-03-10,15.17860
2011-03-11,15.18200
2011-03-12,15.18540
2011-03-13,15.18880
2011-03-14,15.19220
2011-03-15,15.19560
2011-03-16,15.19910
2011-03-17,15.20250
2011-03-18,15.20600
2011-03-19,15.20950
2011-03-20,15.21300
2011-03-21,15.21650
2011-03-22,15.22000
2011-03-23,15.22360
2011-03-24,15.22710
2011-03-25,15.23090
2011-03-26,15.23470
2011-03-27,15.23850
2011-03-28,15.24230
2011-03-29,15.24620
2011-03-30,15.25010
2011-03-31,15.25420
2011-04-01,15.25840
2011-04-02,15.26260
2011-04-03,15.26680
2011-04-04,15.27090
2011-04-05,15.27420
2011-04-06,15.27770
2011-04-07,15.28080
2011-04-08,15.28400
2011-04-09,15.28710
2011-04-10,15.29020
2011-04-11,15.29370
2011-04-12,15.29720
2011-04-13,15.30060
2011-04-14,15.30400
2011-04-15,15.30740
2011-04-16,15.31070
2011-04-17,15.31410
2011-04-18,15.31750
2011-04-19,15.32080
2011-04-20,15.32420
2011-04-21,15.32750
2011-04-22,15.33070
2011-04-23,15.33400
2011-04-24,15.33730
2011-04-25,15.34080
2011-04-26,15.34420
2011-04-27,15.34760
2011-04-28,15.35110
2011-04-29,15.35470
2011-04-30,15.35830
2011-05-01,15.36190
2011-05-02,15.36540
2011-05-03,15.36900
2011-05-04,15.37240
2011-05-05,15.37580
2011-05-06,15.37950
2011-05-07,15.38310
2011-05-08,15.38670
2011-05-09,15.39040
2011-05-10,15.39390
2011-05-11,15.39750
2011-05-12,15.40110
2011-05-13,15.40470
2011-05-14,15.40820
2011-05-15,15.41180
2011-05-16,15.41540
2011-05-17,15.41900
2011-05-18,15.42260
2011-05-19,15.42610
2011-05-20,15.42960
2011-05-21,15.43310
2011-05-22,15.43670
2011-05-23,15.44030
2011-05-24,15.44390
2011-05-25,15.44750
2011-05-26,15.45110
2011-05-27,15.45470
2011-05-28,15.45830
2011-05-29,15.46190
2011-05-30,15.46550
2011-05-31,15.46910
2011-06-01,15.47280
2011-06-02,15.47640
2011-06-03,15.48000
2011-06-04,15.48360
2011-06-05,15.48720
2011-06-06,15.49080
2011-06-07,15.49440
2011-06-08,15.49810
2011-06-09,15.50180
2011-06-10,15.50530
2011-06-11,15.50890
2011-06-12,15.51240
2011-06-13,15.51600
2011-06-14,15.51950
2011-06-15,15.52310
2011-06-16,15.52680
2011-06-17,15.53050
2011-06-18,15.53420
2011-06-19,15.53800
2011-06-20,15.54170
2011-06-21,15.54540
2011-06-22,15.54910
2011-06-23,15.55270
2011-06-24,15.55630
2011-06-25,15.55990
2011-06-26,15.56350
2011-06-27,15.56710
2011-06-28,15.57080
2011-06-29,15.57460
2011-06-30,15.57830
2011-07-01,15.58190
2011-07-02,15.58570
2011-07-03,15.58950
2011-07-04,15.59330
2011-07-05,15.59700
2011-07-06,15.60070
2011-07-07,15.60430
2011-07-08,15.60800
2011-07-09,15.61160
2011-07-10,15.61520
2011-07-11,15.61890
2011-07-12,15.62260
2011-07-13,15.62650
2011-07-14,15.63020
2011-07-15,15.63390
2011-07-16,15.63760
2011-07-17,15.64130
2011-07-18,15.64510
2011-07-19,15.64880
2011-07-20,15.65250
2011-07-21,15.65620
2011-07-22,15.66010
2011-07-23,15.66390
2011-07-24,15.66770
2011-07-25,15.67140
2011-07-26,15.67520
2011-07-27,15.67900
2011-07-28,15.68270
2011-07-29,15.68620
2011-07-30,15.68990
2011-07-31,15.69360
2011-08-01,15.69740
2011-08-02,15.70120
2011-08-03,15.70500
2011-08-04,15.70870
2011-08-05,15.71250
2011-08-06,15.71630
2011-08-07,15.72010
2011-08-08,15.72380
2011-08-09,15.72760
2011-08-10,15.73140
2011-08-11,15.73520
2011-08-12,15.73910
2011-08-13,15.74270
2011-08-14,15.74630
2011-08-15,15.74990
2011-08-16,15.75370
2011-08-17,15.75750
2011-08-18,15.76130
2011-08-19,15.76510
2011-08-20,15.76890
2011-08-21,15.77270
2011-08-22,15.77650
2011-08-23,15.78030
2011-08-24,15.78410
2011-08-25,15.78790
2011-08-26,15.79180
2011-08-27,15.79560
2011-08-28,15.79940
2011-08-29,15.80330
2011-08-30,15.80710
2011-08-31,15.81090
2011-09-01,15.81470
2011-09-02,15.81850
2011-09-03,15.82230
2011-09-04,15.82610
2011-09-05,15.82990
2011-09-06,15.83370
2011-09-07,15.83740
2011-09-08,15.84110
2011-09-09,15.84490
2011-09-10,15.84870
2011-09-11,15.85250
2011-09-12,15.85630
2011-09-13,15.86010
2011-09-14,15.86380
2011-09-15,15.86760
2011-09-16,15.87140
2011-09-17,15.87520
2011-09-18,15.87900
2011-09-19,15.88290
2011-09-20,15.88670
2011-09-21,15.89060
2011-09-22,15.89440
2011-09-23,15.89810
2011-09-24,15.90180
2011-09-25,15.90550
2011-09-26,15.90930
2011-09-27,15.91310
2011-09-28,15.91690
2011-09-29,15.92080
2011-09-30,15.92470
2011-10-01,15.92860
2011-10-02,15.93250
2011-10-03,15.93640
2011-10-04,15.94030
2011-10-05,15.94420
2011-10-06,15.94810
2011-10-07,15.95200
2011-10-08,15.95590
2011-10-09,15.95980
2011-10-10,15.96370
2011-10-11,15.96760
2011-10-12,15.97150
2011-10-13,15.97540
2011-10-14,15.97930
2011-10-15,15.98320
2011-10-16,15.98710
2011-10-17,15.99090
2011-10-18,15.99480
2011-10-19,15.99870
2011-10-20,16.00260
2011-10-21,16.00650
2011-10-22,16.01040
2011-10-23,16.01430
2011-10-24,16.01820
2011-10-25,16.02210
2011-10-26,16.02600
2011-10-27,16.02990
2011-10-28,16.03380
2011-10-29,16.03770
2011-10-30,16.04160
2011-10-31,16.04550
2011-11-01,16.04940
2011-11-02,16.05330
2011-11-03,16.05720
2011-11-04,16.06110
2011-11-05,16.06500
2011-11-06,16.06890
2011-11-07,16.07280
2011-11-08,16.07680
2011-11-09,16.08080
2011-11-10,16.08480
2011-11-11,16.08870
2011-11-12,16.09260
2011-11-13,16.09650
2011-11-14,16.10040
2011-11-15,16.10430
2011-11-16,16.10820
2011-11-17,16.11220
2011-11-18,16.11620
2011-11-19,16.12020
2011-11-20,16.12420
2011-11-21,16.12810
2011-11-22,16.13210
2011-11-23,16.13600
2011-11-24,16.14000
2011-11-25,16.14390
2011-11-26,16.14780
2011-11-27,16.15180
2011-11-28,16.15580
2011-11-29,16.15970
2011-11-30,16.16370
2011-12-01,16.16770
2011-12-02,16.17170
2011-12-03,16.17560
2011-12-04,16.17960
2011-12-05,16.18360
2011-12-06,16.18760
2011-12-07,16.19160
2011-12-08,16.19560
2011-12-09,16.19960
2011-12-10,16.20360
2011-12-11,16.20760
2011-12-12,16.21160
2011-12-13,16.21570
2011-12-14,16.21980
2011-12-15,16.22390
2011-12-16,16.22800
2011-12-17,16.23210
2011-12-18,16.23620
2011-12-19,16.24030
2011-12-20,16.24440
2011-12-21,16.24850
2011-12-22,16.25260
2011-12-23,16.25670
2011-12-24,16.26080
2011-12-25,1626.48900
2011-12-26,1626.90440
2011-12-27,1627.31980
2011-12-28,1627.73500
2011-12-29,1628.15340
2011-12-30,1628.57940
2011-12-31,1629.00550
2012-01-01,1629.43160
2012-01-02,1629.85650
2012-01-03,1630.28170
2012-01-04,1630.70530
2012-01-05,1631.13300
2012-01-06,1631.55900
2012-01-07,1631.98630
2012-01-08,1632.41360
2012-01-09,1632.84310
2012-01-10,1633.26820
2012-01-11,1633.69280
2012-01-12,1634.11800
2012-01-13,1634.54100
2012-01-14,1634.96430
2012-01-15,1635.38770
2012-01-16,1635.81220
2012-01-17,1636.24020
2012-01-18,1636.66650
2012-01-19,1637.09370
2012-01-20,1637.51810
2012-01-21,1637.94240
2012-01-22,1638.36680
2012-01-23,1638.79120
2012-01-24,1639.21800
2012-01-25,1639.64490
2012-01-26,1640.07180
2012-01-27,1640.49870
2012-01-28,1640.92590
2012-01-29,1641.35310
2012-01-30,1641.78270
2012-01-31,1642.21080
2012-02-01,1642.63800
2012-02-02,1643.06530
2012-02-03,1643.49310
2012-02-04,1643.92090
2012-02-05,1644.34870
2012-02-06,1644.77520
2012-02-07,1645.20230
2012-02-08,1645.63050
2012-02-09,1646.05780
2012-02-10,1646.48420
2012-02-11,1646.91050
2012-02-12,1647.33690
2012-02-13,1647.76550
2012-02-14,1648.19240
2012-02-15,1648.62050
2012-02-16,1649.04960
2012-02-17,1649.47850
2012-02-18,1649.90750
2012-02-19,1650.33640
2012-02-20,1650.76580
2012-02-21,1651.19610
2012-02-22,1651.62670
2012-02-23,1652.05740
2012-02-24,1652.48140
2012-02-25,1652.90400
2012-02-26,1653.32660
2012-02-27,1653.75690
2012-02-28,1654.18770
2012-02-29,1654.62190
2012-03-01,1655.05440
2012-03-02,1655.48940
2012-03-03,1655.92460
2012-03-04,1656.35970
2012-03-05,1656.79570
2012-03-06,1657.23360
2012-03-07,1657.67020
2012-03-08,1658.10310
2012-03-09,1658.53940
2012-03-10,1658.96990
2012-03-11,1659.40040
2012-03-12,1659.83430
2012-03-13,1660.27110
2012-03-14,1660.70840
2012-03-15,1661.14790
2012-03-16,1661.59210
2012-03-17,1662.03630
2012-03-18,1662.48050
2012-03-19,1662.92850
2012-03-20,1663.38080
2012-03-21,1663.83110
2012-03-22,1664.29310
2012-03-23,1664.74880
2012-03-24,1665.20460
2012-03-25,1665.66030
2012-03-26,1666.08230
2012-03-27,1666.54400
2012-03-28,1666.98260
2012-03-29,1667.47480
2012-03-30,1667.94010
2012-03-31,1668.46750
2012-04-01,1668.99500
2012-04-02,1669.50870
2012-04-03,1669.98820
2012-04-04,1670.47090
2012-04-05,1670.95390
2012-04-06,1671.43690
2012-04-07,1671.92280
2012-04-08,1672.40770
2012-04-09,1672.90530
2012-04-10,1673.35910
2012-04-11,1673.82210
2012-04-12,1674.28550
2012-04-13,1674.74440
2012-04-14,1675.19830
2012-04-15,1675.65220
2012-04-16,1676.12800
2012-04-17,1676.58970
2012-04-18,1677.06820
2012-04-19,1677.53230
2012-04-20,1678.00360
2012-04-21,1678.47260
2012-04-22,1678.94390
2012-04-23,1679.41330
2012-04-24,1679.88030
2012-04-25,1680.34270
2012-04-26,1680.81210
2012-04-27,1681.27950
2012-04-28,1681.74690
2012-04-29,1682.21440
2012-04-30,1682.67510
2012-05-01,1683.13810
2012-05-02,1683.60460
2012-05-03,1684.06550
2012-05-04,1684.53530
2012-05-05,1685.00520
2012-05-06,1685.46910
2012-05-07,1685.92160
2012-05-08,1686.38790
2012-05-09,1686.84510
2012-05-10,1687.30280
2012-05-11,1687.76700
2012-05-12,1688.22930
2012-05-13,1688.69170
2012-05-14,1689.15210
2012-05-15,1689.61260
2012-05-16,1690.07110
2012-05-17,1690.52410
2012-05-18,1690.97800
2012-05-19,1691.43180
2012-05-20,1691.88570
2012-05-21,1692.34440
2012-05-22,1692.79760
2012-05-23,1693.25220
2012-05-24,1693.70470
2012-05-25,1694.15930
2012-05-26,1694.60760
2012-05-27,1695.05600
2012-05-28,1695.51130
2012-05-29,1695.96540
2012-05-30,1696.42310
2012-05-31,1696.87620
2012-06-01,1697.33180
2012-06-02,1697.78750
2012-06-03,1698.24310
2012-06-04,1698.70150
2012-06-05,1699.15740
2012-06-06,1699.61660
2012-06-07,1700.07530
2012-06-08,1700.49390
2012-06-09,1700.97290
2012-06-10,1701.44340
2012-06-11,1701.88930
2012-06-12,1702.33870
2012-06-13,1702.77250
2012-06-14,1703.21560
2012-06-15,1703.66600
2012-06-16,1704.10940
2012-06-17,1704.55290
2012-06-18,1704.99550
2012-06-19,1705.43940
2012-06-20,1705.86870
2012-06-21,1706.29500
2012-06-22,1706.72720
2012-06-23,1707.15230
2012-06-24,1707.57740
2012-06-25,1707.99760
2012-06-26,1708.41340
2012-06-27,1708.82020
2012-06-28,1709.23230
2012-06-29,1709.67610
2012-06-30,1710.11990
2012-07-01,1710.56370
2012-07-02,1711.00750
2012-07-03,1711.43430
2012-07-04,1711.88340
2012-07-05,1712.32340
2012-07-06,1712.76420
2012-07-07,1713.20470
2012-07-08,1713.64520
2012-07-09,1714.08140
2012-07-10,1714.52210
2012-07-11,1714.95840
2012-07-12,1715.39490
2012-07-13,1715.83880
2012-07-14,1716.27460
2012-07-15,1716.71050
2012-07-16,1717.14250
2012-07-17,1717.57720
2012-07-18,1718.00370
2012-07-19,1718.43760
2012-07-20,1718.87210
2012-07-21,1719.30230
2012-07-22,1719.73250
2012-07-23,1720.16840
2012-07-24,1720.60190
2012-07-25,1721.03660
2012-07-26,1721.46820
2012-07-27,1721.90430
2012-07-28,1722.34030
2012-07-29,1722.77620
2012-07-30,1723.21100
2012-07-31,1723.64400
2012-08-01,1724.07740
2012-08-02,1724.50840
2012-08-03,1724.94480
2012-08-04,1725.37530
2012-08-05,1725.80570
2012-08-06,1726.24050
2012-08-07,1726.67550
2012-08-08,1727.10520
2012-08-09,1727.53710
2012-08-10,1727.97180
2012-08-11,1728.40250
2012-08-12,1728.83330
2012-08-13,1729.26130
2012-08-14,1729.69700
2012-08-15,1730.13320
2012-08-16,1730.55530
2012-08-17,1730.98180
2012-08-18,1731.40280
2012-08-19,1731.82380
2012-08-20,1732.24480
2012-08-21,1732.66670
2012-08-22,1733.09150
2012-08-23,1733.51420
2012-08-24,1733.94170
2012-08-25,1734.36730
2012-08-26,1734.79290
2012-08-27,1735.21240
2012-08-28,1735.62780
2012-08-29,1736.04620
2012-08-30,1736.46980
2012-08-31,1736.89080
2012-09-01,1737.31240
2012-09-02,1737.73400
2012-09-03,1738.14680
2012-09-04,1738.55870
2012-09-05,1738.96710
2012-09-06,1739.37680
2012-09-07,1739.81810
2012-09-08,1740.22700
2012-09-09,1740.63590
2012-09-10,1741.04930
2012-09-11,1741.46400
2012-09-12,1741.88370
2012-09-13,1742.29410
2012-09-14,1742.71410
2012-09-15,1743.13430
2012-09-16,1743.55450
2012-09-17,1743.96550
2012-09-18,1744.38380
2012-09-19,1744.80170
2012-09-20,1745.21060
2012-09-21,1745.62330
2012-09-22,1746.03300
2012-09-23,1746.44260
2012-09-24,1746.84760
2012-09-25,1747.25280
2012-09-26,1747.65960
2012-09-27,1748.06680
2012-09-28,1748.47850
2012-09-29,1748.89060
2012-09-30,1749.30290
2012-10-01,1749.70760
2012-10-02,1750.10950
2012-10-03,1750.50680
2012-10-04,1750.91080
2012-10-05,1751.32060
2012-10-06,1751.72010
2012-10-07,1752.12450
2012-10-08,1752.53150
2012-10-09,1752.93270
2012-10-10,1753.33750
2012-10-11,1753.73920
2012-10-12,1754.14720
2012-10-14,1754.96450
2012-10-15,1755.36890
2012-10-16,1755.77110
2012-10-17,1756.17260
2012-10-18,1756.57430
2012-10-19,1756.98110
2012-10-21,1757.79200
2012-10-22,1758.19170
2012-10-23,1758.59400
2012-10-24,1758.99430
2012-10-25,1759.39910
2012-10-28,1760.60990
2012-10-29,1761.01250
2012-10-30,1761.41530
2012-10-31,1761.81950
2012-11-01,1762.22280
2012-11-02,1762.62750
2012-11-04,1763.43560
2012-11-05,1763.83930
2012-11-06,1764.24280
2012-11-07,1764.64650
2012-11-08,1765.05160
2012-11-09,1765.45690
2012-11-11,1766.26750
2012-11-12,1766.67320
2012-11-14,1767.48450
2012-11-15,1767.88710
2012-11-16,1768.29320
2012-11-18,1769.10250
2012-11-19,1769.50510
2012-11-20,1769.90720
2012-11-21,1770.30990
2012-11-22,1770.71260
2012-11-23,1771.11950
2012-11-25,1771.93290
2012-11-26,1772.33610
2012-11-27,1772.74140
2012-11-28,1773.14720
2012-11-29,1773.54950
2012-11-30,1773.95260
2012-12-02,1774.75960
2012-12-03,1775.16390
2012-12-04,1775.56530
2012-12-05,1775.96600
2012-12-06,1776.36660
2012-12-07,1776.77480
2012-12-09,1777.59190
2012-12-10,1777.99850
2012-12-11,1778.40540
2012-12-12,1778.81380
2012-12-13,1779.21920
2012-12-14,1779.62800
2012-12-16,1780.44610
2012-12-17,1780.85960
2012-12-18,1781.27230
2012-12-19,1781.68430
2012-12-20,1782.09820
2012-12-21,1782.51070
2012-12-23,1783.33900
2012-12-24,1783.75540
2012-12-25,1784.16980
2012-12-26,1784.58310
2012-12-27,1784.99870
2012-12-28,1785.42770
2012-12-30,1786.27680
2012-12-31,1786.69410
2013-01-01,1787.10630
2013-01-02,1787.52260
2013-01-03,1787.93490
2013-01-04,1788.37090
2013-01-06,1789.19290
2013-01-07,1789.60600
2013-01-08,1790.02070
2013-01-09,1790.43400
2013-01-10,1790.84860
2013-01-11,1791.29040
2013-01-13,1792.11590
2013-01-14,1792.53100
2013-01-15,1792.94730
2013-01-16,1793.36020
2013-01-17,1793.77640
2013-01-18,1794.19390
2013-01-20,1795.02010
2013-01-21,1795.43600
2013-01-22,1795.85380
2013-01-23,1796.26760
2013-01-24,1796.68590
2013-01-27,1797.93400
2013-01-28,1798.34290
2013-01-29,1798.75480
2013-01-30,1799.16650
2013-01-31,1799.57840
2013-02-01,1799.99070
2013-02-03,1800.80760
2013-02-04,1801.21390
2013-02-05,1801.61930
2013-02-06,1802.02450
2013-02-07,1802.43430
2013-02-08,1802.84130
2013-02-10,1803.64840
2013-02-11,1804.05580
2013-02-12,1804.46640
2013-02-13,1804.87800
2013-02-14,1805.28550
2013-02-15,1805.70400
2013-02-17,1806.51330
2013-02-18,1806.92350
2013-02-19,1807.33050
2013-02-20,1807.73790
2013-02-21,1808.14730
2013-02-22,1808.55680
2013-02-24,1809.37220
2013-02-25,1809.78150
2013-02-26,1810.18890
2013-02-27,1810.59930
2013-02-28,1811.00390
2013-03-01,1811.41790
2013-03-03,1812.23880
2013-03-04,1812.64840
2013-03-05,1813.05900
2013-03-06,1813.48020
2013-03-07,1813.89780
2013-03-08,1814.32620
2013-03-10,1815.17280
2013-03-11,1815.59290
2013-03-12,1816.01670
2013-03-13,1816.44230
2013-03-14,1816.86730
2013-03-15,1817.30800
2013-03-17,1818.17130
2013-03-18,1818.60780
2013-03-19,1819.04420
2013-03-20,1819.48270
2013-03-21,1819.91440
2013-03-22,1820.38530
2013-03-24,1138.31450
2013-03-25,1138.60270
2013-03-26,1138.90370
2013-03-27,1139.20250
2013-03-28,1139.51330
2013-03-31,1140.41330
2013-04-01,1140.71300
2013-04-02,1141.04620
2013-04-03,1141.33210
2013-04-04,1141.60670
2013-04-05,1141.93630
2013-04-07,1142.46930
2013-04-08,1142.73800
2013-04-09,1143.00390
2013-04-10,1143.26970
2013-04-11,1143.54090
2013-04-12,1143.81290
2013-04-14,1144.34970
2013-04-15,1144.61960
2013-04-16,1144.89140
2013-04-17,1145.15390
2013-04-18,1145.43720
2013-04-21,1146.24160
2013-04-22,1146.50520
2013-04-23,1146.77330
2013-04-24,1147.03880
2013-04-25,1147.30820
2013-04-26,1147.57820
2013-04-28,1148.10920
2013-04-29,1148.37450
2013-04-30,1148.64150
2013-05-01,1148.90800
2013-05-02,1149.17310
2013-05-03,1149.44180
2013-05-05,1149.96990
2013-05-06,1150.23440
2013-05-07,1150.50010
2013-05-08,1150.76310
2013-05-09,1151.02740
2013-05-10,1151.29470
2013-05-12,1151.81500
2013-05-13,1152.07450
2013-05-14,1152.34740
2013-05-15,1152.61070
2013-05-16,1152.86740
2013-05-17,1153.13050
2013-05-19,1153.64480
2013-05-20,1153.90140
2013-05-21,1154.16000
2013-05-22,1154.42000
2013-05-23,1154.67970
2013-05-24,1154.93770
2013-05-26,1155.44890
2013-05-27,1155.70490
2013-05-28,1155.96510
2013-05-29,1156.22370
2013-05-30,1156.47860
2013-05-31,1156.74700
2013-06-02,1157.26350
2013-06-03,1157.52670
2013-06-04,1157.77650
2013-06-05,1158.03110
2013-06-06,1158.29320
2013-06-07,1158.54830
2013-06-09,1159.05460
2013-06-10,1159.31050
2013-06-11,1159.55790
2013-06-12,1159.81490
2013-06-13,1160.06750
2013-06-14,1160.32130
2013-06-16,1160.82440
2013-06-17,1161.07430
2013-06-18,1161.34430
2013-06-19,1161.60910
2013-06-20,1161.84790
2013-06-21,1162.09850
2013-06-23,1162.60240
2013-06-24,1162.85800
2013-06-25,1163.12040
2013-06-26,1163.37620
2013-06-27,1163.63820
2013-06-28,1164.01810
2013-07-01,1164.80730
2013-07-02,1165.06990
2013-07-03,1165.33310
2013-07-04,1165.62820
2013-07-05,1165.87830
2013-07-07,1166.37960
2013-07-08,1166.63270
2013-07-09,1166.91830
2013-07-10,1167.16260
2013-07-11,1167.41480
2013-07-12,1167.69050
2013-07-14,1168.19200
2013-07-15,1168.44510
2013-07-16,1165.47740
2013-07-17,1165.89460
2013-07-18,1166.52160
2013-07-19,1166.84020
2013-07-21,1167.46690
2013-07-22,1167.78790
2013-07-23,1168.06050
2013-07-24,1166.94230
2013-07-25,1167.30050
2013-07-26,1167.66230
2013-07-28,1168.38420
2013-07-29,1168.75000
2013-07-30,1169.12500
2013-07-31,1169.49550
2013-08-01,1169.87260
2013-08-02,1170.21420
2013-08-04,1170.89880
2013-08-05,1171.26130
2013-08-06,1171.62760
2013-08-07,1171.98420
2013-08-08,1172.34250
2013-08-11,1173.42290
2013-08-12,1173.78050
2013-08-13,1174.14070
2013-08-14,1174.49160
2013-08-15,1174.84380
2013-08-16,1175.19500
2013-08-18,1175.90450
2013-08-19,1176.25350
2013-08-20,1176.60350
2013-08-21,1176.96010
2013-08-22,1177.31160
2013-08-23,1177.66450
2013-08-25,1178.36940
2013-08-26,1178.71600
2013-08-27,1179.06210
2013-08-28,1179.40590
2013-08-29,1179.74820
2013-08-30,1180.09960
2013-09-01,1180.79410
2013-09-02,1181.13930
2013-09-03,1181.48280
2013-09-04,1181.81760
2013-09-05,1182.16490
2013-09-06,1182.52830
2013-09-09,1183.52350
2013-09-10,1183.86050
2013-09-11,1184.19770
2013-09-12,1184.53430
2013-09-13,1184.88920
2013-09-15,1185.57690
2013-09-16,1185.92010
2013-09-17,1186.26060
2013-09-18,1186.61210
2013-09-19,1187.00120
2013-09-20,1187.35890
2013-09-22,1188.03420
2013-09-23,1188.36610
2013-09-24,1188.69730
2013-09-25,1189.04760
2013-09-26,1189.39090
2013-09-27,1189.72770
2013-09-29,1190.39740
2013-09-30,1190.77620
2013-10-01,1191.12100
2013-10-02,1191.45820
2013-10-03,1191.79300
2013-10-04,1192.15100
2013-10-06,1192.82570
2013-10-07,1193.15360
2013-10-08,1193.58160
2013-10-09,1193.90580
2013-10-10,1194.24870
2013-10-11,1194.56650
2013-10-13,1195.20210
2013-10-14,1195.51990
2013-10-15,1195.84890
2013-10-16,1196.16640
2013-10-17,1196.48370
2013-10-18,1196.80990
2013-10-20,1197.45180
2013-10-21,1197.76810
2013-10-22,1198.08590
2013-10-23,1198.41670
2013-10-24,1198.73120
2013-10-25,1199.05000
2013-10-27,1199.68580
2013-10-28,1200.00310
2013-10-29,1200.32120
2013-10-30,1200.63370
2013-10-31,1200.94440
2013-11-01,1201.25800
2013-11-04,1202.19890
2013-11-05,1202.51080
2013-11-06,1202.83730
2013-11-07,1203.13770
2013-11-08,1203.44640
2013-11-10,1204.05640
2013-11-11,1204.36200
2013-11-12,1204.66190
2013-11-13,1204.96490
2013-11-14,1205.26170
2013-11-17,1206.19640
2013-11-18,1206.48770
2013-11-19,1206.78060
2013-11-20,1207.07950
2013-11-21,1207.37480
2013-11-22,1207.66390
2013-11-24,1208.24190
2013-11-25,1208.54680
2013-11-26,1208.83760
2013-11-27,1209.15820
2013-11-28,1209.45580
2013-11-29,1209.75860
2013-12-01,1210.33580
2013-12-02,1210.62530
2013-12-03,1210.91170
2013-12-04,1211.19640
2013-12-05,1211.48440
2013-12-06,1211.77290
2013-12-08,1212.34980
2013-12-09,1212.64140
2013-12-10,1212.93150
2013-12-11,1213.22460
2013-12-12,1213.51340
2013-12-13,1213.80980
2013-12-15,1214.40510
2013-12-16,1214.69810
2013-12-17,1214.99290
2013-12-18,1215.29240
2013-12-19,1215.58720
2013-12-20,1215.87620
2013-12-22,1216.46650
2013-12-23,1216.75970
2013-12-24,1217.05400
2013-12-25,1217.35000
2013-12-26,1217.64560
2013-12-27,1217.94080
2013-12-29,1218.52600
2013-12-30,1218.81990
2013-12-31,1219.13350
2014-01-01,1219.43910
2014-01-02,1219.74660
2014-01-03,1220.03310
2014-01-05,1220.61670
2014-01-06,1220.90900
2014-01-07,1221.20000
2014-01-08,1221.49200
2014-01-09,1221.78130
2014-01-10,1222.07760
2014-01-12,1222.66070
2014-01-13,1222.94790
2014-01-14,1223.24100
2014-01-15,1223.53240
2014-01-16,1223.82630
2014-01-17,1224.11700
2014-01-19,1224.70770
2014-01-20,1225.00300
2014-01-21,1225.29060
2014-01-22,1225.58160
2014-01-23,1225.87220
2014-01-24,1226.15780
2014-01-26,1226.73030
2014-01-27,1227.01840
2014-01-28,1227.30390
2014-01-29,1227.59800
2014-01-30,1227.87950
2014-01-31,1228.16810
2014-02-02,1228.74040
2014-02-03,1229.03150
2014-02-04,1229.31600
2014-02-05,1229.60130
2014-02-06,1229.88830
2014-02-07,1230.17630
2014-02-09,1230.75270
2014-02-10,1231.04140
2014-02-11,1231.33150
2014-02-12,1231.62020
2014-02-13,1231.90980
2014-02-14,1232.19890
2014-02-16,1232.77720
2014-02-17,1233.06600
2014-02-18,1233.35460
2014-02-19,1233.64340
2014-02-20,1233.92900
2014-02-21,1234.21650
2014-02-23,1234.79190
2014-02-24,1235.08290
2014-02-25,1235.36790
2014-02-26,1235.66170
2014-02-27,1235.95220
2014-02-28,1236.24460
2014-03-02,1236.82940
2014-03-03,1237.12110
2014-03-04,1237.41360
2014-03-05,1237.70470
2014-03-06,1237.99900
2014-03-07,1238.30090
2014-03-09,1238.90510
2014-03-10,1239.20710
2014-03-11,1239.51650
2014-03-12,1239.81920
2014-03-13,1240.12250
2014-03-14,1240.42880
2014-03-17,1241.37940
2014-03-18,1241.69680
2014-03-19,1242.01380
2014-03-20,1242.33160
2014-03-21,1242.65040
2014-03-23,1243.29890
2014-03-24,1243.62110
2014-03-25,1243.95980
2014-03-26,1244.29450
2014-03-27,1244.66050
2014-03-28,1245.30470
2014-04-01,1246.59370
2014-04-02,1246.89740
2014-04-03,1247.22650
2014-04-04,1247.54660
2014-04-06,1248.18930
2014-04-07,1248.50060
2014-04-08,1248.81200
2014-04-09,1249.13160
2014-04-10,1249.44260
2014-04-11,1249.75670
2014-04-14,1250.69830
2014-04-15,1251.01050
2014-04-16,1251.31760
2014-04-17,1251.61970
2014-04-20,1252.54750
2014-04-21,1252.85640
2014-04-22,1253.16420
2014-04-23,1253.47540
2014-04-24,1253.77980
2014-04-25,1254.08650
2014-04-27,1254.71990
2014-04-28,1255.03100
2014-04-29,1255.34220
2014-04-30,1255.65110
2014-05-01,1255.95730
2014-05-02,1256.26270
2014-05-04,1256.88040
2014-05-05,1257.18410
2014-05-06,1257.48620
2014-05-07,1257.79310
2014-05-08,1258.09430
2014-05-09,1258.39650
2014-05-11,1259.00100
2014-05-12,1259.30650
2014-05-13,1259.61160
2014-05-14,1259.91760
2014-05-15,1260.21600
2014-05-16,1260.51480
2014-05-18,1261.10970
2014-05-19,1261.41340
2014-05-20,1261.71450
2014-05-21,1262.02330
2014-05-22,1262.32340
2014-05-23,1262.62280
2014-05-25,1263.23180
2014-05-26,1263.53460
2014-05-27,1263.83150
2014-05-28,1264.13920
2014-05-29,1264.43880
2014-05-30,1264.73150
2014-06-01,1265.31910
2014-06-02,1265.61600
2014-06-03,1265.91650
2014-06-04,1266.21810
2014-06-05,1266.51460
2014-06-06,1266.80840
2014-06-08,1267.39510
2014-06-09,1267.69140
2014-06-10,1267.98970
2014-06-11,1268.28590
2014-06-12,1268.58500
2014-06-13,1268.88390
2014-06-15,1269.48160
2014-06-16,1269.77990
2014-06-17,1270.07710
2014-06-18,1270.37400
2014-06-19,1270.67130
2014-06-20,1270.96560
2014-06-22,1271.55820
2014-06-23,1271.85280
2014-06-24,1272.14720
2014-06-25,1272.44160
2014-06-26,1272.73810
2014-06-27,1273.03560
2014-06-29,1273.63670
2014-06-30,1273.93670
2014-07-01,1274.24050
2014-07-02,1274.54450
2014-07-03,1274.84120
2014-07-04,1275.14560
2014-07-06,1275.75280
2014-07-07,1276.04600
2014-07-08,1276.35070
2014-07-09,1276.64670
2014-07-10,1276.94420
2014-07-11,1277.23490
2014-07-13,1277.82600
2014-07-14,1278.12000
2014-07-15,1278.41600
2014-07-16,1278.71160
2014-07-17,1279.00750
2014-07-18,1279.29620
2014-07-20,1279.89480
2014-07-21,1280.19090
2014-07-22,1280.48710
2014-07-23,1280.78330
2014-07-24,1281.08040
2014-07-25,1281.36510
2014-07-27,1281.96790
2014-07-28,1282.26320
2014-07-29,1282.55860
2014-07-30,1282.85300
2014-07-31,1283.14970
2014-08-01,1283.44570
2014-08-03,1284.03770
2014-08-04,1284.33240
2014-08-05,1284.62890
2014-08-06,1284.93410
2014-08-07,1285.22560
2014-08-08,1285.51640
2014-08-10,1286.10860
2014-08-11,1286.40380
2014-08-12,1286.69940
2014-08-13,1286.99520
2014-08-14,1287.29120
2014-08-18,1288.49430
2014-08-19,1288.78750
2014-08-20,1289.08500
2014-08-21,1289.38290
2014-08-22,1289.68370
2014-08-24,1290.28560
2014-08-25,1290.58210
2014-08-26,1290.88570
2014-08-27,1291.19350
2014-08-28,1291.48880
2014-08-31,1292.39390
2014-09-01,1292.69440
2014-09-02,1292.99530
2014-09-03,1293.29550
2014-09-04,1293.59210
2014-09-05,1293.89510
2014-09-07,1294.49770
2014-09-08,1294.80230
2014-09-09,1295.10670
2014-09-10,1295.40990
2014-09-11,1295.71020
2014-09-12,1296.01330
2014-09-14,1296.61990
2014-09-15,1296.92070
2014-09-16,1297.22760
2014-09-17,1297.53790
2014-09-18,1297.84940
2014-09-19,1298.12200
2014-09-21,1298.75630
2014-09-22,1299.06580
2014-09-23,1299.37980
2014-09-24,1299.68630
2014-09-25,1299.99840
2014-09-26,1300.30060
2014-09-28,1300.91540
2014-09-29,1301.22710
2014-09-30,1301.63150
2014-10-01,1301.95040
2014-10-06,1303.48330
2014-10-07,1303.79670
2014-10-08,1304.12070
2014-10-09,1304.43090
2014-10-10,1304.73460
2014-10-12,1305.34120
2014-10-13,1305.64470
2014-10-14,1305.94980
2014-10-15,1306.25310
2014-10-16,1306.55270
2014-10-17,1306.86660
2014-10-19,1307.48210
2014-10-20,1307.78930
2014-10-21,1308.09710
2014-10-22,1308.40780
2014-10-26,1309.63770
2014-10-27,1309.94400
2014-10-28,1310.25150
2014-10-29,1310.55920
2014-10-30,1310.86430
2014-10-31,1311.16940
2014-11-02,1311.77980
2014-11-03,1312.08490
2014-11-04,1312.38990
2014-11-05,1312.69940
2014-11-06,1313.00860
2014-11-07,1313.31320
2014-11-09,1313.91980
2014-11-10,1314.22410
2014-11-11,1314.53050
2014-11-12,1314.84180
2014-11-13,1315.14640
2014-11-14,1315.45000
2014-11-16,1316.05930
2014-11-17,1316.36550
2014-11-18,1316.67000
2014-11-19,1316.97390
2014-11-20,1317.27820
2014-11-21,1317.58010
2014-11-23,1318.18320
2014-11-24,1318.48540
2014-11-25,1318.78850
2014-11-26,1319.09130
2014-11-27,1319.39470
2014-11-28,1319.69780
2014-11-30,1320.30420
2014-12-01,1320.60960
2014-12-02,1320.91580
2014-12-03,1321.21990
2014-12-04,1321.52390
2014-12-05,1321.82520
2014-12-07,1322.42770
2014-12-08,1322.73310
2014-12-09,1323.03350
2014-12-10,1323.33810
2014-12-11,1323.64090
2014-12-12,1323.94400
2014-12-14,1324.55320
2014-12-15,1324.85760
2014-12-16,1325.16390
2014-12-17,1325.47130
2014-12-18,1325.77340
2014-12-19,1326.07840
2014-12-21,1326.69410
2014-12-22,1326.99740
2014-12-23,1327.30270
2014-12-24,1327.61340
2014-12-25,1327.91940
2014-12-26,1328.21570
2014-12-28,1328.82970
2014-12-29,1329.13440
2014-12-30,1329.45320
2014-12-31,1329.76400
2015-01-01,1330.07340
2015-01-02,1330.37910
2015-01-04,1330.99750
2015-01-05,1331.30840
2015-01-06,1331.61680
2015-01-07,1331.92510
2015-01-08,1332.23410
2015-01-09,1332.54500
2015-01-11,1333.16730
2015-01-12,1333.47470
2015-01-13,1333.78220
2015-01-14,1334.09030
2015-01-15,1334.40660
2015-01-16,1334.71270
2015-01-18,1335.32680
2015-01-19,1335.63620
2015-01-20,1335.94600
2015-01-21,1336.25360
2015-01-22,1336.56250
2015-01-23,1336.87110
2015-01-26,1337.79690
2015-01-27,1338.10170
2015-01-28,1338.40950
2015-01-29,1338.71810
2015-01-30,1339.02320
2015-02-01,1339.63360
2015-02-02,1339.93910
2015-02-03,1340.24510
2015-02-04,1340.55110
2015-02-05,1340.85980
2015-02-06,1341.16580
2015-02-08,1341.77870
2015-02-09,1342.08770
2015-02-10,1342.39480
2015-02-11,1342.70150
2015-02-12,1343.00940
2015-02-13,1343.31130
2015-02-15,1343.92700
2015-02-16,1344.23420
2015-02-17,1344.54140
2015-02-18,1344.85090
2015-02-19,1345.15750
2015-02-20,1345.46320
2015-02-22,1346.07180
2015-02-23,1346.38340
2015-02-24,1346.69250
2015-02-25,1347.00350
2015-02-26,1347.31440
2015-02-27,1347.62240
2015-03-01,1348.24670
2015-03-02,1348.55350
2015-03-03,1348.86290
2015-03-04,1349.17760
2015-03-05,1349.48450
2015-03-08,1350.40950
2015-03-09,1350.72010
2015-03-10,1351.03120
2015-03-11,1351.34370
2015-03-12,1351.66030
2015-03-13,1351.97700
2015-03-15,1352.62270
2015-03-16,1352.93780
2015-03-17,1353.25190
2015-03-18,1353.56450
2015-03-19,1353.88270
2015-03-20,1354.20280
2015-03-22,1354.84380
2015-03-23,1355.17060
2015-03-24,1355.47690
2015-03-25,1355.79450
2015-03-26,1356.13060
2015-03-27,1356.49460
2015-03-29,1357.15400
2015-03-30,1357.49810
2015-03-31,1358.46340
2015-04-05,1360.06430
2015-04-06,1360.50870
2015-04-07,1360.86700
2015-04-08,1361.17220
2015-04-09,1361.50850
2015-04-10,1361.81980
2015-04-12,1362.47120
2015-04-13,1362.79430
2015-04-14,1363.11750
2015-04-15,1363.42730
2015-04-16,1363.73990
2015-04-17,1364.06760
2015-04-19,1364.70390
2015-04-20,1365.01980
2015-04-21,1365.33770
2015-04-22,1365.65570
2015-04-23,1365.96790
2015-04-24,1366.29310
2015-04-26,1366.92890
2015-04-27,1367.24660
2015-04-28,1367.56040
2015-04-29,1367.87600
2015-04-30,1368.19790
2015-05-04,1369.47180
2015-05-05,1369.79070
2015-05-06,1370.10370
2015-05-07,1370.42010
2015-05-08,1370.73540
2015-05-10,1371.36560
2015-05-11,1371.67810
2015-05-12,1371.99170
2015-05-13,1372.30820
2015-05-14,1372.62400
2015-05-15,1372.94020
2015-05-17,1373.57250
2015-05-18,1373.88390
2015-05-19,1374.19680
2015-05-20,1374.50960
2015-05-21,1374.82350
2015-05-22,1375.13870
2015-05-24,1375.76910
2015-05-25,1376.07780
2015-05-26,1376.38650
2015-05-27,1376.69620
2015-05-28,1377.00900
2015-05-29,1377.32060
2015-05-31,1377.94350
2015-06-01,1378.25420
2015-06-02,1378.57130
2015-06-03,1378.88060
2015-06-04,1379.19120
2015-06-05,1379.50700
2015-06-07,1380.12240
2015-06-08,1380.43500
2015-06-09,1380.74610
2015-06-10,1381.05790
2015-06-11,1381.36470
2015-06-12,1381.67030
2015-06-14,1382.28760
2015-06-15,1382.59020
2015-06-16,1382.89800
2015-06-17,1383.19920
2015-06-18,1383.50950
2015-06-19,1383.82390
2015-06-21,1384.43130
2015-06-22,1384.73770
2015-06-23,1385.04250
2015-06-24,1385.33780
2015-06-25,1385.63610
2015-06-26,1385.94140
2015-06-28,1386.55130
2015-06-29,1386.86960
2015-06-30,1387.20970
2015-07-01,1387.52130
2015-07-02,1387.82950
2015-07-03,1388.12330
2015-07-05,1388.74230
2015-07-06,1389.05820
2015-07-07,1389.35890
2015-07-08,1389.65770
2015-07-09,1389.96370
2015-07-10,1390.27010
2015-07-12,1390.87360
2015-07-13,1391.17460
2015-07-14,1391.48480
2015-07-15,1391.78890
2015-07-16,1392.09030
2015-07-17,1392.39560
2015-07-19,1393.00220
2015-07-20,1393.30640
2015-07-21,1393.60850
2015-07-22,1393.91220
2015-07-23,1394.21300
2015-07-24,1394.51290
2015-07-26,1395.10930
2015-07-27,1395.41610
2015-07-28,1395.71690
2015-07-29,1396.01960
2015-07-30,1396.32080
2015-07-31,1396.62120
2015-08-02,1397.22160
2015-08-03,1397.52060
2015-08-04,1397.81920
2015-08-05,1398.11860
2015-08-06,1398.42240
2015-08-07,1398.72290
2015-08-09,1399.32110
2015-08-10,1399.62030
2015-08-11,1399.91860
2015-08-12,1400.21690
2015-08-13,1400.51360
2015-08-14,1400.80840
2015-08-16,1401.40290
2015-08-17,1401.69980
2015-08-18,1401.99680
2015-08-19,1402.29290
2015-08-20,1402.58840
2015-08-21,1402.88260
2015-08-23,1403.47060
2015-08-24,1403.76180
2015-08-25,1404.05030
2015-08-26,1404.34130
2015-08-27,1404.63330
2015-08-28,1404.92360
2015-08-30,1405.50460
2015-08-31,1405.79570
2015-09-01,1406.08640
2015-09-02,1406.37890
2015-09-03,1406.67050
2015-09-04,1406.96250
2015-09-06,1407.54650
2015-09-07,1407.83930
2015-09-08,1408.12970
2015-09-09,1408.42630
2015-09-10,1408.70620
2015-09-11,1408.99960
2015-09-13,1409.58350
2015-09-14,1409.87660
2015-09-15,1410.16660
2015-09-16,1410.45690
2015-09-17,1410.74930
2015-09-18,1411.04430
2015-09-20,1411.63250
2015-09-21,1411.93360
2015-09-22,1412.22510
2015-09-23,1412.51040
2015-09-24,1412.81610
2015-09-27,1413.70900
2015-09-28,1414.01370
2015-09-29,1414.48450
2015-09-30,1414.80710
2015-10-01,1415.11230
2015-10-04,1415.97880
2015-10-05,1416.26890
2015-10-06,1416.57150
2015-10-07,1416.86480
2015-10-08,1417.16260
2015-10-09,1417.45260
2015-10-11,1418.03440
2015-10-12,1418.32580
2015-10-13,1418.61830
2015-10-14,1418.91180
2015-10-15,1419.20600
2015-10-16,1419.50380
2015-10-18,1420.10010
2015-10-19,1420.38660
2015-10-20,1420.67720
2015-10-21,1420.97570
2015-10-22,1421.27270
2015-10-23,1421.56670
2015-10-25,1422.15280
2015-10-26,1422.44620
2015-10-27,1422.74570
2015-10-28,1423.03690
2015-10-29,1423.32720
2015-10-30,1423.61920
2015-11-01,1424.21160
2015-11-02,1424.50550
2015-11-03,1424.80000
2015-11-04,1425.09520
2015-11-05,1425.39060
2015-11-06,1425.68530
2015-11-08,1426.27310
2015-11-09,1426.57160
2015-11-10,1426.85660
2015-11-12,1427.45140
2015-11-13,1427.73790
2015-11-15,1428.32550
2015-11-16,1428.61700
2015-11-17,1428.90950
2015-11-18,1429.19970
2015-11-19,1429.49070
2015-11-20,1429.78150
2015-11-22,1430.36370
2015-11-23,1430.65340
2015-11-24,1430.94420
2015-11-25,1431.23500
2015-11-26,1431.52530
2015-11-27,1431.81660
2015-11-29,1432.39970
2015-11-30,1432.68850
2015-12-01,1432.97610
2015-12-02,1433.26270
2015-12-03,1433.54820
2015-12-04,1433.82870
2015-12-06,1434.38500
2015-12-07,1434.67020
2015-12-08,1434.96030
2015-12-09,1435.24400
2015-12-10,1435.53860
2015-12-11,1435.82470
2015-12-13,1436.39760
2015-12-14,1436.68090
2015-12-15,1436.97170
2015-12-16,1437.27020
2015-12-17,1437.56900
2015-12-18,1437.87000
2015-12-20,1438.46410
2015-12-21,1438.76080
2015-12-22,1439.05230
2015-12-23,1439.34460
2015-12-27,1440.55600
2015-12-28,1440.85450
2015-12-29,1441.16010
2015-12-30,1441.48210
2015-12-31,1441.79850
2016-01-01,1442.09820
2016-01-03,1442.68810
2016-01-04,1442.99120
2016-01-05,1443.29550
2016-01-06,1443.59090
2016-01-07,1443.88460
2016-01-08,1444.17880
2016-01-10,1444.78340
2016-01-11,1445.08070
2016-01-12,1445.36750
2016-01-13,1445.66270
2016-01-14,1445.92910
2016-01-15,1446.23640
2016-01-17,1446.83360
2016-01-18,1447.12380
2016-01-19,1447.39380
2016-01-20,1447.70250
2016-01-21,1448.00350
2016-01-22,1448.30030
2016-01-24,1448.89520
2016-01-25,1449.19080
2016-01-26,1449.48920
2016-01-27,1449.78490
2016-01-28,1450.08200
2016-01-29,1450.36310
2016-01-31,1450.96500
2016-02-01,1451.26830
2016-02-02,1451.56280
2016-02-03,1451.86650
2016-02-04,1452.16590
2016-02-05,1452.46860
2016-02-07,1453.07430
2016-02-08,1453.37600
2016-02-09,1453.67960
2016-02-10,1453.98350
2016-02-11,1454.28750
2016-02-12,1454.59120
2016-02-14,1455.19950
2016-02-15,1455.50430
2016-02-16,1455.80940
2016-02-17,1456.11370
2016-02-18,1456.42120
2016-02-21,1457.35040
2016-02-22,1457.65200
2016-02-23,1457.95430
2016-02-24,1458.25390
2016-02-25,1458.55440
2016-02-26,1458.85660
2016-02-28,1459.46110
2016-02-29,1459.75860
2016-03-01,1460.06440
2016-03-02,1460.39650
2016-03-03,1460.70550
2016-03-04,1461.01010
2016-03-07,1461.93890
2016-03-08,1462.25340
2016-03-09,1462.56360
2016-03-10,1462.86740
2016-03-11,1463.19960
2016-03-13,1463.84270
2016-03-14,1464.17330
2016-03-15,1464.51480
2016-03-16,1464.87070
2016-03-17,1465.23760
2016-03-18,1465.54610
2016-03-20,1466.26480
2016-03-21,1466.60830
2016-03-22,1466.91900
2016-03-23,1467.14780
2016-03-27,1468.50000
2016-03-28,1468.81810
2016-03-29,1469.18540
2016-03-30,1469.61600
2016-03-31,1470.73930
2016-04-03,1471.78070
2016-04-04,1472.14040
2016-04-05,1472.57280
2016-04-06,1472.92530
2016-04-07,1473.20400
2016-04-10,1474.23840
2016-04-11,1474.56550
2016-04-12,1474.88420
2016-04-13,1475.18180
2016-04-17,1476.50170
2016-04-18,1476.82900
2016-04-19,1477.15420
2016-04-20,1477.48040
2016-04-21,1477.79610
2016-04-22,1478.11380
2016-04-24,1478.75530
2016-04-25,1479.15750
2016-04-26,1479.46980
2016-04-27,1479.77260
2016-04-28,1480.09140
2016-04-29,1480.39680
2016-05-01,1481.05170
2016-05-02,1481.36350
2016-05-03,1481.68580
2016-05-04,1481.99660
2016-05-05,1482.30540
2016-05-06,1482.61860
2016-05-08,1483.26310
2016-05-09,1483.58850
2016-05-10,1483.91450
2016-05-11,1484.23600
2016-05-12,1484.56390
2016-05-13,1484.88360
2016-05-15,1485.52350
2016-05-16,1485.84810
2016-05-17,1486.17170
2016-05-18,1486.51210
2016-05-19,1486.83500
2016-05-20,1487.15500
2016-05-22,1487.79050
2016-05-23,1488.10300
2016-05-24,1488.41680
2016-05-25,1488.73480
2016-05-26,1489.04800
2016-05-27,1489.34850
2016-05-29,1489.95290
2016-05-30,1490.26680
2016-05-31,1490.57970
2016-06-01,1490.89670
2016-06-02,1491.22890
2016-06-03,1491.52290
2016-06-05,1492.14870
2016-06-06,1492.48340
2016-06-07,1492.77430
2016-06-08,1493.09120
2016-06-09,1493.38740
2016-06-10,1493.69930
2016-06-12,1494.31310
2016-06-13,1494.63350
2016-06-14,1494.98990
2016-06-15,1495.27700
2016-06-16,1495.58520
2016-06-17,1495.89020
2016-06-19,1496.49970
2016-06-20,1496.79510
2016-06-21,1497.10580
2016-06-22,1497.44650
2016-06-23,1497.76310
2016-06-24,1498.05100
2016-06-26,1498.66240
2016-06-27,1498.98330
2016-06-28,1499.30390
2016-06-29,1499.63490
2016-06-30,1500.05240
2016-07-01,1500.35140
2016-07-03,1500.93760
2016-07-04,1501.25750
2016-07-05,1501.58170
2016-07-06,1501.87500
2016-07-07,1502.18090
2016-07-08,1502.51180
2016-07-10,1503.10480
2016-07-11,1503.42080
2016-07-12,1503.75660
2016-07-13,1504.10960
2016-07-14,1504.40400
2016-07-15,1504.68640
2016-07-17,1505.31640
2016-07-18,1505.59920
2016-07-19,1505.88630
2016-07-20,1506.17720
2016-07-21,1506.46920
2016-07-22,1506.77720
2016-07-24,1507.37130
2016-07-25,1507.66130
2016-07-26,1507.94590
2016-07-27,1508.23980
2016-07-28,1508.54340
2016-07-29,1508.83950
2016-07-31,1509.43980
2016-08-01,1509.74260
2016-08-02,1510.04110
2016-08-03,1510.33610
2016-08-04,1510.64540
2016-08-05,1510.90210
2016-08-07,1511.50840
2016-08-08,1511.79790
2016-08-09,1512.07980
2016-08-10,1512.36540
2016-08-11,1512.65200
2016-08-12,1512.93860
2016-08-15,1513.79980
2016-08-16,1514.09630
2016-08-17,1514.38910
2016-08-18,1514.67770
2016-08-19,1514.99170
2016-08-21,1515.60410
2016-08-22,1515.88920
2016-08-23,1516.17740
2016-08-24,1516.47050
2016-08-25,1516.75950
2016-08-26,1517.03250
2016-08-28,1517.59680
2016-08-29,1517.88260
2016-08-30,1518.15740
2016-08-31,1518.44960
2016-09-01,1518.73100
2016-09-02,1518.99620
2016-09-05,1519.81370
2016-09-06,1520.08150
2016-09-07,1520.35900
2016-09-08,1520.63750
2016-09-09,1520.92630
2016-09-11,1521.47800
2016-09-12,1521.75790
2016-09-13,1522.03540
2016-09-14,1522.30280
2016-09-15,1522.58580
2016-09-16,1522.85230
2016-09-18,1523.40710
2016-09-19,1523.67360
2016-09-20,1523.95360
2016-09-21,1524.23150
2016-09-22,1524.50750
2016-09-23,1524.78450
2016-09-25,1525.33580
2016-09-26,1525.62280
2016-09-27,1525.89890
2016-09-28,1526.19510
2016-09-29,1526.53690
2016-09-30,1526.78790
2016-10-02,1527.37190
2016-10-03,1527.59370
2016-10-04,1527.95050
2016-10-05,1528.50360
2016-10-06,1528.78220
2016-10-07,1529.05270
2016-10-09,1529.60980
2016-10-10,1529.87670
2016-10-12,1530.43570
2016-10-13,1530.71740
2016-10-14,1530.99830
2016-10-16,1531.55770
2016-10-17,1531.83270
2016-10-18,1532.09950
2016-10-19,1532.36930
2016-10-20,1532.63420
2016-10-21,1532.90260
2016-10-23,1533.46580
2016-10-24,1533.74020
2016-10-25,1534.03190
2016-10-26,1534.24780
2016-10-27,1534.56170
2016-10-28,1534.84980
2016-10-31,1535.72340
2016-11-01,1536.01840
2016-11-02,1536.30480
2016-11-03,1536.59030
2016-11-04,1536.87140
2016-11-06,1537.43390
2016-11-07,1537.71640
2016-11-08,1537.99560
2016-11-09,1538.27610
2016-11-10,1538.55930
2016-11-11,1538.84740
2016-11-14,1539.71280
2016-11-15,1539.99980
2016-11-16,1540.29830
2016-11-17,1540.58540
2016-11-18,1540.88230
2016-11-20,1541.45040
2016-11-21,1541.78610
2016-11-22,1542.07360
2016-11-23,1542.35580
2016-11-24,1542.70820
2016-11-25,1542.93870
2016-11-27,1543.53070
2016-11-28,1543.78270
2016-11-29,1543.97960
2016-11-30,1544.33520
2016-12-01,1544.62360
2016-12-02,1544.83220
2016-12-04,1545.39180
2016-12-05,1545.68580
2016-12-06,1545.98680
2016-12-07,1546.01840
2016-12-08,1546.27970
2016-12-09,1546.57590
2016-12-12,1547.42120
2016-12-13,1547.73120
2016-12-14,1548.04910
2016-12-15,1548.37510
2016-12-16,1548.61420
2016-12-18,1549.17800
2016-12-19,1549.44050
2016-12-20,1549.70960
2016-12-21,1549.98840
2016-12-22,1550.26160
2016-12-23,1550.51250
2016-12-25,1551.10000
2016-12-26,1551.38090
2016-12-27,1551.66190
2016-12-28,1551.95020
2016-12-29,1552.22280
2016-12-30,1552.54120
2017-01-01,1553.09920
2017-01-02,1553.38290
2017-01-03,1553.71650
2017-01-04,1553.98730
2017-01-05,1554.25640
2017-01-06,1554.53570
2017-01-08,1555.09780
2017-01-09,1555.36730
2017-01-10,1555.62040
2017-01-11,1555.85710
2017-01-12,1556.13760
2017-01-13,1556.41580
2017-01-15,1556.98400
2017-01-16,1557.26740
2017-01-17,1557.55020
2017-01-18,1557.83360
2017-01-19,1558.11840
2017-01-20,1558.39830
2017-01-22,1558.95400
2017-01-23,1559.23590
2017-01-24,1559.51850
2017-01-25,1559.80340
2017-01-26,1560.08600
2017-01-27,1560.36890
2017-01-29,1560.93550
2017-01-30,1561.21940
2017-01-31,1561.49990
2017-02-01,1561.77910
2017-02-02,1562.06230
2017-02-03,1562.34410
2017-02-05,1562.90870
2017-02-06,1563.19160
2017-02-07,1563.47810
2017-02-08,1563.76380
2017-02-09,1564.05020
2017-02-10,1564.32470
2017-02-12,1564.90080
2017-02-13,1565.18270
2017-02-14,1565.46470
2017-02-15,1565.74740
2017-02-16,1566.02970
2017-02-17,1566.30410
2017-02-19,1566.85420
2017-02-20,1567.13080
2017-02-21,1567.40680
2017-02-22,1567.68880
2017-02-23,1567.98430
2017-02-26,1568.83760
2017-02-27,1569.18080
2017-02-28,1569.49710
2017-03-01,1569.78860
2017-03-02,1570.05750
2017-03-03,1570.34770
2017-03-05,1570.91270
2017-03-06,1571.19040
2017-03-07,1571.48100
2017-03-08,1571.76180
2017-03-09,1572.03970
2017-03-10,1572.30840
2017-03-13,1573.14640
2017-03-14,1573.41970
2017-03-15,1573.70470
2017-03-16,1573.99200
2017-03-17,1574.30190
2017-03-19,1574.88040
2017-03-20,1575.17020
2017-03-21,1575.53210
2017-03-22,1575.83610
2017-03-23,1576.10610
2017-03-24,1576.38160
2017-03-26,1576.94120
2017-03-27,1577.22460
2017-03-28,1577.50670
2017-03-29,1577.80630
2017-03-30,1578.10360
2017-03-31,1578.62430
2017-04-02,1579.20550
2017-04-03,1579.48660
2017-04-04,1579.77300
2017-04-05,1580.08750
2017-04-06,1580.33140
2017-04-07,1580.65030
2017-04-09,1581.22360
2017-04-10,1581.50550
2017-04-11,1581.79240
2017-04-12,1582.07650
2017-04-13,1582.35710
2017-04-16,1583.20440
2017-04-17,1583.49450
2017-04-18,1583.77710
2017-04-19,1584.05110
2017-04-20,1584.33780
2017-04-21,1584.61260
2017-04-23,1585.16360
2017-04-24,1585.43880
2017-04-25,1585.71410
2017-04-26,1585.98930
2017-04-27,1586.27470
2017-04-28,1586.55470
2017-05-01,1587.38940
2017-05-02,1587.67000
2017-05-03,1587.94930
2017-05-04,1588.22990
2017-05-05,1588.51230
2017-05-07,1589.07610
2017-05-08,1589.35520
2017-05-09,1589.64380
2017-05-10,1589.92420
2017-05-11,1590.20670
2017-05-12,1590.48910
2017-05-14,1591.05330
2017-05-15,1591.33530
2017-05-16,1591.61860
2017-05-17,1591.90180
2017-05-18,1592.18510
2017-05-19,1592.46900
2017-05-21,1593.03710
2017-05-22,1593.31790
2017-05-23,1593.60160
2017-05-24,1593.88420
2017-05-25,1594.16710
2017-05-26,1594.44970
2017-05-28,1595.01540
2017-05-29,1595.29570
2017-05-30,1595.57750
2017-05-31,1595.87080
2017-06-01,1596.16250
2017-06-02,1596.44910
2017-06-04,1597.01290
2017-06-05,1597.28910
2017-06-06,1597.57380
2017-06-07,1597.87470
2017-06-08,1598.15720
2017-06-09,1598.42730
2017-06-11,1598.99980
2017-06-12,1599.28840
2017-06-13,1599.58990
2017-06-14,1599.88460
2017-06-15,1600.18930
2017-06-16,1600.43790
2017-06-18,1601.04270
2017-06-19,1601.32940
2017-06-20,1601.61510
2017-06-21,1601.90390
2017-06-22,1602.19040
2017-06-23,1602.48230
2017-06-26,1603.36060
2017-06-27,1603.65480
2017-06-28,1603.93960
2017-06-29,1604.26370
2017-06-30,1604.55700
2017-07-02,1605.14190
2017-07-03,1605.44520
2017-07-04,1605.75000
2017-07-05,1606.04790
2017-07-06,1606.34180
2017-07-07,1606.64550
2017-07-09,1607.23610
2017-07-10,1607.52000
2017-07-11,1607.80460
2017-07-12,1608.08830
2017-07-13,1608.37570
2017-07-14,1608.66240
2017-07-16,1609.23700
2017-07-17,1609.52570
2017-07-18,1609.81720
2017-07-19,1610.15540
2017-07-20,1610.43750
2017-07-21,1610.70920
2017-07-23,1611.28780
2017-07-24,1611.57230
2017-07-25,1611.86360
2017-07-26,1612.14750
2017-07-27,1612.43180
2017-07-28,1612.71760
2017-07-30,1613.28940
2017-07-31,1613.57910
2017-08-01,1613.86770
2017-08-02,1614.15550
2017-08-03,1614.44340
2017-08-04,1614.72950
2017-08-06,1615.30250
2017-08-07,1615.58800
2017-08-08,1615.87550
2017-08-09,1616.16370
2017-08-10,1616.45270
2017-08-11,1616.74070
2017-08-13,1617.31600
2017-08-14,1617.59590
2017-08-15,1617.87650
2017-08-16,1618.14370
2017-08-17,1618.43870
2017-08-18,1618.71650
2017-08-20,1619.27380
2017-08-21,1619.55150
2017-08-22,1619.82990
2017-08-23,1620.11070
2017-08-24,1620.39040
2017-08-27,1621.23720
2017-08-28,1621.52030
2017-08-29,1621.79860
2017-08-30,1622.07610
2017-08-31,1622.35310
2017-09-01,1622.62960
2017-09-03,1623.18190
2017-09-04,1623.46860
2017-09-05,1623.74570
2017-09-06,1624.01040
2017-09-07,1624.29540
2017-09-08,1624.56860
2017-09-10,1625.12260
2017-09-11,1625.40620
2017-09-12,1625.68090
2017-09-13,1625.95820
2017-09-14,1626.23410
2017-09-15,1626.52300
2017-09-17,1627.09570
2017-09-18,1627.39070
2017-09-19,1627.67360
2017-09-20,1627.95950
2017-09-21,1628.23840
2017-09-22,1628.52030
2017-09-24,1629.09590
2017-09-25,1629.38920
2017-09-26,1629.68170
2017-09-27,1629.97350
2017-09-28,1630.26840
2017-09-29,1630.57300
2017-10-02,1631.45510
2017-10-03,1631.75160
2017-10-04,1632.07280
2017-10-05,1632.35090
2017-10-06,1632.63830
2017-10-08,1633.19780
2017-10-09,1633.47470
2017-10-10,1633.75930
2017-10-11,1634.04940
2017-10-12,1634.33870
2017-10-13,1634.63150
2017-10-15,1635.21770
2017-10-16,1635.48890
2017-10-17,1635.78130
2017-10-18,1636.07270
2017-10-22,1637.22270
2017-10-23,1637.50920
2017-10-24,1637.78590
2017-10-25,1638.07200
2017-10-26,1638.35790
2017-10-27,1638.63700
2017-10-29,1639.19610
2017-10-30,1639.47850
2017-10-31,1639.76550
2017-11-01,1640.05570
2017-11-02,1640.34520
2017-11-03,1640.64290
2017-11-05,1641.23440
2017-11-06,1641.51440
2017-11-07,1641.79750
2017-11-08,1642.08640
2017-11-09,1642.37700
2017-11-10,1642.66090
2017-11-12,1643.22890
2017-11-13,1643.51550
2017-11-14,1643.80570
2017-11-15,1644.09600
2017-11-16,1644.37090
2017-11-17,1644.66650
2017-11-19,1645.25370
2017-11-20,1645.55340
2017-11-21,1645.83810
2017-11-22,1646.12220
2017-11-23,1646.40870
2017-11-24,1646.69100
2017-11-26,1647.25730
2017-11-27,1647.55070
2017-11-28,1647.83880
2017-11-29,1648.12340
2017-11-30,1648.41080
2017-12-03,1649.27620
2017-12-04,1649.55760
2017-12-05,1649.84390
2017-12-06,1650.13650
2017-12-07,1650.42000
2017-12-08,1650.70580
2017-12-10,1651.28040
2017-12-11,1651.56750
2017-12-12,1651.83510
2017-12-13,1652.12010
2017-12-14,1652.41010
2017-12-15,1652.69180
2017-12-17,1653.27880
2017-12-18,1653.56260
2017-12-19,1653.84430
2017-12-20,1654.14080
2017-12-21,1654.39130
2017-12-22,1654.68170
2017-12-25,1655.56630
2017-12-26,1655.85210
2017-12-27,1656.17030
2017-12-28,1656.50700
2017-12-29,1656.78860
2017-12-31,1657.40920
2018-01-01,1657.74090
2018-01-02,1658.03170
2018-01-03,1658.32370
2018-01-04,1658.59280
2018-01-05,1658.92130
2018-01-07,1659.54780
2018-01-08,1659.85980
2018-01-09,1660.17940
2018-01-10,1660.47000
2018-01-11,1660.77540
2018-01-12,1661.07180
2018-01-14,1661.67020
2018-01-15,1661.97180
2018-01-16,1662.26810
2018-01-17,1662.56270
2018-01-18,1662.85260
2018-01-19,1663.11950
2018-01-21,1663.72760
2018-01-22,1664.03580
2018-01-23,1664.34620
2018-01-24,1664.65450
2018-01-25,1664.96140
2018-01-28,1665.88770
2018-01-29,1666.19080
2018-01-30,1666.49470
2018-01-31,1666.80200
2018-02-01,1667.10050
2018-02-02,1667.39620
2018-02-04,1668.00140
2018-02-05,1668.29990
2018-02-06,1668.58590
2018-02-07,1668.89530
2018-02-08,1669.19930
2018-02-09,1669.50360
2018-02-11,1670.11450
2018-02-12,1670.43130
2018-02-13,1670.74000
2018-02-14,1671.06140
2018-02-15,1671.36670
2018-02-16,1671.65650
2018-02-19,1672.58040
2018-02-20,1672.88810
2018-02-21,1673.19640
2018-02-22,1673.49560
2018-02-23,1673.80270
2018-02-25,1674.42230
2018-02-26,1674.73740
2018-02-27,1675.04840
2018-02-28,1675.36960
2018-03-01,1675.67600
2018-03-04,1676.58540
2018-03-05,1676.90560
2018-03-06,1677.25050
2018-03-07,1677.61990
2018-03-08,1677.92720
2018-03-09,1678.26200
2018-03-11,1678.95600
2018-03-12,1679.31730
2018-03-13,1679.64170
2018-03-14,1679.96540
2018-03-15,1680.34110
2018-03-16,1680.79200
2018-03-18,1681.43090
2018-03-19,1681.86050
2018-03-20,1682.17890
2018-03-21,1682.44210
2018-03-22,1682.75230
2018-03-23,1682.93210
2018-03-25,1683.58370
2018-03-26,1683.85160
2018-03-27,1684.27000
2018-03-28,1685.39150
2018-04-02,1687.08320
2018-04-03,1687.41730
2018-04-04,1687.80010
2018-04-05,1688.17390
2018-04-06,1688.48930
2018-04-08,1689.14480
2018-04-09,1689.47760
2018-04-10,1689.77670
2018-04-11,1690.08000
2018-04-12,1690.38810
2018-04-13,1690.70800
2018-04-15,1691.36000
2018-04-16,1691.68000
2018-04-17,1691.98040
2018-04-18,1692.30660
2018-04-19,1692.61710
2018-04-20,1692.84360
2018-04-22,1693.50080
2018-04-23,1693.81750
2018-04-24,1694.13300
2018-04-25,1694.44920
2018-04-26,1694.77950
2018-04-27,1695.11250
2018-05-01,1696.44950
2018-05-02,1696.75070
2018-05-03,1697.06570
2018-05-04,1697.38720
2018-05-06,1698.03030
2018-05-07,1698.35430
2018-05-08,1698.66950
2018-05-09,1698.98200
2018-05-10,1699.29070
2018-05-11,1699.55970
2018-05-13,1700.19730
2018-05-14,1700.51780
2018-05-15,1700.83630
2018-05-16,1701.13720
2018-05-17,1701.39940
2018-05-18,1701.75470
2018-05-20,1702.46300
2018-05-21,1702.78550
2018-05-22,1703.07870
2018-05-23,1703.36040
2018-05-24,1703.70130
2018-05-25,1704.02750
2018-05-27,1704.66830
2018-05-28,1705.01360
2018-05-29,1705.40940
2018-05-30,1705.77380
2018-05-31,1706.07470
2018-06-01,1706.35980
2018-06-03,1707.01860
2018-06-04,1707.34060
2018-06-05,1707.66950
2018-06-06,1708.05180
2018-06-07,1708.42300
2018-06-08,1708.74100
2018-06-10,1709.37730
2018-06-11,1709.68830
2018-06-12,1710.02380
2018-06-13,1710.33920
2018-06-14,1710.67260
2018-06-15,1710.99290
2018-06-17,1711.65360
2018-06-18,1712.03910
2018-06-19,1712.62200
2018-06-20,1712.97610
2018-06-21,1713.30750
2018-06-22,1713.59390
2018-06-24,1714.28000
2018-06-25,1714.60210
2018-06-26,1714.94300
2018-06-27,1715.19210
2018-06-28,1715.59650
2018-06-29,1716.09160
2018-07-01,1716.79090
2018-07-02,1717.24850
2018-07-03,1717.65800
2018-07-04,1718.19620
2018-07-05,1718.58820
2018-07-06,1718.87160
2018-07-08,1719.55330
2018-07-09,1719.89260
2018-07-10,1720.20430
2018-07-11,1720.53140
2018-07-12,1720.86460
2018-07-13,1721.20740
2018-07-15,1721.89310
2018-07-16,1722.26720
2018-07-17,1722.61940
2018-07-18,1722.95810
2018-07-19,1723.30960
2018-07-20,1723.58990
2018-07-22,1724.27910
2018-07-23,1724.47250
2018-07-24,1724.62460
2018-07-25,1724.89160
2018-07-26,1725.24430
2018-07-27,1725.60130
2018-07-29,1726.30490
2018-07-30,1726.61870
2018-07-31,1726.98910
2018-08-01,1727.36930
2018-08-02,1727.74920
2018-08-03,1728.12400
2018-08-05,1728.87440
2018-08-06,1729.21070
2018-08-07,1729.55800
2018-08-08,1729.90520
2018-08-09,1730.24570
2018-08-10,1730.58610
2018-08-12,1731.26630
2018-08-13,1731.60940
2018-08-14,1731.95000
2018-08-15,1732.29500
2018-08-16,1732.64080
2018-08-19,1733.67370
2018-08-20,1734.01050
2018-08-21,1734.35140
2018-08-22,1734.69200
2018-08-23,1735.02980
2018-08-24,1735.36370
2018-08-26,1736.03340
2018-08-27,1736.35570
2018-08-28,1736.69860
2018-08-29,1737.05760
2018-08-30,1737.41230
2018-08-31,1737.76260
2018-09-02,1738.45940
2018-09-03,1738.80130
2018-09-04,1739.15130
2018-09-05,1739.50150
2018-09-06,1739.86380
2018-09-07,1740.19300
2018-09-09,1700.08040
2018-09-10,1719.77290
2018-09-11,1720.07270
2018-09-12,1720.38930
2018-09-13,1720.71520
2018-09-16,1721.70050
2018-09-17,1694.13350
2018-09-18,1694.46210
2018-09-20,1695.10550
2018-09-21,1695.43400
2018-09-23,1696.08150
2018-09-24,1599.05070
2018-09-25,1599.33390
2018-09-26,1599.60040
2018-09-27,1599.88410
2018-09-28,1600.17360
2018-09-30,1600.73670
2018-10-02,1601.29890
2018-10-03,1601.64160
2018-10-04,1601.89780
2018-10-07,1602.68830
2018-10-08,1602.95200
2018-10-09,1603.22880
2018-10-10,1603.50760
2018-10-11,1603.78740
2018-10-14,1604.63220
2018-10-15,1604.91320
2018-10-16,1605.19620
2018-10-18,1605.76470
2018-10-21,1606.61280
2018-10-22,1606.89910
2018-10-23,1607.18560
2018-10-24,1607.47210
2018-10-25,1607.75900
2018-10-28,1608.61710
2018-10-29,1608.90510
2018-10-30,1609.19530
2018-10-31,1609.48990
2018-11-01,1609.78230
2018-11-04,1610.66130
2018-11-05,1610.95020
2018-11-08,1611.83530
2018-11-11,1612.71650
2018-11-12,1613.02000
2018-11-13,1613.30920
2018-11-14,1613.60360
2018-11-15,1613.90720
2018-11-18,1614.76600
2018-11-19,1615.05630
2018-11-20,1615.35000
2018-11-21,1615.64250
2018-11-25,1616.81300
2018-11-26,1617.09830
2018-11-27,1617.38700
2018-11-28,1617.68600
2018-11-29,1617.98160
2018-12-02,1618.87360
2018-12-03,1619.16420
2018-12-04,1619.45420
2018-12-05,1619.75170
2018-12-06,1620.04200
2018-12-09,1620.92810
2018-12-10,1621.19280
2018-12-11,1621.47840
2018-12-12,1621.80620
2018-12-13,1622.11840
2018-12-14,1622.41570
2018-12-16,1623.00140
2018-12-17,1623.29590
2018-12-18,1623.59590
2018-12-19,1623.89720
2018-12-20,1624.18090
2018-12-21,1624.47390
2018-12-23,1625.06890
2018-12-24,1625.35580
2018-12-25,1625.65300
2018-12-26,1625.95960
2018-12-27,1626.26380
2018-12-28,1626.56510
2018-12-30,1627.17810
2018-12-31,1627.48510
2019-01-01,1627.78960
2019-01-02,1628.10270
2019-01-03,1628.40850
2019-01-04,1628.71420
2019-01-06,1629.32570
2019-01-07,1629.63280
2019-01-08,1629.93970
2019-01-09,1630.24710
2019-01-10,1630.55430
2019-01-11,1630.86140
2019-01-13,1631.47560
2019-01-14,1631.78280
2019-01-15,1632.08970
2019-01-16,1632.39650
2019-01-17,1632.69950
2019-01-18,1633.00490
2019-01-20,1633.61540
2019-01-21,1633.92010
2019-01-22,1634.22510
2019-01-23,1634.52730
2019-01-24,1634.83020
2019-01-25,1635.12810
2019-01-27,1635.72410
2019-01-28,1636.02200
2019-01-29,1636.32460
2019-01-30,1636.62420
2019-01-31,1636.92340
2019-02-01,1637.21300
2019-02-03,1637.80880
2019-02-04,1638.09170
2019-02-05,1638.38790
2019-02-06,1638.68050
2019-02-07,1639.02030
2019-02-08,1639.31410
2019-02-10,1639.90150
2019-02-11,1640.19400
2019-02-12,1640.45020
2019-02-13,1640.74410
2019-02-14,1641.03610
2019-02-15,1641.31970
2019-02-17,1641.90860
2019-02-18,1642.19040
2019-02-19,1642.48230
2019-02-20,1642.77710
2019-02-21,1643.07330
2019-02-22,1643.36290
2019-02-24,1643.94590
2019-02-25,1644.23730
2019-02-26,1644.52500
2019-02-27,1644.81530
2019-02-28,1645.10380
2019-03-01,1645.39070
2019-03-04,1646.25340
2019-03-05,1646.53750
2019-03-06,1646.82550
2019-03-07,1647.11230
2019-03-08,1647.39510
2019-03-10,1647.96540
2019-03-11,1648.25110
2019-03-12,1648.54690
2019-03-13,1648.85600
2019-03-14,1649.15840
2019-03-15,1649.43930
2019-03-17,1650.01880
2019-03-18,1650.29920
2019-03-19,1650.58980
2019-03-20,1650.88130
2019-03-21,1651.17970
2019-03-22,1651.42470
2019-03-24,1652.07200
2019-03-25,1652.37390
2019-03-26,1652.67550
2019-03-27,1653.00040
2019-03-28,1653.30290
2019-03-29,1654.23900
2019-03-31,1654.86640
2019-04-01,1655.18040
2019-04-02,1655.54620
2019-04-03,1655.84040
2019-04-04,1656.18580
2019-04-05,1656.49190
2019-04-07,1657.11770
2019-04-08,1657.42300
2019-04-09,1657.71490
2019-04-10,1658.02660
2019-04-11,1658.32250
2019-04-12,1658.58850
2019-04-14,1659.20570
2019-04-15,1659.51600
2019-04-16,1659.82670
2019-04-17,1660.13390
2019-04-18,1660.44200
2019-04-21,1661.36660
2019-04-22,1661.67490
2019-04-23,1661.98280
2019-04-24,1662.28970
2019-04-25,1662.59180
2019-04-26,1662.89860
2019-04-29,1663.81600
2019-04-30,1664.12120
2019-05-01,1664.42620
2019-05-02,1664.73110
2019-05-03,1665.03450
2019-05-05,1665.64310
2019-05-06,1665.94430
2019-05-07,1666.24890
2019-05-08,1666.55140
2019-05-09,1666.85800
2019-05-10,1667.15810
2019-05-12,1667.75990
2019-05-13,1668.06000
2019-05-14,1668.35500
2019-05-15,1668.65250
2019-05-16,1668.95300
2019-05-17,1669.25310
2019-05-19,1669.85080
2019-05-20,1670.14950
2019-05-21,1670.43850
2019-05-22,1670.74390
2019-05-23,1671.04410
2019-05-24,1671.33990
2019-05-26,1671.92700
2019-05-27,1672.22020
2019-05-28,1672.51750
2019-05-29,1672.81460
2019-05-30,1673.11100
2019-05-31,1673.39820
2019-06-02,1673.97320
2019-06-03,1674.25380
2019-06-04,1674.53730
2019-06-05,1674.81500
2019-06-06,1675.08990
2019-06-07,1675.36670
2019-06-09,1675.92010
2019-06-10,1676.19440
2019-06-11,1676.46820
2019-06-12,1676.73460
2019-06-13,1676.99670
2019-06-14,1677.25660
2019-06-16,1677.77630
2019-06-17,1678.03590
2019-06-18,1678.29720
2019-06-19,1678.55550
2019-06-20,1678.79870
2019-06-21,1679.05870
2019-06-23,1679.59420
2019-06-24,1679.84670
2019-06-25,1680.11340
2019-06-26,1680.37190
2019-06-27,1680.64110
2019-06-28,1680.97660
2019-06-30,1681.52140
2019-07-01,1681.81620
2019-07-02,1682.09330
2019-07-03,1682.40200
2019-07-04,1682.70780
2019-07-05,1682.94420
2019-07-07,1683.52140
2019-07-08,1683.79800
2019-07-09,1684.06750
2019-07-10,1684.33920
2019-07-11,1684.61620
2019-07-12,1684.88120
2019-07-14,1685.41600
2019-07-15,1685.69890
2019-07-16,1685.98310
2019-07-17,1686.25420
2019-07-18,1686.51900
2019-07-19,1686.78510
2019-07-21,1687.32140
2019-07-22,1687.58020
2019-07-23,1687.84640
2019-07-24,1688.11120
2019-07-25,1688.37670
2019-07-26,1688.64170
2019-07-28,1689.17380
2019-07-29,1689.44210
2019-07-30,1689.70940
2019-07-31,1689.97070
2019-08-01,1690.23590
2019-08-02,1690.49410
2019-08-04,1691.00880
2019-08-05,1691.26090
2019-08-06,1691.52050
2019-08-07,1691.78760
2019-08-08,1692.03810
2019-08-09,1692.28650
2019-08-12,1693.03560
2019-08-13,1693.28420
2019-08-14,1693.52660
2019-08-15,1693.77370
2019-08-16,1694.01970
2019-08-18,1694.50720
2019-08-19,1694.74320
2019-08-20,1694.98540
2019-08-21,1695.22480
2019-08-22,1695.46620
2019-08-23,1695.70660
2019-08-25,1696.18620
2019-08-26,1696.42530
2019-08-27,1696.66310
2019-08-28,1696.90560
2019-08-29,1697.14940
2019-08-30,1697.36950
2019-09-02,1698.10040
2019-09-03,1698.33520
2019-09-04,1698.58010
2019-09-05,1698.81980
2019-09-06,1699.05750
2019-09-08,1699.52850
2019-09-09,1699.76560
2019-09-10,1700.00040
2019-09-11,1700.24270
2019-09-12,1700.89420
2019-09-13,1701.12930
2019-09-15,1701.61320
2019-09-16,1701.85580
2019-09-17,1702.09400
2019-09-18,1702.33330
2019-09-19,1702.56870
2019-09-20,1702.77870
2019-09-22,1703.26690
2019-09-23,1703.44220
2019-09-24,1703.66150
2019-09-25,1703.88460
2019-09-26,1704.19560
2019-09-29,1705.00040
2019-09-30,1705.64820
2019-10-01,1706.05700
2019-10-02,1706.30310
2019-10-03,1706.57880
2019-10-04,1706.92610
2019-10-06,1707.42770
2019-10-07,1707.72610
2019-10-08,1707.97460
2019-10-09,1708.22460
2019-10-10,1708.47690
2019-10-11,1708.78730
2019-10-13,1709.26370
2019-10-14,1709.52790
2019-10-15,1709.78420
2019-10-16,1710.02340
2019-10-17,1710.30910
2019-10-18,1710.54820
2019-10-21,1711.26480
2019-10-22,1711.42570
2019-10-23,1711.66460
2019-10-24,1711.91480
2019-10-25,1712.16260
2019-10-28,1712.88220
2019-10-29,1713.12880
2019-10-30,1713.39750
2019-10-31,1713.68980
2019-11-03,1714.41000
2019-11-04,1714.63560
2019-11-05,1714.84710
2019-11-06,1715.06750
2019-11-07,1715.30110
2019-11-08,1715.53680
2019-11-10,1716.00910
2019-11-11,1716.24390
2019-11-12,1716.47990
2019-11-13,1716.71870
2019-11-14,1716.95660
2019-11-15,1717.19730
2019-11-17,1717.66460
2019-11-18,1717.89680
2019-11-19,1718.13060
2019-11-20,1718.36820
2019-11-21,1718.60080
2019-11-22,1718.83540
2019-11-24,1719.30600
2019-11-25,1719.53930
2019-11-26,1719.77210
2019-11-27,1720.01060
2019-11-28,1720.25030
2019-12-01,1720.96220
2019-12-02,1721.19550
2019-12-03,1721.42850
2019-12-04,1721.65850
2019-12-05,1721.89460
2019-12-06,1722.13800
2019-12-08,1722.61410
2019-12-09,1722.85470
2019-12-10,1723.08480
2019-12-11,1723.31650
2019-12-12,1723.53870
2019-12-15,1724.21290
2019-12-16,1724.44220
2019-12-17,1724.67290
2019-12-18,1724.91110
2019-12-19,1725.14370
2019-12-20,1725.31230
2019-12-22,1725.82240
2019-12-23,1726.05630
2019-12-25,1726.51700
2019-12-26,1726.74270
2019-12-29,1727.43200
2019-12-30,1727.65120
2019-12-31,1727.88100
2020-01-01,1728.12420
2020-01-02,1728.40650
2020-01-05,1728.96700
2020-01-06,1729.17030
2020-01-07,1729.39110
2020-01-08,1729.59910
2020-01-09,1729.82980
2020-01-12,1730.48070
2020-01-13,1730.64880
2020-01-14,1730.85940
2020-01-15,1731.08350
2020-01-16,1731.32890
2020-01-19,1732.04290
2020-01-20,1732.29230
2020-01-21,1732.54130
2020-01-22,1732.77920
2020-01-23,1733.00820
2020-01-26,1733.73410
2020-01-27,1733.97830
2020-01-28,1734.21640
2020-01-29,1734.46470
2020-01-30,1734.71620
2020-01-31,1734.95630
2020-02-02,1735.44230
2020-02-03,1735.69080
2020-02-04,1735.93610
2020-02-05,1736.18270
2020-02-06,1736.44830
2020-02-09,1737.19870
2020-02-10,1737.42650
2020-02-11,1737.72750
2020-02-12,1738.03810
2020-02-13,1738.29170
2020-02-16,1739.02270
2020-02-17,1739.26440
2020-02-18,1739.50530
2020-02-19,1739.75080
2020-02-23,1740.72350
2020-02-24,1740.97180
2020-02-25,1741.22740
2020-02-26,1741.46230
2020-02-27,1741.59110
2020-02-28,1741.83770
2020-03-01,1742.33960
2020-03-02,1742.59910
2020-03-03,1742.89290
2020-03-04,1743.28330
2020-03-05,1743.56660
2020-03-08,1744.41340
2020-03-10,1745.00270
2020-03-11,1745.21970
2020-03-12,1745.37150
2020-03-15,1745.96960
2020-03-16,1746.14900
2020-03-17,1746.38720
2020-03-18,1746.47320
2020-03-19,1745.85270
2020-03-22,1746.50480
2020-03-23,1746.16060
2020-03-24,1745.93350
2020-03-25,1746.17280
2020-03-26,1746.55430
2020-03-29,1748.77430
2020-03-30,1749.06580
2020-03-31,1749.32540
2020-04-02,1749.60050
2020-04-06,1750.39570
2020-04-07,1750.54110
2020-04-08,1750.78980
2020-04-09,1750.97990
2020-04-12,1751.56700
2020-04-14,1752.02570
2020-04-15,1752.17250
2020-04-16,1752.40310
2020-04-17,1752.77810
2020-04-19,1753.14560
2020-04-20,1753.38270
2020-04-21,1753.63690
2020-04-22,1753.89880
2020-04-23,1754.06630
2020-04-26,1754.61620
2020-04-27,1754.74920
2020-04-28,1754.89270
2020-04-29,1755.03710
2020-04-30,1755.18730
2020-05-03,1755.73170
2020-05-04,1755.92470
2020-05-05,1756.10490
2020-05-06,1756.30820
2020-05-07,1756.48150
2020-05-10,1757.00590
2020-05-11,1757.21720
2020-05-12,1757.44710
2020-05-13,1757.66630
2020-05-14,1757.95110
2020-05-17,1758.53480
2020-05-18,1758.73770
2020-05-19,1758.89840
2020-05-20,1759.13980
2020-05-21,1759.39570
2020-05-25,1760.12380
2020-05-26,1760.28400
2020-05-27,1760.42790
2020-05-28,1760.57250
2020-05-29,1760.71940
2020-05-31,1761.03610
2020-06-01,1761.19640
2020-06-02,1761.37220
2020-06-03,1761.51980
2020-06-04,1761.65440
2020-06-07,1762.11570
2020-06-08,1762.27380
2020-06-09,1762.41930
2020-06-10,1762.59240
2020-06-11,1762.77220
2020-06-12,1762.99400
2020-06-14,1763.29380
2020-06-15,1763.47900
2020-06-16,1763.61960
2020-06-17,1763.77380
2020-06-18,1763.94360
2020-06-21,1764.41150
2020-06-22,1764.55170
2020-06-23,1764.70800
2020-06-24,1764.83520
2020-06-25,1764.99030
2020-06-28,1765.41650
2020-06-29,1765.55400
2020-06-30,1765.77600
2020-07-01,1765.97640
2020-07-02,1766.12260
2020-07-05,1766.52190
2020-07-06,1766.62250
2020-07-07,1766.75220
2020-07-08,1766.92500
2020-07-09,1767.09430
2020-07-12,1767.52210
2020-07-13,1767.65760
2020-07-14,1767.80180
2020-07-15,1767.95960
2020-07-16,1768.06910
2020-07-19,1768.52180
2020-07-20,1768.65520
2020-07-21,1768.80230
2020-07-22,1768.95500
2020-07-23,1769.10110
2020-07-25,1769.37830
2020-07-26,1769.54420
2020-07-27,1769.72240
2020-07-28,1769.79100
2020-07-29,1770.06930
2020-07-30,1770.23800
2020-08-02,1770.70830
2020-08-03,1770.84930
2020-08-04,1771.01210
2020-08-05,1771.19870
2020-08-06,1771.34450
2020-08-09,1771.77910
2020-08-10,1771.94780
2020-08-11,1772.11280
2020-08-12,1772.27100
2020-08-13,1772.44200
2020-08-16,1772.89860
2020-08-17,1773.07590
2020-08-18,1773.22550
2020-08-19,1773.39060
2020-08-20,1773.55360
2020-08-23,1774.00790
2020-08-24,1774.12300
2020-08-25,1774.23530
2020-08-26,1774.40140
2020-08-27,1774.53910
2020-08-30,1774.94570
2020-08-31,1775.10880
2020-09-01,1775.33460
2020-09-02,1775.47400
2020-09-03,1775.61730
2020-09-06,1776.02970
2020-09-07,1776.15750
2020-09-08,1776.26640
2020-09-09,1776.36910
2020-09-10,1776.50820
2020-09-13,1776.90820
2020-09-14,1777.05810
2020-09-15,1777.22550
2020-09-16,1777.38960
2020-09-17,1777.54500
2020-09-18,1777.68910
2020-09-20,1777.99890
2020-09-21,1778.13930
2020-09-22,1778.28150
2020-09-23,1778.42620
2020-09-24,1778.60460
2020-09-27,1779.10780
2020-09-28,1779.27760
2020-09-29,1779.45900
2020-09-30,1779.73950
2020-10-03,1780.16740
2020-10-04,1780.31850
2020-10-05,1780.45990
2020-10-06,1780.60900
2020-10-07,1780.76820
2020-10-08,1780.90880
2020-10-09,1781.05320
2020-10-11,1781.38550
2020-10-12,1781.52990
2020-10-13,1781.69450
2020-10-14,1781.85730
2020-10-15,1782.00030
2020-10-18,1782.43390
2020-10-19,1782.57610
2020-10-20,1782.71740
2020-10-21,1782.86150
2020-10-22,1783.00410
2020-10-25,1783.42370
2020-10-26,1783.56760
2020-10-27,1783.69850
2020-10-28,1783.84550
2020-10-29,1783.87970
2020-10-30,1784.05670
2020-11-01,1784.40960
2020-11-02,1784.54810
2020-11-03,1784.69540
2020-11-04,1784.84330
2020-11-05,1784.99270
2020-11-08,1785.45500
2020-11-09,1785.68520
2020-11-10,1785.81850
2020-11-11,1785.99690
2020-11-12,1786.19420
2020-11-16,1786.75420
2020-11-17,1786.90740
2020-11-18,1787.13160
2020-11-19,1787.30740
2020-11-22,1787.66900
2020-11-23,1787.78850
2020-11-24,1787.91050
2020-11-25,1788.09060
2020-11-26,1788.23930
2020-11-30,1788.74240
2020-12-01,1788.79970
2020-12-02,1788.84610
2020-12-03,1788.98070
2020-12-06,1789.40590
2020-12-07,1789.52100
2020-12-08,1789.63890
2020-12-09,1789.77820
2020-12-10,1789.94210
2020-12-13,1790.35840
2020-12-14,1790.49660
2020-12-15,1790.62850
2020-12-16,1790.76500
2020-12-17,1790.90950
2020-12-18,1791.05820
2020-12-20,1791.35040
2020-12-21,1791.49260
2020-12-22,1791.63760
2020-12-23,1791.80110
2020-12-27,1792.37720
2020-12-28,1792.52800
2020-12-29,1792.67820
2020-12-30,1792.83850
2020-12-31,1792.99050
2021-01-03,1793.40020
2021-01-04,1793.54350
2021-01-05,1793.68190
2021-01-06,1793.79520
2021-01-07,1793.88300
2021-01-08,1794.02160
2021-01-10,1794.31300
2021-01-11,1794.35480
2021-01-12,1794.50520
2021-01-13,1794.70220
2021-01-14,1794.83570
2021-01-17,1795.22630
2021-01-18,1795.34900
2021-01-19,1795.50570
2021-01-20,1795.66940
2021-01-21,1795.79710
2021-01-24,1796.24760
2021-01-26,1796.55250
2021-01-27,1796.70900
2021-01-28,1796.87060
2021-01-29,1797.03200
2021-01-31,1797.34950
2021-02-01,1797.51940
2021-02-02,1797.70670
2021-02-03,1797.83170
2021-02-04,1797.98550
2021-02-07,1798.44550
2021-02-08,1798.59710
2021-02-09,1798.75060
2021-02-10,1798.89810
2021-02-11,1799.06000
2021-02-12,1799.22170
2021-02-14,1799.51840
2021-02-15,1799.69510
2021-02-16,1799.85770
2021-02-17,1800.11350
2021-02-18,1800.31630
2021-02-21,1800.72020
2021-02-22,1800.84750
2021-02-23,1800.99320
2021-02-24,1801.18520
2021-02-25,1801.33480
2021-02-26,1801.45250
2021-02-28,1801.72540
2021-03-01,1801.84970
2021-03-02,1801.98320
2021-03-03,1802.13360
2021-03-04,1802.29990
2021-03-07,1802.67660
2021-03-08,1802.85300
2021-03-09,1802.98640
2021-03-11,1803.30040
2021-03-14,1803.75030
2021-03-15,1803.87380
2021-03-16,1804.02960
2021-03-17,1804.21830
2021-03-18,1804.36830
2021-03-21,1804.84290
2021-03-22,1805.03000
2021-03-23,1805.18390
2021-03-24,1805.34740
2021-03-25,1805.53320
2021-03-29,1806.17960
2021-03-30,1806.37680
2021-03-31,1806.58260
2021-04-04,1807.18970
2021-04-05,1807.32980
2021-04-06,1807.51630
2021-04-07,1807.61810
2021-04-08,1807.76540
2021-04-10,1808.06230
2021-04-11,1808.20970
2021-04-12,1808.37120
2021-04-13,1808.52040
2021-04-14,1808.66940
2021-04-15,1808.80820
2021-04-18,1809.25100
2021-04-19,1809.38330
2021-04-21,1809.72750
2021-04-22,1809.89620
2021-04-25,1810.34290
2021-04-26,1810.50200
2021-04-27,1810.65090
2021-04-28,1810.79150
2021-04-29,1810.93960
2021-05-02,1811.39150
2021-05-03,1811.53460
2021-05-04,1811.67920
2021-05-05,1811.82620
2021-05-06,1811.96380
2021-05-09,1812.43120
2021-05-10,1812.55720
2021-05-11,1812.72150
2021-05-13,1813.03510
2021-05-16,1813.50620
2021-05-17,1813.65410
2021-05-18,1813.81140
2021-05-19,1813.96070
2021-05-20,1814.12250
2021-05-23,1814.59600
2021-05-24,1814.74450
2021-05-25,1814.90430
2021-05-26,1815.06310
2021-05-27,1815.22830
2021-05-30,1815.71490
2021-05-31,1815.86780
2021-06-01,1816.01500
2021-06-02,1816.16790
2021-06-03,1816.32300
2021-06-06,1816.79380
2021-06-07,1816.95510
2021-06-08,1817.10870
2021-06-09,1817.27960
2021-06-10,1817.43120
2021-06-13,1817.90070
2021-06-14,1818.05900
2021-06-15,1818.21510
2021-06-16,1818.30500
2021-06-17,1818.45850
2021-06-20,1818.93100
2021-06-21,1819.13850
2021-06-22,1819.31040
2021-06-23,1819.47840
2021-06-24,1819.65290
2021-06-27,1820.13800
2021-06-28,1820.32030
2021-06-29,1820.49100
2021-06-30,1820.65640
2021-07-01,1820.84190
2021-07-04,1821.27590
2021-07-05,1821.41400
2021-07-06,1821.54770
2021-07-07,1821.71720
2021-07-08,1821.88530
2021-07-11,1822.35660
2021-07-12,1822.53480
2021-07-13,1822.70430
2021-07-14,1822.87980
2021-07-15,1823.03150
2021-07-18,1823.50080
2021-07-19,1823.65930
2021-07-21,1823.99410
2021-07-22,1824.16790
2021-07-25,1824.65100
2021-07-26,1824.81910
2021-07-27,1824.98890
2021-07-28,1825.15110
2021-07-29,1825.29060
2021-07-30,1825.43860
2021-08-01,1825.74670
2021-08-02,1825.90890
2021-08-03,1826.05980
2021-08-04,1826.21700
2021-08-05,1826.36150
2021-08-08,1826.82420
2021-08-09,1826.97280
2021-08-10,1827.14110
2021-08-11,1827.31270
2021-08-12,1827.50800
2021-08-15,1827.98470
2021-08-16,1828.13700
2021-08-17,1828.30230
2021-08-19,1828.64350
2021-08-22,1829.10930
2021-08-23,1829.26780
2021-08-24,1829.43390
2021-08-25,1829.59400
2021-08-26,1829.75520
2021-08-27,1829.93070
2021-08-29,1830.23250
2021-08-30,1830.37850
2021-08-31,1830.53760
2021-09-01,1830.69780
2021-09-02,1830.84090
2021-09-05,1831.28510
2021-09-06,1831.41640
2021-09-07,1831.55310
2021-09-08,1831.70320
2021-09-11,1832.15930
2021-09-12,1832.31250
2021-09-13,1832.46060
2021-09-14,1832.63020
2021-09-15,1832.78290
2021-09-16,1832.93090
2021-09-19,1833.37040
2021-09-20,1833.52160
2021-09-21,1833.67450
2021-09-22,1833.80680
2021-09-23,1833.96900
2021-09-26,1834.41090
2021-09-27,1834.56030
2021-09-28,1834.67830
2021-09-29,1834.81730
2021-09-30,1834.98900
2021-10-03,1835.50500
2021-10-04,1835.67350
2021-10-05,1835.80720
2021-10-06,1835.95940
2021-10-07,1836.11400
2021-10-10,1836.67000
2021-10-11,1836.87660
2021-10-12,1837.03910
2021-10-13,1837.20970
2021-10-14,1837.32680
2021-10-15,1837.48600
2021-10-17,1837.80530
2021-10-18,1837.86620
2021-10-19,1838.03070
2021-10-20,1838.16590
2021-10-21,1838.32340
2021-10-23,1838.68320
2021-10-24,1838.81050
2021-10-25,1838.87270
2021-10-26,1838.98290
2021-10-27,1839.14340
2021-10-28,1839.26760
2021-10-29,1839.41340
2021-10-31,1839.77120
2021-11-01,1839.90080
2021-11-02,1840.08190
2021-11-05,1840.64700
2021-11-07,1840.99900
2021-11-08,1841.23870
2021-11-09,1841.44950
2021-11-10,1841.63490
2021-11-11,1841.82370
2021-11-14,1842.31000
2021-11-15,1842.45760
2021-11-16,1842.61900
2021-11-17,1842.78620
2021-11-21,1843.44060
2021-11-22,1843.56050
2021-11-23,1843.71810
2021-11-24,1843.94780
2021-11-25,1844.12750
2021-11-28,1844.59530
2021-11-29,1844.75140
2021-11-30,1844.91970
2021-12-01,1845.06860
2021-12-02,1845.24350
2021-12-05,1845.72760
2021-12-06,1845.89040
2021-12-07,1846.04340
2021-12-08,1846.24230
2021-12-09,1846.38530
2021-12-12,1846.87690
2021-12-13,1847.03170
2021-12-14,1847.19300
2021-12-15,1847.35440
2021-12-16,1847.47110
2021-12-19,1847.96260
2021-12-20,1848.13160
2021-12-21,1848.24670
2021-12-22,1848.43160
2021-12-23,1848.62890
2021-12-25,1848.96830
2021-12-26,1849.13470
2021-12-27,1849.31740
2021-12-28,1849.47800
2021-12-29,1849.65050
2021-12-30,1849.81020
