Date,NAV
2006-04-01,10.00460
2006-04-02,10.00650
2006-04-03,10.00840
2006-04-04,10.01040
2006-04-05,10.01230
2006-04-06,10.00090
2006-04-07,10.00270
2006-04-08,10.00440
2006-04-09,10.00610
2006-04-10,10.00790
2006-04-11,10.00970
2006-04-12,10.01160
2006-04-13,10.00090
2006-04-14,10.00260
2006-04-15,10.00430
2006-04-16,10.00600
2006-04-17,10.00790
2006-04-18,10.00960
2006-04-19,10.01150
2006-04-20,10.00090
2006-04-21,10.00270
2006-04-22,10.00440
2006-04-23,10.00610
2006-04-24,10.00780
2006-04-25,10.00960
2006-04-26,10.01140
2006-04-27,10.00090
2006-04-28,10.00270
2006-04-29,10.00460
2006-04-30,10.00640
2006-05-01,10.00820
2006-05-02,10.01000
2006-05-03,10.01180
2006-05-04,10.00090
2006-05-05,10.00270
2006-05-06,10.00440
2006-05-07,10.00610
2006-05-08,10.00760
2006-05-09,10.00940
2006-05-10,10.01110
2006-05-11,10.00090
2006-05-12,10.00270
2006-05-13,10.00440
2006-05-14,10.00620
2006-05-15,10.00800
2006-05-16,10.00980
2006-05-17,10.01160
2006-05-18,10.00090
2006-05-19,10.00260
2006-05-20,10.00430
2006-05-21,10.00600
2006-05-22,10.00770
2006-05-23,10.00940
2006-05-24,10.01120
2006-05-25,10.00090
2006-05-26,10.00270
2006-05-27,10.00440
2006-05-28,10.00610
2006-05-29,10.00790
2006-05-30,10.00980
2006-05-31,10.01160
2006-06-01,10.00090
2006-06-02,10.00260
2006-06-03,10.00430
2006-06-04,10.00610
2006-06-05,10.00780
2006-06-06,10.00950
2006-06-07,10.01130
2006-06-08,10.00090
2006-06-09,10.00270
2006-06-10,10.00440
2006-06-11,10.00620
2006-06-12,10.00790
2006-06-13,10.00970
2006-06-14,10.01140
2006-06-15,10.00090
2006-06-16,10.00270
2006-06-17,10.00450
2006-06-18,10.00630
2006-06-19,10.00810
2006-06-20,10.00980
2006-06-21,10.01150
2006-06-22,10.00090
2006-06-23,10.00270
2006-06-24,10.00450
2006-06-25,10.00620
2006-06-26,10.00790
2006-06-27,10.00970
2006-06-28,10.01150
2006-06-29,10.00090
2006-06-30,10.00270
2006-07-01,10.00450
2006-07-02,10.00630
2006-07-03,10.00810
2006-07-04,10.00980
2006-07-05,10.01160
2006-07-06,10.00090
2006-07-07,10.00270
2006-07-08,10.00440
2006-07-09,10.00620
2006-07-10,10.00800
2006-07-11,10.00980
2006-07-12,10.01160
2006-07-13,10.00090
2006-07-14,10.00270
2006-07-15,10.00440
2006-07-16,10.00620
2006-07-17,10.00800
2006-07-18,10.00980
2006-07-19,10.01160
2006-07-20,10.00090
2006-07-21,10.00270
2006-07-22,10.00450
2006-07-23,10.00630
2006-07-24,10.00810
2006-07-25,10.00990
2006-07-26,10.01170
2006-07-27,10.00090
2006-07-28,10.00270
2006-07-29,10.00450
2006-07-30,10.00630
2006-07-31,10.00810
2006-08-01,10.00990
2006-08-02,10.01180
2006-08-03,10.00090
2006-08-04,10.00270
2006-08-05,10.00450
2006-08-06,10.00630
2006-08-07,10.00820
2006-08-08,10.01000
2006-08-09,10.01180
2006-08-10,10.00090
2006-08-11,10.00270
2006-08-12,10.00450
2006-08-13,10.00630
2006-08-14,10.00810
2006-08-15,10.00990
2006-08-16,10.01170
2006-08-17,10.00090
2006-08-18,10.00270
2006-08-19,10.00450
2006-08-20,10.00630
2006-08-21,10.00810
2006-08-22,10.00990
2006-08-23,10.01170
2006-08-24,10.00090
2006-08-25,10.00270
2006-08-26,10.00450
2006-08-27,10.00640
2006-08-28,10.00820
2006-08-29,10.01010
2006-08-30,10.01190
2006-08-31,10.00090
2006-09-01,10.00270
2006-09-02,10.00460
2006-09-03,10.00640
2006-09-04,10.00830
2006-09-05,10.01010
2006-09-06,10.01200
2006-09-07,10.00090
2006-09-08,10.00280
2006-09-09,10.00460
2006-09-10,10.00640
2006-09-11,10.00830
2006-09-12,10.01010
2006-09-13,10.01190
2006-09-14,10.00090
2006-09-15,10.00280
2006-09-16,10.00470
2006-09-17,10.00650
2006-09-18,10.00840
2006-09-19,10.01030
2006-09-20,10.01220
2006-09-21,10.00090
2006-09-22,10.00280
2006-09-23,10.00470
2006-09-24,10.00650
2006-09-25,10.00840
2006-09-26,10.01040
2006-09-27,10.01230
2006-09-28,10.00090
2006-09-29,10.00290
2006-09-30,10.00480
2006-10-01,10.00680
2006-10-02,10.00870
2006-10-03,10.01060
2006-10-04,10.01250
2006-10-05,10.00090
2006-10-06,10.00280
2006-10-07,10.00470
2006-10-08,10.00650
2006-10-09,10.00840
2006-10-10,10.01030
2006-10-11,10.01220
2006-10-12,10.00090
2006-10-13,10.00280
2006-10-14,10.00470
2006-10-15,10.00660
2006-10-16,10.00840
2006-10-17,10.01040
2006-10-18,10.01230
2006-10-19,10.00090
2006-10-20,10.00280
2006-10-21,10.00470
2006-10-22,10.00660
2006-10-23,10.00860
2006-10-24,10.01050
2006-10-25,10.01240
2006-10-26,10.00090
2006-10-27,10.00280
2006-10-28,10.00480
2006-10-29,10.00670
2006-10-30,10.00870
2006-10-31,10.01060
2006-11-01,10.01260
2006-11-02,10.00090
2006-11-03,10.00280
2006-11-04,10.00480
2006-11-05,10.00670
2006-11-06,10.00870
2006-11-07,10.01060
2006-11-08,10.01250
2006-11-09,10.00090
2006-11-10,10.00280
2006-11-11,10.00480
2006-11-12,10.00670
2006-11-13,10.00870
2006-11-14,10.01060
2006-11-15,10.01250
2006-11-16,10.00090
2006-11-17,10.00290
2006-11-18,10.00490
2006-11-19,10.00690
2006-11-20,10.00890
2006-11-21,10.01100
2006-11-22,10.01300
2006-11-23,10.00090
2006-11-24,10.00280
2006-11-25,10.00480
2006-11-26,10.00670
2006-11-27,10.00860
2006-11-28,10.01060
2006-11-29,10.01260
2006-11-30,10.00090
2006-12-01,10.00280
2006-12-02,10.00480
2006-12-03,10.00670
2006-12-04,10.00870
2006-12-05,10.01070
2006-12-06,10.01270
2006-12-07,10.00090
2006-12-08,10.00280
2006-12-09,10.00480
2006-12-10,10.00670
2006-12-11,10.00870
2006-12-12,10.01060
2006-12-13,10.01260
2006-12-14,10.00090
2006-12-15,10.00290
2006-12-16,10.00490
2006-12-17,10.00690
2006-12-18,10.00900
2006-12-19,10.01100
2006-12-20,10.01300
2006-12-21,10.00090
2006-12-22,10.00300
2006-12-23,10.00510
2006-12-24,10.00720
2006-12-25,10.00930
2006-12-26,10.01140
2006-12-27,10.01350
2006-12-28,10.00090
2006-12-29,10.00310
2006-12-30,10.00530
2006-12-31,10.00740
2007-01-01,10.00950
2007-01-02,10.01160
2007-01-03,10.01360
2007-01-04,10.00090
2007-01-05,10.00290
2007-01-06,10.00490
2007-01-07,10.00690
2007-01-08,10.00900
2007-01-09,10.01110
2007-01-10,10.01310
2007-01-11,10.00090
2007-01-12,10.00290
2007-01-13,10.00490
2007-01-14,10.00690
2007-01-15,10.00900
2007-01-16,10.01100
2007-01-17,10.01310
2007-01-18,10.00090
2007-01-19,10.00300
2007-01-20,10.00500
2007-01-21,10.00710
2007-01-22,10.00920
2007-01-23,10.01120
2007-01-24,10.01330
2007-01-25,10.00090
2007-01-26,10.00300
2007-01-27,10.00500
2007-01-28,10.00710
2007-01-29,10.00910
2007-01-30,10.01120
2007-01-31,10.01320
2007-02-01,10.00090
2007-02-02,10.00300
2007-02-03,10.00500
2007-02-04,10.00710
2007-02-05,10.00910
2007-02-06,10.01120
2007-02-07,10.01330
2007-02-08,10.00090
2007-02-09,10.00290
2007-02-10,10.00490
2007-02-11,10.00690
2007-02-12,10.00900
2007-02-13,10.01100
2007-02-14,10.01310
2007-02-15,10.00090
2007-02-16,10.00300
2007-02-17,10.00500
2007-02-18,10.00710
2007-02-19,10.00930
2007-02-20,10.01140
2007-02-21,10.01350
2007-02-22,10.00090
2007-02-23,10.00300
2007-02-24,10.00510
2007-02-25,10.00720
2007-02-26,10.00930
2007-02-27,10.01150
2007-02-28,10.01370
2007-03-01,10.00090
2007-03-02,10.00310
2007-03-03,10.00520
2007-03-04,10.00740
2007-03-05,10.00940
2007-03-06,10.01150
2007-03-07,10.01360
2007-03-08,10.00090
2007-03-09,10.00310
2007-03-10,10.00520
2007-03-11,10.00730
2007-03-12,10.00940
2007-03-13,10.01170
2007-03-14,10.01380
2007-03-15,10.00090
2007-03-16,10.00330
2007-03-17,10.00570
2007-03-18,10.00810
2007-03-19,10.01050
2007-03-20,10.01300
2007-03-21,10.01580
2007-03-22,10.00090
2007-03-23,10.00340
2007-03-24,10.00590
2007-03-25,10.00840
2007-03-26,10.01080
2007-03-27,10.01330
2007-03-28,10.01590
2007-03-29,10.00090
2007-03-30,10.00370
2007-03-31,10.00680
2007-04-01,10.00980
2007-04-02,10.01290
2007-04-03,10.01540
2007-04-04,10.01780
2007-04-05,10.00090
2007-04-06,10.00320
2007-04-07,10.00550
2007-04-08,10.00780
2007-04-09,10.01010
2007-04-10,10.01240
2007-04-11,10.01470
2007-04-12,10.00090
2007-04-13,10.00300
2007-04-14,10.00520
2007-04-15,10.00740
2007-04-16,10.00970
2007-04-17,10.01200
2007-04-18,10.01450
2007-04-19,10.00090
2007-04-20,10.00330
2007-04-21,10.00570
2007-04-22,10.00810
2007-04-23,10.01050
2007-04-24,10.01290
2007-04-25,10.01530
2007-04-26,10.00090
2007-04-27,10.00330
2007-04-28,10.00570
2007-04-29,10.00810
2007-04-30,10.01050
2007-05-01,10.01300
2007-05-02,10.01540
2007-05-03,10.00090
2007-05-04,10.00340
2007-05-05,10.00580
2007-05-06,10.00820
2007-05-07,10.01050
2007-05-08,10.01280
2007-05-09,10.01500
2007-05-10,10.00090
2007-05-11,10.00300
2007-05-12,10.00520
2007-05-13,10.00740
2007-05-14,10.00980
2007-05-15,10.01220
2007-05-16,10.01470
2007-05-17,10.00090
2007-05-18,10.00330
2007-05-19,10.00570
2007-05-20,10.00810
2007-05-21,10.01040
2007-05-22,10.01290
2007-05-23,10.01530
2007-05-24,10.00090
2007-05-25,10.00340
2007-05-26,10.00580
2007-05-27,10.00830
2007-05-28,10.01060
2007-05-29,10.01280
2007-05-30,10.01480
2007-05-31,10.00090
2007-06-01,10.00250
2007-06-02,10.00390
2007-06-03,10.00530
2007-06-04,10.00670
2007-06-05,10.00850
2007-06-06,10.01030
2007-06-07,10.00090
2007-06-08,10.00260
2007-06-09,10.00430
2007-06-10,10.00610
2007-06-11,10.00780
2007-06-12,10.00940
2007-06-13,10.01110
2007-06-14,10.00090
2007-06-15,10.00250
2007-06-16,10.00410
2007-06-17,10.00570
2007-06-18,10.00730
2007-06-19,10.00910
2007-06-20,10.01080
2007-06-21,10.00090
2007-06-22,10.00270
2007-06-23,10.00450
2007-06-24,10.00630
2007-06-25,10.00830
2007-06-26,10.01030
2007-06-27,10.01240
2007-06-28,10.00090
2007-06-29,10.00390
2007-06-30,10.00640
2007-07-01,10.00880
2007-07-02,10.01160
2007-07-03,10.01370
2007-07-04,10.01560
2007-07-05,10.00090
2007-07-06,10.00230
2007-07-07,10.00380
2007-07-08,10.00530
2007-07-09,10.00710
2007-07-10,10.00890
2007-07-11,10.01060
2007-07-12,10.00090
2007-07-13,10.00270
2007-07-14,10.00430
2007-07-15,10.00600
2007-07-16,10.00780
2007-07-17,10.00970
2007-07-18,10.01140
2007-07-19,10.00090
2007-07-20,10.00230
2007-07-21,10.00380
2007-07-22,10.00520
2007-07-23,10.00690
2007-07-24,10.00850
2007-07-25,10.00990
2007-07-26,10.00090
2007-07-27,10.00230
2007-07-28,10.00370
2007-07-29,10.00500
2007-07-30,10.00640
2007-07-31,10.00820
2007-08-01,10.00940
2007-08-02,10.00090
2007-08-03,10.00230
2007-08-04,10.00400
2007-08-05,10.00570
2007-08-06,10.00770
2007-08-07,10.00970
2007-08-08,10.01170
2007-08-09,10.00090
2007-08-10,10.00290
2007-08-11,10.00500
2007-08-12,10.00710
2007-08-13,10.00910
2007-08-14,10.01120
2007-08-15,10.01330
2007-08-16,10.00090
2007-08-17,10.00290
2007-08-18,10.00500
2007-08-19,10.00710
2007-08-20,10.00920
2007-08-21,10.01120
2007-08-22,10.01330
2007-08-23,10.00090
2007-08-24,10.00300
2007-08-25,10.00510
2007-08-26,10.00720
2007-08-27,10.00920
2007-08-28,10.01130
2007-08-29,10.01330
2007-08-30,10.00090
2007-08-31,10.00300
2007-09-01,10.00490
2007-09-02,10.00690
2007-09-03,10.00890
2007-09-04,10.01090
2007-09-05,10.01290
2007-09-06,10.00090
2007-09-07,10.00300
2007-09-08,10.00500
2007-09-09,10.00700
2007-09-10,10.00890
2007-09-11,10.01090
2007-09-12,10.01300
2007-09-13,10.00090
2007-09-14,10.00300
2007-09-15,10.00510
2007-09-16,10.00720
2007-09-17,10.00940
2007-09-18,10.01160
2007-09-19,10.01390
2007-09-20,10.00090
2007-09-21,10.00300
2007-09-22,10.00520
2007-09-23,10.00730
2007-09-24,10.00950
2007-09-25,10.01170
2007-09-26,10.01400
2007-09-27,10.00090
2007-09-28,10.00310
2007-09-29,10.00530
2007-09-30,10.00740
2007-10-01,10.00950
2007-10-02,10.01170
2007-10-03,10.01380
2007-10-04,10.00090
2007-10-05,10.00300
2007-10-06,10.00490
2007-10-07,10.00690
2007-10-08,10.00890
2007-10-09,10.01090
2007-10-10,10.01310
2007-10-11,10.00090
2007-10-12,10.00300
2007-10-13,10.00510
2007-10-14,10.00730
2007-10-15,10.00940
2007-10-16,10.01160
2007-10-17,10.01370
2007-10-18,10.00090
2007-10-19,10.00290
2007-10-20,10.00490
2007-10-21,10.00690
2007-10-22,10.00900
2007-10-23,10.01110
2007-10-24,10.01320
2007-10-25,10.00090
2007-10-26,10.00290
2007-10-27,10.00500
2007-10-28,10.00700
2007-10-29,10.00920
2007-10-30,10.01130
2007-10-31,10.01350
2007-11-01,10.00090
2007-11-02,10.00290
2007-11-03,10.00500
2007-11-04,10.00700
2007-11-05,10.00910
2007-11-06,10.01120
2007-11-07,10.01340
2007-11-08,10.00090
2007-11-09,10.00300
2007-11-10,10.00510
2007-11-11,10.00720
2007-11-12,10.00930
2007-11-13,10.01150
2007-11-14,10.01380
2007-11-15,10.00090
2007-11-16,10.00320
2007-11-17,10.00550
2007-11-18,10.00780
2007-11-19,10.01000
2007-11-20,10.01220
2007-11-21,10.01440
2007-11-22,10.00090
2007-11-23,10.00320
2007-11-24,10.00530
2007-11-25,10.00750
2007-11-26,10.00970
2007-11-27,10.01190
2007-11-28,10.01410
2007-11-29,10.00090
2007-11-30,10.00320
2007-12-01,10.00540
2007-12-02,10.00760
2007-12-03,10.00990
2007-12-04,10.01200
2007-12-05,10.01420
2007-12-06,10.00090
2007-12-07,10.00300
2007-12-08,10.00510
2007-12-09,10.00720
2007-12-10,10.00940
2007-12-11,10.01160
2007-12-12,10.01370
2007-12-13,10.00090
2007-12-14,10.00310
2007-12-15,10.00520
2007-12-16,10.00740
2007-12-17,10.00960
2007-12-18,10.01190
2007-12-19,10.01410
2007-12-20,10.00090
2007-12-21,10.00310
2007-12-22,10.00530
2007-12-23,10.00750
2007-12-24,10.00970
2007-12-25,10.01190
2007-12-26,10.01420
2007-12-27,10.00090
2007-12-28,10.00320
2007-12-29,10.00540
2007-12-30,10.00760
2007-12-31,10.00990
2008-01-01,10.01210
2008-01-02,10.01430
2008-01-03,10.00090
2008-01-04,10.00310
2008-01-05,10.00520
2008-01-06,10.00730
2008-01-07,10.00940
2008-01-08,10.01160
2008-01-09,10.01370
2008-01-10,10.00090
2008-01-11,10.00310
2008-01-12,10.00520
2008-01-13,10.00720
2008-01-14,10.00940
2008-01-15,10.01160
2008-01-16,10.01380
2008-01-17,10.00090
2008-01-18,10.00300
2008-01-19,10.00500
2008-01-20,10.00710
2008-01-21,10.00930
2008-01-22,10.01160
2008-01-23,10.01380
2008-01-24,10.00090
2008-01-25,10.00330
2008-01-26,10.00570
2008-01-27,10.00810
2008-01-28,10.01050
2008-01-29,10.01290
2008-01-30,10.01530
2008-01-31,10.00090
2008-02-01,10.00310
2008-02-02,10.00530
2008-02-03,10.00740
2008-02-04,10.00960
2008-02-05,10.01170
2008-02-06,10.01390
2008-02-07,10.00090
2008-02-08,10.00310
2008-02-09,10.00520
2008-02-10,10.00740
2008-02-11,10.00960
2008-02-12,10.01180
2008-02-13,10.01410
2008-02-14,10.00090
2008-02-15,10.00310
2008-02-16,10.00520
2008-02-17,10.00730
2008-02-18,10.00960
2008-02-19,10.01170
2008-02-20,10.01400
2008-02-21,10.00090
2008-02-22,10.00320
2008-02-23,10.00550
2008-02-24,10.00780
2008-02-25,10.01010
2008-02-26,10.01240
2008-02-27,10.01470
2008-02-28,10.00090
2008-02-29,10.00300
2008-03-01,10.00510
2008-03-02,10.00720
2008-03-03,10.00940
2008-03-04,10.01160
2008-03-05,10.00090
2008-03-06,10.00300
2008-03-07,10.00520
2008-03-08,10.00720
2008-03-09,10.00930
2008-03-10,10.01140
2008-03-11,10.01360
2008-03-12,10.01570
2008-03-13,10.00090
2008-03-14,10.00320
2008-03-15,10.00550
2008-03-16,10.00770
2008-03-17,10.00990
2008-03-18,10.01230
2008-03-19,10.00090
2008-03-20,10.00330
2008-03-21,10.00560
2008-03-22,10.00800
2008-03-23,10.01040
2008-03-24,10.01280
2008-03-25,10.01280
2008-03-26,10.01280
2008-03-27,10.01280
2008-03-28,10.01280
2008-03-29,10.01280
2008-03-30,10.01280
2008-03-31,10.01580
2008-04-01,10.01820
2008-04-02,10.02060
2008-04-03,10.01280
2008-04-04,10.01510
2008-04-05,10.01740
2008-04-06,10.01980
2008-04-07,10.02220
2008-04-08,10.02420
2008-04-09,10.02640
2008-04-10,10.01280
2008-04-11,10.01500
2008-04-12,10.01720
2008-04-13,10.01940
2008-04-14,10.02170
2008-04-15,10.02390
2008-04-16,10.02610
2008-04-17,10.01280
2008-04-18,10.01500
2008-04-19,10.01730
2008-04-20,10.01960
2008-04-21,10.02180
2008-04-22,10.02400
2008-04-23,10.02630
2008-04-24,10.01280
2008-04-25,10.01500
2008-04-26,10.01720
2008-04-27,10.01950
2008-04-28,10.02170
2008-04-29,10.02400
2008-04-30,10.01280
2008-05-01,10.01510
2008-05-02,10.01730
2008-05-03,10.01950
2008-05-04,10.02170
2008-05-05,10.02390
2008-05-06,10.02610
2008-05-07,10.02820
2008-05-08,10.01280
2008-05-09,10.01490
2008-05-10,10.01710
2008-05-11,10.01930
2008-05-12,10.02150
2008-05-13,10.02370
2008-05-14,10.02600
2008-05-15,10.01280
2008-05-16,10.01510
2008-05-17,10.01740
2008-05-18,10.01960
2008-05-19,10.02190
2008-05-20,10.02420
2008-05-21,10.02640
2008-05-22,10.00090
2008-05-23,10.00090
2008-05-24,10.00090
2008-05-25,10.00090
2008-05-26,10.00090
2008-05-27,10.00090
2008-05-28,10.00090
2008-05-29,10.00090
2008-05-30,10.00090
2008-05-31,10.00090
2008-06-01,10.00090
2008-06-02,10.00090
2008-06-03,10.00310
2008-06-04,10.00530
2008-06-05,10.00090
2008-06-06,10.00320
2008-06-07,10.00540
2008-06-08,10.00770
2008-06-09,10.01000
2008-06-10,10.01220
2008-06-11,10.01450
2008-06-12,10.00090
2008-06-13,10.00320
2008-06-14,10.00550
2008-06-15,10.00780
2008-06-16,10.01010
2008-06-17,10.01250
2008-06-18,10.01490
2008-06-19,10.00090
2008-06-20,10.00090
2008-06-21,10.00550
2008-06-22,10.00770
2008-06-23,10.01010
2008-06-24,10.01240
2008-06-25,10.01470
2008-06-26,10.00090
2008-06-27,10.00320
2008-06-28,10.00550
2008-06-29,10.00780
2008-06-30,10.01020
2008-07-01,10.01250
2008-07-02,10.01480
2008-07-03,10.00090
2008-07-04,10.00300
2008-07-05,10.00520
2008-07-06,10.00740
2008-07-07,10.00970
2008-07-08,10.01210
2008-07-09,10.01450
2008-07-10,10.00090
2008-07-11,10.00330
2008-07-12,10.00570
2008-07-13,10.00800
2008-07-14,10.01040
2008-07-15,10.01290
2008-07-16,10.01540
2008-07-17,10.00090
2008-07-18,10.00340
2008-07-19,10.00580
2008-07-20,10.00830
2008-07-21,10.01080
2008-07-22,10.01080
2008-07-23,10.01080
2008-07-24,10.01080
2008-07-25,10.01080
2008-07-26,10.01080
2008-07-27,10.01080
2008-07-28,10.01080
2008-07-29,10.01080
2008-07-30,10.01080
2008-07-31,10.00090
2008-08-01,10.00330
2008-08-02,10.00570
2008-08-03,10.00810
2008-08-04,10.01050
2008-08-05,10.01300
2008-08-06,10.01550
2008-08-07,10.00090
2008-08-08,10.00340
2008-08-09,10.00590
2008-08-10,10.00840
2008-08-11,10.01100
2008-08-12,10.01100
2008-08-13,10.01100
2008-08-14,10.01100
2008-08-15,10.11610
2008-08-16,10.01100
2008-08-17,10.01100
2008-08-18,10.01100
2008-08-19,10.01100
2008-08-20,10.01100
2008-08-21,10.01100
2008-08-22,10.01100
2008-08-23,10.01100
2008-08-24,10.01100
2008-08-25,10.01100
2008-08-26,10.01100
2008-08-27,10.01100
2008-08-28,10.01100
2008-08-29,10.01350
2008-08-30,10.01600
2008-08-31,10.01850
2008-09-01,10.02100
2008-09-02,10.02360
2008-09-03,10.02610
2008-09-04,10.00090
2008-09-05,10.00340
2008-09-06,10.00590
2008-09-07,10.00850
2008-09-08,10.01100
2008-09-09,10.01100
2008-09-10,10.01100
2008-09-11,10.01100
2008-09-12,10.01100
2008-09-13,10.01100
2008-09-14,10.01100
2008-09-15,10.01100
2008-09-16,10.01100
2008-09-17,10.01100
2008-09-18,10.01100
2008-09-19,10.01100
2008-09-20,10.01100
2008-09-21,10.01100
2008-09-22,10.01100
2008-09-23,10.01100
2008-09-24,10.01100
2008-09-25,10.01100
2008-09-26,10.01100
2008-09-27,10.01100
2008-09-28,10.01100
2008-09-29,10.01380
2008-09-30,10.01670
2008-10-01,10.01380
2008-10-02,10.01670
2008-10-03,10.01960
2008-10-04,10.02250
2008-10-05,10.02540
2008-10-06,10.02820
2008-10-07,10.03110
2008-10-08,10.01380
2008-10-09,10.01670
2008-10-10,10.01960
2008-10-11,10.02240
2008-10-12,10.02530
2008-10-13,10.02530
2008-10-14,10.02530
2008-10-15,10.02530
2008-10-16,10.02530
2008-10-17,10.02530
2008-10-18,10.02530
2008-10-19,10.02530
2008-10-20,10.02530
2008-10-21,10.02530
2008-10-22,10.02530
2008-10-23,10.02530
2008-10-24,10.02530
2008-10-25,10.02530
2008-10-26,10.02530
2008-10-27,10.02530
2008-10-28,10.02530
2008-10-29,10.02530
2008-10-30,10.02530
2008-10-31,10.02530
2008-11-01,10.02530
2008-11-02,10.02530
2008-11-03,10.02800
2008-11-04,10.03070
2008-11-05,10.03340
2008-11-06,10.02530
2008-11-07,10.02800
2008-11-08,10.03060
2008-11-09,10.03330
2008-11-10,10.03590
2008-11-11,10.03850
2008-11-12,10.02530
2008-11-13,10.02790
2008-11-14,10.03030
2008-11-15,10.03270
2008-11-16,10.03510
2008-11-17,10.03760
2008-11-18,10.04020
2008-11-19,10.04270
2008-11-20,10.02530
2008-11-21,10.02780
2008-11-22,10.03020
2008-11-23,10.03270
2008-11-24,10.03510
2008-11-25,10.03770
2008-11-26,10.04030
2008-11-27,10.04280
2008-11-28,10.02530
2008-11-29,10.02780
2008-11-30,10.03030
2008-12-01,10.03280
2008-12-02,10.03520
2008-12-03,10.03760
2008-12-04,10.02530
2008-12-05,10.02770
2008-12-06,10.03010
2008-12-07,10.03250
2008-12-08,10.03480
2008-12-09,10.03710
2008-12-10,10.03940
2008-12-11,10.02530
2008-12-12,10.02770
2008-12-13,10.03010
2008-12-14,10.03240
2008-12-15,10.03480
2008-12-16,10.03720
2008-12-17,10.03960
2008-12-18,10.02530
2008-12-19,10.02770
2008-12-20,10.03010
2008-12-21,10.03240
2008-12-22,10.03480
2008-12-23,10.03720
2008-12-24,10.03970
2008-12-25,10.02530
2008-12-26,10.02780
2008-12-27,10.03020
2008-12-28,10.03270
2008-12-29,10.03510
2008-12-30,10.03740
2008-12-31,10.03970
2009-01-01,10.02530
2009-01-02,10.02740
2009-01-03,10.02950
2009-01-04,10.03170
2009-01-05,10.03380
2009-01-06,10.03580
2009-01-07,10.03790
2009-01-08,10.02530
2009-01-09,10.02740
2009-01-10,10.02950
2009-01-11,10.03170
2009-01-12,10.03370
2009-01-13,10.03580
2009-01-14,10.03790
2009-01-15,10.02530
2009-01-16,10.02750
2009-01-17,10.02950
2009-01-18,10.03160
2009-01-19,10.03370
2009-01-20,10.03590
2009-01-21,10.03800
2009-01-22,10.02530
2009-01-23,10.02730
2009-01-24,10.02940
2009-01-25,10.03150
2009-01-26,10.03350
2009-01-27,10.03560
2009-01-28,10.03770
2009-01-29,10.02530
2009-01-30,10.02730
2009-01-31,10.02930
2009-02-01,10.03130
2009-02-02,10.03330
2009-02-03,10.03530
2009-02-04,10.03740
2009-02-05,10.02530
2009-02-06,10.02730
2009-02-07,10.02930
2009-02-08,10.03130
2009-02-09,10.03330
2009-02-10,10.03530
2009-02-11,10.03730
2009-02-12,10.02530
2009-02-13,10.02730
2009-02-14,10.02920
2009-02-15,10.03110
2009-02-16,10.03290
2009-02-17,10.03290
2009-02-18,10.03290
2009-02-19,10.02530
2009-02-20,10.03290
2009-02-21,10.03290
2009-02-22,10.03290
2009-02-23,10.03290
2009-02-24,10.03290
2009-02-25,10.03290
2009-02-26,10.03290
2009-02-27,10.03460
2009-02-28,10.03640
2009-03-01,10.03820
2009-03-02,10.04000
2009-03-03,10.04180
2009-03-04,10.04360
2009-03-05,10.02530
2009-03-06,10.02710
2009-03-07,10.02890
2009-03-08,10.03070
2009-03-09,10.03230
2009-03-10,10.03410
2009-03-11,10.03580
2009-03-12,10.03580
2009-03-13,10.03580
2009-03-14,10.03580
2009-03-15,10.03580
2009-03-16,10.03750
2009-03-17,10.03750
2009-03-18,10.03750
2009-03-19,10.03750
2009-03-20,10.03750
2009-03-21,10.03750
2009-03-22,10.03750
2009-03-23,10.03920
2009-03-24,10.03920
2009-03-25,10.03920
2009-03-26,10.03920
2009-03-27,10.04110
2009-03-28,10.04300
2009-03-29,10.04490
2009-03-30,10.04670
2009-03-31,10.04860
2009-04-01,10.05060
2009-04-02,10.03920
2009-04-03,10.04090
2009-04-04,10.04240
2009-04-05,10.04400
2009-04-06,10.04520
2009-04-07,10.04660
2009-04-08,10.04780
2009-04-09,10.03920
2009-04-10,10.04040
2009-04-11,10.04170
2009-04-12,10.04290
2009-04-13,10.04420
2009-04-14,10.04560
2009-04-15,10.04700
2009-04-16,10.03920
2009-04-17,10.04070
2009-04-18,10.04220
2009-04-19,10.04360
2009-04-20,10.04510
2009-04-21,10.04510
2009-04-22,10.04510
2009-04-23,10.04510
2009-04-24,10.04510
2009-04-25,10.04510
2009-04-26,10.04510
2009-04-27,10.04510
2009-04-28,10.04510
2009-04-29,10.04510
2009-04-30,10.04640
2009-05-01,10.04780
2009-05-02,10.04910
2009-05-03,10.05040
2009-05-04,10.05170
2009-05-05,10.05290
2009-05-06,10.05420
2009-05-07,10.04510
2009-05-08,10.04650
2009-05-09,10.04790
2009-05-10,10.04920
2009-05-11,10.05060
2009-05-12,10.05210
2009-05-13,10.05350
2009-05-14,10.05350
2009-05-15,10.05350
2009-05-16,10.05350
2009-05-17,10.05350
2009-05-18,10.05350
2009-05-19,10.05350
2009-05-20,10.05350
2009-05-21,10.05350
2009-05-22,10.05490
2009-05-23,10.05630
2009-05-24,10.05760
2009-05-25,10.05880
2009-05-26,10.06000
2009-05-27,10.06120
2009-05-28,10.05350
2009-05-29,10.05480
2009-05-30,10.05610
2009-05-31,10.05740
2009-06-01,10.05870
2009-06-02,10.06000
2009-06-03,10.06140
2009-06-04,10.05350
2009-06-05,10.05350
2009-06-06,10.05350
2009-06-07,10.05350
2009-06-08,10.05350
2009-06-09,10.05350
2009-06-10,10.05350
2009-06-11,10.05350
2009-06-12,10.05350
2009-06-13,10.05350
2009-06-14,10.05350
2009-06-15,10.05350
2009-06-16,10.05350
2009-06-17,10.05350
2009-06-18,10.05350
2009-06-19,10.05490
2009-06-20,10.05630
2009-06-21,10.05770
2009-06-22,10.05890
2009-06-23,10.06020
2009-06-24,10.06160
2009-06-25,10.05350
2009-06-26,10.05350
2009-06-27,10.05350
2009-06-28,10.05350
2009-06-29,10.05490
2009-06-30,10.05620
2009-07-01,10.05770
2009-07-02,10.05350
2009-07-03,10.05470
2009-07-04,10.05590
2009-07-05,10.05710
2009-07-06,10.05830
2009-07-07,10.05950
2009-07-08,10.06070
2009-07-09,10.05350
2009-07-10,10.05470
2009-07-11,10.05580
2009-07-12,10.05700
2009-07-13,10.05700
2009-07-14,10.05700
2009-07-15,10.05700
2009-07-16,10.05700
2009-07-17,10.05700
2009-07-18,10.05700
2009-07-19,10.05700
2009-07-20,10.05700
2009-07-21,10.05700
2009-07-22,10.05700
2009-07-23,10.05700
2009-07-24,10.05700
2009-07-25,10.05700
2009-07-26,10.05700
2009-07-27,10.05700
2009-07-28,10.05700
2009-07-29,10.05700
2009-07-30,10.05700
2009-07-31,10.05700
2009-08-01,10.05700
2009-08-02,10.05700
2009-08-03,10.05700
2009-08-04,10.05700
2009-08-05,10.05700
2009-08-06,10.05700
2009-08-07,10.05700
2009-08-08,10.05700
2009-08-09,10.05700
2009-08-10,10.05700
2009-08-11,10.05700
2009-08-12,10.05700
2009-08-13,10.05700
2009-08-14,10.05700
2009-08-15,10.05700
2009-08-16,10.05700
2009-08-17,10.05700
2009-08-18,10.05700
2009-08-19,10.05700
2009-08-20,10.05700
2009-08-21,10.05700
2009-08-22,10.05700
2009-08-23,10.05700
2009-08-24,10.05700
2009-08-25,10.05700
2009-08-26,10.05700
2009-08-27,10.05700
2009-08-28,10.05700
2009-08-29,10.05700
2009-08-30,10.05700
2009-08-31,10.05700
2009-09-01,10.05800
2009-09-02,10.05900
2009-09-03,10.05700
2009-09-04,10.05800
2009-09-05,10.05900
2009-09-06,10.06000
2009-09-07,10.06090
2009-09-08,10.06190
2009-09-09,10.06290
2009-09-10,10.05700
2009-09-11,10.05700
2009-09-12,10.05700
2009-09-13,10.05700
2009-09-14,10.05700
2009-09-15,10.05700
2009-09-16,10.05700
2009-09-17,10.05700
2009-09-18,10.05700
2009-09-19,10.05700
2009-09-20,10.05700
2009-09-21,10.05700
2009-09-22,10.05700
2009-09-23,10.05700
2009-09-24,10.05700
2009-09-25,10.05800
2009-09-26,10.05900
2009-09-27,10.06000
2009-09-28,10.06100
2009-09-29,10.06210
2009-09-30,10.06330
2009-10-01,10.05700
2009-10-02,10.05800
2009-10-03,10.05910
2009-10-04,10.06020
2009-10-05,10.06130
2009-10-06,10.06230
2009-10-07,10.06330
2009-10-08,10.05700
2009-10-09,10.05700
2009-10-10,10.05700
2009-10-11,10.05700
2009-10-15,10.05800
2010-04-29,10.05800
2010-05-25,10.05930
2010-07-31,10.06060
2010-08-01,10.06200
2010-08-02,10.06340
2010-08-03,10.06480
2010-08-04,10.06620
2010-08-05,10.05800
2010-08-06,10.05940
2010-08-07,10.06090
2010-08-08,10.06240
2010-08-09,10.06380
2010-08-10,10.06520
2010-08-11,10.06670
2010-08-12,10.06000
2010-08-13,10.06150
2010-08-14,10.06290
2010-08-15,10.06440
2010-08-16,10.06590
2010-08-17,10.06750
2010-08-18,10.06900
2010-08-19,10.06000
2010-08-20,10.06150
2010-08-21,10.06300
2010-08-22,10.06440
2010-08-23,10.06590
2010-08-24,10.06730
2010-08-25,10.06880
2010-08-26,10.06000
2010-08-27,10.06150
2010-08-28,10.06290
2010-08-29,10.06440
2010-08-30,10.06580
2010-08-31,10.06730
2010-09-01,10.06880
2010-09-02,10.06000
2010-09-03,10.06150
2010-09-04,10.06290
2010-09-05,10.06440
2010-09-06,10.06580
2010-09-07,10.06730
2010-09-08,10.06870
2010-09-09,10.06000
2010-09-10,10.06150
2010-09-11,10.06290
2010-09-12,10.06430
2010-09-13,10.06590
2010-09-14,10.06740
2010-09-15,10.06900
2010-09-16,10.06000
2010-09-17,10.06160
2010-09-18,10.06310
2010-09-19,10.06470
2010-09-20,10.06630
2010-09-21,10.06800
2010-09-22,10.06960
2010-09-23,10.06000
2010-09-24,10.06170
2010-09-25,10.06340
2010-09-26,10.06510
2010-09-27,10.06680
2010-09-28,10.06850
2010-09-29,10.06000
2010-09-30,10.06180
2010-10-01,10.06360
2010-10-02,10.06530
2010-10-03,10.06700
2010-10-04,10.06890
2010-10-05,10.07060
2010-10-06,10.07240
2010-10-07,10.06000
2010-10-08,10.06190
2010-10-09,10.06370
2010-10-10,10.06550
2010-10-11,10.06730
2010-10-12,10.06910
2010-10-13,10.07090
2010-10-14,10.06000
2010-10-15,10.06170
2010-10-16,10.06350
2010-10-17,10.06530
2010-10-18,10.06710
2010-10-19,10.06880
2010-10-20,10.07070
2010-10-21,10.06000
2010-10-22,10.06180
2010-10-23,10.06350
2010-10-24,10.06530
2010-10-25,10.06710
2010-10-26,10.06900
2010-10-27,10.07090
2010-10-28,10.06000
2010-10-29,10.06200
2010-10-30,10.06400
2010-10-31,10.06600
2010-11-01,10.06800
2010-11-02,10.06990
2010-11-03,10.07170
2010-11-04,10.06000
2010-11-05,10.06190
2010-11-06,10.06370
2010-11-07,10.06560
2010-11-08,10.06740
2010-11-09,10.06930
2010-11-10,10.07110
2010-11-11,10.06000
2010-11-12,10.06190
2010-11-13,10.06380
2010-11-14,10.06570
2010-11-15,10.06750
2010-11-16,10.06940
2010-11-17,10.07130
2010-11-18,10.06000
2010-11-19,10.06200
2010-11-20,10.06400
2010-11-21,10.06600
2010-11-22,10.06800
2010-11-23,10.07010
2010-11-24,10.07190
2010-11-25,10.06000
2010-11-26,10.06180
2010-11-27,10.06370
2010-11-28,10.06550
2010-11-29,10.06730
2010-11-30,10.06920
2010-12-01,10.07110
2010-12-02,10.06000
2010-12-03,10.06190
2010-12-04,10.06370
2010-12-05,10.06560
2010-12-06,10.06750
2010-12-07,10.06950
2010-12-08,10.07150
2010-12-09,10.06000
2010-12-10,10.06200
2010-12-11,10.06400
2010-12-12,10.06600
2010-12-13,10.06800
2010-12-14,10.06990
2010-12-15,10.07180
2010-12-16,10.06000
2010-12-17,10.06200
2010-12-18,10.06400
2010-12-19,10.06600
2010-12-20,10.06800
2010-12-21,10.07000
2010-12-22,10.07200
2010-12-23,10.06000
2010-12-24,10.06200
2010-12-25,10.06400
2010-12-26,10.06600
2010-12-27,10.06810
2010-12-28,10.07020
2010-12-29,10.07270
2010-12-30,10.06000
2010-12-31,10.06230
2011-01-01,10.06460
2011-01-02,10.06680
2011-01-03,10.06910
2011-01-04,10.07120
2011-01-05,10.07340
2011-01-06,10.06000
2011-01-07,10.06210
2011-01-08,10.06410
2011-01-09,10.06610
2011-01-10,10.06820
2011-01-11,10.07040
2011-01-12,10.07250
2011-01-13,10.06000
2011-01-14,10.06200
2011-01-15,10.06410
2011-01-16,10.06620
2011-01-17,10.06840
2011-01-18,10.07060
2011-01-19,10.07270
2011-01-20,10.06000
2011-01-21,10.06220
2011-01-22,10.06440
2011-01-23,10.06650
2011-01-24,10.06860
2011-01-25,10.07070
2011-01-26,10.07280
2011-01-27,10.06000
2011-01-28,10.06220
2011-01-29,10.06440
2011-01-30,10.06660
2011-01-31,10.06880
2011-02-01,10.07100
2011-02-02,10.07320
2011-02-03,10.06000
2011-02-04,10.06220
2011-02-05,10.06440
2011-02-06,10.06660
2011-02-07,10.06880
2011-02-08,10.07090
2011-02-09,10.07310
2011-02-10,10.06000
2011-02-11,10.06220
2011-02-12,10.06430
2011-02-13,10.06650
2011-02-14,10.06880
2011-02-15,10.07110
2011-02-16,10.07350
2011-02-17,10.06000
2011-02-18,10.06230
2011-02-19,10.06450
2011-02-20,10.06670
2011-02-21,10.06890
2011-02-22,10.07100
2011-02-23,10.07320
2011-02-24,10.06000
2011-02-25,10.06230
2011-02-26,10.06450
2011-02-27,10.06680
2011-02-28,10.06900
2011-03-01,10.07120
2011-03-02,10.07350
2011-03-03,10.06000
2011-03-04,10.06220
2011-03-05,10.06440
2011-03-06,10.06660
2011-03-07,10.06880
2011-03-08,10.07110
2011-03-09,10.07330
2011-03-10,10.06000
2011-03-11,10.06220
2011-03-12,10.06450
2011-03-13,10.06670
2011-03-14,10.06900
2011-03-15,10.07130
2011-03-16,10.07360
2011-03-17,10.06000
2011-03-18,10.06230
2011-03-19,10.06460
2011-03-20,10.06690
2011-03-21,10.06930
2011-03-22,10.07160
2011-03-23,10.07390
2011-03-24,10.06000
2011-03-25,10.06250
2011-03-26,10.06510
2011-03-27,10.06750
2011-03-28,10.07000
2011-03-29,10.07260
2011-03-30,10.07520
2011-03-31,10.06000
2011-04-01,10.06280
2011-04-02,10.06550
2011-04-03,10.06830
2011-04-04,10.07100
2011-04-05,10.07320
2011-04-06,10.07550
2011-04-07,10.06000
2011-04-08,10.06210
2011-04-09,10.06410
2011-04-10,10.06620
2011-04-11,10.06850
2011-04-12,10.07080
2011-04-13,10.06000
2011-04-14,10.06220
2011-04-15,10.06450
2011-04-16,10.06670
2011-04-17,10.06890
2011-04-18,10.07120
2011-04-19,10.07330
2011-04-20,10.07550
2011-04-21,10.06000
2011-04-22,10.06210
2011-04-23,10.06430
2011-04-24,10.06640
2011-04-25,10.06870
2011-04-26,10.07100
2011-04-27,10.07320
2011-04-28,10.06000
2011-04-29,10.06240
2011-04-30,10.06470
2011-05-01,10.06710
2011-05-02,10.06940
2011-05-03,10.07170
2011-05-04,10.07400
2011-05-05,10.06000
2011-05-06,10.06240
2011-05-07,10.06480
2011-05-08,10.06710
2011-05-09,10.06950
2011-05-10,10.07180
2011-05-11,10.07420
2011-05-12,10.06000
2011-05-13,10.06240
2011-05-14,10.06470
2011-05-15,10.06700
2011-05-16,10.06940
2011-05-17,10.07170
2011-05-18,10.07410
2011-05-19,10.06000
2011-05-20,10.06230
2011-05-21,10.06460
2011-05-22,10.06690
2011-05-23,10.06930
2011-05-24,10.07160
2011-05-25,10.07400
2011-05-26,10.06000
2011-05-27,10.06240
2011-05-28,10.06470
2011-05-29,10.06700
2011-05-30,10.06930
2011-05-31,10.07170
2011-06-01,10.07410
2011-06-02,10.06000
2011-06-03,10.06230
2011-06-04,10.06470
2011-06-05,10.06700
2011-06-06,10.06940
2011-06-07,10.07170
2011-06-08,10.07410
2011-06-09,10.06000
2011-06-10,10.06230
2011-06-11,10.06460
2011-06-12,10.06690
2011-06-13,10.06920
2011-06-14,10.07150
2011-06-15,10.07390
2011-06-16,10.06000
2011-06-17,10.06240
2011-06-18,10.06480
2011-06-19,10.06720
2011-06-20,10.06960
2011-06-21,10.07200
2011-06-22,10.07440
2011-06-23,10.06000
2011-06-24,10.06230
2011-06-25,10.06470
2011-06-26,10.06700
2011-06-27,10.06930
2011-06-28,10.07170
2011-06-29,10.07420
2011-06-30,10.06000
2011-07-01,10.06230
2011-07-02,10.06480
2011-07-03,10.06720
2011-07-04,10.06960
2011-07-05,10.07200
2011-07-06,10.07440
2011-07-07,10.06000
2011-07-08,10.06240
2011-07-09,10.06470
2011-07-10,10.06710
2011-07-11,10.06940
2011-07-12,10.07180
2011-07-13,10.07430
2011-07-14,10.06000
2011-07-15,10.06240
2011-07-16,10.06480
2011-07-17,10.06720
2011-07-18,10.06960
2011-07-19,10.07200
2011-07-20,10.07440
2011-07-21,10.06000
2011-07-22,10.06250
2011-07-23,10.06490
2011-07-24,10.06740
2011-07-25,10.06980
2011-07-26,10.07220
2011-07-27,10.07460
2011-07-28,10.06000
2011-07-29,10.06220
2011-07-30,10.06460
2011-07-31,10.06700
2011-08-01,10.06940
2011-08-02,10.07190
2011-08-03,10.07430
2011-08-04,10.06000
2011-08-05,10.06240
2011-08-06,10.06490
2011-08-07,10.06730
2011-08-08,10.06970
2011-08-09,10.07210
2011-08-10,10.07450
2011-08-11,10.06000
2011-08-12,10.06250
2011-08-13,10.06480
2011-08-14,10.06710
2011-08-15,10.06950
2011-08-16,10.07180
2011-08-17,10.07430
2011-08-18,10.06000
2011-08-19,10.06240
2011-08-20,10.06490
2011-08-21,10.06730
2011-08-22,10.06970
2011-08-23,10.07210
2011-08-24,10.07460
2011-08-25,10.06000
2011-08-26,10.06250
2011-08-27,10.06490
2011-08-28,10.06740
2011-08-29,10.06980
2011-08-30,10.07220
2011-08-31,10.07460
2011-09-01,10.07710
2011-09-02,10.06000
2011-09-03,10.06240
2011-09-04,10.06480
2011-09-05,10.06730
2011-09-06,10.06970
2011-09-07,10.07200
2011-09-08,10.06000
2011-09-09,10.06240
2011-09-10,10.06480
2011-09-11,10.06730
2011-09-12,10.06970
2011-09-13,10.07210
2011-09-14,10.07440
2011-09-15,10.06000
2011-09-16,10.06240
2011-09-17,10.06480
2011-09-18,10.06720
2011-09-19,10.06970
2011-09-20,10.07210
2011-09-21,10.07460
2011-09-22,10.06000
2011-09-23,10.06230
2011-09-24,10.06470
2011-09-25,10.06700
2011-09-26,10.06940
2011-09-27,10.07190
2011-09-28,10.07430
2011-09-29,10.06000
2011-09-30,10.06240
2011-10-01,10.06490
2011-10-02,10.06740
2011-10-03,10.06980
2011-10-04,10.07230
2011-10-05,10.06000
2011-10-06,10.06250
2011-10-07,10.06480
2011-10-08,10.06730
2011-10-09,10.06970
2011-10-10,10.07220
2011-10-11,10.07460
2011-10-12,10.07710
2011-10-13,10.06000
2011-10-14,10.06240
2011-10-15,10.06490
2011-10-16,10.06740
2011-10-17,10.06980
2011-10-18,10.07220
2011-10-19,10.07470
2011-10-20,10.06000
2011-10-21,10.06250
2011-10-22,10.06490
2011-10-23,10.06740
2011-10-24,10.06980
2011-10-25,10.07230
2011-10-26,10.07470
2011-10-27,10.07720
2011-10-28,10.06000
2011-10-29,10.06250
2011-10-30,10.06490
2011-10-31,10.06730
2011-11-01,10.06980
2011-11-02,10.07220
2011-11-03,10.06000
2011-11-04,10.06240
2011-11-05,10.06490
2011-11-06,10.06730
2011-11-07,10.06980
2011-11-08,10.07230
2011-11-09,10.06000
2011-11-10,10.06250
2011-11-11,10.06490
2011-11-12,10.06740
2011-11-13,10.06980
2011-11-14,10.07230
2011-11-15,10.07470
2011-11-16,10.07720
2011-11-17,10.06000
2011-11-18,10.06250
2011-11-19,10.06500
2011-11-20,10.06750
2011-11-21,10.06990
2011-11-22,10.07240
2011-11-23,10.07480
2011-11-24,10.06000
2011-11-25,10.06250
2011-11-26,10.06490
2011-11-27,10.06740
2011-11-28,10.06990
2011-11-29,10.07230
2011-11-30,10.07480
2011-12-01,10.06000
2011-12-02,10.06250
2011-12-03,10.06500
2011-12-04,10.06740
2011-12-05,10.06990
2011-12-06,10.07240
2011-12-07,10.07490
2011-12-08,10.06000
2011-12-09,10.06250
2011-12-10,10.06500
2011-12-11,10.06750
2011-12-12,10.07000
2011-12-13,10.07250
2011-12-14,10.07500
2011-12-15,10.06000
2011-12-16,10.06250
2011-12-17,10.06510
2011-12-18,10.06760
2011-12-19,10.07020
2011-12-20,10.07270
2011-12-21,10.07520
2011-12-22,10.06000
2011-12-23,10.06260
2011-12-24,10.06510
2011-12-25,1006.76530
2011-12-26,1007.02240
2011-12-27,1007.27960
2011-12-28,1007.53650
2011-12-29,1006.00000
2011-12-30,1006.26320
2011-12-31,1006.52640
2012-01-01,1006.78970
2012-01-02,1007.05230
2012-01-03,1007.31500
2012-01-04,1007.57670
2012-01-05,1006.00000
2012-01-06,1006.26280
2012-01-07,1006.52630
2012-01-08,1006.78980
2012-01-09,1007.05470
2012-01-10,1007.31690
2012-01-11,1007.57880
2012-01-12,1006.00000
2012-01-13,1006.26060
2012-01-14,1006.52120
2012-01-15,1006.78180
2012-01-16,1007.04320
2012-01-17,1007.30660
2012-01-18,1007.56910
2012-01-19,1006.00000
2012-01-20,1006.26070
2012-01-21,1006.52150
2012-01-22,1006.78230
2012-01-23,1007.04310
2012-01-24,1007.30530
2012-01-25,1006.00000
2012-01-26,1006.26200
2012-01-27,1006.52100
2012-01-28,1006.78310
2012-01-29,1007.04520
2012-01-30,1007.30870
2012-01-31,1007.57140
2012-02-01,1007.83210
2012-02-02,1006.00000
2012-02-03,1006.26190
2012-02-04,1006.52380
2012-02-05,1006.78570
2012-02-06,1007.04690
2012-02-07,1007.30840
2012-02-08,1007.57060
2012-02-09,1006.00000
2012-02-10,1006.26060
2012-02-11,1006.52110
2012-02-12,1006.78170
2012-02-13,1007.04370
2012-02-14,1007.30460
2012-02-15,1006.00000
2012-02-16,1006.26180
2012-02-17,1006.52350
2012-02-18,1006.78530
2012-02-19,1007.04700
2012-02-20,1007.30900
2012-02-21,1007.57160
2012-02-22,1007.83560
2012-02-23,1006.00000
2012-02-24,1006.25810
2012-02-25,1006.51550
2012-02-26,1006.77280
2012-02-27,1007.03480
2012-02-28,1007.29720
2012-02-29,1007.56160
2012-03-01,1006.00000
2012-03-02,1006.26440
2012-03-03,1006.52890
2012-03-04,1006.79340
2012-03-05,1007.05840
2012-03-06,1007.32460
2012-03-07,1006.00000
2012-03-08,1006.26270
2012-03-09,1006.52750
2012-03-10,1006.78880
2012-03-11,1007.05000
2012-03-12,1007.31070
2012-03-13,1007.57580
2012-03-14,1007.84080
2012-03-15,1006.00000
2012-03-16,1006.26900
2012-03-17,1006.53800
2012-03-18,1006.80700
2012-03-19,1007.07830
2012-03-20,1007.35220
2012-03-21,1007.62500
2012-03-22,1006.00000
2012-03-23,1006.25060
2012-03-24,1006.52600
2012-03-25,1006.80150
2012-03-26,1007.05660
2012-03-27,1007.33570
2012-03-28,1007.60080
2012-03-29,1006.00000
2012-03-30,1006.28070
2012-03-31,1006.59890
2012-04-01,1006.91710
2012-04-02,1007.22710
2012-04-03,1007.51640
2012-04-04,1006.00000
2012-04-05,1006.29090
2012-04-06,1006.58180
2012-04-07,1006.87440
2012-04-08,1007.16640
2012-04-09,1007.46600
2012-04-10,1007.73930
2012-04-11,1008.01710
2012-04-12,1006.00000
2012-04-13,1006.27570
2012-04-14,1006.54850
2012-04-15,1006.82120
2012-04-16,1007.10710
2012-04-17,1007.38450
2012-04-18,1007.67200
2012-04-19,1006.00000
2012-04-20,1006.28270
2012-04-21,1006.56390
2012-04-22,1006.84660
2012-04-23,1007.12810
2012-04-24,1007.40820
2012-04-25,1007.68540
2012-04-26,1006.00000
2012-04-27,1006.27980
2012-04-28,1006.55950
2012-04-29,1006.83930
2012-04-30,1007.11510
2012-05-01,1007.39220
2012-05-02,1007.67120
2012-05-03,1006.00000
2012-05-04,1006.28070
2012-05-05,1006.56140
2012-05-06,1006.83850
2012-05-07,1007.10880
2012-05-08,1007.38730
2012-05-09,1007.66040
2012-05-10,1006.00000
2012-05-11,1006.27680
2012-05-12,1006.55240
2012-05-13,1006.82810
2012-05-14,1007.10260
2012-05-15,1007.37720
2012-05-16,1007.65050
2012-05-17,1006.00000
2012-05-18,1006.27010
2012-05-19,1006.54020
2012-05-20,1006.81030
2012-05-21,1007.08320
2012-05-22,1007.35290
2012-05-23,1007.62340
2012-05-24,1006.00000
2012-05-25,1006.27000
2012-05-26,1006.53630
2012-05-27,1006.80270
2012-05-28,1007.07310
2012-05-29,1007.34280
2012-05-30,1007.61460
2012-05-31,1006.00000
2012-06-01,1006.27010
2012-06-02,1006.54020
2012-06-03,1006.81040
2012-06-04,1007.08210
2012-06-05,1007.35240
2012-06-06,1007.62460
2012-06-07,1006.00000
2012-06-08,1006.24770
2012-06-09,1006.53110
2012-06-10,1006.80950
2012-06-11,1007.07340
2012-06-12,1007.33930
2012-06-13,1007.59600
2012-06-14,1006.00000
2012-06-15,1006.26610
2012-06-16,1006.52800
2012-06-17,1006.78990
2012-06-18,1007.05130
2012-06-19,1007.31350
2012-06-20,1007.56710
2012-06-21,1006.00000
2012-06-22,1006.25480
2012-06-23,1006.50540
2012-06-24,1006.75610
2012-06-25,1007.00380
2012-06-26,1007.24900
2012-06-27,1007.48880
2012-06-28,1006.00000
2012-06-29,1006.26120
2012-06-30,1006.52240
2012-07-01,1006.78370
2012-07-02,1007.04490
2012-07-03,1007.29600
2012-07-04,1007.56040
2012-07-05,1006.00000
2012-07-06,1006.25900
2012-07-07,1006.51780
2012-07-08,1006.77650
2012-07-09,1007.03280
2012-07-10,1007.29180
2012-07-11,1007.54810
2012-07-12,1006.00000
2012-07-13,1006.26030
2012-07-14,1006.51590
2012-07-15,1006.77150
2012-07-16,1007.02490
2012-07-17,1007.27990
2012-07-18,1007.53000
2012-07-19,1006.00000
2012-07-20,1006.25440
2012-07-21,1006.50630
2012-07-22,1006.75810
2012-07-23,1007.01330
2012-07-24,1007.26710
2012-07-25,1007.52160
2012-07-26,1006.00000
2012-07-27,1006.25490
2012-07-28,1006.50970
2012-07-29,1006.76440
2012-07-30,1007.01850
2012-07-31,1007.27150
2012-08-01,1007.52480
2012-08-02,1006.00000
2012-08-03,1006.25460
2012-08-04,1006.50570
2012-08-05,1006.75680
2012-08-06,1007.01040
2012-08-07,1007.26420
2012-08-08,1007.51480
2012-08-09,1006.00000
2012-08-10,1006.25310
2012-08-11,1006.50400
2012-08-12,1006.75490
2012-08-13,1007.00410
2012-08-14,1007.25780
2012-08-15,1007.51180
2012-08-16,1006.00000
2012-08-17,1006.24790
2012-08-18,1006.49260
2012-08-19,1006.73730
2012-08-20,1006.98210
2012-08-21,1007.22730
2012-08-22,1007.47430
2012-08-23,1006.00000
2012-08-24,1006.24800
2012-08-25,1006.49500
2012-08-26,1006.74210
2012-08-27,1006.98550
2012-08-28,1007.22650
2012-08-29,1007.46940
2012-08-30,1006.00000
2012-08-31,1006.24390
2012-09-01,1006.48820
2012-09-02,1006.73240
2012-09-03,1006.97160
2012-09-04,1007.21020
2012-09-05,1007.44680
2012-09-06,1006.00000
2012-09-07,1006.25530
2012-09-08,1006.49180
2012-09-09,1006.72830
2012-09-10,1006.96740
2012-09-11,1007.20720
2012-09-12,1007.45000
2012-09-13,1006.00000
2012-09-14,1006.24250
2012-09-15,1006.48510
2012-09-16,1006.72780
2012-09-17,1006.96510
2012-09-18,1007.20660
2012-09-19,1007.44790
2012-09-20,1006.00000
2012-09-21,1006.23790
2012-09-22,1006.47400
2012-09-23,1006.71010
2012-09-24,1006.94360
2012-09-25,1007.17720
2012-09-26,1007.41170
2012-09-27,1006.00000
2012-09-28,1006.23690
2012-09-29,1006.47410
2012-09-30,1006.71130
2012-10-01,1006.94420
2012-10-02,1007.17550
2012-10-03,1007.40420
2012-10-04,1006.00000
2012-10-05,1006.23530
2012-10-06,1006.46490
2012-10-07,1006.69720
2012-10-08,1006.93100
2012-10-09,1007.16160
2012-10-10,1007.39420
2012-10-11,1006.00000
2012-10-12,1006.23400
2012-10-14,1006.70280
2012-10-15,1006.93480
2012-10-16,1007.16550
2012-10-17,1007.39580
2012-10-18,1006.00000
2012-10-19,1006.23290
2012-10-21,1006.69730
2012-10-22,1006.92620
2012-10-23,1007.15660
2012-10-24,1007.38580
2012-10-25,1006.00000
2012-10-28,1006.69230
2012-10-29,1006.92250
2012-10-30,1007.15280
2012-10-31,1007.38390
2012-11-01,1006.00000
2012-11-02,1006.23100
2012-11-04,1006.69230
2012-11-05,1006.92280
2012-11-06,1007.15320
2012-11-07,1007.38370
2012-11-08,1006.00000
2012-11-09,1006.23090
2012-11-11,1006.69290
2012-11-12,1006.92410
2012-11-14,1007.38650
2012-11-15,1006.00000
2012-11-16,1006.23100
2012-11-18,1006.69160
2012-11-19,1006.92070
2012-11-20,1007.14950
2012-11-21,1007.37870
2012-11-22,1006.00000
2012-11-23,1006.23110
2012-11-25,1006.69330
2012-11-26,1006.92230
2012-11-27,1007.15260
2012-11-28,1007.38310
2012-11-29,1006.00000
2012-11-30,1006.22860
2012-12-02,1006.68640
2012-12-03,1006.91570
2012-12-04,1007.14340
2012-12-05,1007.37070
2012-12-06,1006.00000
2012-12-07,1006.23120
2012-12-09,1006.69400
2012-12-10,1006.92430
2012-12-11,1007.15470
2012-12-12,1007.38600
2012-12-13,1006.00000
2012-12-14,1006.23110
2012-12-16,1006.69360
2012-12-17,1006.92740
2012-12-18,1007.16070
2012-12-19,1007.39370
2012-12-20,1006.00000
2012-12-21,1006.23290
2012-12-23,1006.70050
2012-12-24,1006.93550
2012-12-25,1007.16940
2012-12-26,1007.40270
2012-12-27,1006.00000
2012-12-28,1006.24180
2012-12-30,1006.72030
2012-12-31,1006.95550
2013-01-01,1007.18780
2013-01-02,1007.42240
2013-01-03,1006.00000
2013-01-04,1006.24540
2013-01-06,1006.70790
2013-01-07,1006.94030
2013-01-08,1007.17370
2013-01-09,1007.40620
2013-01-10,1006.00000
2013-01-11,1006.24810
2013-01-13,1006.71190
2013-01-14,1006.94510
2013-01-15,1007.17890
2013-01-16,1007.41090
2013-01-17,1006.00000
2013-01-18,1006.23410
2013-01-20,1006.69750
2013-01-21,1006.93080
2013-01-22,1007.16510
2013-01-23,1007.39720
2013-01-24,1006.00000
2013-01-27,1006.69890
2013-01-28,1006.92790
2013-01-29,1007.15850
2013-01-30,1007.38900
2013-01-31,1006.00000
2013-02-01,1006.23050
2013-02-03,1006.68720
2013-02-04,1006.91430
2013-02-05,1007.14090
2013-02-06,1007.36740
2013-02-07,1006.00000
2013-02-08,1006.22710
2013-02-10,1006.67760
2013-02-11,1006.90500
2013-02-12,1007.13420
2013-02-13,1007.36380
2013-02-14,1006.00000
2013-02-15,1006.23320
2013-02-17,1006.68410
2013-02-18,1006.91280
2013-02-19,1007.15340
2013-02-20,1007.38040
2013-02-21,1006.00000
2013-02-22,1006.22790
2013-02-24,1006.68150
2013-02-25,1006.90930
2013-02-26,1007.13590
2013-02-27,1007.36420
2013-02-28,1006.00000
2013-03-01,1006.22890
2013-03-03,1006.68490
2013-03-04,1006.91250
2013-03-05,1007.14060
2013-03-06,1007.37450
2013-03-07,1006.00000
2013-03-08,1006.23750
2013-03-10,1006.70700
2013-03-11,1006.94010
2013-03-12,1007.17510
2013-03-13,1007.41110
2013-03-14,1006.00000
2013-03-15,1006.24400
2013-03-17,1006.72210
2013-03-18,1006.96370
2013-03-19,1007.20530
2013-03-20,1007.44820
2013-03-21,1006.00000
2013-03-22,1006.26040
2013-03-24,1006.76770
2013-03-25,1007.02270
2013-03-26,1007.28880
2013-03-27,1007.55300
2013-03-28,1006.00000
2013-03-31,1006.79450
2013-04-01,1007.05920
2013-04-02,1007.35330
2013-04-03,1007.60570
2013-04-04,1006.00000
2013-04-05,1006.29030
2013-04-07,1006.76010
2013-04-08,1006.99690
2013-04-09,1007.23120
2013-04-10,1006.00000
2013-04-11,1006.23850
2013-04-12,1006.47790
2013-04-14,1006.95020
2013-04-15,1007.18770
2013-04-16,1007.42690
2013-04-17,1007.65790
2013-04-18,1006.00000
2013-04-21,1006.70650
2013-04-22,1006.93860
2013-04-23,1007.17400
2013-04-24,1007.40720
2013-04-25,1006.00000
2013-04-26,1006.23670
2013-04-28,1006.70230
2013-04-29,1006.93490
2013-04-30,1007.16900
2013-05-01,1007.40270
2013-05-02,1006.00000
2013-05-03,1006.23530
2013-05-05,1006.69760
2013-05-06,1006.92910
2013-05-07,1007.16180
2013-05-08,1007.39200
2013-05-09,1006.00000
2013-05-10,1006.23350
2013-05-12,1006.68820
2013-05-13,1006.91510
2013-05-14,1007.15320
2013-05-15,1007.38340
2013-05-16,1006.00000
2013-05-17,1006.22960
2013-05-19,1006.67850
2013-05-20,1006.90240
2013-05-21,1007.12800
2013-05-22,1007.35490
2013-05-23,1006.00000
2013-05-24,1006.22470
2013-05-26,1006.67010
2013-05-27,1006.89310
2013-05-28,1007.11980
2013-05-29,1007.34510
2013-05-30,1006.00000
2013-05-31,1006.23340
2013-06-02,1006.68270
2013-06-03,1006.91170
2013-06-04,1007.12910
2013-06-05,1007.35050
2013-06-06,1006.00000
2013-06-07,1006.22150
2013-06-09,1006.66120
2013-06-10,1006.88340
2013-06-11,1007.09830
2013-06-12,1007.32150
2013-06-13,1006.00000
2013-06-14,1006.22020
2013-06-16,1006.65650
2013-06-17,1006.87320
2013-06-18,1007.10730
2013-06-19,1007.33700
2013-06-20,1006.00000
2013-06-21,1006.21710
2013-06-23,1006.65340
2013-06-24,1006.87460
2013-06-25,1007.10190
2013-06-26,1007.32340
2013-06-27,1006.00000
2013-06-28,1006.32830
2013-07-01,1007.01060
2013-07-02,1007.23760
2013-07-03,1007.46520
2013-07-04,1006.00000
2013-07-05,1006.21580
2013-07-07,1006.64850
2013-07-08,1006.86690
2013-07-09,1007.11330
2013-07-10,1007.32430
2013-07-11,1006.00000
2013-07-12,1006.23750
2013-07-14,1006.66970
2013-07-15,1006.88780
2013-07-16,1004.33040
2013-07-17,1004.68990
2013-07-18,1005.23020
2013-07-19,1005.50480
2013-07-21,1006.04480
2013-07-22,1006.32150
2013-07-23,1006.55640
2013-07-24,1005.59270
2013-07-25,1005.90140
2013-07-26,1006.21320
2013-07-28,1006.83530
2013-07-29,1007.15050
2013-07-30,1007.47360
2013-07-31,1007.79290
2013-08-01,1006.00000
2013-08-02,1006.29380
2013-08-04,1006.88250
2013-08-05,1007.19420
2013-08-06,1007.50920
2013-08-07,1007.81580
2013-08-08,1006.00000
2013-08-11,1006.92710
2013-08-12,1007.23390
2013-08-13,1007.54310
2013-08-14,1006.00000
2013-08-15,1006.30170
2013-08-16,1006.60260
2013-08-18,1007.21030
2013-08-19,1007.50920
2013-08-20,1007.80900
2013-08-21,1008.11450
2013-08-22,1006.30100
2013-08-23,1006.60270
2013-08-25,1007.20520
2013-08-26,1007.50150
2013-08-27,1007.79720
2013-08-28,1008.09110
2013-08-29,1006.29260
2013-08-30,1006.59240
2013-09-01,1007.18470
2013-09-02,1007.47920
2013-09-03,1007.77220
2013-09-04,1008.05780
2013-09-05,1006.29630
2013-09-06,1006.60550
2013-09-09,1007.45260
2013-09-10,1007.73950
2013-09-11,1008.02660
2013-09-12,1006.28650
2013-09-13,1006.58790
2013-09-15,1007.17210
2013-09-16,1007.46370
2013-09-17,1007.75300
2013-09-18,1008.05160
2013-09-19,1006.33060
2013-09-20,1006.63380
2013-09-22,1007.20630
2013-09-23,1007.48770
2013-09-24,1007.76840
2013-09-25,1008.06540
2013-09-26,1006.29100
2013-09-27,1006.57600
2013-09-29,1007.14260
2013-09-30,1007.46310
2013-10-01,1007.75480
2013-10-02,1006.28540
2013-10-03,1006.56820
2013-10-04,1006.87050
2013-10-06,1007.44040
2013-10-07,1007.71730
2013-10-08,1008.07880
2013-10-09,1008.35260
2013-10-10,1006.30730
2013-10-11,1006.57510
2013-10-13,1007.11060
2013-10-14,1007.37840
2013-10-15,1007.65560
2013-10-16,1006.28530
2013-10-17,1006.55220
2013-10-18,1006.82660
2013-10-20,1007.36660
2013-10-21,1007.63270
2013-10-22,1007.90010
2013-10-23,1008.17840
2013-10-24,1006.28230
2013-10-25,1006.54980
2013-10-27,1007.08360
2013-10-28,1007.34990
2013-10-29,1007.61690
2013-10-30,1007.87930
2013-10-31,1006.27850
2013-11-01,1006.54120
2013-11-04,1007.32960
2013-11-05,1007.59100
2013-11-06,1007.86460
2013-11-07,1006.26930
2013-11-08,1006.52760
2013-11-10,1007.03780
2013-11-11,1007.29330
2013-11-12,1007.54410
2013-11-13,1007.79900
2013-11-14,1006.26590
2013-11-17,1007.04620
2013-11-18,1007.28950
2013-11-19,1007.53400
2013-11-20,1007.78360
2013-11-21,1006.26420
2013-11-22,1006.50510
2013-11-24,1006.98680
2013-11-25,1007.24090
2013-11-26,1007.48330
2013-11-27,1007.75050
2013-11-28,1006.26580
2013-11-29,1006.51760
2013-12-01,1006.99790
2013-12-02,1007.23870
2013-12-03,1007.47700
2013-12-04,1007.71390
2013-12-05,1006.25730
2013-12-06,1006.49690
2013-12-08,1006.97600
2013-12-09,1007.21830
2013-12-10,1007.45930
2013-12-11,1007.70260
2013-12-12,1006.25770
2013-12-13,1006.50340
2013-12-15,1006.99700
2013-12-16,1007.23990
2013-12-17,1007.48440
2013-12-18,1007.73270
2013-12-19,1006.26220
2013-12-20,1006.50140
2013-12-22,1006.99000
2013-12-23,1007.23280
2013-12-24,1007.47640
2013-12-25,1006.26270
2013-12-26,1006.50710
2013-12-27,1006.75100
2013-12-29,1007.23480
2013-12-30,1007.47770
2013-12-31,1007.73690
2014-01-01,1007.98950
2014-01-02,1006.27180
2014-01-03,1006.50820
2014-01-05,1006.98960
2014-01-06,1007.23080
2014-01-07,1007.47090
2014-01-08,1007.71180
2014-01-09,1006.25630
2014-01-10,1006.50040
2014-01-12,1006.98060
2014-01-13,1007.21720
2014-01-14,1007.45860
2014-01-15,1007.69850
2014-01-16,1006.25980
2014-01-17,1006.49880
2014-01-19,1006.98450
2014-01-20,1007.22730
2014-01-21,1007.46370
2014-01-22,1007.70300
2014-01-23,1006.25660
2014-01-24,1006.49110
2014-01-26,1006.96100
2014-01-27,1007.19750
2014-01-28,1007.43180
2014-01-29,1007.67330
2014-01-30,1006.24870
2014-01-31,1006.48520
2014-02-02,1006.95420
2014-02-03,1007.19280
2014-02-04,1007.42590
2014-02-05,1007.65970
2014-02-06,1006.25290
2014-02-07,1006.48850
2014-02-09,1006.96010
2014-02-10,1007.19630
2014-02-11,1007.43370
2014-02-12,1007.66980
2014-02-13,1006.25470
2014-02-14,1006.49080
2014-02-16,1006.96310
2014-02-17,1007.19910
2014-02-18,1007.43480
2014-02-19,1007.67070
2014-02-20,1006.25090
2014-02-21,1006.48540
2014-02-23,1006.95460
2014-02-24,1007.19190
2014-02-25,1007.42430
2014-02-26,1007.66390
2014-02-27,1006.25460
2014-02-28,1006.49260
2014-03-02,1006.96870
2014-03-03,1007.20620
2014-03-04,1007.44440
2014-03-05,1007.68140
2014-03-06,1006.25720
2014-03-07,1006.50270
2014-03-09,1006.99370
2014-03-10,1007.23920
2014-03-11,1007.49070
2014-03-12,1007.73670
2014-03-13,1006.26420
2014-03-14,1006.51270
2014-03-17,1007.28400
2014-03-18,1007.54160
2014-03-19,1007.79880
2014-03-20,1006.27560
2014-03-21,1006.53380
2014-03-23,1007.05910
2014-03-24,1007.32010
2014-03-25,1007.59390
2014-03-26,1007.86500
2014-03-27,1006.31420
2014-03-28,1006.83500
2014-04-01,1007.87730
2014-04-02,1008.12280
2014-04-03,1006.30480
2014-04-04,1006.56290
2014-04-06,1007.08140
2014-04-07,1007.33260
2014-04-08,1007.58380
2014-04-09,1007.84170
2014-04-10,1006.28980
2014-04-11,1006.54250
2014-04-14,1007.30090
2014-04-15,1007.55230
2014-04-16,1007.79970
2014-04-17,1006.28200
2014-04-20,1007.02780
2014-04-21,1007.27620
2014-04-22,1007.52360
2014-04-23,1007.77380
2014-04-24,1006.28350
2014-04-25,1006.52960
2014-04-27,1007.03790
2014-04-28,1007.28760
2014-04-29,1007.53740
2014-04-30,1007.78520
2014-05-01,1006.28450
2014-05-02,1006.52940
2014-05-04,1007.02430
2014-05-05,1007.26750
2014-05-06,1007.50950
2014-05-07,1007.75550
2014-05-08,1006.28000
2014-05-09,1006.52190
2014-05-11,1007.00540
2014-05-12,1007.24970
2014-05-13,1007.49370
2014-05-14,1006.28360
2014-05-15,1006.52150
2014-05-16,1006.76010
2014-05-18,1007.23530
2014-05-19,1007.47790
2014-05-20,1007.71840
2014-05-21,1007.96500
2014-05-22,1006.27850
2014-05-23,1006.51740
2014-05-25,1007.00280
2014-05-26,1007.24420
2014-05-27,1007.48090
2014-05-28,1007.72620
2014-05-29,1006.27760
2014-05-30,1006.51030
2014-06-01,1006.97790
2014-06-02,1007.21420
2014-06-03,1007.45340
2014-06-04,1007.69340
2014-06-05,1006.27470
2014-06-06,1006.50820
2014-06-08,1006.97430
2014-06-09,1007.20970
2014-06-10,1007.44670
2014-06-11,1007.68210
2014-06-12,1006.27630
2014-06-13,1006.51350
2014-06-15,1006.98760
2014-06-16,1007.22420
2014-06-17,1007.45990
2014-06-18,1007.69540
2014-06-19,1006.27460
2014-06-20,1006.50740
2014-06-22,1006.97670
2014-06-23,1007.21000
2014-06-24,1007.44310
2014-06-25,1007.67630
2014-06-26,1006.27350
2014-06-27,1006.50880
2014-06-29,1006.98400
2014-06-30,1007.22120
2014-07-01,1007.46140
2014-07-02,1007.70170
2014-07-03,1006.27340
2014-07-04,1006.51350
2014-07-06,1006.99280
2014-07-07,1007.22420
2014-07-08,1007.46480
2014-07-09,1007.69840
2014-07-10,1006.27370
2014-07-11,1006.50280
2014-07-13,1006.96870
2014-07-14,1007.20030
2014-07-15,1007.43360
2014-07-16,1007.66650
2014-07-17,1006.27200
2014-07-18,1006.49930
2014-07-20,1006.97030
2014-07-21,1007.20320
2014-07-22,1007.43620
2014-07-23,1007.66920
2014-07-24,1006.27250
2014-07-25,1006.49620
2014-07-27,1006.96970
2014-07-28,1007.20160
2014-07-29,1007.43360
2014-07-30,1007.66490
2014-07-31,1006.27180
2014-08-01,1006.50390
2014-08-03,1006.96810
2014-08-04,1007.19920
2014-08-05,1007.43170
2014-08-06,1007.67100
2014-08-07,1006.26730
2014-08-08,1006.49580
2014-08-10,1006.95950
2014-08-11,1007.19070
2014-08-12,1007.42220
2014-08-13,1007.65390
2014-08-14,1006.27050
2014-08-18,1007.21050
2014-08-19,1007.43970
2014-08-20,1007.67220
2014-08-21,1006.27180
2014-08-22,1006.50720
2014-08-24,1006.97700
2014-08-25,1007.20840
2014-08-26,1007.44530
2014-08-27,1007.68540
2014-08-28,1006.26940
2014-08-31,1006.97490
2014-09-01,1007.20910
2014-09-02,1007.44360
2014-09-03,1007.66800
2014-09-04,1006.26980
2014-09-05,1006.50610
2014-09-07,1006.97480
2014-09-08,1007.21180
2014-09-09,1007.44860
2014-09-10,1007.68440
2014-09-11,1006.27250
2014-09-12,1006.50750
2014-09-14,1006.97860
2014-09-15,1007.21210
2014-09-16,1007.45050
2014-09-17,1007.69150
2014-09-18,1006.28080
2014-09-19,1006.49220
2014-09-21,1006.98390
2014-09-22,1007.22390
2014-09-23,1007.46740
2014-09-24,1007.70500
2014-09-25,1006.28090
2014-09-26,1006.51530
2014-09-28,1006.99110
2014-09-29,1007.23240
2014-09-30,1007.54550
2014-10-01,1007.79230
2014-10-06,1007.22530
2014-10-07,1007.46810
2014-10-08,1007.71850
2014-10-09,1006.27860
2014-10-10,1006.51260
2014-10-12,1006.98050
2014-10-13,1007.21480
2014-10-14,1007.45030
2014-10-15,1006.27280
2014-10-16,1006.50380
2014-10-17,1006.74570
2014-10-19,1007.21980
2014-10-20,1007.45650
2014-10-21,1007.69360
2014-10-22,1007.93290
2014-10-26,1006.98630
2014-10-27,1007.22140
2014-10-28,1007.45780
2014-10-29,1007.69450
2014-10-30,1006.27340
2014-10-31,1006.50770
2014-11-02,1006.97620
2014-11-03,1007.21050
2014-11-04,1007.44460
2014-11-05,1007.68210
2014-11-06,1006.27640
2014-11-07,1006.50980
2014-11-09,1006.97470
2014-11-10,1007.20790
2014-11-11,1007.44270
2014-11-12,1007.68120
2014-11-13,1006.27230
2014-11-14,1006.50470
2014-11-16,1006.97090
2014-11-17,1007.20520
2014-11-18,1007.43820
2014-11-19,1007.67070
2014-11-20,1006.27170
2014-11-21,1006.50260
2014-11-23,1006.96340
2014-11-24,1007.19420
2014-11-25,1007.42570
2014-11-26,1007.65710
2014-11-27,1006.27060
2014-11-28,1006.50130
2014-11-30,1006.96370
2014-12-01,1007.19660
2014-12-02,1007.43020
2014-12-03,1007.66210
2014-12-04,1006.27060
2014-12-05,1006.50060
2014-12-07,1006.95940
2014-12-08,1007.19200
2014-12-09,1007.42070
2014-12-10,1007.65260
2014-12-11,1006.26950
2014-12-12,1006.49960
2014-12-14,1006.96270
2014-12-15,1007.19410
2014-12-16,1007.42700
2014-12-17,1007.66070
2014-12-18,1006.26850
2014-12-19,1006.49960
2014-12-21,1006.96680
2014-12-22,1007.19710
2014-12-23,1007.42880
2014-12-24,1007.66470
2014-12-25,1006.27100
2014-12-26,1006.49560
2014-12-28,1006.96090
2014-12-29,1007.19180
2014-12-30,1007.43330
2014-12-31,1007.66880
2015-01-01,1006.27320
2015-01-02,1006.50380
2015-01-04,1006.97160
2015-01-05,1007.20690
2015-01-06,1007.44020
2015-01-07,1007.67340
2015-01-08,1006.27270
2015-01-09,1006.50770
2015-01-11,1006.97770
2015-01-12,1007.20990
2015-01-13,1007.44220
2015-01-14,1007.67490
2015-01-15,1006.27760
2015-01-16,1006.50840
2015-01-18,1006.97150
2015-01-19,1007.20480
2015-01-20,1007.43840
2015-01-21,1007.67040
2015-01-22,1006.27170
2015-01-23,1006.50370
2015-01-26,1007.20070
2015-01-27,1007.43020
2015-01-28,1007.66190
2015-01-29,1006.27120
2015-01-30,1006.50020
2015-02-01,1006.95900
2015-02-02,1007.18860
2015-02-03,1007.41870
2015-02-04,1007.64860
2015-02-05,1006.27100
2015-02-06,1006.50080
2015-02-08,1006.96080
2015-02-09,1007.19270
2015-02-10,1007.42320
2015-02-11,1007.65340
2015-02-12,1006.27000
2015-02-13,1006.49630
2015-02-15,1006.95760
2015-02-16,1007.18780
2015-02-17,1007.41800
2015-02-18,1007.64980
2015-02-19,1006.26870
2015-02-20,1006.49750
2015-02-22,1006.95280
2015-02-23,1007.18590
2015-02-24,1007.41710
2015-02-25,1007.64980
2015-02-26,1006.27130
2015-02-27,1006.50180
2015-03-01,1006.96810
2015-03-02,1007.19720
2015-03-03,1007.42830
2015-03-04,1007.66320
2015-03-05,1006.26810
2015-03-08,1006.95810
2015-03-09,1007.18970
2015-03-10,1007.42170
2015-03-11,1007.65470
2015-03-12,1006.27500
2015-03-13,1006.51080
2015-03-15,1006.99150
2015-03-16,1007.22610
2015-03-17,1007.45990
2015-03-18,1007.69260
2015-03-19,1006.27570
2015-03-20,1006.51260
2015-03-22,1006.98900
2015-03-23,1007.23190
2015-03-24,1007.45950
2015-03-25,1007.69560
2015-03-26,1006.28860
2015-03-27,1006.55770
2015-03-29,1007.04690
2015-03-30,1007.30230
2015-03-31,1008.01860
2015-04-05,1007.40710
2015-04-06,1007.73620
2015-04-07,1008.00160
2015-04-08,1008.22760
2015-04-09,1006.46820
2015-04-10,1006.69660
2015-04-12,1007.17820
2015-04-13,1007.41700
2015-04-14,1007.65590
2015-04-15,1007.88500
2015-04-16,1006.45000
2015-04-17,1006.69170
2015-04-19,1007.16130
2015-04-20,1007.39450
2015-04-21,1007.62910
2015-04-22,1007.86390
2015-04-23,1006.44950
2015-04-24,1006.68850
2015-04-26,1007.15700
2015-04-27,1007.39100
2015-04-28,1007.62230
2015-04-29,1007.85470
2015-04-30,1006.45630
2015-05-04,1007.39250
2015-05-05,1007.62710
2015-05-06,1007.85730
2015-05-07,1006.45180
2015-05-08,1006.68300
2015-05-10,1007.14590
2015-05-11,1007.37530
2015-05-12,1007.60570
2015-05-13,1007.83810
2015-05-14,1006.45110
2015-05-15,1006.68250
2015-05-17,1007.14610
2015-05-18,1007.37450
2015-05-19,1007.60380
2015-05-20,1007.83320
2015-05-21,1006.44930
2015-05-22,1006.68030
2015-05-24,1007.14180
2015-05-25,1007.36780
2015-05-26,1007.59380
2015-05-27,1007.82050
2015-05-28,1006.44810
2015-05-29,1006.67610
2015-05-31,1007.13140
2015-06-01,1007.35840
2015-06-02,1007.59020
2015-06-03,1007.81630
2015-06-04,1006.44610
2015-06-05,1006.67650
2015-06-07,1007.12560
2015-06-08,1007.35370
2015-06-09,1007.58070
2015-06-10,1007.80830
2015-06-11,1006.44290
2015-06-12,1006.66570
2015-06-14,1007.11550
2015-06-15,1007.33590
2015-06-16,1007.56020
2015-06-17,1007.77960
2015-06-18,1006.44520
2015-06-19,1006.67390
2015-06-21,1007.11580
2015-06-22,1007.33870
2015-06-23,1007.56050
2015-06-24,1007.77530
2015-06-25,1006.43610
2015-06-26,1006.65800
2015-06-28,1007.10100
2015-06-29,1007.33220
2015-06-30,1007.57920
2015-07-01,1007.80560
2015-07-02,1006.44290
2015-07-03,1006.65590
2015-07-05,1007.10480
2015-07-06,1007.33400
2015-07-07,1007.55200
2015-07-08,1007.76870
2015-07-09,1006.44090
2015-07-10,1006.66290
2015-07-12,1007.09980
2015-07-13,1007.31780
2015-07-14,1007.54240
2015-07-15,1007.76260
2015-07-16,1006.43730
2015-07-17,1006.65800
2015-07-19,1007.09660
2015-07-20,1007.31640
2015-07-21,1007.53480
2015-07-22,1007.75450
2015-07-23,1006.43640
2015-07-24,1006.65300
2015-07-26,1007.08350
2015-07-27,1007.30490
2015-07-28,1007.52210
2015-07-29,1007.74060
2015-07-30,1006.43650
2015-07-31,1006.65300
2015-08-02,1007.08570
2015-08-03,1007.30120
2015-08-04,1007.51650
2015-08-05,1007.73230
2015-08-06,1006.43800
2015-08-07,1006.65420
2015-08-09,1007.08480
2015-08-10,1007.30010
2015-08-11,1007.51480
2015-08-12,1007.72950
2015-08-13,1006.43270
2015-08-14,1006.64450
2015-08-16,1007.07170
2015-08-17,1007.28510
2015-08-18,1007.49850
2015-08-19,1007.71130
2015-08-20,1006.43130
2015-08-21,1006.64250
2015-08-23,1007.06440
2015-08-24,1007.27340
2015-08-25,1007.48040
2015-08-26,1007.68920
2015-08-27,1006.42850
2015-08-28,1006.63610
2015-08-30,1007.05250
2015-08-31,1007.26100
2015-09-01,1007.46930
2015-09-02,1007.67880
2015-09-03,1006.42810
2015-09-04,1006.63690
2015-09-06,1007.05470
2015-09-07,1007.26430
2015-09-08,1007.47200
2015-09-09,1007.68420
2015-09-10,1006.41940
2015-09-11,1006.62900
2015-09-13,1007.04610
2015-09-14,1007.25550
2015-09-15,1007.46260
2015-09-16,1007.67000
2015-09-17,1006.42800
2015-09-18,1006.63840
2015-09-20,1007.05810
2015-09-21,1007.27290
2015-09-22,1007.48090
2015-09-23,1007.68430
2015-09-24,1006.43720
2015-09-27,1007.07300
2015-09-28,1007.29000
2015-09-29,1007.62540
2015-09-30,1007.85520
2015-10-01,1006.43640
2015-10-04,1007.05280
2015-10-05,1007.25910
2015-10-06,1007.47500
2015-10-07,1007.68360
2015-10-08,1006.43090
2015-10-09,1006.63670
2015-10-11,1007.04990
2015-10-12,1007.25680
2015-10-13,1007.46450
2015-10-14,1007.67300
2015-10-15,1006.42800
2015-10-16,1006.63900
2015-10-18,1007.06190
2015-10-19,1007.26500
2015-10-20,1007.47110
2015-10-21,1007.68280
2015-10-22,1006.42960
2015-10-23,1006.63770
2015-10-25,1007.05270
2015-10-26,1007.26050
2015-10-27,1007.47250
2015-10-28,1007.67870
2015-10-29,1006.42460
2015-10-30,1006.63090
2015-11-01,1007.04980
2015-11-02,1007.25760
2015-11-03,1007.46590
2015-11-04,1007.67460
2015-11-05,1006.42800
2015-11-06,1006.63570
2015-11-08,1007.05070
2015-11-09,1007.26150
2015-11-10,1007.46270
2015-11-12,1006.63910
2015-11-13,1006.84110
2015-11-15,1007.25550
2015-11-16,1007.46100
2015-11-17,1007.66730
2015-11-18,1007.87190
2015-11-19,1006.42440
2015-11-20,1006.62910
2015-11-22,1007.03900
2015-11-23,1007.24290
2015-11-24,1007.44760
2015-11-25,1006.42390
2015-11-26,1006.62790
2015-11-27,1006.83270
2015-11-29,1007.24270
2015-11-30,1007.44580
2015-12-01,1007.64800
2015-12-02,1007.84950
2015-12-03,1006.41980
2015-12-04,1006.61670
2015-12-06,1007.00730
2015-12-07,1007.20750
2015-12-08,1007.41120
2015-12-09,1007.61030
2015-12-10,1006.42600
2015-12-11,1006.62670
2015-12-13,1007.02830
2015-12-14,1007.22700
2015-12-15,1007.43080
2015-12-16,1007.64010
2015-12-17,1006.42850
2015-12-18,1006.63920
2015-12-20,1007.05510
2015-12-21,1007.26290
2015-12-22,1007.46690
2015-12-23,1007.67150
2015-12-27,1007.06720
2015-12-28,1007.27560
2015-12-29,1007.48920
2015-12-30,1007.71440
2015-12-31,1006.44020
2016-01-01,1006.64950
2016-01-03,1007.06130
2016-01-04,1007.27280
2016-01-05,1007.48530
2016-01-06,1007.69150
2016-01-07,1006.42410
2016-01-08,1006.62910
2016-01-10,1007.05040
2016-01-11,1007.25770
2016-01-12,1007.45760
2016-01-13,1007.66340
2016-01-14,1006.40470
2016-01-15,1006.61820
2016-01-17,1007.03380
2016-01-18,1007.23580
2016-01-19,1007.42370
2016-01-20,1007.63860
2016-01-21,1006.42850
2016-01-22,1006.63480
2016-01-24,1007.04830
2016-01-25,1007.25370
2016-01-26,1007.46110
2016-01-27,1007.66670
2016-01-28,1006.42560
2016-01-29,1006.62070
2016-01-31,1007.03840
2016-02-01,1007.24900
2016-02-02,1007.45340
2016-02-03,1007.66410
2016-02-04,1006.42680
2016-02-05,1006.63640
2016-02-07,1007.05620
2016-02-08,1007.26530
2016-02-09,1007.47570
2016-02-10,1007.68640
2016-02-11,1006.42960
2016-02-12,1006.64000
2016-02-14,1007.06100
2016-02-15,1007.27190
2016-02-16,1007.48300
2016-02-17,1007.69360
2016-02-18,1006.43180
2016-02-21,1007.07400
2016-02-22,1007.28240
2016-02-23,1007.49140
2016-02-24,1007.69830
2016-02-25,1006.42680
2016-02-26,1006.63510
2016-02-28,1007.05220
2016-02-29,1007.25760
2016-03-01,1007.46850
2016-03-02,1007.69770
2016-03-03,1006.43220
2016-03-04,1006.64210
2016-03-07,1007.28210
2016-03-08,1007.49880
2016-03-09,1007.71250
2016-03-10,1006.42840
2016-03-11,1006.65690
2016-03-13,1007.09930
2016-03-14,1007.32680
2016-03-15,1007.56180
2016-03-16,1007.80670
2016-03-17,1006.47140
2016-03-18,1006.68320
2016-03-20,1007.17690
2016-03-21,1007.41290
2016-03-22,1007.62630
2016-03-23,1007.78350
2016-03-27,1007.14780
2016-03-28,1007.36590
2016-03-29,1007.61790
2016-03-30,1007.91310
2016-03-31,1006.98950
2016-04-03,1007.70220
2016-04-04,1007.94850
2016-04-05,1008.24460
2016-04-06,1008.48590
2016-04-07,1006.43290
2016-04-10,1007.14000
2016-04-11,1007.36350
2016-04-12,1007.58110
2016-04-13,1007.78440
2016-04-17,1007.14370
2016-04-18,1007.36710
2016-04-19,1007.58890
2016-04-20,1007.81140
2016-04-21,1006.45740
2016-04-22,1006.67340
2016-04-24,1007.11030
2016-04-25,1007.38420
2016-04-26,1007.59690
2016-04-27,1007.80310
2016-04-28,1006.45910
2016-04-29,1006.66630
2016-05-01,1007.11160
2016-05-02,1007.32360
2016-05-03,1007.54280
2016-05-04,1007.75420
2016-05-05,1006.45200
2016-05-06,1006.66470
2016-05-08,1007.10230
2016-05-09,1007.32320
2016-05-10,1007.54450
2016-05-11,1007.76290
2016-05-12,1006.46450
2016-05-13,1006.68110
2016-05-15,1007.11500
2016-05-16,1007.33500
2016-05-17,1007.55440
2016-05-18,1007.78520
2016-05-19,1006.46090
2016-05-20,1006.67730
2016-05-22,1007.10740
2016-05-23,1007.31900
2016-05-24,1007.53140
2016-05-25,1007.74670
2016-05-26,1006.45390
2016-05-27,1006.65730
2016-05-29,1007.06590
2016-05-30,1007.27800
2016-05-31,1007.48950
2016-06-01,1007.70380
2016-06-02,1006.46650
2016-06-03,1006.66490
2016-06-05,1007.08730
2016-06-06,1007.31310
2016-06-07,1007.50940
2016-06-08,1007.72330
2016-06-09,1006.44200
2016-06-10,1006.65220
2016-06-12,1007.06590
2016-06-13,1007.28190
2016-06-14,1007.52200
2016-06-15,1007.71560
2016-06-16,1006.44960
2016-06-17,1006.65500
2016-06-19,1007.06520
2016-06-20,1007.26400
2016-06-21,1007.47310
2016-06-22,1007.70240
2016-06-23,1006.45500
2016-06-24,1006.64850
2016-06-26,1007.05930
2016-06-27,1007.27500
2016-06-28,1007.49040
2016-06-29,1007.71280
2016-06-30,1006.52260
2016-07-01,1006.72340
2016-07-03,1007.11670
2016-07-04,1007.33130
2016-07-05,1007.54890
2016-07-06,1006.43880
2016-07-07,1006.64370
2016-07-08,1006.86550
2016-07-10,1007.26290
2016-07-11,1007.47460
2016-07-12,1007.69960
2016-07-13,1007.93610
2016-07-14,1006.43930
2016-07-15,1006.62820
2016-07-17,1007.04970
2016-07-18,1007.23890
2016-07-19,1007.43090
2016-07-20,1007.62560
2016-07-21,1006.43730
2016-07-22,1006.64270
2016-07-24,1007.03960
2016-07-25,1007.23340
2016-07-26,1007.42350
2016-07-27,1007.61990
2016-07-28,1006.44480
2016-07-29,1006.64240
2016-07-31,1007.04290
2016-08-01,1007.24490
2016-08-02,1007.44400
2016-08-03,1007.64080
2016-08-04,1006.44840
2016-08-05,1006.61950
2016-08-07,1007.02340
2016-08-08,1007.21630
2016-08-09,1007.40410
2016-08-10,1007.59440
2016-08-11,1006.43290
2016-08-12,1006.62370
2016-08-15,1007.19670
2016-08-16,1007.39390
2016-08-17,1006.43690
2016-08-18,1006.62840
2016-08-19,1006.83700
2016-08-21,1007.24410
2016-08-22,1007.43360
2016-08-23,1007.62500
2016-08-24,1007.81980
2016-08-25,1006.43410
2016-08-26,1006.61540
2016-08-28,1006.98980
2016-08-29,1007.17940
2016-08-30,1007.36180
2016-08-31,1007.55570
2016-09-01,1006.42870
2016-09-02,1006.60430
2016-09-05,1007.14600
2016-09-06,1007.32350
2016-09-07,1007.50740
2016-09-08,1006.42650
2016-09-09,1006.61740
2016-09-11,1006.98260
2016-09-12,1007.16780
2016-09-13,1007.35150
2016-09-14,1007.52850
2016-09-15,1006.42930
2016-09-16,1006.60530
2016-09-18,1006.97200
2016-09-19,1007.14810
2016-09-20,1007.33320
2016-09-21,1007.51690
2016-09-22,1006.42450
2016-09-23,1006.60710
2016-09-25,1006.97110
2016-09-26,1007.16050
2016-09-27,1007.34280
2016-09-28,1007.53840
2016-09-29,1006.46760
2016-09-30,1006.63310
2016-10-02,1007.01810
2016-10-03,1007.16430
2016-10-04,1007.39950
2016-10-05,1007.76420
2016-10-06,1006.42570
2016-10-07,1006.60340
2016-10-09,1006.97010
2016-10-10,1007.14580
2016-10-12,1007.51380
2016-10-13,1006.79550
2016-10-14,1006.98010
2016-10-16,1007.34800
2016-10-17,1007.52890
2016-10-18,1007.70440
2016-10-19,1007.88180
2016-10-20,1006.41630
2016-10-21,1006.59250
2016-10-23,1006.96230
2016-10-24,1007.14250
2016-10-25,1007.33400
2016-10-26,1007.47580
2016-10-27,1006.44810
2016-10-28,1006.63690
2016-10-31,1007.20980
2016-11-01,1007.40330
2016-11-02,1007.59120
2016-11-03,1006.42930
2016-11-04,1006.61320
2016-11-06,1006.98170
2016-11-07,1007.16670
2016-11-08,1007.34960
2016-11-09,1007.53330
2016-11-10,1006.42750
2016-11-11,1006.61590
2016-11-14,1007.18200
2016-11-15,1007.36970
2016-11-16,1007.56500
2016-11-17,1006.42980
2016-11-18,1006.62390
2016-11-20,1006.99510
2016-11-21,1007.21440
2016-11-22,1007.40220
2016-11-23,1007.58660
2016-11-24,1006.47230
2016-11-25,1006.62220
2016-11-27,1007.00850
2016-11-28,1007.17290
2016-11-29,1007.30130
2016-11-30,1007.53330
2016-12-01,1006.43020
2016-12-02,1006.56590
2016-12-04,1006.93050
2016-12-05,1007.12210
2016-12-06,1007.31820
2016-12-07,1007.33880
2016-12-08,1006.41230
2016-12-09,1006.60500
2016-12-12,1007.15520
2016-12-13,1007.35700
2016-12-14,1007.56390
2016-12-15,1006.45420
2016-12-16,1006.60970
2016-12-18,1006.97620
2016-12-19,1007.14670
2016-12-20,1007.32170
2016-12-21,1007.50300
2016-12-22,1006.41950
2016-12-23,1006.58240
2016-12-25,1006.96380
2016-12-26,1007.14620
2016-12-27,1007.32860
2016-12-28,1007.51580
2016-12-29,1006.41900
2016-12-30,1006.62530
2017-01-01,1006.98710
2017-01-02,1007.17110
2017-01-03,1007.38740
2017-01-04,1007.56290
2017-01-05,1006.41650
2017-01-06,1006.59750
2017-01-08,1006.96140
2017-01-09,1007.13590
2017-01-10,1007.29980
2017-01-11,1007.45310
2017-01-12,1006.42360
2017-01-13,1006.60330
2017-01-15,1006.97080
2017-01-16,1007.15410
2017-01-17,1007.33700
2017-01-18,1007.52020
2017-01-19,1006.42620
2017-01-20,1006.60710
2017-01-22,1006.96600
2017-01-23,1007.14810
2017-01-24,1007.33070
2017-01-25,1007.51470
2017-01-26,1006.42460
2017-01-27,1006.60690
2017-01-29,1006.97240
2017-01-30,1007.15560
2017-01-31,1007.33650
2017-02-01,1007.51660
2017-02-02,1006.42470
2017-02-03,1006.60620
2017-02-05,1006.97000
2017-02-06,1007.15230
2017-02-07,1007.33690
2017-02-08,1007.52100
2017-02-09,1006.42650
2017-02-10,1006.60320
2017-02-12,1006.97380
2017-02-13,1007.15530
2017-02-14,1007.33670
2017-02-15,1007.51860
2017-02-16,1006.42370
2017-02-17,1006.59990
2017-02-19,1006.95350
2017-02-20,1007.13130
2017-02-21,1007.30860
2017-02-22,1007.48980
2017-02-23,1006.43200
2017-02-26,1006.97950
2017-02-27,1007.19980
2017-02-28,1007.40280
2017-03-01,1007.58990
2017-03-02,1006.41460
2017-03-03,1006.60090
2017-03-05,1006.96310
2017-03-06,1007.14110
2017-03-07,1007.32740
2017-03-08,1007.50730
2017-03-09,1006.42020
2017-03-10,1006.59190
2017-03-13,1007.12840
2017-03-14,1007.30340
2017-03-15,1007.48550
2017-03-16,1006.42600
2017-03-17,1006.62400
2017-03-19,1006.99390
2017-03-20,1007.17920
2017-03-21,1007.41080
2017-03-22,1007.60510
2017-03-23,1006.41470
2017-03-24,1006.59050
2017-03-26,1006.94790
2017-03-27,1007.12880
2017-03-28,1007.30890
2017-03-29,1007.50000
2017-03-30,1006.43190
2017-03-31,1006.76360
2017-04-02,1007.13430
2017-04-03,1007.31350
2017-04-04,1007.49620
2017-04-05,1007.69700
2017-04-06,1006.39750
2017-04-07,1006.60060
2017-04-09,1006.96570
2017-04-10,1007.14520
2017-04-11,1007.32790
2017-04-12,1007.50880
2017-04-13,1006.42070
2017-04-16,1006.95930
2017-04-17,1007.14390
2017-04-18,1007.32360
2017-04-19,1007.49780
2017-04-20,1006.42440
2017-04-21,1006.59880
2017-04-23,1006.94880
2017-04-24,1007.12360
2017-04-25,1007.29850
2017-04-26,1007.47330
2017-04-27,1006.42330
2017-04-28,1006.60090
2017-05-01,1007.13060
2017-05-02,1007.30860
2017-05-03,1007.48580
2017-05-04,1006.42000
2017-05-05,1006.59870
2017-05-07,1006.95600
2017-05-08,1007.13280
2017-05-09,1007.31570
2017-05-10,1006.41970
2017-05-11,1006.59850
2017-05-12,1006.77720
2017-05-14,1007.13430
2017-05-15,1007.31290
2017-05-16,1007.49220
2017-05-17,1007.67150
2017-05-18,1006.42130
2017-05-19,1006.60070
2017-05-21,1006.95980
2017-05-22,1007.13730
2017-05-23,1007.02450
2017-05-24,1007.20310
2017-05-25,1006.42080
2017-05-26,1006.59920
2017-05-28,1006.95630
2017-05-29,1007.13330
2017-05-30,1007.31120
2017-05-31,1007.49630
2017-06-01,1006.42620
2017-06-02,1006.60690
2017-06-04,1006.96240
2017-06-05,1007.13650
2017-06-06,1007.31610
2017-06-07,1007.50580
2017-06-08,1006.42010
2017-06-09,1006.59010
2017-06-11,1006.95060
2017-06-12,1007.13240
2017-06-13,1007.32230
2017-06-14,1007.50780
2017-06-15,1006.43400
2017-06-16,1006.59010
2017-06-18,1006.97060
2017-06-19,1007.15090
2017-06-20,1007.33050
2017-06-21,1007.51220
2017-06-22,1006.42220
2017-06-23,1006.60530
2017-06-26,1007.15710
2017-06-27,1007.34190
2017-06-28,1007.52080
2017-06-29,1006.44560
2017-06-30,1006.62960
2017-07-02,1006.99660
2017-07-03,1007.18690
2017-07-04,1007.37810
2017-07-05,1007.56500
2017-07-06,1006.42640
2017-07-07,1006.61670
2017-07-09,1006.98680
2017-07-10,1007.16470
2017-07-11,1007.34300
2017-07-12,1007.52070
2017-07-13,1006.42210
2017-07-14,1006.60140
2017-07-16,1006.96100
2017-07-17,1007.14160
2017-07-18,1007.32410
2017-07-19,1007.53570
2017-07-20,1006.41850
2017-07-21,1006.58840
2017-07-23,1006.95000
2017-07-24,1007.12780
2017-07-25,1007.30970
2017-07-26,1007.48720
2017-07-27,1006.41970
2017-07-28,1006.59800
2017-07-30,1006.95490
2017-07-31,1007.13570
2017-08-01,1007.31590
2017-08-02,1007.49550
2017-08-03,1006.42170
2017-08-04,1006.60000
2017-08-06,1006.95720
2017-08-07,1007.13520
2017-08-08,1007.31440
2017-08-09,1007.49410
2017-08-10,1006.42220
2017-08-11,1006.60130
2017-08-13,1006.95950
2017-08-14,1007.13380
2017-08-15,1007.30850
2017-08-16,1007.47490
2017-08-17,1006.42570
2017-08-18,1006.59830
2017-08-20,1006.94490
2017-08-21,1007.11750
2017-08-22,1007.29070
2017-08-23,1007.46530
2017-08-24,1006.41590
2017-08-27,1006.94180
2017-08-28,1007.11770
2017-08-29,1007.29060
2017-08-30,1007.46290
2017-08-31,1006.41400
2017-09-01,1006.58530
2017-09-03,1006.92800
2017-09-04,1007.10580
2017-09-05,1007.27770
2017-09-06,1007.44190
2017-09-07,1006.41880
2017-09-08,1006.58810
2017-09-10,1006.93140
2017-09-11,1007.10710
2017-09-12,1007.27730
2017-09-13,1007.44910
2017-09-14,1006.41300
2017-09-15,1006.59190
2017-09-17,1006.94630
2017-09-18,1007.12890
2017-09-19,1007.30390
2017-09-20,1007.48080
2017-09-21,1006.41460
2017-09-22,1006.58890
2017-09-24,1006.94470
2017-09-25,1007.12600
2017-09-26,1007.30670
2017-09-27,1007.48710
2017-09-28,1006.42430
2017-09-29,1006.61230
2017-10-02,1007.15680
2017-10-03,1007.33990
2017-10-04,1007.53820
2017-10-05,1006.41370
2017-10-06,1006.59070
2017-10-08,1006.93570
2017-10-09,1007.10640
2017-10-10,1007.28180
2017-10-11,1007.46070
2017-10-12,1006.42040
2017-10-13,1006.60050
2017-10-15,1006.96140
2017-10-16,1007.12850
2017-10-17,1007.30840
2017-10-18,1007.48790
2017-10-22,1006.95020
2017-10-23,1007.12620
2017-10-24,1007.29650
2017-10-25,1007.47240
2017-10-26,1006.41780
2017-10-27,1006.58920
2017-10-29,1006.93270
2017-10-30,1007.10610
2017-10-31,1007.28240
2017-11-01,1007.46070
2017-11-02,1006.41990
2017-11-03,1006.60240
2017-11-05,1006.96530
2017-11-06,1007.13710
2017-11-07,1007.31080
2017-11-08,1007.48810
2017-11-09,1006.42040
2017-11-10,1006.53540
2017-11-12,1006.88340
2017-11-13,1007.05900
2017-11-14,1007.23690
2017-11-15,1007.41470
2017-11-16,1006.41060
2017-11-17,1006.59140
2017-11-19,1006.95080
2017-11-20,1007.13420
2017-11-21,1007.30840
2017-11-22,1007.48230
2017-11-23,1006.41730
2017-11-24,1006.58970
2017-11-26,1006.93590
2017-11-27,1007.11530
2017-11-28,1007.29140
2017-11-29,1007.46530
2017-11-30,1006.41770
2017-12-03,1006.94610
2017-12-04,1007.11800
2017-12-05,1007.29270
2017-12-06,1007.47140
2017-12-07,1006.41500
2017-12-08,1006.58930
2017-12-10,1006.93970
2017-12-11,1007.11480
2017-12-12,1007.27800
2017-12-13,1007.45180
2017-12-14,1006.41880
2017-12-15,1006.59020
2017-12-17,1006.94780
2017-12-18,1007.12060
2017-12-19,1007.29220
2017-12-20,1007.47280
2017-12-21,1006.39460
2017-12-22,1006.57110
2017-12-25,1007.10930
2017-12-26,1007.28310
2017-12-27,1007.47670
2017-12-28,1006.44680
2017-12-29,1006.61770
2017-12-31,1006.99480
2018-01-01,1007.19630
2018-01-02,1007.37310
2018-01-03,1007.55050
2018-01-04,1006.40550
2018-01-05,1006.60460
2018-01-07,1006.98480
2018-01-08,1007.17410
2018-01-09,1007.36800
2018-01-10,1007.54440
2018-01-11,1006.42730
2018-01-12,1006.60670
2018-01-14,1006.96930
2018-01-15,1007.15210
2018-01-16,1007.33160
2018-01-17,1007.51020
2018-01-18,1006.41770
2018-01-19,1006.57920
2018-01-21,1006.94730
2018-01-22,1007.13380
2018-01-23,1007.32170
2018-01-24,1007.50830
2018-01-25,1006.42780
2018-01-28,1006.98770
2018-01-29,1007.17090
2018-01-30,1007.35450
2018-01-31,1007.54030
2018-02-01,1006.42240
2018-02-02,1006.60080
2018-02-04,1006.96620
2018-02-05,1007.14630
2018-02-06,1007.31890
2018-02-07,1007.50560
2018-02-08,1006.42550
2018-02-09,1006.60890
2018-02-11,1006.97730
2018-02-12,1007.16820
2018-02-13,1007.35440
2018-02-14,1007.54800
2018-02-15,1006.42610
2018-02-16,1006.60070
2018-02-19,1007.15710
2018-02-20,1007.34240
2018-02-21,1007.52800
2018-02-22,1006.42230
2018-02-23,1006.60690
2018-02-25,1006.97950
2018-02-26,1007.16900
2018-02-27,1007.35600
2018-02-28,1007.54920
2018-03-01,1006.42630
2018-03-04,1006.97240
2018-03-05,1007.16470
2018-03-06,1007.37170
2018-03-07,1007.59360
2018-03-08,1006.42660
2018-03-09,1006.62740
2018-03-11,1007.04370
2018-03-12,1007.26040
2018-03-13,1007.45500
2018-03-14,1007.64920
2018-03-15,1006.46730
2018-03-16,1006.73740
2018-03-18,1007.12000
2018-03-19,1007.37740
2018-03-20,1007.56800
2018-03-21,1007.72570
2018-03-22,1006.42780
2018-03-23,1006.53510
2018-03-25,1006.92480
2018-03-26,1007.08510
2018-03-27,1007.33520
2018-03-28,1008.00600
2018-04-02,1007.31110
2018-04-03,1007.51050
2018-04-04,1007.73910
2018-04-05,1006.52250
2018-04-06,1006.71050
2018-04-08,1007.10140
2018-04-09,1007.29980
2018-04-10,1007.47810
2018-04-11,1007.65890
2018-04-12,1006.48310
2018-04-13,1006.67360
2018-04-15,1007.06190
2018-04-16,1007.25240
2018-04-17,1007.43130
2018-04-18,1007.62550
2018-04-19,1006.48420
2018-04-20,1006.61900
2018-04-22,1007.00980
2018-04-23,1007.19810
2018-04-24,1007.38570
2018-04-25,1007.57380
2018-04-26,1006.49570
2018-04-27,1006.69330
2018-05-01,1007.48730
2018-05-02,1007.66620
2018-05-03,1006.48650
2018-05-04,1006.67720
2018-05-06,1007.05870
2018-05-07,1007.25080
2018-05-08,1007.43770
2018-05-09,1007.62310
2018-05-10,1006.48240
2018-05-11,1006.64170
2018-05-13,1007.01940
2018-05-14,1007.20920
2018-05-15,1007.39790
2018-05-16,1007.57610
2018-05-17,1006.45470
2018-05-18,1006.66470
2018-05-20,1007.08370
2018-05-21,1007.27450
2018-05-22,1007.44790
2018-05-23,1007.61460
2018-05-24,1006.50110
2018-05-25,1006.69370
2018-05-27,1007.07230
2018-05-28,1007.27630
2018-05-29,1007.51010
2018-05-30,1007.72540
2018-05-31,1006.47710
2018-06-01,1006.64530
2018-06-03,1007.03400
2018-06-04,1007.22400
2018-06-05,1007.41800
2018-06-06,1007.64360
2018-06-07,1006.51830
2018-06-08,1006.70560
2018-06-10,1007.08050
2018-06-11,1007.26370
2018-06-12,1007.46150
2018-06-13,1007.64730
2018-06-14,1006.49580
2018-06-15,1006.68430
2018-06-17,1007.07310
2018-06-18,1007.29990
2018-06-19,1007.64280
2018-06-20,1007.85120
2018-06-21,1006.49440
2018-06-22,1006.66270
2018-06-24,1007.06580
2018-06-25,1007.25500
2018-06-26,1007.45530
2018-06-27,1007.60160
2018-06-28,1006.53700
2018-06-29,1006.82750
2018-07-01,1007.23780
2018-07-02,1007.50630
2018-07-03,1007.74650
2018-07-04,1008.06220
2018-07-05,1006.52940
2018-07-06,1006.69530
2018-07-08,1007.09450
2018-07-09,1007.29330
2018-07-10,1007.47580
2018-07-11,1007.66750
2018-07-12,1006.49450
2018-07-13,1006.69480
2018-07-15,1007.09590
2018-07-16,1007.31480
2018-07-17,1007.52080
2018-07-18,1007.71880
2018-07-19,1006.50500
2018-07-20,1006.66870
2018-07-22,1007.07120
2018-07-23,1007.18420
2018-07-24,1007.27300
2018-07-25,1007.42890
2018-07-26,1006.50550
2018-07-27,1006.71370
2018-07-29,1007.12430
2018-07-30,1007.30730
2018-07-31,1007.52340
2018-08-01,1007.74520
2018-08-02,1006.52100
2018-08-03,1006.73930
2018-08-05,1007.17650
2018-08-06,1007.37250
2018-08-07,1007.57480
2018-08-08,1007.77710
2018-08-09,1006.49770
2018-08-10,1006.69600
2018-08-12,1007.09160
2018-08-13,1007.29120
2018-08-14,1007.48930
2018-08-15,1006.50010
2018-08-16,1006.70080
2018-08-19,1007.30090
2018-08-20,1007.49660
2018-08-21,1007.69470
2018-08-22,1006.49720
2018-08-23,1006.69320
2018-08-24,1006.88700
2018-08-26,1007.27560
2018-08-27,1007.46260
2018-08-28,1007.66150
2018-08-29,1007.86980
2018-08-30,1006.50520
2018-08-31,1006.70820
2018-09-02,1007.11200
2018-09-03,1007.31000
2018-09-04,1007.51280
2018-09-05,1007.71570
2018-09-06,1006.50920
2018-09-07,1006.69970
2018-09-09,983.49470
2018-09-10,994.88680
2018-09-11,995.06010
2018-09-12,995.24330
2018-09-13,995.43180
2018-09-16,996.00180
2018-09-17,980.05430
2018-09-18,980.24440
2018-09-20,980.61660
2018-09-21,980.80660
2018-09-23,981.18120
2018-09-24,925.04900
2018-09-25,925.21280
2018-09-26,925.36700
2018-09-27,925.53110
2018-09-28,925.69860
2018-09-30,926.02430
2018-10-02,926.34960
2018-10-03,926.54790
2018-10-04,926.69610
2018-10-07,927.15340
2018-10-08,927.30600
2018-10-09,927.46610
2018-10-10,927.62750
2018-10-11,927.78930
2018-10-14,928.27800
2018-10-15,928.44060
2018-10-16,928.60430
2018-10-18,928.93320
2018-10-21,929.42380
2018-10-22,929.58950
2018-10-23,929.75520
2018-10-24,929.92090
2018-10-25,930.08690
2018-10-28,930.58340
2018-10-29,930.75000
2018-10-30,930.91780
2018-10-31,931.08830
2018-11-01,931.25740
2018-11-04,931.76590
2018-11-05,931.93300
2018-11-08,932.44500
2018-11-11,932.95480
2018-11-12,933.13040
2018-11-13,933.29770
2018-11-14,933.46800
2018-11-15,933.64370
2018-11-18,934.14050
2018-11-19,934.30840
2018-11-20,934.47830
2018-11-21,934.64750
2018-11-25,935.32470
2018-11-26,935.48960
2018-11-27,935.65670
2018-11-28,935.82970
2018-11-29,936.00060
2018-12-02,936.51670
2018-12-03,936.68480
2018-12-04,936.85260
2018-12-05,937.02470
2018-12-06,937.19260
2018-12-09,937.70520
2018-12-10,937.85830
2018-12-11,938.02360
2018-12-12,938.21320
2018-12-13,938.39380
2018-12-14,938.56580
2018-12-16,938.90460
2018-12-17,939.07500
2018-12-18,939.24860
2018-12-19,939.42290
2018-12-20,939.58700
2018-12-21,939.75650
2018-12-23,940.10070
2018-12-24,940.26660
2018-12-25,940.43860
2018-12-26,940.61600
2018-12-27,940.79200
2018-12-28,940.96620
2018-12-30,941.32080
2018-12-31,941.49850
2019-01-01,941.67470
2019-01-02,941.85570
2019-01-03,942.03270
2019-01-04,942.20950
2019-01-06,942.56330
2019-01-07,942.74090
2019-01-08,942.91850
2019-01-09,943.09630
2019-01-10,943.27400
2019-01-11,943.45170
2019-01-13,943.80700
2019-01-14,943.98470
2019-01-15,944.16220
2019-01-16,944.33970
2019-01-17,944.51500
2019-01-18,944.69160
2019-01-20,945.04480
2019-01-21,945.22110
2019-01-22,945.39760
2019-01-23,945.57240
2019-01-24,945.74760
2019-01-25,945.92000
2019-01-27,946.26470
2019-01-28,946.43700
2019-01-29,946.61210
2019-01-30,946.78550
2019-01-31,946.95860
2019-02-01,947.12610
2019-02-03,947.47080
2019-02-04,947.63440
2019-02-05,947.80580
2019-02-06,947.97510
2019-02-07,948.17170
2019-02-08,948.34170
2019-02-10,948.68150
2019-02-11,948.85060
2019-02-12,948.99890
2019-02-13,949.16890
2019-02-14,949.33780
2019-02-15,949.50180
2019-02-17,949.84250
2019-02-18,950.00560
2019-02-19,950.17440
2019-02-20,950.34500
2019-02-21,950.51630
2019-02-22,950.68370
2019-02-24,951.02100
2019-02-25,951.18960
2019-02-26,951.35600
2019-02-27,951.52400
2019-02-28,951.69090
2019-03-01,951.85680
2019-03-04,952.35590
2019-03-05,952.52030
2019-03-06,952.68690
2019-03-07,952.85290
2019-03-08,953.01640
2019-03-10,953.34630
2019-03-11,953.51160
2019-03-12,953.68280
2019-03-13,953.86150
2019-03-14,954.03650
2019-03-15,954.19900
2019-03-17,954.53430
2019-03-18,954.69650
2019-03-19,954.86460
2019-03-20,955.03320
2019-03-21,955.20580
2019-03-22,955.34760
2019-03-24,955.72200
2019-03-25,955.89670
2019-03-26,956.07130
2019-03-27,956.25920
2019-03-28,956.43420
2019-03-29,956.97570
2019-03-31,957.33870
2019-04-01,957.52030
2019-04-02,957.73200
2019-04-03,957.90220
2019-04-04,958.10200
2019-04-05,958.27910
2019-04-07,958.64110
2019-04-08,958.81780
2019-04-09,958.98680
2019-04-10,959.16710
2019-04-11,959.33830
2019-04-12,959.49220
2019-04-14,959.84930
2019-04-15,960.02880
2019-04-16,960.20850
2019-04-17,960.38620
2019-04-18,960.56440
2019-04-21,961.09930
2019-04-22,961.27760
2019-04-23,961.45570
2019-04-24,961.63320
2019-04-25,961.80800
2019-04-26,961.98550
2019-04-29,962.51620
2019-04-30,962.69280
2019-05-01,962.86920
2019-05-02,963.04570
2019-05-03,963.22120
2019-05-05,963.57330
2019-05-06,963.74750
2019-05-07,963.92360
2019-05-08,964.09870
2019-05-09,964.27600
2019-05-10,964.44960
2019-05-12,964.79780
2019-05-13,964.97150
2019-05-14,965.14250
2019-05-15,965.31460
2019-05-16,965.48850
2019-05-17,965.66210
2019-05-19,966.00780
2019-05-20,966.18060
2019-05-21,966.34790
2019-05-22,966.52460
2019-05-23,966.69820
2019-05-24,966.86930
2019-05-26,967.20900
2019-05-27,967.37860
2019-05-28,967.55060
2019-05-29,967.72250
2019-05-30,967.89390
2019-05-31,968.06010
2019-06-02,968.39270
2019-06-03,968.55500
2019-06-04,968.71900
2019-06-05,968.87960
2019-06-06,969.03870
2019-06-07,969.19880
2019-06-09,969.51890
2019-06-10,969.67770
2019-06-11,969.83600
2019-06-12,969.99010
2019-06-13,970.14180
2019-06-14,970.29210
2019-06-16,970.59280
2019-06-17,970.74290
2019-06-18,970.89410
2019-06-19,971.04350
2019-06-20,971.18420
2019-06-21,971.33460
2019-06-23,971.64440
2019-06-24,971.79050
2019-06-25,971.94470
2019-06-26,972.09420
2019-06-27,972.25000
2019-06-28,972.44400
2019-06-30,972.75920
2019-07-01,972.92990
2019-07-02,973.09010
2019-07-03,973.26870
2019-07-04,973.44560
2019-07-05,973.58240
2019-07-07,973.91630
2019-07-08,974.07630
2019-07-09,974.23220
2019-07-10,974.38930
2019-07-11,974.54950
2019-07-12,974.70280
2019-07-14,975.01230
2019-07-15,975.17590
2019-07-16,975.34030
2019-07-17,975.49710
2019-07-18,975.65030
2019-07-19,975.80430
2019-07-21,976.11450
2019-07-22,976.26420
2019-07-23,976.41840
2019-07-24,976.57160
2019-07-25,976.72520
2019-07-26,976.87850
2019-07-28,977.18630
2019-07-29,977.34150
2019-07-30,977.49620
2019-07-31,977.64730
2019-08-01,977.80080
2019-08-02,977.95010
2019-08-04,978.24780
2019-08-05,978.39360
2019-08-06,978.54370
2019-08-07,978.69820
2019-08-08,978.84310
2019-08-09,978.98690
2019-08-12,979.42020
2019-08-13,979.56400
2019-08-14,979.70410
2019-08-15,979.84700
2019-08-16,979.98930
2019-08-18,980.27130
2019-08-19,980.40790
2019-08-20,980.54820
2019-08-21,980.68670
2019-08-22,980.82630
2019-08-23,980.96530
2019-08-25,981.24280
2019-08-26,981.38110
2019-08-27,981.51870
2019-08-28,981.65900
2019-08-29,981.80010
2019-08-30,981.92740
2019-09-02,982.35020
2019-09-03,982.48610
2019-09-04,982.62770
2019-09-05,982.76630
2019-09-06,982.90380
2019-09-08,983.17630
2019-09-09,983.31350
2019-09-10,983.44930
2019-09-11,983.58950
2019-09-12,983.96640
2019-09-13,984.10250
2019-09-15,984.38240
2019-09-16,984.52270
2019-09-17,984.66060
2019-09-18,984.79900
2019-09-19,984.93520
2019-09-20,985.05670
2019-09-22,985.33910
2019-09-23,985.44050
2019-09-24,985.56760
2019-09-25,985.69670
2019-09-26,985.87660
2019-09-29,986.34220
2019-09-30,986.71690
2019-10-01,986.95340
2019-10-02,987.09580
2019-10-03,987.25540
2019-10-04,987.45630
2019-10-06,987.74640
2019-10-07,987.91900
2019-10-08,988.06280
2019-10-09,988.20730
2019-10-10,988.35330
2019-10-11,988.53290
2019-10-13,988.80850
2019-10-14,988.96130
2019-10-15,989.10960
2019-10-16,989.24800
2019-10-17,989.41330
2019-10-18,989.55160
2019-10-21,989.96620
2019-10-22,990.05920
2019-10-23,990.19720
2019-10-24,990.34200
2019-10-25,990.48540
2019-10-28,990.90170
2019-10-29,991.04430
2019-10-30,991.19960
2019-10-31,991.36870
2019-11-03,991.78530
2019-11-04,991.91580
2019-11-05,992.03820
2019-11-06,992.16570
2019-11-07,992.30080
2019-11-08,992.43720
2019-11-10,992.71040
2019-11-11,992.84630
2019-11-12,992.98280
2019-11-13,993.12090
2019-11-14,993.25850
2019-11-15,993.39780
2019-11-17,993.66810
2019-11-18,993.80240
2019-11-19,993.93750
2019-11-20,994.07500
2019-11-21,994.20960
2019-11-22,994.34520
2019-11-24,994.61750
2019-11-25,994.75240
2019-11-26,994.88710
2019-11-27,995.02510
2019-11-28,995.16380
2019-12-01,995.57560
2019-12-02,995.71060
2019-12-03,995.84530
2019-12-04,995.97840
2019-12-05,996.11490
2019-12-06,996.25570
2019-12-08,996.53110
2019-12-09,996.67030
2019-12-10,996.80340
2019-12-11,996.93750
2019-12-12,997.06600
2019-12-15,997.45610
2019-12-16,997.58870
2019-12-17,997.72220
2019-12-18,997.86000
2019-12-19,997.99450
2019-12-20,998.09200
2019-12-22,998.38710
2019-12-23,998.52240
2019-12-25,998.78870
2019-12-26,998.91930
2019-12-29,999.31810
2019-12-30,999.44490
2019-12-31,999.57780
2020-01-01,999.71850
2020-01-02,999.88170
2020-01-05,1000.20600
2020-01-06,1000.32360
2020-01-07,1000.45120
2020-01-08,1000.57150
2020-01-09,1000.70500
2020-01-12,1001.08150
2020-01-13,1001.17870
2020-01-14,1001.30050
2020-01-15,1001.43010
2020-01-16,1001.57200
2020-01-19,1001.98510
2020-01-20,1002.12940
2020-01-21,1002.27350
2020-01-22,1002.41110
2020-01-23,1002.54360
2020-01-26,1002.96350
2020-01-27,1003.10480
2020-01-28,1003.24240
2020-01-29,1003.38600
2020-01-30,1003.53150
2020-01-31,1003.67050
2020-02-02,1003.95160
2020-02-03,1004.09530
2020-02-04,1004.23730
2020-02-05,1004.37990
2020-02-06,1004.53360
2020-02-09,1004.96770
2020-02-10,1005.09950
2020-02-11,1005.27360
2020-02-12,1005.45330
2020-02-13,1005.60000
2020-02-16,1006.02290
2020-02-17,1006.16270
2020-02-18,1006.30230
2020-02-19,1006.44420
2020-02-23,1006.86190
2020-02-24,1007.00560
2020-02-25,1007.15350
2020-02-26,1007.28940
2020-02-27,1006.37390
2020-02-28,1006.51630
2020-03-01,1006.80630
2020-03-02,1006.95610
2020-03-03,1007.12610
2020-03-04,1007.35160
2020-03-05,1006.46310
2020-03-08,1006.95170
2020-03-10,1007.29190
2020-03-11,1007.41710
2020-03-12,1006.38700
2020-03-15,1006.73160
2020-03-16,1006.83510
2020-03-17,1006.97240
2020-03-18,1007.02190
2020-03-19,1005.94160
2020-03-22,1006.31750
2020-03-23,1006.11920
2020-03-24,1005.98850
2020-03-25,1006.12640
2020-03-26,1006.34620
2020-03-29,1007.62530
2020-03-30,1007.79330
2020-03-31,1007.94300
2020-04-02,1006.45790
2020-04-06,1006.91520
2020-04-07,1006.99890
2020-04-08,1007.14200
2020-04-09,1006.40870
2020-04-12,1006.74620
2020-04-14,1007.00980
2020-04-15,1007.09430
2020-04-16,1006.43190
2020-04-17,1006.64730
2020-04-19,1006.85840
2020-04-20,1006.99460
2020-04-21,1007.14050
2020-04-22,1007.29090
2020-04-23,1006.39560
2020-04-26,1006.71130
2020-04-27,1006.78760
2020-04-28,1006.86980
2020-04-29,1006.95260
2020-04-30,1006.38550
2020-05-03,1006.69740
2020-05-04,1006.80810
2020-05-05,1006.91100
2020-05-06,1007.02760
2020-05-07,1006.39870
2020-05-10,1006.69940
2020-05-11,1006.82040
2020-05-12,1006.95210
2020-05-13,1007.07770
2020-05-14,1006.46250
2020-05-17,1006.79680
2020-05-18,1006.91290
2020-05-19,1007.00460
2020-05-20,1007.14280
2020-05-21,1006.44600
2020-05-25,1006.86230
2020-05-26,1006.95400
2020-05-27,1007.03660
2020-05-28,1006.38210
2020-05-29,1006.46640
2020-05-31,1006.64740
2020-06-01,1006.73900
2020-06-02,1006.83950
2020-06-03,1006.92390
2020-06-04,1006.37630
2020-06-07,1006.64010
2020-06-08,1006.73040
2020-06-09,1006.81360
2020-06-10,1006.91240
2020-06-11,1006.40210
2020-06-12,1006.52900
2020-06-14,1006.70020
2020-06-15,1006.80590
2020-06-16,1006.88630
2020-06-17,1006.97430
2020-06-18,1006.39630
2020-06-21,1006.66310
2020-06-22,1006.74300
2020-06-23,1006.83220
2020-06-24,1006.90480
2020-06-25,1006.38780
2020-06-28,1006.63070
2020-06-29,1006.70910
2020-06-30,1006.83580
2020-07-01,1006.95000
2020-07-02,1006.38270
2020-07-05,1006.61000
2020-07-06,1006.66740
2020-07-07,1006.74130
2020-07-08,1006.83980
2020-07-09,1006.39580
2020-07-12,1006.63910
2020-07-13,1006.71620
2020-07-14,1006.79840
2020-07-15,1006.88820
2020-07-16,1006.36170
2020-07-19,1006.61860
2020-07-20,1006.69460
2020-07-21,1006.77840
2020-07-22,1006.86530
2020-07-23,1006.38260
2020-07-25,1006.54070
2020-07-26,1006.63510
2020-07-27,1006.73650
2020-07-28,1006.77540
2020-07-29,1006.93370
2020-07-30,1006.39530
2020-08-02,1006.66230
2020-08-03,1006.74240
2020-08-04,1006.83490
2020-08-05,1006.94100
2020-08-06,1006.38220
2020-08-09,1006.62970
2020-08-10,1006.72560
2020-08-11,1006.81910
2020-08-12,1006.90900
2020-08-13,1006.39650
2020-08-16,1006.65620
2020-08-17,1006.75680
2020-08-18,1006.84180
2020-08-19,1006.93550
2020-08-20,1006.39200
2020-08-23,1006.64960
2020-08-24,1006.71490
2020-08-25,1006.77870
2020-08-26,1006.87300
2020-08-27,1006.37750
2020-08-30,1006.60810
2020-08-31,1006.70070
2020-09-01,1006.82890
2020-09-02,1006.90790
2020-09-03,1006.38060
2020-09-06,1006.61480
2020-09-07,1006.68720
2020-09-08,1006.74900
2020-09-09,1006.80720
2020-09-10,1006.37820
2020-09-13,1006.60410
2020-09-14,1006.68890
2020-09-15,1006.78370
2020-09-16,1006.87670
2020-09-17,1006.38740
2020-09-18,1006.46860
2020-09-20,1006.64400
2020-09-21,1006.72350
2020-09-22,1006.80400
2020-09-23,1006.88590
2020-09-24,1006.40030
2020-09-27,1006.68490
2020-09-28,1006.78100
2020-09-29,1006.88360
2020-09-30,1007.04240
2020-10-03,1006.54190
2020-10-04,1006.62730
2020-10-05,1006.70710
2020-10-06,1006.79140
2020-10-07,1006.88160
2020-10-08,1006.37880
2020-10-09,1006.46010
2020-10-11,1006.64790
2020-10-12,1006.72950
2020-10-13,1006.82230
2020-10-14,1006.91430
2020-10-15,1006.38020
2020-10-18,1006.62490
2020-10-19,1006.70530
2020-10-20,1006.78510
2020-10-21,1006.60450
2020-10-22,1006.37990
2020-10-25,1006.61660
2020-10-26,1006.69780
2020-10-27,1006.77170
2020-10-28,1006.85480
2020-10-29,1006.31860
2020-10-30,1006.41830
2020-11-01,1006.61740
2020-11-02,1006.69560
2020-11-03,1006.77870
2020-11-04,1006.86220
2020-11-05,1006.38360
2020-11-08,1006.64450
2020-11-09,1006.77430
2020-11-10,1006.84940
2020-11-11,1006.95000
2020-11-12,1006.41060
2020-11-16,1006.72600
2020-11-17,1006.81230
2020-11-18,1006.93820
2020-11-19,1006.39840
2020-11-22,1006.60180
2020-11-23,1006.66910
2020-11-24,1006.73750
2020-11-25,1006.83890
2020-11-26,1006.38320
2020-11-30,1006.66600
2020-12-01,1006.69840
2020-12-02,1006.72450
2020-12-03,1006.37510
2020-12-06,1006.61440
2020-12-07,1006.67920
2020-12-08,1006.74540
2020-12-09,1006.82380
2020-12-10,1006.39150
2020-12-13,1006.62620
2020-12-14,1006.70380
2020-12-15,1006.77780
2020-12-16,1006.85460
2020-12-17,1006.38060
2020-12-18,1006.46430
2020-12-20,1006.62860
2020-12-21,1006.70850
2020-12-22,1006.78990
2020-12-23,1006.88190
2020-12-27,1006.62260
2020-12-28,1006.70720
2020-12-29,1006.79150
2020-12-30,1006.88150
2020-12-31,1006.38470
2021-01-03,1006.61420
2021-01-04,1006.69450
2021-01-05,1006.77210
2021-01-06,1006.83570
2021-01-07,1006.34860
2021-01-08,1006.42660
2021-01-10,1006.59010
2021-01-11,1006.61360
2021-01-12,1006.69800
2021-01-13,1006.80850
2021-01-14,1006.37430
2021-01-17,1006.59330
2021-01-18,1006.66210
2021-01-19,1006.74990
2021-01-20,1006.84170
2021-01-21,1006.37100
2021-01-24,1006.62370
2021-01-26,1006.79460
2021-01-27,1006.88230
2021-01-28,1006.38990
2021-01-29,1006.48040
2021-01-31,1006.65820
2021-02-01,1006.75340
2021-02-02,1006.85820
2021-02-03,1006.92820
2021-02-04,1006.38560
2021-02-07,1006.64290
2021-02-08,1006.72790
2021-02-09,1006.81370
2021-02-10,1006.89620
2021-02-11,1006.39000
2021-02-12,1006.48040
2021-02-14,1006.64630
2021-02-15,1006.74510
2021-02-16,1006.83600
2021-02-17,1006.97910
2021-02-18,1006.41270
2021-02-21,1006.63910
2021-02-22,1006.71020
2021-02-23,1006.79180
2021-02-24,1006.89920
2021-02-25,1006.38300
2021-02-26,1006.44890
2021-02-28,1006.60140
2021-03-01,1006.67090
2021-03-02,1006.74540
2021-03-03,1006.82940
2021-03-04,1006.39230
2021-03-07,1006.60300
2021-03-08,1006.70140
2021-03-09,1006.77570
2021-03-11,1006.38590
2021-03-14,1006.63670
2021-03-15,1006.70570
2021-03-16,1006.79240
2021-03-17,1006.89750
2021-03-18,1006.38320
2021-03-21,1006.64790
2021-03-22,1006.75200
2021-03-23,1006.83780
2021-03-24,1006.92890
2021-03-25,1006.40310
2021-03-29,1006.76320
2021-03-30,1006.87300
2021-03-31,1006.98760
2021-04-04,1006.63780
2021-04-05,1006.71600
2021-04-06,1006.81990
2021-04-07,1006.87660
2021-04-08,1006.38130
2021-04-10,1006.54720
2021-04-11,1006.62920
2021-04-12,1006.71920
2021-04-13,1006.80220
2021-04-14,1006.46530
2021-04-15,1006.54360
2021-04-18,1006.78970
2021-04-19,1006.86300
2021-04-21,1006.39930
2021-04-22,1006.49340
2021-04-25,1006.74170
2021-04-26,1006.83000
2021-04-27,1006.91280
2021-04-28,1006.99100
2021-04-29,1006.38170
2021-05-02,1006.63280
2021-05-03,1006.71240
2021-05-04,1006.79290
2021-05-05,1006.87450
2021-05-06,1006.37600
2021-05-09,1006.63600
2021-05-10,1006.70600
2021-05-11,1006.79710
2021-05-13,1006.38620
2021-05-16,1006.64840
2021-05-17,1006.73050
2021-05-18,1006.81800
2021-05-19,1006.90090
2021-05-20,1006.38890
2021-05-23,1006.65220
2021-05-24,1006.73450
2021-05-25,1006.82330
2021-05-26,1006.38740
2021-05-27,1006.47900
2021-05-30,1006.74890
2021-05-31,1006.83370
2021-06-01,1006.91520
2021-06-02,1006.99990
2021-06-03,1006.38520
2021-06-06,1006.64590
2021-06-07,1006.73530
2021-06-08,1006.82060
2021-06-09,1006.91520
2021-06-10,1006.38330
2021-06-13,1006.64360
2021-06-14,1006.73130
2021-06-15,1006.81790
2021-06-16,1006.86750
2021-06-17,1006.38430
2021-06-20,1006.64630
2021-06-21,1006.76120
2021-06-22,1006.85640
2021-06-23,1006.94930
2021-06-24,1006.39560
2021-06-27,1006.66430
2021-06-28,1006.76520
2021-06-29,1006.85970
2021-06-30,1006.95120
2021-07-01,1006.40170
2021-07-04,1006.64240
2021-07-05,1006.71890
2021-07-06,1006.79290
2021-07-07,1006.88670
2021-07-08,1006.39220
2021-07-11,1006.65220
2021-07-12,1006.75080
2021-07-13,1006.84440
2021-07-14,1006.94130
2021-07-15,1006.38330
2021-07-18,1006.64310
2021-07-19,1006.73070
2021-07-21,1006.39200
2021-07-22,1006.48780
2021-07-25,1006.75450
2021-07-26,1006.84700
2021-07-27,1006.94070
2021-07-28,1007.03030
2021-07-29,1006.37610
2021-07-30,1006.45730
2021-08-01,1006.62720
2021-08-02,1006.71660
2021-08-03,1006.79980
2021-08-04,1006.88630
2021-08-05,1006.37910
2021-08-08,1006.63390
2021-08-09,1006.71590
2021-08-10,1006.80870
2021-08-11,1006.90320
2021-08-12,1006.40720
2021-08-15,1006.66970
2021-08-16,1006.75350
2021-08-17,1006.84440
2021-08-19,1006.38290
2021-08-22,1006.63940
2021-08-23,1006.72670
2021-08-24,1006.81800
2021-08-25,1006.90620
2021-08-26,1006.38810
2021-08-27,1006.48430
2021-08-29,1006.65040
2021-08-30,1006.73060
2021-08-31,1006.81820
2021-09-01,1006.90640
2021-09-02,1006.37820
2021-09-05,1006.62230
2021-09-06,1006.69440
2021-09-07,1006.76960
2021-09-08,1006.85210
2021-09-11,1006.55010
2021-09-12,1006.63430
2021-09-13,1006.71560
2021-09-14,1006.80880
2021-09-15,1006.89270
2021-09-16,1006.38080
2021-09-19,1006.62240
2021-09-20,1006.70550
2021-09-21,1006.78950
2021-09-22,1006.86210
2021-09-23,1006.38860
2021-09-26,1006.63120
2021-09-27,1006.71320
2021-09-28,1006.77810
2021-09-29,1006.85430
2021-09-30,1006.39360
2021-10-03,1006.67710
2021-10-04,1006.76930
2021-10-05,1006.84250
2021-10-06,1006.92590
2021-10-07,1006.38420
2021-10-10,1006.68910
2021-10-11,1006.80240
2021-10-12,1006.89150
2021-10-13,1006.98510
2021-10-14,1006.36340
2021-10-15,1006.45020
2021-10-17,1006.62510
2021-10-18,1006.65830
2021-10-19,1006.74840
2021-10-20,1006.82240
2021-10-21,1006.38550
2021-10-23,1006.58240
2021-10-24,1006.65210
2021-10-25,1006.68610
2021-10-26,1006.74640
2021-10-27,1006.83400
2021-10-28,1006.36720
2021-10-29,1006.44710
2021-10-31,1006.64290
2021-11-01,1006.71380
2021-11-02,1006.81300
2021-11-05,1007.12220
2021-11-07,1006.68440
2021-11-08,1006.81590
2021-11-09,1006.93120
2021-11-10,1007.03270
2021-11-11,1006.40260
2021-11-14,1006.66840
2021-11-15,1006.74910
2021-11-16,1006.83700
2021-11-17,1006.92830
2021-11-21,1006.65760
2021-11-22,1006.72300
2021-11-23,1006.80920
2021-11-24,1006.93460
2021-11-25,1006.39760
2021-11-28,1006.65240
2021-11-29,1006.73760
2021-11-30,1006.82960
2021-12-01,1006.91080
2021-12-02,1006.39510
2021-12-05,1006.65970
2021-12-06,1006.74840
2021-12-07,1006.83160
2021-12-08,1006.93990
2021-12-09,1006.37770
2021-12-12,1006.64540
2021-12-13,1006.72970
2021-12-14,1006.81780
2021-12-15,1006.90580
2021-12-16,1006.36330
2021-12-19,1006.63060
2021-12-20,1006.72260
2021-12-21,1006.78540
2021-12-22,1006.88550
2021-12-23,1006.40700
2021-12-25,1006.59280
2021-12-26,1006.68340
2021-12-27,1006.78300
2021-12-28,1006.86990
2021-12-29,1006.96420
2021-12-30,1006.38600
