Date,NAV
2006-04-01,10.05200
2006-04-02,10.05200
2006-04-03,10.05200
2006-04-04,10.05400
2006-04-05,10.05590
2006-04-06,10.05770
2006-04-07,10.05950
2006-04-08,10.06120
2006-04-09,10.06290
2006-04-10,10.06470
2006-04-11,10.06650
2006-04-12,10.06840
2006-04-13,10.07010
2006-04-14,10.07190
2006-04-15,10.07360
2006-04-16,10.07530
2006-04-17,10.07720
2006-04-18,10.07890
2006-04-19,10.08080
2006-04-20,10.08280
2006-04-21,10.08450
2006-04-22,10.08630
2006-04-23,10.08800
2006-04-24,10.08970
2006-04-25,10.09150
2006-04-26,10.09330
2006-04-27,10.09520
2006-04-28,10.09710
2006-04-29,10.00070
2006-04-30,10.00250
2006-05-01,10.00430
2006-05-02,10.00610
2006-05-03,10.00790
2006-05-04,10.00970
2006-05-05,10.01140
2006-05-06,10.01320
2006-05-07,10.01490
2006-05-08,10.01670
2006-05-09,10.01840
2006-05-10,10.02010
2006-05-11,10.02200
2006-05-12,10.02380
2006-05-13,10.02560
2006-05-14,10.02730
2006-05-15,10.02910
2006-05-16,10.03100
2006-05-17,10.03270
2006-05-18,10.03450
2006-05-19,10.03620
2006-05-20,10.03790
2006-05-21,10.03960
2006-05-22,10.04130
2006-05-23,10.04300
2006-05-24,10.04480
2006-05-25,10.04650
2006-05-26,10.04830
2006-05-27,10.05010
2006-05-28,10.05180
2006-05-29,10.00070
2006-05-30,10.00250
2006-05-31,10.00430
2006-06-01,10.00620
2006-06-02,10.00790
2006-06-03,10.00960
2006-06-04,10.01130
2006-06-05,10.01310
2006-06-06,10.01480
2006-06-07,10.01660
2006-06-08,10.01830
2006-06-09,10.02010
2006-06-10,10.02190
2006-06-11,10.02360
2006-06-12,10.02540
2006-06-13,10.02710
2006-06-14,10.02890
2006-06-15,10.03070
2006-06-16,10.03250
2006-06-17,10.03430
2006-06-18,10.03610
2006-06-19,10.03790
2006-06-20,10.03960
2006-06-21,10.04130
2006-06-22,10.04310
2006-06-23,10.04490
2006-06-24,10.04670
2006-06-25,10.04840
2006-06-26,10.05020
2006-06-27,10.05190
2006-06-28,10.05200
2006-06-29,10.00070
2006-06-30,10.00250
2006-07-01,10.00430
2006-07-02,10.00610
2006-07-03,10.00790
2006-07-04,10.00960
2006-07-05,10.01140
2006-07-06,10.01320
2006-07-07,10.01490
2006-07-08,10.01670
2006-07-09,10.01850
2006-07-10,10.02030
2006-07-11,10.02210
2006-07-12,10.02380
2006-07-13,10.02560
2006-07-14,10.02740
2006-07-15,10.02920
2006-07-16,10.03100
2006-07-17,10.03280
2006-07-18,10.03460
2006-07-19,10.03640
2006-07-20,10.03820
2006-07-21,10.04000
2006-07-22,10.04180
2006-07-23,10.04360
2006-07-24,10.04540
2006-07-25,10.04720
2006-07-26,10.04910
2006-07-27,10.05080
2006-07-28,10.05270
2006-07-29,10.00070
2006-07-30,10.00250
2006-07-31,10.00430
2006-08-01,10.00610
2006-08-02,10.00800
2006-08-03,10.00980
2006-08-04,10.01160
2006-08-05,10.01340
2006-08-06,10.01520
2006-08-07,10.01700
2006-08-08,10.01890
2006-08-09,10.02070
2006-08-10,10.02250
2006-08-11,10.02440
2006-08-12,10.02610
2006-08-13,10.02790
2006-08-14,10.02980
2006-08-15,10.03160
2006-08-16,10.03340
2006-08-17,10.03520
2006-08-18,10.03710
2006-08-19,10.03890
2006-08-20,10.04070
2006-08-21,10.04250
2006-08-22,10.04430
2006-08-23,10.04610
2006-08-24,10.04800
2006-08-25,10.04980
2006-08-26,10.05160
2006-08-27,10.05350
2006-08-28,10.05530
2006-08-29,10.00070
2006-08-30,10.00250
2006-08-31,10.00440
2006-09-01,10.00620
2006-09-02,10.00810
2006-09-03,10.00990
2006-09-04,10.01180
2006-09-05,10.01360
2006-09-06,10.01550
2006-09-07,10.01730
2006-09-08,10.01920
2006-09-09,10.02100
2006-09-10,10.02280
2006-09-11,10.02470
2006-09-12,10.02650
2006-09-13,10.02840
2006-09-14,10.03020
2006-09-15,10.03210
2006-09-16,10.03400
2006-09-17,10.03580
2006-09-18,10.03770
2006-09-19,10.03960
2006-09-20,10.04150
2006-09-21,10.04340
2006-09-22,10.04530
2006-09-23,10.04720
2006-09-24,10.04910
2006-09-25,10.05100
2006-09-26,10.05290
2006-09-27,10.05490
2006-09-28,10.05680
2006-09-29,10.00070
2006-09-30,10.00270
2006-10-01,10.00460
2006-10-02,10.00660
2006-10-03,10.00850
2006-10-04,10.01040
2006-10-05,10.01240
2006-10-06,10.01430
2006-10-07,10.01610
2006-10-08,10.01800
2006-10-09,10.01990
2006-10-10,10.02180
2006-10-11,10.02370
2006-10-12,10.02570
2006-10-13,10.02760
2006-10-14,10.02950
2006-10-15,10.03130
2006-10-16,10.03320
2006-10-17,10.03520
2006-10-18,10.03710
2006-10-19,10.03910
2006-10-20,10.04100
2006-10-21,10.04290
2006-10-22,10.04480
2006-10-23,10.04680
2006-10-24,10.04870
2006-10-25,10.05060
2006-10-26,10.05260
2006-10-27,10.05450
2006-10-28,10.00070
2006-10-29,10.00260
2006-10-30,10.00460
2006-10-31,10.00650
2006-11-01,10.00850
2006-11-02,10.01040
2006-11-03,10.01240
2006-11-04,10.01430
2006-11-05,10.01620
2006-11-06,10.01820
2006-11-07,10.02010
2006-11-08,10.02210
2006-11-09,10.02400
2006-11-10,10.02600
2006-11-11,10.02790
2006-11-12,10.02990
2006-11-13,10.03180
2006-11-14,10.03370
2006-11-15,10.03570
2006-11-16,10.03770
2006-11-17,10.03980
2006-11-18,10.04180
2006-11-19,10.04380
2006-11-20,10.04580
2006-11-21,10.04780
2006-11-22,10.04980
2006-11-23,10.05190
2006-11-24,10.05380
2006-11-25,10.05580
2006-11-26,10.05770
2006-11-27,10.05960
2006-11-28,10.06160
2006-11-29,10.00070
2006-11-30,10.00270
2006-12-01,10.00470
2006-12-02,10.00660
2006-12-03,10.00860
2006-12-04,10.01050
2006-12-05,10.01260
2006-12-06,10.01450
2006-12-07,10.01650
2006-12-08,10.01840
2006-12-09,10.02040
2006-12-10,10.02230
2006-12-11,10.02430
2006-12-12,10.02620
2006-12-13,10.02820
2006-12-14,10.03010
2006-12-15,10.03210
2006-12-16,10.03420
2006-12-17,10.03620
2006-12-18,10.03820
2006-12-19,10.04020
2006-12-20,10.04230
2006-12-21,10.04430
2006-12-22,10.04640
2006-12-23,10.04850
2006-12-24,10.05060
2006-12-25,10.05270
2006-12-26,10.05480
2006-12-27,10.05690
2006-12-28,10.05890
2006-12-29,10.00070
2006-12-30,10.00290
2006-12-31,10.00500
2007-01-01,10.00710
2007-01-02,10.00920
2007-01-03,10.01130
2007-01-04,10.01330
2007-01-05,10.01540
2007-01-06,10.01740
2007-01-07,10.01940
2007-01-08,10.02150
2007-01-09,10.02360
2007-01-10,10.02560
2007-01-11,10.02770
2007-01-12,10.02970
2007-01-13,10.03170
2007-01-14,10.03370
2007-01-15,10.03580
2007-01-16,10.03780
2007-01-17,10.03990
2007-01-18,10.04200
2007-01-19,10.04410
2007-01-20,10.04610
2007-01-21,10.04820
2007-01-22,10.05030
2007-01-23,10.05240
2007-01-24,10.05450
2007-01-25,10.05660
2007-01-26,10.05860
2007-01-27,10.06070
2007-01-28,10.06270
2007-01-29,10.06480
2007-01-30,10.00070
2007-01-31,10.00280
2007-02-01,10.00480
2007-02-02,10.00690
2007-02-03,10.00900
2007-02-04,10.01100
2007-02-05,10.01310
2007-02-06,10.01520
2007-02-07,10.01720
2007-02-08,10.01930
2007-02-09,10.02130
2007-02-10,10.02330
2007-02-11,10.02530
2007-02-12,10.02740
2007-02-13,10.02950
2007-02-14,10.03160
2007-02-15,10.03360
2007-02-16,10.03570
2007-02-17,10.03780
2007-02-18,10.03990
2007-02-19,10.04200
2007-02-20,10.04420
2007-02-21,10.04640
2007-02-22,10.04850
2007-02-23,10.05060
2007-02-24,10.05270
2007-02-25,10.05480
2007-02-26,10.05700
2007-02-27,10.05910
2007-02-28,10.00070
2007-03-01,10.00290
2007-03-02,10.00500
2007-03-03,10.00720
2007-03-04,10.00930
2007-03-05,10.01140
2007-03-06,10.01340
2007-03-07,10.01550
2007-03-08,10.01770
2007-03-09,10.01980
2007-03-10,10.02190
2007-03-11,10.02400
2007-03-12,10.02620
2007-03-13,10.02850
2007-03-14,10.03060
2007-03-15,10.03290
2007-03-16,10.03530
2007-03-17,10.03770
2007-03-18,10.04010
2007-03-19,10.04250
2007-03-20,10.04500
2007-03-21,10.04780
2007-03-22,10.05040
2007-03-23,10.05290
2007-03-24,10.05540
2007-03-25,10.05800
2007-03-26,10.06040
2007-03-27,10.06290
2007-03-28,10.06550
2007-03-29,10.00070
2007-03-30,10.00350
2007-03-31,10.00660
2007-04-01,10.00960
2007-04-02,10.01270
2007-04-03,10.01520
2007-04-04,10.01760
2007-04-05,10.01990
2007-04-06,10.02220
2007-04-07,10.02450
2007-04-08,10.02680
2007-04-09,10.02910
2007-04-10,10.03140
2007-04-11,10.03360
2007-04-12,10.03560
2007-04-13,10.03780
2007-04-14,10.03990
2007-04-15,10.04210
2007-04-16,10.04440
2007-04-17,10.04690
2007-04-18,10.04940
2007-04-19,10.05180
2007-04-20,10.05420
2007-04-21,10.05660
2007-04-22,10.05900
2007-04-23,10.06140
2007-04-24,10.06380
2007-04-25,10.06630
2007-04-26,10.06870
2007-04-27,10.07120
2007-04-28,10.00070
2007-04-29,10.00310
2007-04-30,10.00550
2007-05-01,10.00790
2007-05-02,10.01040
2007-05-03,10.01290
2007-05-04,10.01530
2007-05-05,10.01770
2007-05-06,10.02010
2007-05-07,10.02250
2007-05-08,10.02480
2007-05-09,10.02700
2007-05-10,10.02910
2007-05-11,10.03120
2007-05-12,10.03340
2007-05-13,10.03560
2007-05-14,10.03800
2007-05-15,10.04040
2007-05-16,10.04290
2007-05-17,10.04550
2007-05-18,10.04790
2007-05-19,10.05030
2007-05-20,10.05270
2007-05-21,10.05510
2007-05-22,10.05760
2007-05-23,10.06000
2007-05-24,10.06240
2007-05-25,10.06490
2007-05-26,10.06730
2007-05-27,10.06980
2007-05-28,10.07220
2007-05-29,10.00070
2007-05-30,10.00260
2007-05-31,10.00440
2007-06-01,10.00600
2007-06-02,10.00740
2007-06-03,10.00880
2007-06-04,10.01020
2007-06-05,10.01200
2007-06-06,10.01380
2007-06-07,10.01550
2007-06-08,10.01720
2007-06-09,10.01890
2007-06-10,10.02070
2007-06-11,10.02240
2007-06-12,10.02400
2007-06-13,10.02570
2007-06-14,10.02720
2007-06-15,10.02890
2007-06-16,10.03040
2007-06-17,10.03200
2007-06-18,10.03370
2007-06-19,10.03540
2007-06-20,10.03720
2007-06-21,10.03900
2007-06-22,10.04080
2007-06-23,10.04260
2007-06-24,10.04440
2007-06-25,10.04640
2007-06-26,10.04840
2007-06-27,10.05050
2007-06-28,10.05290
2007-06-29,10.00070
2007-06-30,10.00320
2007-07-01,10.00560
2007-07-02,10.00830
2007-07-03,10.01040
2007-07-04,10.01230
2007-07-05,10.01400
2007-07-06,10.01540
2007-07-07,10.01690
2007-07-08,10.01840
2007-07-09,10.02020
2007-07-10,10.02200
2007-07-11,10.02370
2007-07-12,10.02550
2007-07-13,10.02730
2007-07-14,10.02900
2007-07-15,10.03060
2007-07-16,10.03240
2007-07-17,10.03430
2007-07-18,10.03600
2007-07-19,10.03770
2007-07-20,10.03910
2007-07-21,10.04050
2007-07-22,10.04200
2007-07-23,10.04370
2007-07-24,10.04530
2007-07-25,10.04670
2007-07-26,10.04820
2007-07-27,10.04960
2007-07-28,10.00070
2007-07-29,10.00200
2007-07-30,10.00350
2007-07-31,10.00490
2007-08-01,10.00620
2007-08-02,10.00750
2007-08-03,10.00890
2007-08-04,10.01060
2007-08-05,10.01230
2007-08-06,10.01430
2007-08-07,10.01620
2007-08-08,10.01820
2007-08-09,10.02030
2007-08-10,10.02230
2007-08-11,10.02430
2007-08-12,10.02640
2007-08-13,10.02850
2007-08-14,10.03060
2007-08-15,10.03270
2007-08-16,10.03480
2007-08-17,10.03680
2007-08-18,10.03890
2007-08-19,10.04100
2007-08-20,10.04310
2007-08-21,10.04510
2007-08-22,10.04720
2007-08-23,10.04940
2007-08-24,10.05150
2007-08-25,10.05360
2007-08-26,10.05570
2007-08-27,10.05770
2007-08-28,10.05980
2007-08-29,10.00070
2007-08-30,10.00280
2007-08-31,10.00480
2007-09-01,10.00680
2007-09-02,10.00880
2007-09-03,10.01070
2007-09-04,10.01270
2007-09-05,10.01470
2007-09-06,10.01670
2007-09-07,10.01880
2007-09-08,10.02080
2007-09-09,10.02280
2007-09-10,10.02480
2007-09-11,10.02680
2007-09-12,10.02880
2007-09-13,10.03090
2007-09-14,10.03310
2007-09-15,10.03510
2007-09-16,10.03720
2007-09-17,10.03950
2007-09-18,10.04170
2007-09-19,10.04390
2007-09-20,10.04620
2007-09-21,10.04830
2007-09-22,10.05050
2007-09-23,10.05260
2007-09-24,10.05480
2007-09-25,10.05710
2007-09-26,10.05930
2007-09-27,10.00070
2007-09-28,10.00290
2007-09-29,10.00510
2007-09-30,10.00720
2007-10-01,10.00940
2007-10-02,10.01150
2007-10-03,10.01360
2007-10-04,10.01580
2007-10-05,10.01780
2007-10-06,10.01980
2007-10-07,10.02180
2007-10-08,10.02380
2007-10-09,10.02580
2007-10-10,10.02800
2007-10-11,10.03020
2007-10-12,10.03230
2007-10-13,10.03440
2007-10-14,10.03660
2007-10-15,10.03870
2007-10-16,10.04090
2007-10-17,10.04300
2007-10-18,10.04510
2007-10-19,10.04710
2007-10-20,10.04910
2007-10-21,10.05110
2007-10-22,10.05320
2007-10-23,10.05530
2007-10-24,10.05740
2007-10-25,10.05960
2007-10-26,10.06170
2007-10-27,10.00070
2007-10-28,10.00280
2007-10-29,10.00490
2007-10-30,10.00700
2007-10-31,10.00920
2007-11-01,10.01130
2007-11-02,10.01330
2007-11-03,10.01540
2007-11-04,10.01740
2007-11-05,10.01740
2007-11-06,10.01740
2007-11-07,10.01740
2007-11-08,10.01740
2007-11-09,10.01740
2007-11-10,10.01740
2007-11-11,10.01740
2007-11-12,10.01740
2007-11-13,10.01740
2007-11-14,10.01740
2007-11-15,10.01740
2007-11-16,10.01740
2007-11-17,10.01740
2007-11-18,10.01740
2007-11-19,10.01740
2007-11-20,10.01740
2007-11-21,10.01740
2007-11-22,10.01740
2007-11-23,10.01740
2007-11-24,10.01740
2007-11-25,10.01740
2007-11-26,10.01740
2007-11-27,10.01740
2007-11-28,10.01740
2007-11-29,10.01740
2007-11-30,10.01740
2007-12-01,10.01740
2007-12-02,10.01740
2007-12-03,10.01740
2007-12-04,10.01740
2007-12-05,10.01740
2007-12-06,10.01740
2007-12-07,10.01960
2007-12-08,10.02170
2007-12-09,10.02370
2007-12-10,10.02590
2007-12-11,10.02810
2007-12-12,10.03030
2007-12-13,10.03250
2007-12-14,10.03470
2007-12-15,10.03690
2007-12-16,10.03910
2007-12-17,10.04130
2007-12-18,10.04350
2007-12-19,10.04350
2007-12-20,10.04350
2007-12-21,10.04350
2007-12-22,10.04350
2007-12-23,10.04350
2007-12-24,10.04350
2007-12-25,10.04350
2007-12-26,10.04350
2007-12-27,10.04350
2007-12-28,10.04590
2007-12-29,10.00070
2007-12-30,10.00290
2007-12-31,10.00520
2008-01-01,10.00740
2008-01-02,10.00960
2008-01-03,10.01170
2008-01-04,10.01390
2008-01-05,10.01600
2008-01-06,10.01810
2008-01-07,10.02020
2008-01-08,10.02240
2008-01-09,10.02450
2008-01-10,10.02670
2008-01-11,10.02890
2008-01-12,10.03100
2008-01-13,10.03310
2008-01-14,10.03530
2008-01-15,10.03750
2008-01-16,10.03970
2008-01-17,10.04180
2008-01-18,10.04390
2008-01-19,10.04590
2008-01-20,10.04800
2008-01-21,10.05020
2008-01-22,10.05250
2008-01-23,10.05470
2008-01-24,10.05720
2008-01-25,10.05960
2008-01-26,10.06200
2008-01-27,10.06440
2008-01-28,10.06680
2008-01-29,10.00070
2008-01-30,10.00300
2008-01-31,10.00300
2008-02-01,10.00300
2008-02-02,10.00300
2008-02-03,10.00300
2008-02-04,10.00520
2008-02-05,10.00730
2008-02-06,10.00950
2008-02-07,10.01170
2008-02-08,10.01390
2008-02-09,10.01600
2008-02-10,10.01820
2008-02-11,10.02040
2008-02-12,10.02260
2008-02-13,10.02490
2008-02-14,10.02700
2008-02-15,10.02920
2008-02-16,10.03130
2008-02-17,10.03350
2008-02-18,10.03570
2008-02-19,10.03790
2008-02-20,10.04010
2008-02-21,10.04240
2008-02-22,10.04470
2008-02-23,10.04690
2008-02-24,10.04930
2008-02-25,10.05160
2008-02-26,10.00070
2008-02-27,10.00290
2008-02-28,10.00530
2008-02-29,10.00740
2008-03-01,10.00950
2008-03-02,10.01160
2008-03-03,10.01380
2008-03-04,10.01600
2008-03-05,10.01820
2008-03-06,10.02040
2008-03-07,10.02250
2008-03-08,10.02460
2008-03-09,10.02670
2008-03-10,10.02880
2008-03-11,10.03100
2008-03-12,10.03310
2008-03-13,10.03530
2008-03-14,10.03770
2008-03-15,10.03990
2008-03-16,10.04220
2008-03-17,10.04440
2008-03-18,10.04680
2008-03-19,10.04920
2008-03-20,10.05160
2008-03-21,10.05390
2008-03-22,10.05630
2008-03-23,10.05870
2008-03-24,10.06120
2008-03-25,10.06360
2008-03-26,10.06610
2008-03-27,10.06880
2008-03-28,10.07140
2008-03-29,10.00070
2008-03-30,10.00310
2008-03-31,10.00560
2008-04-01,10.00800
2008-04-02,10.01040
2008-04-03,10.01280
2008-04-04,10.01510
2008-04-05,10.01740
2008-04-06,10.01980
2008-04-07,10.02210
2008-04-08,10.02420
2008-04-09,10.02630
2008-04-10,10.02850
2008-04-11,10.03070
2008-04-12,10.03290
2008-04-13,10.03510
2008-04-14,10.03740
2008-04-15,10.03960
2008-04-16,10.04180
2008-04-17,10.04400
2008-04-18,10.04620
2008-04-19,10.04850
2008-04-20,10.05080
2008-04-21,10.05300
2008-04-22,10.05520
2008-04-23,10.05520
2008-04-24,10.05520
2008-04-25,10.05520
2008-04-26,10.05520
2008-04-27,10.05520
2008-04-28,10.05520
2008-04-29,10.05520
2008-04-30,10.05520
2008-05-01,10.05520
2008-05-02,10.05520
2008-05-03,10.05520
2008-05-04,10.05520
2008-05-05,10.05520
2008-05-06,10.05520
2008-05-07,10.05520
2008-05-08,10.05520
2008-05-09,10.05520
2008-05-10,10.05520
2008-05-11,10.05520
2008-05-12,10.05520
2008-05-13,10.05520
2008-05-14,10.05520
2008-05-15,10.05520
2008-05-16,10.05520
2008-05-17,10.05520
2008-05-18,10.05520
2008-05-19,10.05520
2008-05-20,10.05520
2008-05-21,10.05520
2008-05-22,10.05520
2008-05-23,10.05520
2008-05-24,10.05520
2008-05-25,10.05520
2008-05-26,10.05520
2008-05-27,10.05520
2008-05-28,10.05520
2008-05-29,10.05520
2008-05-30,10.05520
2008-05-31,10.05520
2008-06-01,10.05520
2008-06-02,10.05520
2008-06-03,10.05520
2008-06-04,10.05520
2008-06-05,10.05520
2008-06-06,10.05520
2008-06-07,10.05520
2008-06-08,10.05520
2008-06-09,10.05520
2008-06-10,10.05520
2008-06-11,10.05520
2008-06-12,10.05520
2008-06-13,10.05520
2008-06-14,10.05520
2008-06-15,10.05520
2008-06-16,10.05520
2008-06-17,10.05520
2008-06-18,10.05520
2008-06-19,10.05520
2008-06-20,10.05520
2008-06-21,10.05520
2008-06-22,10.05520
2008-06-23,10.05520
2008-06-24,10.05520
2008-06-25,10.05520
2008-06-26,10.05520
2008-06-27,10.05520
2008-06-28,10.05520
2008-06-29,10.05520
2008-06-30,10.05520
2008-07-01,10.05520
2008-07-02,10.05520
2008-07-03,10.05520
2008-07-04,10.05520
2008-07-05,10.05520
2008-07-06,10.05520
2008-07-07,10.05520
2008-07-08,10.05520
2008-07-09,10.05520
2008-07-10,10.05520
2008-07-11,10.05520
2008-07-12,10.05520
2008-07-13,10.05520
2008-07-14,10.05520
2008-07-15,10.05520
2008-07-16,10.05520
2008-07-17,10.05520
2008-07-18,10.05520
2008-07-19,10.05520
2008-07-20,10.05520
2008-07-21,10.05520
2008-07-22,10.05520
2008-07-23,10.05520
2008-07-24,10.05520
2008-07-25,10.05520
2008-07-26,10.05520
2008-07-27,10.05520
2008-07-28,10.05520
2008-07-29,10.05520
2008-07-30,10.05520
2008-07-31,10.05520
2008-08-01,10.05520
2008-08-02,10.05520
2008-08-03,10.05520
2008-08-04,10.05520
2008-08-05,10.05520
2008-08-06,10.05520
2008-08-07,10.05520
2008-08-08,10.05520
2008-08-09,10.05520
2008-08-10,10.05520
2008-08-11,10.05520
2008-08-12,10.05520
2008-08-13,10.05520
2008-08-14,10.05520
2008-08-15,10.05520
2008-08-16,10.05520
2008-08-17,10.05520
2008-08-18,10.05520
2008-08-19,10.05520
2008-08-20,10.05520
2008-08-21,10.05520
2008-08-22,10.05520
2008-08-23,10.05520
2008-08-24,10.05520
2008-08-25,10.05520
2008-08-26,10.05520
2008-08-27,10.05520
2008-08-28,10.05520
2008-08-29,10.05520
2008-08-30,10.05520
2008-08-31,10.05520
2008-09-01,10.05520
2008-09-02,10.05520
2008-09-03,10.05520
2008-09-04,10.05520
2008-09-05,10.05520
2008-09-06,10.05520
2008-09-07,10.05520
2008-09-08,10.05520
2008-09-09,10.05520
2008-09-10,10.05520
2008-09-11,10.05520
2008-09-12,10.05520
2008-09-13,10.05520
2008-09-14,10.05520
2008-09-15,10.05520
2008-09-16,10.05520
2008-09-17,10.05520
2008-09-18,10.05520
2008-09-19,10.05520
2008-09-20,10.05520
2008-09-21,10.05520
2008-09-22,10.05520
2008-09-23,10.05520
2008-09-24,10.05520
2008-09-25,10.05520
2008-09-26,10.05520
2008-09-27,10.05520
2008-09-28,10.05520
2008-09-29,10.05520
2008-09-30,10.05520
2008-10-01,10.05520
2008-10-02,10.05520
2008-10-03,10.05520
2008-10-04,10.05520
2008-10-05,10.05520
2008-10-06,10.05520
2008-10-07,10.05520
2008-10-08,10.05520
2008-10-09,10.05520
2008-10-10,10.05520
2008-10-11,10.05520
2008-10-12,10.05520
2008-10-13,10.05520
2008-10-14,10.05520
2008-10-15,10.05520
2008-10-16,10.05520
2008-10-17,10.05520
2008-10-18,10.05520
2008-10-19,10.05520
2008-10-20,10.05520
2008-10-21,10.05520
2008-10-22,10.05520
2008-10-23,10.05520
2008-10-24,10.05520
2008-10-25,10.05520
2008-10-26,10.05520
2008-10-27,10.05520
2008-10-28,10.05520
2008-10-29,10.05520
2008-10-30,10.05520
2008-10-31,10.05520
2008-11-01,10.05520
2008-11-02,10.05520
2008-11-03,10.05520
2008-11-04,10.05520
2008-11-05,10.05520
2008-11-06,10.05520
2008-11-07,10.05520
2008-11-08,10.05520
2008-11-09,10.05520
2008-11-10,10.05520
2008-11-11,10.05520
2008-11-12,10.05520
2008-11-13,10.05520
2008-11-14,10.05520
2008-11-15,10.05520
2008-11-16,10.05520
2008-11-17,10.05520
2008-11-18,10.05520
2008-11-19,10.05520
2008-11-20,10.05520
2008-11-21,10.05520
2008-11-22,10.05520
2008-11-23,10.05520
2008-11-24,10.05520
2008-11-25,10.05520
2008-11-26,10.05520
2008-11-27,10.05520
2008-11-28,10.05520
2008-11-29,10.05520
2008-11-30,10.05520
2008-12-01,10.05520
2008-12-02,10.05520
2008-12-03,10.05520
2008-12-04,10.05520
2008-12-05,10.05520
2008-12-06,10.05520
2008-12-07,10.05520
2008-12-08,10.05520
2008-12-09,10.05520
2008-12-10,10.05520
2008-12-11,10.05520
2008-12-12,10.05520
2008-12-13,10.05520
2008-12-14,10.05520
2008-12-15,10.05520
2008-12-16,10.05520
2008-12-17,10.05520
2008-12-18,10.05520
2008-12-19,10.05520
2008-12-20,10.05520
2008-12-21,10.05520
2008-12-22,10.05520
2008-12-23,10.05520
2008-12-24,10.05520
2008-12-25,10.05520
2008-12-26,10.05520
2008-12-27,10.05520
2008-12-28,10.05520
2008-12-29,10.05520
2008-12-30,10.05520
2008-12-31,10.05520
2009-01-01,10.05520
2009-01-02,10.05520
2009-01-03,10.05520
2009-01-04,10.05520
2009-01-05,10.05520
2009-01-06,10.05520
2009-01-07,10.05520
2009-01-08,10.05520
2009-01-09,10.05520
2009-01-10,10.05520
2009-01-11,10.05520
2009-01-12,10.05520
2009-01-13,10.05520
2009-01-14,10.05520
2009-01-15,10.05520
2009-01-16,10.05520
2009-01-17,10.05520
2009-01-18,10.05520
2009-01-19,10.05520
2009-01-20,10.05520
2009-01-21,10.05520
2009-01-22,10.05520
2009-01-23,10.05520
2009-01-24,10.05520
2009-01-25,10.05520
2009-01-26,10.05520
2009-01-27,10.05520
2009-01-28,10.05520
2009-01-29,10.05520
2009-01-30,10.05520
2009-01-31,10.05520
2009-02-01,10.05520
2009-02-02,10.05520
2009-02-03,10.05520
2009-02-04,10.05520
2009-02-05,10.05520
2009-02-06,10.05520
2009-02-07,10.05520
2009-02-08,10.05520
2009-02-09,10.05520
2009-02-10,10.05520
2009-02-11,10.05520
2009-02-12,10.05520
2009-02-13,10.05520
2009-02-14,10.05520
2009-02-15,10.05520
2009-02-16,10.05520
2009-02-17,10.05520
2009-02-18,10.05520
2009-02-19,10.05520
2009-02-20,10.05520
2009-02-21,10.05520
2009-02-22,10.05520
2009-02-23,10.05520
2009-02-24,10.05520
2009-02-25,10.05520
2009-02-26,10.05520
2009-02-27,10.05520
2009-02-28,10.05520
2009-03-01,10.05520
2009-03-02,10.05520
2009-03-03,10.05520
2009-03-04,10.05520
2009-03-05,10.05520
2009-03-06,10.05520
2009-03-07,10.05520
2009-03-08,10.05520
2009-03-09,10.05520
2009-03-10,10.05520
2009-03-11,10.05520
2009-03-12,10.05520
2009-03-13,10.05520
2009-03-14,10.05520
2009-03-15,10.05520
2009-03-16,10.05520
2009-03-17,10.05520
2009-03-18,10.05520
2009-03-19,10.05520
2009-03-20,10.05520
2009-03-21,10.05520
2009-03-22,10.05520
2009-03-23,10.05520
2009-03-24,10.05520
2009-03-25,10.05520
2009-03-26,10.05520
2009-03-27,10.05520
2009-03-28,10.05520
2009-03-29,10.05520
2009-03-30,10.05520
2009-03-31,10.05520
2009-04-01,10.05520
2009-04-02,10.05520
2009-04-03,10.05520
2009-04-04,10.55200
2009-04-05,10.05520
2009-04-06,10.05520
2009-04-07,10.05520
2009-04-08,10.05520
2009-04-09,10.05520
2009-04-10,10.05520
2009-04-11,10.05520
2009-04-12,10.05520
2009-04-13,10.05520
2009-04-14,10.05520
2009-04-15,10.05520
2009-04-16,10.05520
2009-04-17,10.05520
2009-04-18,10.05520
2009-04-19,10.05520
2009-04-20,10.05520
2009-04-21,10.05520
2009-04-22,10.05520
2009-04-23,10.05520
2009-04-24,10.05520
2009-04-25,10.05520
2009-04-26,10.05520
2009-04-27,10.05520
2009-04-28,10.05520
2009-04-29,10.05520
2009-04-30,10.05520
2009-05-01,10.05520
2009-05-02,10.05520
2009-05-03,10.05520
2009-05-04,10.05520
2009-05-05,10.05520
2009-05-06,10.05520
2009-05-07,10.05520
2009-05-08,10.05520
2009-05-09,10.05520
2009-05-10,10.05520
2009-05-11,10.05520
2009-05-12,10.05520
2009-05-13,10.05520
2009-05-14,10.05520
2009-05-15,10.05520
2009-05-16,10.05520
2009-05-17,10.05520
2009-05-18,10.05520
2009-05-19,10.05520
2009-05-20,10.05520
2009-05-21,10.05520
2009-05-22,10.05520
2009-05-23,10.05520
2009-05-24,10.05520
2009-05-25,10.05520
2009-05-26,10.05520
2009-05-27,10.05520
2009-05-28,10.05520
2009-05-29,10.05520
2009-05-30,10.05520
2009-05-31,10.05520
2009-06-01,10.05520
2009-06-02,10.05520
2009-06-03,10.05520
2009-06-04,10.05520
2009-06-05,10.05520
2009-06-06,10.05520
2009-06-07,10.05520
2009-06-08,10.05520
2009-06-09,10.05520
2009-06-10,10.05520
2009-06-11,10.05520
2009-06-12,10.05520
2009-06-13,10.05520
2009-06-14,10.05520
2009-06-15,10.05520
2009-06-16,10.05520
2009-06-17,10.05520
2009-06-18,10.05520
2009-06-19,10.05520
2009-06-20,10.05520
2009-06-21,10.05520
2009-06-22,10.05520
2009-06-23,10.05520
2009-06-24,10.05520
2009-06-25,10.05520
2009-06-26,10.05520
2009-06-27,10.05520
2009-06-28,10.05520
2009-06-29,10.05520
2009-06-30,10.05520
2009-07-01,10.05520
2009-07-02,10.05520
2009-07-03,10.05520
2009-07-04,10.05520
2009-07-05,10.05520
2009-07-06,10.05520
2009-07-07,10.05520
2009-07-08,10.05520
2009-07-09,10.05520
2009-07-10,10.05520
2009-07-11,10.05520
2009-07-12,10.05520
2009-07-13,10.05520
2009-07-14,10.05520
2009-07-15,10.05520
2009-07-16,10.05520
2009-07-17,10.05520
2009-07-18,10.05520
2009-07-19,10.05520
2009-07-20,10.05520
2009-07-21,10.05520
2009-07-22,10.05520
2009-07-23,10.05520
2009-07-24,10.05520
2009-07-25,10.05520
2009-07-26,10.05520
2009-07-27,10.05520
2009-07-28,10.05520
2009-07-29,10.05520
2009-07-30,10.05520
2009-07-31,10.05520
2009-08-01,10.05520
2009-08-02,10.05520
2009-08-03,10.05520
2009-08-04,10.05520
2009-08-05,10.05520
2009-08-06,10.05520
2009-08-07,10.05520
2009-08-08,10.05520
2009-08-09,10.05520
2009-08-10,10.05520
2009-08-11,10.05520
2009-08-12,10.05520
2009-08-13,10.05520
2009-08-14,10.05520
2009-08-15,10.05520
2009-08-16,10.05520
2009-08-17,10.05520
2009-08-18,10.05520
2009-08-19,10.05520
2009-08-20,10.05520
2009-08-21,10.05520
2009-08-22,10.05520
2009-08-23,10.05520
2009-08-24,10.05520
2009-08-25,10.05520
2009-08-26,10.05520
2009-08-27,10.05520
2009-08-28,10.05520
2009-08-29,10.05520
2009-08-30,10.05520
2009-08-31,10.05520
2009-09-01,10.05520
2009-09-02,10.05520
2009-09-03,10.05520
2009-09-04,10.05520
2009-09-05,10.05520
2009-09-06,10.05520
2009-09-07,10.05520
2009-09-08,10.05520
2009-09-09,10.05520
2009-09-10,10.05520
2009-09-11,10.05520
2009-09-12,10.05520
2009-09-13,10.05520
2009-09-14,10.05520
2009-09-15,10.05520
2009-09-16,10.05520
2009-09-17,10.05520
2009-09-18,10.05520
2009-09-19,10.05520
2009-09-20,10.05520
2009-09-21,10.05520
2009-09-22,10.05520
2009-09-23,10.05520
2009-09-24,10.05520
2009-09-25,10.05520
2009-09-26,10.05520
2009-09-27,10.05520
2009-09-28,10.05520
2009-09-29,10.05520
2009-09-30,10.05520
2009-10-01,10.05520
2009-10-02,10.05520
2009-10-03,10.05520
2009-10-04,10.05520
2009-10-05,10.05520
2009-10-06,10.05520
2009-10-07,10.05520
2009-10-08,10.05520
2009-10-09,10.05520
2009-10-10,10.05520
2009-10-11,10.05520
2010-09-24,10.05690
2010-09-25,10.05860
2010-09-26,10.06040
2010-09-27,10.06210
2010-09-28,10.06380
2010-09-29,10.06560
2010-09-30,10.06730
2010-10-01,10.06910
2010-10-02,10.07080
2010-10-03,10.07260
2010-10-04,10.07450
2010-10-05,10.07620
2010-10-06,10.07790
2010-10-07,10.07970
2010-10-08,10.08160
2010-10-09,10.08340
2010-10-10,10.08520
2010-10-11,10.08710
2010-10-12,10.08880
2010-10-13,10.09060
2010-10-14,10.09240
2010-10-15,10.09410
2010-10-16,10.09590
2010-10-17,10.09770
2010-10-18,10.09950
2010-10-19,10.10130
2010-10-20,10.10320
2010-10-21,10.10500
2010-10-22,10.10680
2010-10-23,10.10860
2010-10-24,10.11040
2010-10-25,10.11220
2010-10-26,10.11410
2010-10-27,10.11600
2010-10-28,10.11800
2010-10-29,10.05930
2010-10-30,10.06130
2010-10-31,10.06330
2010-11-01,10.06530
2010-11-02,10.06710
2010-11-03,10.06900
2010-11-04,10.07090
2010-11-05,10.07270
2010-11-06,10.07460
2010-11-07,10.07650
2010-11-08,10.07830
2010-11-09,10.08020
2010-11-10,10.08200
2010-11-11,10.08380
2010-11-12,10.08580
2010-11-13,10.08770
2010-11-14,10.08960
2010-11-15,10.09140
2010-11-16,10.09320
2010-11-17,10.09520
2010-11-18,10.09700
2010-11-19,10.09900
2010-11-20,10.10100
2010-11-21,10.10310
2010-11-22,10.10510
2010-11-23,10.10710
2010-11-24,10.10900
2010-11-25,10.11090
2010-11-26,10.11270
2010-11-27,10.06290
2010-11-28,10.06480
2010-11-29,10.06660
2010-11-30,10.06850
2010-12-01,10.07040
2010-12-02,10.07230
2010-12-03,10.07420
2010-12-04,10.07600
2010-12-05,10.07790
2010-12-06,10.07970
2010-12-07,10.08180
2010-12-08,10.08380
2010-12-09,10.08580
2010-12-10,10.08780
2010-12-11,10.08980
2010-12-12,10.09180
2010-12-13,10.09380
2010-12-14,10.09570
2010-12-15,10.09760
2010-12-16,10.09960
2010-12-17,10.10160
2010-12-18,10.10360
2010-12-19,10.10560
2010-12-20,10.10760
2010-12-21,10.10970
2010-12-22,10.11170
2010-12-23,10.11380
2010-12-24,10.11580
2010-12-25,10.11780
2010-12-26,10.11980
2010-12-27,10.12190
2010-12-28,10.12400
2010-12-29,10.06720
2010-12-30,10.06940
2010-12-31,10.07170
2011-01-01,10.07400
2011-01-02,10.07630
2011-01-03,10.07860
2011-01-04,10.08060
2011-01-05,10.08280
2011-01-06,10.08490
2011-01-07,10.08700
2011-01-08,10.08900
2011-01-09,10.09100
2011-01-10,10.09310
2011-01-11,10.09530
2011-01-12,10.09750
2011-01-13,10.09980
2011-01-14,10.10180
2011-01-15,10.10390
2011-01-16,10.10600
2011-01-17,10.10810
2011-01-18,10.11040
2011-01-19,10.11250
2011-01-20,10.11470
2011-01-21,10.11690
2011-01-22,10.11910
2011-01-23,10.12120
2011-01-24,10.12330
2011-01-25,10.12540
2011-01-26,10.12750
2011-01-27,10.12960
2011-01-28,10.13190
2011-01-29,10.07170
2011-01-30,10.07390
2011-01-31,10.07610
2011-02-01,10.07830
2011-02-02,10.08040
2011-02-03,10.08260
2011-02-04,10.08480
2011-02-05,10.08710
2011-02-06,10.08930
2011-02-07,10.09140
2011-02-08,10.09360
2011-02-09,10.09580
2011-02-10,10.09800
2011-02-11,10.10010
2011-02-12,10.10230
2011-02-13,10.10450
2011-02-14,10.10680
2011-02-15,10.10920
2011-02-16,10.11150
2011-02-17,10.11370
2011-02-18,10.11600
2011-02-19,10.11820
2011-02-20,10.12050
2011-02-21,10.12270
2011-02-22,10.12480
2011-02-23,10.12700
2011-02-24,10.12920
2011-02-25,10.13150
2011-02-26,10.07630
2011-02-27,10.07850
2011-02-28,10.08070
2011-03-01,10.08300
2011-03-02,10.08520
2011-03-03,10.08740
2011-03-04,10.08960
2011-03-05,10.09180
2011-03-06,10.09400
2011-03-07,10.09630
2011-03-08,10.09860
2011-03-09,10.10090
2011-03-10,10.10320
2011-03-11,10.10540
2011-03-12,10.10770
2011-03-13,10.11000
2011-03-14,10.11220
2011-03-15,10.11450
2011-03-16,10.11680
2011-03-17,10.11910
2011-03-18,10.12140
2011-03-19,10.12380
2011-03-20,10.12610
2011-03-21,10.12840
2011-03-22,10.13080
2011-03-23,10.13310
2011-03-24,10.13550
2011-03-25,10.13800
2011-03-26,10.14060
2011-03-27,10.14300
2011-03-28,10.14560
2011-03-29,10.08150
2011-03-30,10.08400
2011-03-31,10.08670
2011-04-01,10.08950
2011-04-02,10.09230
2011-04-03,10.09510
2011-04-04,10.09780
2011-04-05,10.10000
2011-04-06,10.10230
2011-04-07,10.10440
2011-04-08,10.10640
2011-04-09,10.10850
2011-04-10,10.11060
2011-04-11,10.11290
2011-04-12,10.11520
2011-04-13,10.11750
2011-04-14,10.11970
2011-04-15,10.12200
2011-04-16,10.12420
2011-04-17,10.12650
2011-04-18,10.12870
2011-04-19,10.13090
2011-04-20,10.13310
2011-04-21,10.13530
2011-04-22,10.13740
2011-04-23,10.13960
2011-04-24,10.14180
2011-04-25,10.14410
2011-04-26,10.14630
2011-04-27,10.14860
2011-04-28,10.15090
2011-04-29,10.08620
2011-04-30,10.08860
2011-05-01,10.09090
2011-05-02,10.09330
2011-05-03,10.09560
2011-05-04,10.09780
2011-05-05,10.10010
2011-05-06,10.10250
2011-05-07,10.10480
2011-05-08,10.10720
2011-05-09,10.10960
2011-05-10,10.11190
2011-05-11,10.11430
2011-05-12,10.11660
2011-05-13,10.11900
2011-05-14,10.12140
2011-05-15,10.12370
2011-05-16,10.12610
2011-05-17,10.12840
2011-05-18,10.13080
2011-05-19,10.13310
2011-05-20,10.13540
2011-05-21,10.13770
2011-05-22,10.14000
2011-05-23,10.14240
2011-05-24,10.14480
2011-05-25,10.14720
2011-05-26,10.14950
2011-05-27,10.15190
2011-05-28,10.09100
2011-05-29,10.09330
2011-05-30,10.09560
2011-05-31,10.09800
2011-06-01,10.10040
2011-06-02,10.10270
2011-06-03,10.10510
2011-06-04,10.10740
2011-06-05,10.10980
2011-06-06,10.11210
2011-06-07,10.11450
2011-06-08,10.11690
2011-06-09,10.11930
2011-06-10,10.12160
2011-06-11,10.12400
2011-06-12,10.12630
2011-06-13,10.12860
2011-06-14,10.13090
2011-06-15,10.13330
2011-06-16,10.13570
2011-06-17,10.13800
2011-06-18,10.14050
2011-06-19,10.14290
2011-06-20,10.14540
2011-06-21,10.14780
2011-06-22,10.15020
2011-06-23,10.15250
2011-06-24,10.15490
2011-06-25,10.15720
2011-06-26,10.15960
2011-06-27,10.16190
2011-06-28,10.16440
2011-06-29,10.09600
2011-06-30,10.09840
2011-07-01,10.10070
2011-07-02,10.10320
2011-07-03,10.10570
2011-07-04,10.10810
2011-07-05,10.11050
2011-07-06,10.11290
2011-07-07,10.11520
2011-07-08,10.11760
2011-07-09,10.12000
2011-07-10,10.12230
2011-07-11,10.12470
2011-07-12,10.12710
2011-07-13,10.12960
2011-07-14,10.13200
2011-07-15,10.13440
2011-07-16,10.13680
2011-07-17,10.13920
2011-07-18,10.14170
2011-07-19,10.14410
2011-07-20,10.14650
2011-07-21,10.14890
2011-07-22,10.15140
2011-07-23,10.15390
2011-07-24,10.15640
2011-07-25,10.15880
2011-07-26,10.16120
2011-07-27,10.16360
2011-07-28,10.16600
2011-07-29,10.10070
2011-07-30,10.10310
2011-07-31,10.10550
2011-08-01,10.10790
2011-08-02,10.11040
2011-08-03,10.11280
2011-08-04,10.11520
2011-08-05,10.11770
2011-08-06,10.12010
2011-08-07,10.12260
2011-08-08,10.12490
2011-08-09,10.12740
2011-08-10,10.12980
2011-08-11,10.13230
2011-08-12,10.13480
2011-08-13,10.13710
2011-08-14,10.13940
2011-08-15,10.14180
2011-08-16,10.14420
2011-08-17,10.14660
2011-08-18,10.14910
2011-08-19,10.15150
2011-08-20,10.15400
2011-08-21,10.15640
2011-08-22,10.15890
2011-08-23,10.16130
2011-08-24,10.16370
2011-08-25,10.16620
2011-08-26,10.16870
2011-08-27,10.10570
2011-08-28,10.10810
2011-08-29,10.11060
2011-08-30,10.11300
2011-08-31,10.11540
2011-09-01,10.11790
2011-09-02,10.12030
2011-09-03,10.12270
2011-09-04,10.12520
2011-09-05,10.12760
2011-09-06,10.13000
2011-09-07,10.13240
2011-09-08,10.13470
2011-09-09,10.13720
2011-09-10,10.13960
2011-09-11,10.14200
2011-09-12,10.14450
2011-09-13,10.14690
2011-09-14,10.14930
2011-09-15,10.15170
2011-09-16,10.15410
2011-09-17,10.15660
2011-09-18,10.15900
2011-09-19,10.16150
2011-09-20,10.16390
2011-09-21,10.16640
2011-09-22,10.16880
2011-09-23,10.17120
2011-09-24,10.17360
2011-09-25,10.17590
2011-09-26,10.17840
2011-09-27,10.18080
2011-09-28,10.18330
2011-09-29,10.11070
2011-09-30,10.11310
2011-10-01,10.11560
2011-10-02,10.11810
2011-10-03,10.12060
2011-10-04,10.12300
2011-10-05,10.12550
2011-10-06,10.12800
2011-10-07,10.13040
2011-10-08,10.13290
2011-10-09,10.13540
2011-10-10,10.13780
2011-10-11,10.14030
2011-10-12,10.14280
2011-10-13,10.14530
2011-10-14,10.14780
2011-10-15,10.15020
2011-10-16,10.15270
2011-10-17,10.15510
2011-10-18,10.15760
2011-10-19,10.16010
2011-10-20,10.16260
2011-10-21,10.16500
2011-10-22,10.16750
2011-10-23,10.17000
2011-10-24,10.17250
2011-10-25,10.17490
2011-10-26,10.17740
2011-10-27,10.17990
2011-10-28,10.18240
2011-10-29,10.11570
2011-10-30,10.11810
2011-10-31,10.12060
2011-11-01,10.12300
2011-11-02,10.12550
2011-11-03,10.12790
2011-11-04,10.13040
2011-11-05,10.13290
2011-11-06,10.13530
2011-11-07,10.13780
2011-11-08,10.14030
2011-11-09,10.14280
2011-11-10,10.14540
2011-11-11,10.14780
2011-11-12,10.15030
2011-11-13,10.15270
2011-11-14,10.15520
2011-11-15,10.15770
2011-11-16,10.16010
2011-11-17,10.16260
2011-11-18,10.16520
2011-11-19,10.16770
2011-11-20,10.17020
2011-11-21,10.17270
2011-11-22,10.17520
2011-11-23,10.17770
2011-11-24,10.18020
2011-11-25,10.18270
2011-11-26,10.18510
2011-11-27,10.18760
2011-11-28,10.19010
2011-11-29,10.12070
2011-11-30,10.12320
2011-12-01,10.12570
2011-12-02,10.12820
2011-12-03,10.13070
2011-12-04,10.13320
2011-12-05,10.13570
2011-12-06,10.13820
2011-12-07,10.14070
2011-12-08,10.14320
2011-12-09,10.14570
2011-12-10,10.14820
2011-12-11,10.15070
2011-12-12,10.15320
2011-12-13,10.15580
2011-12-14,10.15840
2011-12-15,10.16090
2011-12-16,10.16350
2011-12-17,10.16610
2011-12-18,10.16860
2011-12-19,10.17120
2011-12-20,10.17380
2011-12-21,10.17630
2011-12-22,10.17890
2011-12-23,10.18150
2011-12-24,10.18410
2011-12-25,1018.66310
2011-12-26,1018.92330
2011-12-27,1019.18350
2011-12-28,1019.44350
2011-12-29,1012.33200
2011-12-30,1012.59670
2011-12-31,1012.86160
2012-01-01,1013.12650
2012-01-02,1013.39070
2012-01-03,1013.65510
2012-01-04,1013.91840
2012-01-05,1014.18430
2012-01-06,1014.44920
2012-01-07,1014.71490
2012-01-08,1014.98060
2012-01-09,1015.24760
2012-01-10,1015.51190
2012-01-11,1015.77590
2012-01-12,1016.03990
2012-01-13,1016.30310
2012-01-14,1016.56630
2012-01-15,1016.82950
2012-01-16,1017.09340
2012-01-17,1017.35950
2012-01-18,1017.62450
2012-01-19,1017.89020
2012-01-20,1018.15400
2012-01-21,1018.41790
2012-01-22,1018.68170
2012-01-23,1018.94560
2012-01-24,1019.21100
2012-01-25,1019.47650
2012-01-26,1019.74190
2012-01-27,1020.00740
2012-01-28,1012.86320
2012-01-29,1013.12690
2012-01-30,1013.39080
2012-01-31,1013.65500
2012-02-01,1013.91870
2012-02-02,1014.18240
2012-02-03,1014.44640
2012-02-04,1014.71040
2012-02-05,1014.97450
2012-02-06,1015.23780
2012-02-07,1015.50140
2012-02-08,1015.76570
2012-02-09,1016.02950
2012-02-10,1016.29270
2012-02-11,1016.55580
2012-02-12,1016.81900
2012-02-13,1017.08350
2012-02-14,1017.34710
2012-02-15,1017.61130
2012-02-16,1017.87620
2012-02-17,1018.14110
2012-02-18,1018.40580
2012-02-19,1018.67060
2012-02-20,1018.93560
2012-02-21,1019.20120
2012-02-22,1019.46700
2012-02-23,1019.73280
2012-02-24,1019.99460
2012-02-25,1020.25540
2012-02-26,1020.51620
2012-02-27,1013.38970
2012-02-28,1013.65360
2012-02-29,1013.91960
2012-03-01,1014.18470
2012-03-02,1014.45130
2012-03-03,1014.71800
2012-03-04,1014.98460
2012-03-05,1015.25170
2012-03-06,1015.52010
2012-03-07,1015.78760
2012-03-08,1016.05290
2012-03-09,1016.32030
2012-03-10,1016.58410
2012-03-11,1016.84790
2012-03-12,1017.11380
2012-03-13,1017.38150
2012-03-14,1017.64910
2012-03-15,1017.91840
2012-03-16,1018.19060
2012-03-17,1018.46280
2012-03-18,1018.73500
2012-03-19,1019.00950
2012-03-20,1019.28660
2012-03-21,1019.56260
2012-03-22,1019.84870
2012-03-23,1020.12790
2012-03-24,1020.40720
2012-03-25,1020.68640
2012-03-26,1020.94500
2012-03-27,1021.22790
2012-03-28,1021.49700
2012-03-29,1013.96030
2012-03-30,1014.24310
2012-03-31,1014.56380
2012-04-01,1014.88450
2012-04-02,1015.19700
2012-04-03,1015.48850
2012-04-04,1015.78200
2012-04-05,1016.07570
2012-04-06,1016.36940
2012-04-07,1016.66490
2012-04-08,1016.95970
2012-04-09,1017.26230
2012-04-10,1017.53840
2012-04-11,1017.81990
2012-04-12,1018.10170
2012-04-13,1018.38070
2012-04-14,1018.65670
2012-04-15,1018.93280
2012-04-16,1019.22220
2012-04-17,1019.50290
2012-04-18,1019.79390
2012-04-19,1020.07610
2012-04-20,1020.36270
2012-04-21,1020.64790
2012-04-22,1020.93450
2012-04-23,1021.22000
2012-04-24,1021.47680
2012-04-25,1021.75790
2012-04-26,1022.04330
2012-04-27,1022.32750
2012-04-28,1014.52880
2012-04-29,1014.81080
2012-04-30,1015.08750
2012-05-01,1015.36690
2012-05-02,1015.64800
2012-05-03,1015.92600
2012-05-04,1016.20940
2012-05-05,1016.49280
2012-05-06,1016.77260
2012-05-07,1017.04560
2012-05-08,1017.32700
2012-05-09,1017.60280
2012-05-10,1017.87890
2012-05-11,1018.15900
2012-05-12,1018.43790
2012-05-13,1018.71680
2012-05-14,1018.99450
2012-05-15,1019.27230
2012-05-16,1019.54880
2012-05-17,1019.82210
2012-05-18,1020.09590
2012-05-19,1020.36970
2012-05-20,1020.64350
2012-05-21,1020.92020
2012-05-22,1021.19370
2012-05-23,1021.46790
2012-05-24,1021.74080
2012-05-25,1022.01510
2012-05-26,1022.28560
2012-05-27,1022.55610
2012-05-28,1022.83070
2012-05-29,1015.07750
2012-05-30,1015.35090
2012-05-31,1015.62220
2012-06-01,1015.89480
2012-06-02,1016.16750
2012-06-03,1016.44030
2012-06-04,1016.71460
2012-06-05,1016.98740
2012-06-06,1017.26240
2012-06-07,1017.53690
2012-06-08,1017.78740
2012-06-09,1018.07410
2012-06-10,1018.35570
2012-06-11,1018.62250
2012-06-12,1018.89150
2012-06-13,1019.15110
2012-06-14,1019.41630
2012-06-15,1019.68590
2012-06-16,1019.95130
2012-06-17,1020.21670
2012-06-18,1020.48160
2012-06-19,1020.74730
2012-06-20,1021.00430
2012-06-21,1021.25950
2012-06-22,1021.51810
2012-06-23,1021.77250
2012-06-24,1022.02700
2012-06-25,1022.27850
2012-06-26,1022.52740
2012-06-27,1022.77090
2012-06-28,1023.01750
2012-06-29,1015.58980
2012-06-30,1015.85320
2012-07-01,1016.11680
2012-07-02,1016.38050
2012-07-03,1016.63390
2012-07-04,1016.90060
2012-07-05,1017.16200
2012-07-06,1017.42380
2012-07-07,1017.68540
2012-07-08,1017.94710
2012-07-09,1018.20620
2012-07-10,1018.46800
2012-07-11,1018.72720
2012-07-12,1018.98640
2012-07-13,1019.25010
2012-07-14,1019.50900
2012-07-15,1019.76790
2012-07-16,1020.02450
2012-07-17,1020.28270
2012-07-18,1020.53610
2012-07-19,1020.79380
2012-07-20,1021.05200
2012-07-21,1021.30750
2012-07-22,1021.56310
2012-07-23,1021.82200
2012-07-24,1022.07950
2012-07-25,1022.33770
2012-07-26,1022.59420
2012-07-27,1022.85320
2012-07-28,1016.10780
2012-07-29,1016.36500
2012-07-30,1016.62150
2012-07-31,1016.87610
2012-08-01,1017.13180
2012-08-02,1017.38610
2012-08-03,1017.64360
2012-08-04,1017.89750
2012-08-05,1018.15140
2012-08-06,1018.40800
2012-08-07,1018.66460
2012-08-08,1018.91820
2012-08-09,1019.17300
2012-08-10,1019.42940
2012-08-11,1019.68360
2012-08-12,1019.93770
2012-08-13,1020.19010
2012-08-14,1020.44720
2012-08-15,1020.70450
2012-08-16,1020.95370
2012-08-17,1021.20530
2012-08-18,1021.45370
2012-08-19,1021.70210
2012-08-20,1021.95040
2012-08-21,1022.19930
2012-08-22,1022.45000
2012-08-23,1022.69930
2012-08-24,1022.95150
2012-08-25,1023.20260
2012-08-26,1023.45370
2012-08-27,1023.70120
2012-08-28,1023.94630
2012-08-29,1016.59980
2012-08-30,1016.84760
2012-08-31,1017.09420
2012-09-01,1017.34110
2012-09-02,1017.58800
2012-09-03,1017.82970
2012-09-04,1018.07090
2012-09-05,1018.31010
2012-09-06,1018.55000
2012-09-07,1018.80840
2012-09-08,1019.04790
2012-09-09,1019.28730
2012-09-10,1019.52940
2012-09-11,1019.77220
2012-09-12,1020.01800
2012-09-13,1020.25830
2012-09-14,1020.50420
2012-09-15,1020.75030
2012-09-16,1020.99640
2012-09-17,1021.23710
2012-09-18,1021.48200
2012-09-19,1021.72680
2012-09-20,1021.96630
2012-09-21,1022.20790
2012-09-22,1022.44780
2012-09-23,1022.68770
2012-09-24,1022.92480
2012-09-25,1023.16220
2012-09-26,1023.40040
2012-09-27,1023.63890
2012-09-28,1023.87990
2012-09-29,1017.08210
2012-09-30,1017.32190
2012-10-01,1017.55680
2012-10-02,1017.79050
2012-10-03,1018.02170
2012-10-04,1018.25660
2012-10-05,1018.49500
2012-10-06,1018.72730
2012-10-07,1018.96250
2012-10-08,1019.19880
2012-10-09,1019.43210
2012-10-10,1019.66730
2012-10-11,1019.90090
2012-10-12,1020.13820
2012-10-14,1020.61340
2012-10-15,1020.84860
2012-10-16,1021.08250
2012-10-17,1021.31600
2012-10-18,1021.54960
2012-10-19,1021.78620
2012-10-21,1022.25780
2012-10-22,1022.49030
2012-10-23,1022.72430
2012-10-24,1022.95700
2012-10-25,1023.19250
2012-10-28,1018.02170
2012-10-29,1018.25460
2012-10-30,1018.48760
2012-10-31,1018.72130
2012-11-01,1018.95450
2012-11-02,1019.18850
2012-11-04,1019.65570
2012-11-05,1019.88920
2012-11-06,1020.12250
2012-11-07,1020.35590
2012-11-08,1020.59020
2012-11-09,1020.82450
2012-11-11,1021.29320
2012-11-12,1021.52780
2012-11-14,1021.99690
2012-11-15,1022.22970
2012-11-16,1022.46450
2012-11-18,1022.93250
2012-11-19,1023.16530
2012-11-20,1023.39780
2012-11-21,1023.63070
2012-11-22,1023.86350
2012-11-23,1024.09880
2012-11-25,1024.56910
2012-11-26,1024.80220
2012-11-27,1025.03660
2012-11-28,1018.49070
2012-11-29,1018.72170
2012-11-30,1018.95330
2012-12-02,1019.41680
2012-12-03,1019.64900
2012-12-04,1019.87970
2012-12-05,1020.10990
2012-12-06,1020.33990
2012-12-07,1020.57440
2012-12-09,1021.04380
2012-12-10,1021.27730
2012-12-11,1021.51110
2012-12-12,1021.74560
2012-12-13,1021.97840
2012-12-14,1022.21320
2012-12-16,1022.68320
2012-12-17,1022.92070
2012-12-18,1023.15770
2012-12-19,1023.39440
2012-12-20,1023.63220
2012-12-21,1023.86910
2012-12-23,1024.34480
2012-12-24,1024.58400
2012-12-25,1024.82200
2012-12-26,1025.05950
2012-12-27,1025.29820
2012-12-28,1025.54460
2012-12-30,1019.22480
2012-12-31,1019.46290
2013-01-01,1019.69810
2013-01-02,1019.93560
2013-01-03,1020.17080
2013-01-04,1020.41960
2013-01-06,1020.88870
2013-01-07,1021.12440
2013-01-08,1021.36100
2013-01-09,1021.59680
2013-01-10,1021.83340
2013-01-11,1022.08550
2013-01-13,1022.55650
2013-01-14,1022.79340
2013-01-15,1023.03100
2013-01-16,1023.26660
2013-01-17,1023.49740
2013-01-18,1023.73570
2013-01-20,1024.20710
2013-01-21,1024.44440
2013-01-22,1024.68280
2013-01-23,1024.91890
2013-01-24,1025.15760
2013-01-27,1025.86970
2013-01-28,1026.10310
2013-01-29,1019.69320
2013-01-30,1019.92660
2013-01-31,1020.16010
2013-02-01,1020.39380
2013-02-03,1020.85700
2013-02-04,1021.08730
2013-02-05,1021.31710
2013-02-06,1021.54680
2013-02-07,1021.77910
2013-02-08,1022.00980
2013-02-10,1022.46740
2013-02-11,1022.69830
2013-02-12,1022.93110
2013-02-13,1023.16440
2013-02-14,1023.39530
2013-02-15,1023.63260
2013-02-17,1024.09130
2013-02-18,1024.32390
2013-02-19,1024.55460
2013-02-20,1024.78560
2013-02-21,1025.01760
2013-02-22,1025.24980
2013-02-24,1025.71200
2013-02-25,1025.94410
2013-02-26,1026.17500
2013-02-27,1020.15670
2013-02-28,1020.38480
2013-03-01,1020.61800
2013-03-03,1021.08050
2013-03-04,1021.31130
2013-03-05,1021.54270
2013-03-06,1021.78000
2013-03-07,1022.01530
2013-03-08,1022.25670
2013-03-10,1022.73370
2013-03-11,1022.97040
2013-03-12,1023.20920
2013-03-13,1023.44890
2013-03-14,1023.68840
2013-03-15,1023.93670
2013-03-17,1024.42320
2013-03-18,1024.66910
2013-03-19,1024.91500
2013-03-20,1025.16210
2013-03-21,1025.40530
2013-03-22,1025.67060
2013-03-24,1026.18780
2013-03-25,1026.44760
2013-03-26,1026.71890
2013-03-27,1026.98820
2013-03-28,1020.97760
2013-03-31,1021.78400
2013-04-01,1022.04020
2013-04-02,1022.33870
2013-04-03,1022.59490
2013-04-04,1022.84090
2013-04-05,1023.13620
2013-04-07,1023.61380
2013-04-08,1023.85450
2013-04-09,1024.09280
2013-04-10,1024.33090
2013-04-11,1024.57380
2013-04-12,1024.81750
2013-04-14,1025.29850
2013-04-15,1025.54030
2013-04-16,1025.78380
2013-04-17,1026.01900
2013-04-18,1026.27280
2013-04-21,1026.99350
2013-04-22,1027.23020
2013-04-23,1027.47050
2013-04-24,1027.70830
2013-04-25,1027.94970
2013-04-26,1028.19160
2013-04-28,1021.69530
2013-04-29,1021.93120
2013-04-30,1022.16880
2013-05-01,1022.40600
2013-05-02,1022.64190
2013-05-03,1022.88110
2013-05-05,1023.35100
2013-05-06,1023.58640
2013-05-07,1023.82280
2013-05-08,1024.05690
2013-05-09,1024.29200
2013-05-10,1024.53000
2013-05-12,1024.99290
2013-05-13,1025.22390
2013-05-14,1025.46640
2013-05-15,1025.70080
2013-05-16,1025.92920
2013-05-17,1026.16330
2013-05-19,1026.62100
2013-05-20,1026.84940
2013-05-21,1027.07940
2013-05-22,1027.31080
2013-05-23,1027.54190
2013-05-24,1027.77150
2013-05-26,1028.22640
2013-05-27,1028.45420
2013-05-28,1028.68580
2013-05-29,1022.15700
2013-05-30,1022.38220
2013-05-31,1022.61950
2013-06-02,1023.07610
2013-06-03,1023.30880
2013-06-04,1023.52970
2013-06-05,1023.75470
2013-06-06,1023.98640
2013-06-07,1024.21200
2013-06-09,1024.65960
2013-06-10,1024.88580
2013-06-11,1025.10450
2013-06-12,1025.33170
2013-06-13,1025.55490
2013-06-14,1025.77940
2013-06-16,1026.22420
2013-06-17,1026.44510
2013-06-18,1026.68370
2013-06-19,1026.91790
2013-06-20,1027.12900
2013-06-21,1027.35060
2013-06-23,1027.79600
2013-06-24,1028.02200
2013-06-25,1028.25390
2013-06-26,1028.48010
2013-06-27,1028.71170
2013-06-28,1022.72440
2013-07-01,1023.41800
2013-07-02,1023.64870
2013-07-03,1023.88000
2013-07-04,1024.13920
2013-07-05,1024.35890
2013-07-07,1024.79940
2013-07-08,1025.02180
2013-07-09,1025.27260
2013-07-10,1025.48740
2013-07-11,1025.70890
2013-07-12,1025.95110
2013-07-14,1026.39180
2013-07-15,1026.61410
2013-07-16,1024.00660
2013-07-17,1024.37320
2013-07-18,1024.92410
2013-07-19,1025.20400
2013-07-21,1025.75460
2013-07-22,1026.03670
2013-07-23,1026.27620
2013-07-24,1025.29370
2013-07-25,1025.60840
2013-07-26,1025.92630
2013-07-28,1023.67660
2013-07-29,1023.99710
2013-07-30,1024.32560
2013-07-31,1024.65020
2013-08-01,1024.98060
2013-08-02,1025.27990
2013-08-04,1025.87970
2013-08-05,1026.19730
2013-08-06,1026.51820
2013-08-07,1026.83060
2013-08-08,1027.14460
2013-08-11,1028.09120
2013-08-12,1028.40450
2013-08-13,1028.72020
2013-08-14,1029.02750
2013-08-15,1029.33610
2013-08-16,1029.64390
2013-08-18,1030.26550
2013-08-19,1030.57130
2013-08-20,1030.87800
2013-08-21,1031.19040
2013-08-22,1031.49840
2013-08-23,1031.80760
2013-08-25,1023.34200
2013-08-26,1023.64320
2013-08-27,1023.94380
2013-08-28,1024.24230
2013-08-29,1024.53960
2013-08-30,1024.84480
2013-09-01,1025.44790
2013-09-02,1025.74770
2013-09-03,1026.04600
2013-09-04,1026.33680
2013-09-05,1026.63840
2013-09-06,1026.95400
2013-09-09,1027.81830
2013-09-10,1028.11100
2013-09-11,1028.40380
2013-09-12,1028.69610
2013-09-13,1029.00430
2013-09-15,1029.60150
2013-09-16,1029.89960
2013-09-17,1030.19530
2013-09-18,1030.50060
2013-09-19,1030.83850
2013-09-20,1031.14910
2013-09-22,1031.73560
2013-09-23,1032.02390
2013-09-24,1032.31140
2013-09-25,1023.02870
2013-09-26,1023.32410
2013-09-27,1023.61390
2013-09-29,1024.19010
2013-09-30,1024.51600
2013-10-01,1024.81270
2013-10-02,1025.10280
2013-10-03,1025.39090
2013-10-04,1025.69880
2013-10-06,1026.27940
2013-10-07,1026.56150
2013-10-08,1026.92960
2013-10-09,1027.20860
2013-10-10,1027.50360
2013-10-11,1027.77700
2013-10-13,1028.32380
2013-10-14,1028.59730
2013-10-15,1028.88030
2013-10-16,1029.15350
2013-10-17,1029.42650
2013-10-18,1029.70720
2013-10-20,1030.25950
2013-10-21,1031.04750
2013-10-22,1031.32100
2013-10-23,1031.60570
2013-10-24,1031.87650
2013-10-25,1022.99880
2013-10-27,1023.54100
2013-10-28,1023.81170
2013-10-29,1024.08310
2013-10-30,1024.34970
2013-10-31,1024.61480
2013-11-01,1024.88230
2013-11-04,1025.68510
2013-11-05,1025.95120
2013-11-06,1026.22980
2013-11-07,1026.48610
2013-11-08,1026.74950
2013-11-10,1027.27000
2013-11-11,1027.53060
2013-11-12,1027.78650
2013-11-13,1028.04500
2013-11-14,1028.29820
2013-11-17,1029.09570
2013-11-18,1029.34430
2013-11-19,1029.59420
2013-11-20,1029.84920
2013-11-21,1030.10110
2013-11-22,1030.34780
2013-11-24,1023.21750
2013-11-25,1023.47560
2013-11-26,1023.72190
2013-11-27,1023.99340
2013-11-28,1024.24550
2013-11-29,1024.50190
2013-12-01,1024.99070
2013-12-02,1025.23590
2013-12-03,1025.47840
2013-12-04,1025.71950
2013-12-05,1025.96330
2013-12-06,1026.20770
2013-12-08,1026.69620
2013-12-09,1026.94320
2013-12-10,1027.18890
2013-12-11,1027.43710
2013-12-12,1027.68170
2013-12-13,1027.93270
2013-12-15,1028.43680
2013-12-16,1028.68490
2013-12-17,1028.93460
2013-12-18,1029.18820
2013-12-19,1029.43790
2013-12-20,1029.68260
2013-12-22,1030.18250
2013-12-23,1030.43090
2013-12-24,1030.68000
2013-12-25,1022.97520
2013-12-26,1023.22380
2013-12-27,1023.47190
2013-12-29,1023.96360
2013-12-30,1024.21050
2013-12-31,1024.47410
2014-01-01,1024.73090
2014-01-02,1024.98930
2014-01-03,1025.23000
2014-01-05,1025.72040
2014-01-06,1025.96610
2014-01-07,1026.21060
2014-01-08,1026.45600
2014-01-09,1026.69910
2014-01-10,1026.94810
2014-01-12,1027.43800
2014-01-13,1027.67940
2014-01-14,1027.92570
2014-01-15,1028.17060
2014-01-16,1028.41760
2014-01-17,1028.66190
2014-01-19,1029.15820
2014-01-20,1029.40640
2014-01-21,1029.64810
2014-01-22,1029.89260
2014-01-23,1030.13680
2014-01-24,1030.37680
2014-01-26,1023.20550
2014-01-27,1023.44590
2014-01-28,1023.68400
2014-01-29,1023.92940
2014-01-30,1024.16420
2014-01-31,1024.40490
2014-02-02,1024.88220
2014-02-03,1025.12510
2014-02-04,1025.36230
2014-02-05,1025.60040
2014-02-06,1025.83970
2014-02-07,1026.07990
2014-02-09,1026.56070
2014-02-10,1026.80150
2014-02-11,1027.04350
2014-02-12,1027.28420
2014-02-13,1027.52580
2014-02-14,1027.76690
2014-02-16,1028.24930
2014-02-17,1028.49020
2014-02-18,1028.73090
2014-02-19,1028.97180
2014-02-20,1029.21000
2014-02-21,1029.44980
2014-02-23,1029.92970
2014-02-24,1030.17250
2014-02-25,1022.96210
2014-02-26,1023.20520
2014-02-27,1023.44570
2014-02-28,1023.68780
2014-03-02,1024.17210
2014-03-03,1024.41360
2014-03-04,1024.65580
2014-03-05,1024.89690
2014-03-06,1025.14050
2014-03-07,1025.39060
2014-03-09,1025.89090
2014-03-10,1026.14100
2014-03-11,1026.39710
2014-03-12,1026.64780
2014-03-13,1026.89900
2014-03-14,1027.15260
2014-03-17,1027.93970
2014-03-18,1028.20260
2014-03-19,1028.46510
2014-03-20,1028.72830
2014-03-21,1028.99230
2014-03-23,1029.52930
2014-03-24,1029.79610
2014-03-25,1023.00490
2014-03-26,1023.28000
2014-03-27,1023.58090
2014-03-28,1024.11070
2014-04-01,1025.17080
2014-04-02,1025.42060
2014-04-03,1025.69120
2014-04-04,1025.95450
2014-04-06,1026.48300
2014-04-07,1026.73900
2014-04-08,1026.99510
2014-04-09,1027.25790
2014-04-10,1027.51370
2014-04-11,1027.77200
2014-04-14,1028.54630
2014-04-15,1028.80310
2014-04-16,1029.05560
2014-04-17,1029.30410
2014-04-20,1030.06700
2014-04-21,1030.32110
2014-04-22,1030.57420
2014-04-23,1030.83020
2014-04-24,1022.97460
2014-04-25,1023.22520
2014-04-27,1023.74200
2014-04-28,1023.99580
2014-04-29,1024.24980
2014-04-30,1024.50180
2014-05-01,1024.75160
2014-05-02,1025.00080
2014-05-04,1025.50480
2014-05-05,1025.75260
2014-05-06,1025.99900
2014-05-07,1026.24950
2014-05-08,1026.49520
2014-05-09,1026.74190
2014-05-11,1027.23510
2014-05-12,1027.48430
2014-05-13,1027.73320
2014-05-14,1027.98300
2014-05-15,1028.22640
2014-05-16,1028.47020
2014-05-18,1028.95560
2014-05-19,1029.20340
2014-05-20,1029.44910
2014-05-21,1029.70100
2014-05-22,1029.94590
2014-05-23,1030.19010
2014-05-25,1023.22130
2014-05-26,1023.46670
2014-05-27,1023.70710
2014-05-28,1023.95640
2014-05-29,1024.19910
2014-05-30,1024.43620
2014-06-01,1024.91210
2014-06-02,1025.15260
2014-06-03,1025.39600
2014-06-04,1025.64030
2014-06-05,1025.88040
2014-06-06,1026.11840
2014-06-08,1026.59360
2014-06-09,1026.83370
2014-06-10,1027.07530
2014-06-11,1027.31530
2014-06-12,1027.55750
2014-06-13,1027.79960
2014-06-15,1028.28380
2014-06-16,1028.52540
2014-06-17,1028.76610
2014-06-18,1029.00660
2014-06-19,1029.24740
2014-06-20,1029.48580
2014-06-22,1029.96580
2014-06-23,1030.20440
2014-06-24,1030.44290
2014-06-25,1022.96290
2014-06-26,1023.20130
2014-06-27,1023.44050
2014-06-29,1023.92370
2014-06-30,1024.16480
2014-07-01,1024.40910
2014-07-02,1024.65350
2014-07-03,1024.89210
2014-07-04,1025.13680
2014-07-06,1025.62500
2014-07-07,1025.86070
2014-07-08,1026.10570
2014-07-09,1026.34360
2014-07-10,1026.58280
2014-07-11,1026.81650
2014-07-13,1027.29180
2014-07-14,1027.52810
2014-07-15,1027.76610
2014-07-16,1028.00370
2014-07-17,1028.24160
2014-07-18,1028.47370
2014-07-20,1028.95490
2014-07-21,1029.19300
2014-07-22,1029.43110
2014-07-23,1029.66920
2014-07-24,1029.90800
2014-07-25,1022.95340
2014-07-27,1023.43460
2014-07-28,1023.67040
2014-07-29,1023.90620
2014-07-30,1024.14130
2014-07-31,1024.37810
2014-08-01,1024.61440
2014-08-03,1025.08700
2014-08-04,1025.32230
2014-08-05,1025.55890
2014-08-06,1025.80260
2014-08-07,1026.03530
2014-08-08,1026.26740
2014-08-10,1026.74010
2014-08-11,1026.97580
2014-08-12,1027.21190
2014-08-13,1027.44790
2014-08-14,1027.68420
2014-08-18,1028.64470
2014-08-19,1028.87880
2014-08-20,1029.11640
2014-08-21,1029.35420
2014-08-22,1029.59430
2014-08-24,1023.20490
2014-08-25,1023.44010
2014-08-26,1023.68090
2014-08-27,1023.92490
2014-08-28,1024.15910
2014-08-31,1024.87680
2014-09-01,1025.11510
2014-09-02,1025.35380
2014-09-03,1025.59170
2014-09-04,1025.82690
2014-09-05,1026.06720
2014-09-07,1026.54500
2014-09-08,1026.78650
2014-09-09,1027.02790
2014-09-10,1027.26830
2014-09-11,1027.50640
2014-09-12,1027.74690
2014-09-14,1028.22790
2014-09-15,1028.46640
2014-09-16,1028.70980
2014-09-17,1028.95580
2014-09-18,1029.20290
2014-09-19,1029.41910
2014-09-21,1029.92200
2014-09-22,1030.16750
2014-09-23,1030.41650
2014-09-24,1030.65950
2014-09-25,1022.97190
2014-09-26,1023.20990
2014-09-28,1023.69360
2014-09-29,1023.93890
2014-09-30,1024.25710
2014-10-01,1024.50800
2014-10-06,1025.71430
2014-10-07,1025.96090
2014-10-08,1026.21590
2014-10-09,1026.46000
2014-10-10,1026.69890
2014-10-12,1027.17630
2014-10-13,1027.41510
2014-10-14,1027.65520
2014-10-15,1027.89390
2014-10-16,1028.12960
2014-10-17,1028.37660
2014-10-19,1028.86100
2014-10-20,1029.10270
2014-10-21,1029.34500
2014-10-22,1029.58940
2014-10-26,1023.69220
2014-10-27,1023.93170
2014-10-28,1024.17200
2014-10-29,1024.41260
2014-10-30,1024.65110
2014-10-31,1024.88950
2014-11-02,1025.36660
2014-11-03,1025.60510
2014-11-04,1025.84350
2014-11-05,1026.08540
2014-11-06,1026.32720
2014-11-07,1026.56530
2014-11-09,1027.03940
2014-11-10,1027.27730
2014-11-11,1027.51670
2014-11-12,1027.76010
2014-11-13,1027.99820
2014-11-14,1028.23550
2014-11-16,1028.71170
2014-11-17,1028.95110
2014-11-18,1029.18910
2014-11-19,1029.42660
2014-11-20,1029.66450
2014-11-21,1029.90050
2014-11-23,1030.37190
2014-11-24,1030.60820
2014-11-25,1022.96130
2014-11-26,1023.19630
2014-11-27,1023.43160
2014-11-28,1023.66670
2014-11-30,1024.13710
2014-12-01,1024.37400
2014-12-02,1024.61150
2014-12-03,1024.84730
2014-12-04,1025.08320
2014-12-05,1025.31700
2014-12-07,1025.78430
2014-12-08,1026.02120
2014-12-09,1026.25420
2014-12-10,1026.49050
2014-12-11,1026.72530
2014-12-12,1026.96040
2014-12-14,1027.43300
2014-12-15,1027.66910
2014-12-16,1027.90670
2014-12-17,1028.14500
2014-12-18,1028.37940
2014-12-19,1028.61600
2014-12-21,1029.09350
2014-12-22,1029.32880
2014-12-23,1029.56560
2014-12-24,1029.80670
2014-12-25,1022.96170
2014-12-26,1023.18990
2014-12-28,1023.66290
2014-12-29,1023.89770
2014-12-30,1024.14320
2014-12-31,1024.38260
2015-01-01,1024.62100
2015-01-02,1024.85650
2015-01-04,1025.33290
2015-01-05,1025.57250
2015-01-06,1025.81000
2015-01-07,1026.04750
2015-01-08,1026.28550
2015-01-09,1026.52510
2015-01-11,1027.00450
2015-01-12,1027.24120
2015-01-13,1027.47810
2015-01-14,1027.71550
2015-01-15,1027.95910
2015-01-16,1028.19500
2015-01-18,1028.66800
2015-01-19,1028.90640
2015-01-20,1029.14500
2015-01-21,1029.38200
2015-01-22,1029.62000
2015-01-23,1029.85760
2015-01-26,1023.43760
2015-01-27,1023.67090
2015-01-28,1023.90640
2015-01-29,1024.14240
2015-01-30,1024.37590
2015-02-01,1024.84280
2015-02-02,1025.07650
2015-02-03,1025.31060
2015-02-04,1025.54460
2015-02-05,1025.78080
2015-02-06,1026.01490
2015-02-08,1026.48390
2015-02-09,1026.72020
2015-02-10,1026.95520
2015-02-11,1027.18980
2015-02-12,1027.42530
2015-02-13,1027.65630
2015-02-15,1028.12730
2015-02-16,1028.36240
2015-02-17,1028.59740
2015-02-18,1028.83420
2015-02-19,1029.06870
2015-02-20,1029.30260
2015-02-22,1029.76820
2015-02-23,1030.00650
2015-02-24,1030.24300
2015-02-25,1022.96240
2015-02-26,1023.19850
2015-02-27,1023.43240
2015-03-01,1023.90650
2015-03-02,1024.13950
2015-03-03,1024.37450
2015-03-04,1024.61340
2015-03-05,1024.84650
2015-03-08,1025.54900
2015-03-09,1025.78490
2015-03-10,1026.02120
2015-03-11,1026.25850
2015-03-12,1026.49890
2015-03-13,1026.73940
2015-03-15,1027.22980
2015-03-16,1027.46910
2015-03-17,1027.70760
2015-03-18,1027.94500
2015-03-19,1028.18670
2015-03-20,1028.42980
2015-03-22,1028.91660
2015-03-23,1029.16480
2015-03-24,1029.39740
2015-03-25,1022.96560
2015-03-26,1023.21920
2015-03-27,1023.49380
2015-03-29,1023.99130
2015-03-30,1024.25100
2015-03-31,1024.97930
2015-04-05,1026.18720
2015-04-06,1026.52260
2015-04-07,1026.79290
2015-04-08,1027.02310
2015-04-09,1027.27690
2015-04-10,1027.51180
2015-04-12,1028.00330
2015-04-13,1028.24710
2015-04-14,1028.49090
2015-04-15,1028.72470
2015-04-16,1028.96050
2015-04-17,1029.20780
2015-04-19,1029.68790
2015-04-20,1029.92620
2015-04-21,1030.16610
2015-04-22,1030.40610
2015-04-23,1030.64170
2015-04-24,1030.88710
2015-04-26,1023.20410
2015-04-27,1023.44210
2015-04-28,1023.67700
2015-04-29,1023.91320
2015-04-30,1024.15420
2015-05-04,1025.10780
2015-05-05,1025.34650
2015-05-06,1025.58070
2015-05-07,1025.81760
2015-05-08,1026.05360
2015-05-10,1026.52540
2015-05-11,1026.75920
2015-05-12,1026.99410
2015-05-13,1027.23100
2015-05-14,1027.46740
2015-05-15,1027.70400
2015-05-17,1028.17730
2015-05-18,1028.41050
2015-05-19,1028.64460
2015-05-20,1028.87880
2015-05-21,1029.11380
2015-05-22,1029.34970
2015-05-24,1023.19620
2015-05-25,1023.42610
2015-05-26,1023.65570
2015-05-27,1023.88600
2015-05-28,1024.11860
2015-05-29,1024.35030
2015-05-31,1024.81360
2015-06-01,1025.04470
2015-06-02,1025.28060
2015-06-03,1025.51060
2015-06-04,1025.74160
2015-06-05,1025.97640
2015-06-07,1026.43410
2015-06-08,1026.66670
2015-06-09,1026.89800
2015-06-10,1027.12990
2015-06-11,1027.35810
2015-06-12,1027.58540
2015-06-14,1028.04440
2015-06-15,1028.26950
2015-06-16,1028.49840
2015-06-17,1028.72250
2015-06-18,1028.95330
2015-06-19,1029.18710
2015-06-21,1029.63880
2015-06-22,1029.86670
2015-06-23,1030.09340
2015-06-24,1030.31300
2015-06-25,1022.94620
2015-06-26,1023.17160
2015-06-28,1023.62190
2015-06-29,1023.85680
2015-06-30,1024.10790
2015-07-01,1024.33800
2015-07-02,1024.56550
2015-07-03,1024.78240
2015-07-05,1025.23930
2015-07-06,1025.47260
2015-07-07,1025.69460
2015-07-08,1025.91520
2015-07-09,1026.14110
2015-07-10,1026.36730
2015-07-12,1026.81280
2015-07-13,1027.03500
2015-07-14,1027.26400
2015-07-15,1027.48850
2015-07-16,1027.71100
2015-07-17,1027.93640
2015-07-19,1028.38430
2015-07-20,1028.60880
2015-07-21,1028.83180
2015-07-22,1029.05600
2015-07-23,1029.27800
2015-07-24,1029.49950
2015-07-26,1023.16470
2015-07-27,1023.38970
2015-07-28,1023.61030
2015-07-29,1023.83230
2015-07-30,1024.05310
2015-07-31,1024.27350
2015-08-02,1024.71380
2015-08-03,1024.93310
2015-08-04,1025.15210
2015-08-05,1025.37170
2015-08-06,1025.59450
2015-08-07,1025.81490
2015-08-09,1026.25360
2015-08-10,1026.47300
2015-08-11,1026.69180
2015-08-12,1026.91060
2015-08-13,1027.12820
2015-08-14,1027.34440
2015-08-16,1027.78040
2015-08-17,1027.99820
2015-08-18,1028.21590
2015-08-19,1028.43310
2015-08-20,1028.64980
2015-08-21,1028.86560
2015-08-23,1029.29680
2015-08-24,1029.51040
2015-08-25,1022.93600
2015-08-26,1023.14790
2015-08-27,1023.36060
2015-08-28,1023.57210
2015-08-30,1023.99550
2015-08-31,1024.20750
2015-09-01,1024.41930
2015-09-02,1024.63240
2015-09-03,1024.84490
2015-09-04,1025.05760
2015-09-06,1025.48310
2015-09-07,1025.69640
2015-09-08,1025.90800
2015-09-09,1026.12410
2015-09-10,1026.32800
2015-09-11,1026.54180
2015-09-13,1026.96720
2015-09-14,1027.18080
2015-09-15,1027.39200
2015-09-16,1027.60350
2015-09-17,1027.81660
2015-09-18,1028.03150
2015-09-20,1028.46010
2015-09-21,1028.67940
2015-09-22,1028.89190
2015-09-23,1029.09970
2015-09-24,1029.32240
2015-09-27,1023.37490
2015-09-28,1023.59530
2015-09-29,1023.93620
2015-09-30,1024.16970
2015-10-01,1024.39070
2015-10-04,1025.01790
2015-10-05,1025.22790
2015-10-06,1025.44690
2015-10-07,1025.65930
2015-10-08,1025.87490
2015-10-09,1026.08480
2015-10-11,1026.50600
2015-10-12,1026.71690
2015-10-13,1026.92860
2015-10-14,1027.14110
2015-10-15,1027.35400
2015-10-16,1027.56970
2015-10-18,1028.00130
2015-10-19,1028.20870
2015-10-20,1028.41900
2015-10-21,1028.63510
2015-10-22,1028.85010
2015-10-23,1029.06300
2015-10-25,1023.14870
2015-10-26,1023.35970
2015-10-27,1023.57510
2015-10-28,1023.78470
2015-10-29,1023.99350
2015-10-30,1024.20360
2015-11-01,1024.62980
2015-11-02,1024.84120
2015-11-03,1025.05310
2015-11-04,1025.26550
2015-11-05,1025.47800
2015-11-06,1025.69000
2015-11-08,1026.11290
2015-11-09,1026.32770
2015-11-10,1026.53270
2015-11-12,1026.96060
2015-11-13,1027.16670
2015-11-15,1027.58950
2015-11-16,1027.79930
2015-11-17,1028.00980
2015-11-18,1028.21850
2015-11-19,1028.42790
2015-11-20,1028.63710
2015-11-22,1029.05600
2015-11-23,1029.26430
2015-11-24,1029.47350
2015-11-25,1022.93360
2015-11-26,1023.14110
2015-11-27,1023.34930
2015-11-29,1023.76600
2015-11-30,1023.97240
2015-12-01,1024.17800
2015-12-02,1024.38280
2015-12-03,1024.58690
2015-12-04,1024.78740
2015-12-06,1025.18500
2015-12-07,1025.38880
2015-12-08,1025.59620
2015-12-09,1025.79900
2015-12-10,1026.00960
2015-12-11,1026.21400
2015-12-13,1026.62350
2015-12-14,1026.82600
2015-12-15,1027.03380
2015-12-16,1027.24710
2015-12-17,1027.46070
2015-12-18,1027.67580
2015-12-20,1028.10040
2015-12-21,1028.31250
2015-12-22,1028.52080
2015-12-23,1028.72970
2015-12-27,1023.59020
2015-12-28,1023.80250
2015-12-29,1024.01960
2015-12-30,1024.24840
2015-12-31,1024.47310
2016-01-01,1024.68610
2016-01-03,1025.10520
2016-01-04,1025.32060
2016-01-05,1025.53690
2016-01-06,1025.74680
2016-01-07,1025.95540
2016-01-08,1026.16450
2016-01-10,1026.59410
2016-01-11,1026.80540
2016-01-12,1027.00910
2016-01-13,1027.21890
2016-01-14,1027.40820
2016-01-15,1027.62650
2016-01-17,1028.05090
2016-01-18,1028.25700
2016-01-19,1028.44890
2016-01-20,1028.66830
2016-01-21,1028.88220
2016-01-22,1029.09310
2016-01-24,1023.14710
2016-01-25,1023.35560
2016-01-26,1023.56630
2016-01-27,1023.77520
2016-01-28,1023.98500
2016-01-29,1024.18350
2016-01-31,1024.60850
2016-02-01,1024.82270
2016-02-02,1025.03060
2016-02-03,1025.24500
2016-02-04,1025.45640
2016-02-05,1025.67020
2016-02-07,1026.09790
2016-02-08,1026.31090
2016-02-09,1026.52540
2016-02-10,1026.74000
2016-02-11,1026.95460
2016-02-12,1027.16910
2016-02-14,1027.59860
2016-02-15,1027.81390
2016-02-16,1028.02930
2016-02-17,1028.24420
2016-02-18,1028.46130
2016-02-21,1029.11750
2016-02-22,1029.33050
2016-02-23,1029.54400
2016-02-24,1029.75550
2016-02-25,1022.93660
2016-02-26,1023.14860
2016-02-28,1023.57260
2016-02-29,1023.78120
2016-03-01,1023.99560
2016-03-02,1024.22860
2016-03-03,1024.44530
2016-03-04,1024.65890
2016-03-07,1025.31040
2016-03-08,1025.53090
2016-03-09,1025.74850
2016-03-10,1025.96160
2016-03-11,1026.19450
2016-03-13,1026.64560
2016-03-14,1026.87740
2016-03-15,1027.11690
2016-03-16,1027.36660
2016-03-17,1027.62390
2016-03-18,1027.84020
2016-03-20,1028.34420
2016-03-21,1028.58520
2016-03-22,1028.80310
2016-03-23,1028.96360
2016-03-27,1029.91190
2016-03-28,1023.89580
2016-03-29,1024.15170
2016-03-30,1024.45180
2016-03-31,1025.23480
2016-04-03,1025.96080
2016-04-04,1026.21160
2016-04-05,1026.51310
2016-04-06,1026.75880
2016-04-07,1026.95310
2016-04-10,1027.67420
2016-04-11,1027.90220
2016-04-12,1028.12430
2016-04-13,1028.33170
2016-04-17,1029.25180
2016-04-18,1029.47990
2016-04-19,1029.70660
2016-04-20,1029.93400
2016-04-21,1030.15410
2016-04-22,1030.37550
2016-04-24,1023.17170
2016-04-25,1023.45010
2016-04-26,1023.66620
2016-04-27,1023.87570
2016-04-28,1024.09620
2016-04-29,1024.30750
2016-05-01,1024.76070
2016-05-02,1024.97640
2016-05-03,1025.19940
2016-05-04,1025.41450
2016-05-05,1025.62820
2016-05-06,1025.84480
2016-05-08,1026.29070
2016-05-09,1026.51590
2016-05-10,1026.74140
2016-05-11,1026.96390
2016-05-12,1027.19080
2016-05-13,1027.41210
2016-05-15,1027.85480
2016-05-16,1028.07940
2016-05-17,1028.30330
2016-05-18,1028.53880
2016-05-19,1028.76220
2016-05-20,1028.98360
2016-05-22,1029.42330
2016-05-23,1029.63960
2016-05-24,1029.85670
2016-05-25,1022.94450
2016-05-26,1023.15980
2016-05-27,1023.36630
2016-05-29,1023.78170
2016-05-30,1023.99730
2016-05-31,1024.21240
2016-06-01,1024.43010
2016-06-02,1024.65840
2016-06-03,1024.86040
2016-06-05,1025.29040
2016-06-06,1025.52040
2016-06-07,1025.72020
2016-06-08,1025.93800
2016-06-09,1026.14150
2016-06-10,1026.35590
2016-06-12,1026.77760
2016-06-13,1026.99780
2016-06-14,1027.24260
2016-06-15,1027.44000
2016-06-16,1027.65170
2016-06-17,1027.86130
2016-06-19,1028.28010
2016-06-20,1028.48310
2016-06-21,1028.69660
2016-06-22,1028.93070
2016-06-23,1029.14820
2016-06-24,1029.34610
2016-06-26,1023.14440
2016-06-27,1023.36340
2016-06-28,1023.58230
2016-06-29,1023.80830
2016-06-30,1024.09340
2016-07-01,1024.29750
2016-07-03,1024.69770
2016-07-04,1024.91610
2016-07-05,1025.13740
2016-07-06,1025.33770
2016-07-07,1025.54650
2016-07-08,1025.77240
2016-07-10,1026.17730
2016-07-11,1026.39300
2016-07-12,1026.62230
2016-07-13,1026.86330
2016-07-14,1027.06420
2016-07-15,1027.25710
2016-07-17,1027.68720
2016-07-18,1027.88020
2016-07-19,1028.07620
2016-07-20,1028.27490
2016-07-21,1028.47420
2016-07-22,1028.68450
2016-07-24,1023.13000
2016-07-25,1023.32680
2016-07-26,1023.52000
2016-07-27,1023.71940
2016-07-28,1023.92550
2016-07-29,1024.12650
2016-07-31,1024.53390
2016-08-01,1024.73940
2016-08-02,1024.94200
2016-08-03,1025.14230
2016-08-04,1025.35220
2016-08-05,1025.52650
2016-08-07,1025.93800
2016-08-08,1026.13440
2016-08-09,1026.32580
2016-08-10,1026.51960
2016-08-11,1026.71420
2016-08-12,1026.90860
2016-08-15,1027.49320
2016-08-16,1027.69440
2016-08-17,1027.89310
2016-08-18,1028.08910
2016-08-19,1028.30210
2016-08-21,1028.71790
2016-08-22,1028.91140
2016-08-23,1029.10690
2016-08-24,1029.30590
2016-08-25,1022.92060
2016-08-26,1023.10450
2016-08-28,1023.48510
2016-08-29,1023.67780
2016-08-30,1023.86310
2016-08-31,1024.06030
2016-09-01,1024.25000
2016-09-02,1024.42890
2016-09-05,1024.98020
2016-09-06,1025.16080
2016-09-07,1025.34800
2016-09-08,1025.53570
2016-09-09,1025.73050
2016-09-11,1026.10260
2016-09-12,1026.29140
2016-09-13,1026.47860
2016-09-14,1026.65890
2016-09-15,1026.84970
2016-09-16,1027.02950
2016-09-18,1027.40360
2016-09-19,1027.58330
2016-09-20,1027.77220
2016-09-21,1027.95960
2016-09-22,1028.14570
2016-09-23,1028.33260
2016-09-25,1023.09620
2016-09-26,1023.28880
2016-09-27,1023.47400
2016-09-28,1023.67260
2016-09-29,1023.90190
2016-09-30,1024.07030
2016-10-02,1024.46200
2016-10-03,1024.61080
2016-10-04,1024.85000
2016-10-05,1025.22100
2016-10-06,1025.40790
2016-10-07,1025.58930
2016-10-09,1025.96300
2016-10-10,1026.14220
2016-10-12,1026.51710
2016-10-13,1026.70610
2016-10-14,1026.89450
2016-10-16,1027.26970
2016-10-17,1027.45430
2016-10-18,1027.63320
2016-10-19,1027.81420
2016-10-20,1027.99180
2016-10-21,1028.17180
2016-10-23,1028.54960
2016-10-24,1028.73370
2016-10-25,1022.92000
2016-10-26,1023.06370
2016-10-27,1023.27300
2016-10-28,1023.46510
2016-10-31,1024.04760
2016-11-01,1024.24430
2016-11-02,1024.43530
2016-11-03,1024.62570
2016-11-04,1024.81310
2016-11-06,1025.18820
2016-11-07,1025.37660
2016-11-08,1025.56290
2016-11-09,1025.75000
2016-11-10,1025.93880
2016-11-11,1026.13090
2016-11-14,1026.70800
2016-11-15,1026.89940
2016-11-16,1027.09840
2016-11-17,1027.28980
2016-11-18,1027.48780
2016-11-20,1027.86670
2016-11-21,1028.09050
2016-11-22,1028.28230
2016-11-23,1028.47050
2016-11-24,1028.70550
2016-11-25,1022.87810
2016-11-27,1023.27010
2016-11-28,1023.43720
2016-11-29,1023.56770
2016-11-30,1023.80350
2016-12-01,1023.99470
2016-12-02,1024.13300
2016-12-04,1024.50390
2016-12-05,1024.69890
2016-12-06,1024.89840
2016-12-07,1024.91940
2016-12-08,1025.09260
2016-12-09,1025.28890
2016-12-12,1025.84930
2016-12-13,1026.05480
2016-12-14,1026.26550
2016-12-15,1026.48160
2016-12-16,1026.64010
2016-12-18,1027.01390
2016-12-19,1027.18780
2016-12-20,1027.36620
2016-12-21,1027.55100
2016-12-22,1027.73200
2016-12-23,1027.89840
2016-12-25,1023.11380
2016-12-26,1023.29930
2016-12-27,1023.48450
2016-12-28,1023.67460
2016-12-29,1023.85450
2016-12-30,1024.06440
2017-01-01,1024.43250
2017-01-02,1024.61960
2017-01-03,1024.83980
2017-01-04,1025.01840
2017-01-05,1025.19590
2017-01-06,1025.38010
2017-01-08,1025.75090
2017-01-09,1025.92860
2017-01-10,1026.09550
2017-01-11,1026.25170
2017-01-12,1026.43670
2017-01-13,1026.62020
2017-01-15,1026.99500
2017-01-16,1027.18190
2017-01-17,1027.36840
2017-01-18,1027.55540
2017-01-19,1027.74330
2017-01-20,1027.92790
2017-01-22,1028.29450
2017-01-23,1028.48040
2017-01-24,1028.66690
2017-01-25,1022.91220
2017-01-26,1023.09740
2017-01-27,1023.28300
2017-01-29,1023.65450
2017-01-30,1023.84080
2017-01-31,1024.02470
2017-02-01,1024.20780
2017-02-02,1024.39350
2017-02-03,1024.57830
2017-02-05,1024.94860
2017-02-06,1025.13410
2017-02-07,1025.32200
2017-02-08,1025.50940
2017-02-09,1025.69710
2017-02-10,1025.87720
2017-02-12,1026.25500
2017-02-13,1026.43980
2017-02-14,1026.62480
2017-02-15,1026.81020
2017-02-16,1026.99530
2017-02-17,1027.17530
2017-02-19,1023.08510
2017-02-20,1023.26590
2017-02-21,1023.44610
2017-02-22,1023.63020
2017-02-23,1023.82330
2017-02-26,1024.38040
2017-02-27,1024.60450
2017-02-28,1024.81110
2017-03-01,1025.00140
2017-03-02,1025.17690
2017-03-03,1025.36640
2017-03-05,1025.73540
2017-03-06,1025.91670
2017-03-07,1026.10640
2017-03-08,1026.28980
2017-03-09,1026.47120
2017-03-10,1026.64670
2017-03-13,1027.19380
2017-03-14,1027.37230
2017-03-15,1027.55850
2017-03-16,1027.74620
2017-03-17,1027.94850
2017-03-19,1023.10210
2017-03-20,1023.29090
2017-03-21,1023.52590
2017-03-22,1023.72330
2017-03-23,1023.89870
2017-03-24,1024.07770
2017-03-26,1024.44120
2017-03-27,1024.62530
2017-03-28,1024.80860
2017-03-29,1025.00320
2017-03-30,1025.19640
2017-03-31,1025.53460
2017-04-02,1025.91220
2017-04-03,1026.09470
2017-04-04,1026.28080
2017-04-05,1026.48520
2017-04-06,1026.64360
2017-04-07,1026.85080
2017-04-09,1027.22320
2017-04-10,1027.40630
2017-04-11,1027.59270
2017-04-12,1027.77730
2017-04-13,1027.95970
2017-04-16,1028.51010
2017-04-17,1028.69860
2017-04-18,1022.90790
2017-04-19,1023.08460
2017-04-20,1023.20560
2017-04-21,1023.38320
2017-04-23,1023.73900
2017-04-24,1023.91680
2017-04-25,1024.09470
2017-04-26,1024.27240
2017-04-27,1024.45660
2017-04-28,1024.63750
2017-05-01,1025.17660
2017-05-02,1025.35780
2017-05-03,1025.53820
2017-05-04,1025.71940
2017-05-05,1025.90170
2017-05-07,1026.26590
2017-05-08,1026.44610
2017-05-09,1026.63250
2017-05-10,1026.81360
2017-05-11,1026.99600
2017-05-12,1027.17840
2017-05-14,1027.54280
2017-05-15,1027.72490
2017-05-16,1027.90790
2017-05-17,1028.09080
2017-05-18,1022.90730
2017-05-19,1023.08980
2017-05-21,1023.45490
2017-05-22,1023.63520
2017-05-23,1023.81760
2017-05-24,1023.99910
2017-05-25,1024.18090
2017-05-26,1024.36250
2017-05-28,1024.72590
2017-05-29,1024.90600
2017-05-30,1025.08700
2017-05-31,1025.27540
2017-06-01,1025.46280
2017-06-02,1025.64700
2017-06-04,1026.00920
2017-06-05,1026.18670
2017-06-06,1026.36960
2017-06-07,1026.56290
2017-06-08,1026.74440
2017-06-09,1026.91790
2017-06-11,1027.28570
2017-06-12,1027.47110
2017-06-13,1027.66480
2017-06-14,1027.85410
2017-06-15,1028.04990
2017-06-16,1028.20960
2017-06-18,1023.11300
2017-06-19,1023.29610
2017-06-20,1023.47870
2017-06-21,1023.66330
2017-06-22,1023.84630
2017-06-23,1024.03290
2017-06-26,1024.59420
2017-06-27,1024.78210
2017-06-28,1024.96420
2017-06-29,1025.17130
2017-06-30,1025.35870
2017-07-02,1025.73240
2017-07-03,1025.92620
2017-07-04,1026.12110
2017-07-05,1026.31140
2017-07-06,1026.49910
2017-07-07,1026.69320
2017-07-09,1027.07060
2017-07-10,1027.25210
2017-07-11,1027.43390
2017-07-12,1027.61520
2017-07-13,1027.79880
2017-07-14,1027.98210
2017-07-16,1028.34920
2017-07-17,1028.53370
2017-07-18,1022.91070
2017-07-19,1023.12510
2017-07-20,1023.30440
2017-07-21,1023.47700
2017-07-23,1023.84470
2017-07-24,1024.02550
2017-07-25,1024.21060
2017-07-26,1024.39100
2017-07-27,1024.57160
2017-07-28,1024.75320
2017-07-30,1025.11660
2017-07-31,1025.30060
2017-08-01,1025.48400
2017-08-02,1025.66680
2017-08-03,1025.84990
2017-08-04,1026.03160
2017-08-06,1026.39570
2017-08-07,1026.57720
2017-08-08,1026.75980
2017-08-09,1026.94300
2017-08-10,1027.12660
2017-08-11,1027.30960
2017-08-13,1027.67510
2017-08-14,1027.85300
2017-08-15,1028.03130
2017-08-16,1028.20110
2017-08-17,1022.91190
2017-08-18,1023.08740
2017-08-20,1023.43960
2017-08-21,1023.61510
2017-08-22,1023.79110
2017-08-23,1023.96850
2017-08-24,1024.14530
2017-08-27,1024.68050
2017-08-28,1024.85950
2017-08-29,1025.03540
2017-08-30,1025.21080
2017-08-31,1025.38590
2017-09-01,1025.56060
2017-09-03,1025.90970
2017-09-04,1026.09080
2017-09-05,1026.26590
2017-09-06,1026.43320
2017-09-07,1026.61340
2017-09-08,1026.78600
2017-09-10,1027.13620
2017-09-11,1027.31540
2017-09-12,1027.48900
2017-09-13,1027.66430
2017-09-14,1027.83870
2017-09-15,1028.02130
2017-09-17,1023.08630
2017-09-18,1023.27210
2017-09-19,1023.45000
2017-09-20,1023.62970
2017-09-21,1023.80510
2017-09-22,1023.98240
2017-09-24,1024.34440
2017-09-25,1024.52890
2017-09-26,1024.71290
2017-09-27,1024.89640
2017-09-28,1025.08180
2017-09-29,1025.27330
2017-10-02,1025.82790
2017-10-03,1026.01440
2017-10-04,1026.21640
2017-10-05,1026.39120
2017-10-06,1026.57190
2017-10-08,1026.92370
2017-10-09,1027.09790
2017-10-10,1027.27680
2017-10-11,1027.45920
2017-10-12,1027.64110
2017-10-13,1027.82520
2017-10-15,1028.19370
2017-10-16,1028.36430
2017-10-17,1028.54820
2017-10-18,1022.90760
2017-10-22,1023.62670
2017-10-23,1023.80580
2017-10-24,1023.97880
2017-10-25,1024.15760
2017-10-26,1024.33640
2017-10-27,1024.51090
2017-10-29,1024.86050
2017-10-30,1025.03700
2017-10-31,1025.21640
2017-11-01,1025.39780
2017-11-02,1025.57880
2017-11-03,1025.76490
2017-11-05,1026.13470
2017-11-06,1026.30980
2017-11-07,1026.48690
2017-11-08,1026.66750
2017-11-09,1026.84920
2017-11-10,1027.02670
2017-11-12,1027.38180
2017-11-13,1027.56100
2017-11-14,1027.74250
2017-11-15,1027.92390
2017-11-16,1028.09590
2017-11-17,1028.28070
2017-11-19,1023.09150
2017-11-20,1023.27330
2017-11-21,1023.45030
2017-11-22,1023.62700
2017-11-23,1023.80520
2017-11-24,1023.98070
2017-11-26,1024.33290
2017-11-27,1024.51530
2017-11-28,1024.69440
2017-11-29,1024.87140
2017-11-30,1025.05010
2017-12-03,1025.58830
2017-12-04,1025.76330
2017-12-05,1025.94120
2017-12-06,1026.12310
2017-12-07,1026.29940
2017-12-08,1026.47720
2017-12-10,1026.83450
2017-12-11,1027.01300
2017-12-12,1027.17940
2017-12-13,1027.35660
2017-12-14,1027.53690
2017-12-15,1027.71210
2017-12-17,1023.08940
2017-12-18,1023.26510
2017-12-19,1023.43940
2017-12-20,1023.62290
2017-12-21,1023.77790
2017-12-22,1023.95760
2017-12-25,1024.50500
2017-12-26,1024.68190
2017-12-27,1024.87890
2017-12-28,1025.08720
2017-12-29,1025.26140
2017-12-31,1025.64540
2018-01-01,1025.85070
2018-01-02,1026.03070
2018-01-03,1026.21130
2018-01-04,1026.37780
2018-01-05,1026.58110
2018-01-07,1026.96870
2018-01-08,1027.16180
2018-01-09,1027.35960
2018-01-10,1027.53940
2018-01-11,1027.72830
2018-01-12,1027.91180
2018-01-14,1028.28210
2018-01-15,1028.46870
2018-01-16,1028.65200
2018-01-17,1028.83430
2018-01-18,1022.90380
2018-01-19,1023.06810
2018-01-21,1023.44210
2018-01-22,1023.63180
2018-01-23,1023.82270
2018-01-24,1024.01240
2018-01-25,1024.20120
2018-01-28,1024.77110
2018-01-29,1024.95750
2018-01-30,1025.14440
2018-01-31,1025.33350
2018-02-01,1025.51710
2018-02-02,1025.69910
2018-02-04,1026.07140
2018-02-05,1026.25500
2018-02-06,1026.43100
2018-02-07,1026.62130
2018-02-08,1026.80820
2018-02-09,1026.99540
2018-02-11,1027.37120
2018-02-12,1027.56610
2018-02-13,1027.75600
2018-02-14,1027.95370
2018-02-15,1028.14150
2018-02-16,1028.31970
2018-02-19,1023.29280
2018-02-20,1023.48110
2018-02-21,1023.66970
2018-02-22,1023.85290
2018-02-23,1024.04070
2018-02-25,1024.41980
2018-02-26,1024.61260
2018-02-27,1024.80290
2018-02-28,1024.99940
2018-03-01,1025.18690
2018-03-04,1025.74330
2018-03-05,1025.93920
2018-03-06,1026.15020
2018-03-07,1026.37620
2018-03-08,1026.56420
2018-03-09,1026.76910
2018-03-11,1027.19370
2018-03-12,1027.41470
2018-03-13,1027.61330
2018-03-14,1027.81130
2018-03-15,1028.04110
2018-03-16,1028.31700
2018-03-18,1023.11530
2018-03-19,1023.37670
2018-03-20,1023.57040
2018-03-21,1023.73060
2018-03-22,1023.91930
2018-03-23,1024.02870
2018-03-25,1024.42520
2018-03-26,1024.58820
2018-03-27,1024.84270
2018-03-28,1025.52510
2018-04-02,1026.55450
2018-04-03,1026.75780
2018-04-04,1026.99070
2018-04-05,1027.21820
2018-04-06,1027.41010
2018-04-08,1027.80890
2018-04-09,1028.01150
2018-04-10,1028.19350
2018-04-11,1028.37800
2018-04-12,1028.56550
2018-04-13,1028.76020
2018-04-15,1029.15690
2018-04-16,1029.35160
2018-04-17,1029.53440
2018-04-18,1022.92290
2018-04-19,1023.11050
2018-04-20,1023.24750
2018-04-22,1023.64470
2018-04-23,1023.83620
2018-04-24,1024.02690
2018-04-25,1024.21800
2018-04-26,1024.41770
2018-04-27,1024.61900
2018-05-01,1025.42710
2018-05-02,1025.60920
2018-05-03,1025.79960
2018-05-04,1025.99390
2018-05-06,1026.38270
2018-05-07,1026.57850
2018-05-08,1026.76890
2018-05-09,1026.95790
2018-05-10,1027.14440
2018-05-11,1027.30710
2018-05-13,1027.69250
2018-05-14,1027.88610
2018-05-15,1028.07870
2018-05-16,1028.26060
2018-05-17,1028.41910
2018-05-18,1022.93910
2018-05-20,1023.36480
2018-05-21,1023.55860
2018-05-22,1023.73490
2018-05-23,1023.90430
2018-05-24,1024.10920
2018-05-25,1024.30530
2018-05-27,1024.69040
2018-05-28,1024.89800
2018-05-29,1025.13590
2018-05-30,1025.35500
2018-05-31,1025.53590
2018-06-01,1025.70720
2018-06-03,1026.10320
2018-06-04,1026.29680
2018-06-05,1026.49450
2018-06-06,1026.72430
2018-06-07,1026.94750
2018-06-08,1027.13860
2018-06-10,1027.52110
2018-06-11,1027.70800
2018-06-12,1027.90970
2018-06-13,1028.09930
2018-06-14,1028.29980
2018-06-15,1028.49230
2018-06-17,1023.12150
2018-06-18,1023.35190
2018-06-19,1023.70030
2018-06-20,1023.91190
2018-06-21,1024.11010
2018-06-22,1024.28120
2018-06-24,1024.69140
2018-06-25,1024.88390
2018-06-26,1025.08770
2018-06-27,1025.23660
2018-06-28,1025.47830
2018-06-29,1025.77430
2018-07-01,1026.19230
2018-07-02,1026.46580
2018-07-03,1026.71050
2018-07-04,1027.03220
2018-07-05,1027.26650
2018-07-06,1027.43600
2018-07-08,1027.84340
2018-07-09,1028.04630
2018-07-10,1028.23250
2018-07-11,1028.42810
2018-07-12,1028.62720
2018-07-13,1028.83210
2018-07-15,1029.24200
2018-07-16,1029.46570
2018-07-17,1029.67610
2018-07-18,1022.92690
2018-07-19,1023.13570
2018-07-20,1023.30210
2018-07-22,1023.71130
2018-07-23,1023.82610
2018-07-24,1023.91640
2018-07-25,1024.07490
2018-07-26,1024.28430
2018-07-27,1024.49620
2018-07-29,1024.91400
2018-07-30,1025.10030
2018-07-31,1025.32020
2018-08-01,1025.54590
2018-08-02,1025.77140
2018-08-03,1025.99390
2018-08-05,1026.43940
2018-08-06,1026.63920
2018-08-07,1026.84530
2018-08-08,1027.05150
2018-08-09,1027.25360
2018-08-10,1027.45570
2018-08-12,1027.85950
2018-08-13,1028.06330
2018-08-14,1028.26550
2018-08-15,1028.47030
2018-08-16,1028.67560
2018-08-19,1023.33760
2018-08-20,1023.53650
2018-08-21,1023.73770
2018-08-22,1023.93870
2018-08-23,1024.13820
2018-08-24,1024.33520
2018-08-26,1024.73060
2018-08-27,1024.92080
2018-08-28,1025.12320
2018-08-29,1025.33510
2018-08-30,1025.54450
2018-08-31,1025.75120
2018-09-02,1026.16250
2018-09-03,1026.36430
2018-09-04,1026.57090
2018-09-05,1026.77760
2018-09-06,1026.99150
2018-09-07,1027.18580
2018-09-09,1003.50850
2018-09-10,1015.13240
2018-09-11,1015.30940
2018-09-12,1015.49630
2018-09-13,1015.68870
2018-09-16,1016.27030
2018-09-17,999.99820
2018-09-18,1000.19220
2018-09-20,1000.57200
2018-09-21,1000.76590
2018-09-23,1001.14810
2018-09-24,943.87360
2018-09-25,944.04080
2018-09-26,944.19810
2018-09-27,944.36560
2018-09-28,944.53650
2018-09-30,944.86880
2018-10-02,945.20070
2018-10-03,945.40310
2018-10-04,945.55430
2018-10-07,946.02090
2018-10-08,946.17650
2018-10-09,946.33990
2018-10-10,946.50450
2018-10-11,946.66960
2018-10-14,947.16830
2018-10-15,947.33420
2018-10-16,947.50120
2018-10-18,947.83670
2018-10-21,948.33730
2018-10-22,948.50630
2018-10-23,948.67530
2018-10-24,948.84450
2018-10-25,949.01380
2018-10-28,949.52030
2018-10-29,949.69030
2018-10-30,949.86160
2018-10-31,950.03550
2018-11-01,950.20810
2018-11-04,950.72690
2018-11-05,950.89740
2018-11-08,951.41980
2018-11-11,951.94000
2018-11-12,952.11910
2018-11-13,952.28990
2018-11-14,952.46360
2018-11-15,952.64280
2018-11-18,953.14980
2018-11-19,953.32110
2018-11-20,953.49450
2018-11-21,953.66710
2018-11-25,954.35800
2018-11-26,954.52630
2018-11-27,954.69670
2018-11-28,954.87320
2018-11-29,955.04760
2018-12-02,955.57420
2018-12-03,955.74570
2018-12-04,955.91680
2018-12-05,956.09240
2018-12-06,956.26380
2018-12-09,956.78680
2018-12-10,956.94310
2018-12-11,957.11160
2018-12-12,957.30510
2018-12-13,957.48940
2018-12-14,957.66490
2018-12-16,958.01060
2018-12-17,958.18450
2018-12-18,958.36150
2018-12-19,958.53940
2018-12-20,958.70680
2018-12-21,958.87980
2018-12-23,959.23100
2018-12-24,959.40030
2018-12-25,959.57580
2018-12-26,959.75680
2018-12-27,959.93630
2018-12-28,960.11410
2018-12-30,960.47600
2018-12-31,960.65720
2019-01-01,960.83690
2019-01-02,961.02180
2019-01-03,961.20230
2019-01-04,961.38270
2019-01-06,961.74370
2019-01-07,961.92490
2019-01-08,962.10610
2019-01-09,962.28750
2019-01-10,962.46880
2019-01-11,962.65010
2019-01-13,963.01270
2019-01-14,963.19390
2019-01-15,963.37500
2019-01-16,963.55610
2019-01-17,963.73500
2019-01-18,963.91520
2019-01-20,964.27560
2019-01-21,964.45550
2019-01-22,964.63560
2019-01-23,964.81390
2019-01-24,964.99270
2019-01-25,965.16860
2019-01-27,965.52030
2019-01-28,965.69620
2019-01-29,965.87480
2019-01-30,966.05170
2019-01-31,966.22830
2019-02-01,966.39920
2019-02-03,966.75090
2019-02-04,966.91790
2019-02-05,967.09270
2019-02-06,967.26540
2019-02-07,967.46600
2019-02-08,967.63950
2019-02-10,967.98620
2019-02-11,968.15880
2019-02-12,968.31010
2019-02-13,968.48350
2019-02-14,968.65590
2019-02-15,968.82330
2019-02-17,969.17090
2019-02-18,969.33730
2019-02-19,969.50960
2019-02-20,969.68360
2019-02-21,969.85840
2019-02-22,970.02940
2019-02-24,970.37360
2019-02-25,970.54560
2019-02-26,970.71540
2019-02-27,970.88680
2019-02-28,971.05700
2019-03-01,971.22630
2019-03-04,971.73560
2019-03-05,971.90330
2019-03-06,972.07330
2019-03-07,972.24260
2019-03-08,972.40950
2019-03-10,972.74620
2019-03-11,972.91480
2019-03-12,973.08950
2019-03-13,973.27190
2019-03-14,973.45040
2019-03-15,973.61620
2019-03-17,973.95830
2019-03-18,974.12380
2019-03-19,974.29530
2019-03-20,974.46740
2019-03-21,974.64350
2019-03-22,974.78810
2019-03-24,975.17020
2019-03-25,975.34840
2019-03-26,975.52640
2019-03-27,975.71820
2019-03-28,975.89680
2019-03-29,976.44930
2019-03-31,976.81970
2019-04-01,977.00510
2019-04-02,977.22100
2019-04-03,977.39470
2019-04-04,977.59850
2019-04-05,977.77930
2019-04-07,978.14860
2019-04-08,978.32880
2019-04-09,978.50120
2019-04-10,978.68510
2019-04-11,978.85980
2019-04-12,979.01690
2019-04-14,979.38120
2019-04-15,979.56440
2019-04-16,979.74770
2019-04-17,979.92910
2019-04-18,980.11090
2019-04-21,980.65670
2019-04-22,980.83870
2019-04-23,981.02030
2019-04-24,981.20150
2019-04-25,981.37980
2019-04-26,981.56090
2019-04-29,982.10250
2019-04-30,982.28260
2019-05-01,982.46270
2019-05-02,982.64260
2019-05-03,982.82180
2019-05-05,983.18100
2019-05-06,983.35880
2019-05-07,983.53850
2019-05-08,983.71710
2019-05-09,983.89810
2019-05-10,984.07520
2019-05-12,984.43040
2019-05-13,984.60770
2019-05-14,984.78170
2019-05-15,984.95730
2019-05-16,985.13470
2019-05-17,985.31190
2019-05-19,985.66470
2019-05-20,985.84100
2019-05-21,986.01160
2019-05-22,986.19190
2019-05-23,986.36910
2019-05-24,986.54370
2019-05-26,986.89030
2019-05-27,987.06330
2019-05-28,987.23880
2019-05-29,987.41420
2019-05-30,987.58910
2019-05-31,987.75860
2019-06-02,988.09800
2019-06-03,988.26370
2019-06-04,988.43100
2019-06-05,988.59490
2019-06-06,988.75720
2019-06-07,988.92060
2019-06-09,989.24720
2019-06-10,989.40920
2019-06-11,989.57080
2019-06-12,989.72810
2019-06-13,989.88280
2019-06-14,990.03620
2019-06-16,990.34300
2019-06-17,990.49620
2019-06-18,990.65040
2019-06-19,990.80290
2019-06-20,990.94650
2019-06-21,991.09990
2019-06-23,991.41600
2019-06-24,991.56500
2019-06-25,991.72250
2019-06-26,991.87500
2019-06-27,992.03390
2019-06-28,992.23200
2019-06-30,992.55360
2019-07-01,992.72770
2019-07-02,992.89120
2019-07-03,993.07340
2019-07-04,993.25400
2019-07-05,993.39350
2019-07-07,993.73420
2019-07-08,993.89750
2019-07-09,994.05660
2019-07-10,994.21690
2019-07-11,994.38040
2019-07-12,994.53680
2019-07-14,994.85250
2019-07-15,995.01950
2019-07-16,995.18730
2019-07-17,995.34730
2019-07-18,995.50360
2019-07-19,995.66070
2019-07-21,995.97730
2019-07-22,996.13000
2019-07-23,996.28710
2019-07-24,996.44340
2019-07-25,996.60020
2019-07-26,996.75660
2019-07-28,997.07070
2019-07-29,997.22910
2019-07-30,997.38680
2019-07-31,997.54110
2019-08-01,997.69760
2019-08-02,997.85000
2019-08-04,998.15380
2019-08-05,998.30260
2019-08-06,998.45590
2019-08-07,998.61350
2019-08-08,998.76140
2019-08-09,998.90810
2019-08-12,999.35020
2019-08-13,999.49690
2019-08-14,999.64000
2019-08-15,999.78590
2019-08-16,999.93110
2019-08-18,1000.21880
2019-08-19,1000.35810
2019-08-20,1000.50110
2019-08-21,1000.64240
2019-08-22,1000.78500
2019-08-23,1000.92680
2019-08-25,1001.20990
2019-08-26,1001.35110
2019-08-27,1001.49150
2019-08-28,1001.63460
2019-08-29,1001.77860
2019-08-30,1001.90850
2019-09-02,1002.33990
2019-09-03,1002.47850
2019-09-04,1002.62310
2019-09-05,1002.76450
2019-09-06,1002.90480
2019-09-08,1003.18290
2019-09-09,1003.32280
2019-09-10,1003.46140
2019-09-11,1003.60440
2019-09-12,1003.98900
2019-09-13,1004.12780
2019-09-15,1004.41340
2019-09-16,1004.55660
2019-09-17,1004.69720
2019-09-18,1004.83840
2019-09-19,1004.97730
2019-09-20,1005.10130
2019-09-22,1005.38950
2019-09-23,1005.49300
2019-09-24,1005.62250
2019-09-25,1005.75420
2019-09-26,1005.93770
2019-09-29,1006.41280
2019-09-30,1006.79510
2019-10-01,1007.03640
2019-10-02,1007.18170
2019-10-03,1007.34450
2019-10-04,1007.54950
2019-10-06,1007.84560
2019-10-07,1008.02170
2019-10-08,1008.16840
2019-10-09,1008.31590
2019-10-10,1008.46490
2019-10-11,1008.64810
2019-10-13,1008.92930
2019-10-14,1009.08530
2019-10-15,1009.23650
2019-10-16,1009.37770
2019-10-17,1009.54640
2019-10-18,1009.68750
2019-10-21,1010.11050
2019-10-22,1010.20550
2019-10-23,1010.34640
2019-10-24,1010.49420
2019-10-25,1010.64040
2019-10-28,1011.06520
2019-10-29,1011.21070
2019-10-30,1011.36930
2019-10-31,1011.54180
2019-11-03,1011.96690
2019-11-04,1012.10020
2019-11-05,1012.22500
2019-11-06,1012.35510
2019-11-07,1012.49300
2019-11-08,1012.63210
2019-11-10,1012.91090
2019-11-11,1013.04950
2019-11-12,1013.18880
2019-11-13,1013.32970
2019-11-14,1013.47010
2019-11-15,1013.61220
2019-11-17,1013.88810
2019-11-18,1014.02510
2019-11-19,1014.16310
2019-11-20,1014.30340
2019-11-21,1014.44070
2019-11-22,1014.57910
2019-11-24,1014.85690
2019-11-25,1014.99460
2019-11-26,1015.13200
2019-11-27,1015.27280
2019-11-28,1015.41430
2019-12-01,1015.83450
2019-12-02,1015.97230
2019-12-03,1016.10980
2019-12-04,1016.24560
2019-12-05,1016.38490
2019-12-06,1016.52850
2019-12-08,1016.80960
2019-12-09,1016.95160
2019-12-10,1017.08740
2019-12-11,1017.22420
2019-12-12,1017.35540
2019-12-15,1017.75340
2019-12-16,1017.88870
2019-12-17,1018.02490
2019-12-18,1018.16550
2019-12-19,1018.30270
2019-12-20,1018.40230
2019-12-22,1018.70340
2019-12-23,1018.84140
2019-12-25,1019.11340
2019-12-26,1019.24670
2019-12-29,1019.65350
2019-12-30,1019.78290
2019-12-31,1019.91850
2020-01-01,1020.06210
2020-01-02,1020.22860
2020-01-05,1020.55950
2020-01-06,1020.67950
2020-01-07,1020.80980
2020-01-08,1020.93260
2020-01-09,1021.06880
2020-01-12,1021.45300
2020-01-13,1021.55220
2020-01-14,1021.67660
2020-01-15,1021.80880
2020-01-16,1021.95360
2020-01-19,1022.37510
2020-01-20,1022.52230
2020-01-21,1022.66930
2020-01-22,1022.80970
2020-01-23,1022.94490
2020-01-26,1023.37340
2020-01-27,1023.51750
2020-01-28,1023.65800
2020-01-29,1023.80460
2020-01-30,1023.95300
2020-01-31,1024.09480
2020-02-02,1024.38170
2020-02-03,1024.52830
2020-02-04,1024.67310
2020-02-05,1024.81870
2020-02-06,1024.97550
2020-02-09,1025.41840
2020-02-10,1025.55290
2020-02-11,1025.73050
2020-02-12,1025.91380
2020-02-13,1026.06350
2020-02-16,1026.49500
2020-02-17,1026.63770
2020-02-18,1022.86660
2020-02-19,1023.01080
2020-02-23,1023.58280
2020-02-24,1023.72880
2020-02-25,1023.87920
2020-02-26,1024.01730
2020-02-27,1024.09300
2020-02-28,1024.23810
2020-03-01,1024.53320
2020-03-02,1024.68560
2020-03-03,1024.85840
2020-03-04,1025.08790
2020-03-05,1025.25450
2020-03-08,1025.75240
2020-03-10,1026.09890
2020-03-11,1026.22650
2020-03-12,1026.31580
2020-03-15,1026.66750
2020-03-16,1026.77300
2020-03-17,1026.91300
2020-03-18,1022.77500
2020-03-19,1022.41160
2020-03-22,1022.79350
2020-03-23,1022.59190
2020-03-24,1022.45890
2020-03-25,1022.59900
2020-03-26,1022.82240
2020-03-29,1024.12240
2020-03-30,1024.29310
2020-03-31,1024.44520
2020-04-02,1024.60630
2020-04-06,1025.07190
2020-04-07,1025.15710
2020-04-08,1025.30280
2020-04-09,1025.41410
2020-04-12,1025.75790
2020-04-14,1026.02660
2020-04-15,1026.11250
2020-04-16,1026.24750
2020-04-17,1026.46720
2020-04-19,1022.93970
2020-04-20,1023.07790
2020-04-21,1023.22620
2020-04-22,1023.37910
2020-04-23,1023.47680
2020-04-26,1023.79770
2020-04-27,1023.87530
2020-04-28,1023.95890
2020-04-29,1024.04320
2020-04-30,1024.13070
2020-05-03,1024.44830
2020-05-04,1024.56090
2020-05-05,1024.66580
2020-05-06,1024.78450
2020-05-07,1024.88560
2020-05-10,1025.19160
2020-05-11,1025.31500
2020-05-12,1025.44920
2020-05-13,1025.57710
2020-05-14,1025.74330
2020-05-17,1022.92720
2020-05-18,1023.04490
2020-05-19,1023.13830
2020-05-20,1023.27880
2020-05-21,1023.42770
2020-05-25,1023.85120
2020-05-26,1023.94440
2020-05-27,1024.02810
2020-05-28,1024.11220
2020-05-29,1024.19770
2020-05-31,1024.38190
2020-06-01,1024.47510
2020-06-02,1024.57730
2020-06-03,1024.66310
2020-06-04,1024.74150
2020-06-07,1025.00990
2020-06-08,1025.10200
2020-06-09,1025.18680
2020-06-10,1025.28740
2020-06-11,1025.39200
2020-06-12,1025.52080
2020-06-14,1025.69530
2020-06-15,1025.80300
2020-06-16,1025.88480
2020-06-17,1025.97470
2020-06-18,1022.82310
2020-06-21,1023.09450
2020-06-22,1023.17570
2020-06-23,1023.26630
2020-06-24,1023.34000
2020-06-25,1023.42980
2020-06-28,1023.67690
2020-06-29,1023.75670
2020-06-30,1023.88570
2020-07-01,1024.00190
2020-07-02,1024.08670
2020-07-05,1024.31820
2020-07-06,1024.37660
2020-07-07,1024.45160
2020-07-08,1024.55170
2020-07-09,1024.64980
2020-07-12,1024.89790
2020-07-13,1024.97640
2020-07-14,1025.05990
2020-07-15,1025.15130
2020-07-16,1025.21490
2020-07-19,1022.89670
2020-07-20,1022.97400
2020-07-21,1023.05910
2020-07-22,1023.14750
2020-07-23,1023.23200
2020-07-25,1023.39240
2020-07-26,1023.48840
2020-07-27,1023.59150
2020-07-28,1023.63120
2020-07-29,1023.79220
2020-07-30,1023.88990
2020-08-02,1024.16190
2020-08-03,1024.24340
2020-08-04,1024.33750
2020-08-05,1024.44540
2020-08-06,1024.52960
2020-08-09,1024.78100
2020-08-10,1024.87860
2020-08-11,1024.97400
2020-08-12,1025.06550
2020-08-13,1025.16440
2020-08-16,1025.42850
2020-08-17,1025.53100
2020-08-18,1022.81080
2020-08-19,1022.90590
2020-08-20,1022.99990
2020-08-23,1023.26200
2020-08-24,1023.32850
2020-08-25,1023.39310
2020-08-26,1023.48880
2020-08-27,1023.56820
2020-08-30,1023.80270
2020-08-31,1023.89690
2020-09-01,1024.02710
2020-09-02,1024.10750
2020-09-03,1024.19010
2020-09-06,1024.42810
2020-09-07,1024.50170
2020-09-08,1024.56450
2020-09-09,1024.62370
2020-09-10,1024.70390
2020-09-13,1024.93470
2020-09-14,1025.02100
2020-09-15,1025.11740
2020-09-16,1025.21210
2020-09-17,1025.30170
2020-09-18,1022.80760
2020-09-20,1022.98560
2020-09-21,1023.06640
2020-09-22,1023.14830
2020-09-23,1023.23160
2020-09-24,1023.33420
2020-09-27,1023.62380
2020-09-28,1023.72150
2020-09-29,1023.82590
2020-09-30,1023.98720
2020-10-03,1024.23350
2020-10-04,1024.32040
2020-10-05,1024.40180
2020-10-06,1024.48750
2020-10-07,1024.57910
2020-10-08,1024.66000
2020-10-09,1024.74300
2020-10-11,1024.93420
2020-10-12,1025.01730
2020-10-13,1025.11200
2020-10-14,1025.20570
2020-10-15,1025.28800
2020-10-18,1022.88960
2020-10-19,1022.97090
2020-10-20,1023.05210
2020-10-21,1023.13480
2020-10-22,1023.21670
2020-10-25,1023.45750
2020-10-26,1023.54010
2020-10-27,1023.61520
2020-10-28,1023.69950
2020-10-29,1023.71910
2020-10-30,1023.82070
2020-11-01,1024.02320
2020-11-02,1024.10270
2020-11-03,1024.18710
2020-11-04,1024.27200
2020-11-05,1024.35770
2020-11-08,1024.62300
2020-11-09,1024.75510
2020-11-10,1024.83160
2020-11-11,1024.93400
2020-11-12,1025.04720
2020-11-16,1025.36860
2020-11-17,1025.45650
2020-11-18,1022.85310
2020-11-19,1022.95430
2020-11-22,1023.16120
2020-11-23,1023.22970
2020-11-24,1023.29960
2020-11-25,1023.40270
2020-11-26,1023.48780
2020-11-30,1023.77570
2020-12-01,1023.80870
2020-12-02,1023.83500
2020-12-03,1023.91210
2020-12-06,1024.15560
2020-12-07,1024.22150
2020-12-08,1024.28890
2020-12-09,1024.36850
2020-12-10,1024.46230
2020-12-13,1024.70060
2020-12-14,1024.77970
2020-12-15,1024.85510
2020-12-16,1024.93320
2020-12-17,1025.01600
2020-12-18,1022.80940
2020-12-20,1022.97660
2020-12-21,1023.05790
2020-12-22,1023.14080
2020-12-23,1023.23420
2020-12-27,1023.56310
2020-12-28,1023.64920
2020-12-29,1023.73500
2020-12-30,1023.82650
2020-12-31,1023.91330
2021-01-03,1024.14720
2021-01-04,1024.22900
2021-01-05,1024.30800
2021-01-06,1024.37270
2021-01-07,1024.42280
2021-01-08,1024.50200
2021-01-10,1024.66840
2021-01-11,1024.69230
2021-01-12,1024.77810
2021-01-13,1024.89070
2021-01-14,1024.96690
2021-01-17,1022.89570
2021-01-18,1022.96550
2021-01-19,1023.05480
2021-01-20,1023.14800
2021-01-21,1023.22080
2021-01-24,1023.47740
2021-01-26,1023.65120
2021-01-27,1023.74040
2021-01-28,1023.83240
2021-01-29,1023.92430
2021-01-31,1024.10520
2021-02-01,1024.20210
2021-02-02,1024.30870
2021-02-03,1024.38000
2021-02-04,1024.46770
2021-02-07,1024.72980
2021-02-08,1024.81610
2021-02-09,1024.90350
2021-02-10,1024.98750
2021-02-11,1025.07970
2021-02-12,1025.17190
2021-02-14,1025.34090
2021-02-15,1025.44160
2021-02-16,1025.53430
2021-02-17,1025.68000
2021-02-18,1022.83990
2021-02-21,1023.07010
2021-02-22,1023.14250
2021-02-23,1023.22530
2021-02-24,1023.33450
2021-02-25,1023.41950
2021-02-26,1023.48630
2021-02-28,1023.64140
2021-03-01,1023.71210
2021-03-02,1023.78790
2021-03-03,1023.87330
2021-03-04,1023.96780
2021-03-07,1024.18180
2021-03-08,1024.28210
2021-03-09,1024.35780
2021-03-11,1024.53630
2021-03-14,1024.79190
2021-03-15,1024.86210
2021-03-16,1024.95050
2021-03-17,1025.05770
2021-03-18,1022.80960
2021-03-21,1023.07840
2021-03-22,1023.18450
2021-03-23,1023.27170
2021-03-24,1023.36430
2021-03-25,1023.46960
2021-03-29,1023.83600
2021-03-30,1023.94780
2021-03-31,1024.06440
2021-04-04,1024.40860
2021-04-05,1024.48800
2021-04-06,1024.59360
2021-04-07,1024.65140
2021-04-08,1024.73490
2021-04-10,1024.90320
2021-04-11,1024.98670
2021-04-12,1025.07820
2021-04-13,1025.16280
2021-04-14,1025.24730
2021-04-15,1025.32600
2021-04-18,1022.87950
2021-04-19,1022.95490
2021-04-21,1023.14950
2021-04-22,1023.24480
2021-04-25,1023.49730
2021-04-26,1023.58730
2021-04-27,1023.67150
2021-04-28,1023.75100
2021-04-29,1023.83480
2021-05-02,1024.09040
2021-05-03,1024.17130
2021-05-04,1024.25330
2021-05-05,1024.33630
2021-05-06,1024.41410
2021-05-09,1024.67830
2021-05-10,1024.74950
2021-05-11,1024.84230
2021-05-13,1025.01950
2021-05-16,1025.28590
2021-05-17,1025.36950
2021-05-18,1022.81340
2021-05-19,1022.89780
2021-05-20,1022.98900
2021-05-23,1023.25610
2021-05-24,1023.34000
2021-05-25,1023.43010
2021-05-26,1023.51960
2021-05-27,1023.61280
2021-05-30,1023.88720
2021-05-31,1023.97350
2021-06-01,1024.05630
2021-06-02,1024.14260
2021-06-03,1024.23000
2021-06-06,1024.49550
2021-06-07,1024.58650
2021-06-08,1024.67310
2021-06-09,1024.76940
2021-06-10,1024.85490
2021-06-13,1025.11980
2021-06-14,1025.20900
2021-06-15,1025.29710
2021-06-16,1025.34780
2021-06-17,1025.43430
2021-06-20,1022.99030
2021-06-21,1023.10690
2021-06-22,1023.20340
2021-06-23,1023.29790
2021-06-24,1023.39590
2021-06-27,1023.66880
2021-06-28,1023.77120
2021-06-29,1023.86730
2021-06-30,1023.96030
2021-07-01,1024.06460
2021-07-04,1024.30880
2021-07-05,1024.38640
2021-07-06,1024.46160
2021-07-07,1024.55700
2021-07-08,1024.65140
2021-07-11,1024.91660
2021-07-12,1025.01670
2021-07-13,1025.11210
2021-07-14,1025.21090
2021-07-15,1025.29620
2021-07-18,1022.90190
2021-07-19,1022.99100
2021-07-21,1023.17890
2021-07-22,1023.27650
2021-07-25,1023.54770
2021-07-26,1023.64210
2021-07-27,1023.73730
2021-07-28,1023.82820
2021-07-29,1023.90650
2021-07-30,1023.98950
2021-08-01,1024.16230
2021-08-02,1024.25330
2021-08-03,1024.33790
2021-08-04,1024.42600
2021-08-05,1024.50710
2021-08-08,1024.76660
2021-08-09,1024.84990
2021-08-10,1024.94450
2021-08-11,1025.04070
2021-08-12,1025.15030
2021-08-15,1025.41760
2021-08-16,1025.50300
2021-08-17,1025.59580
2021-08-19,1022.91530
2021-08-22,1023.17580
2021-08-23,1023.26450
2021-08-24,1023.35760
2021-08-25,1023.44720
2021-08-26,1023.53720
2021-08-27,1023.63530
2021-08-29,1023.80420
2021-08-30,1023.88590
2021-08-31,1023.97480
2021-09-01,1024.06440
2021-09-02,1024.14460
2021-09-05,1024.39320
2021-09-06,1024.46660
2021-09-07,1024.54340
2021-09-08,1024.62730
2021-09-11,1024.88240
2021-09-12,1024.96820
2021-09-13,1025.05100
2021-09-14,1025.14570
2021-09-15,1025.23120
2021-09-16,1025.31400
2021-09-19,1022.89980
2021-09-20,1022.98480
2021-09-21,1023.07010
2021-09-22,1023.14400
2021-09-23,1023.23450
2021-09-26,1023.48110
2021-09-27,1023.56440
2021-09-28,1023.63040
2021-09-29,1023.70800
2021-09-30,1023.80370
2021-10-03,1024.09170
2021-10-04,1024.18590
2021-10-05,1024.26030
2021-10-06,1024.34520
2021-10-07,1024.43140
2021-10-10,1024.74160
2021-10-11,1024.85690
2021-10-12,1024.94750
2021-10-13,1025.04270
2021-10-14,1025.10810
2021-10-15,1025.19690
2021-10-17,1022.99140
2021-10-18,1023.02530
2021-10-19,1023.11680
2021-10-20,1023.19190
2021-10-21,1023.27960
2021-10-23,1023.47980
2021-10-24,1023.55070
2021-10-25,1023.58530
2021-10-26,1023.64660
2021-10-27,1023.73600
2021-10-28,1023.80510
2021-10-29,1023.88620
2021-10-31,1024.08540
2021-11-01,1024.15740
2021-11-02,1024.25800
2021-11-05,1024.57260
2021-11-07,1024.76850
2021-11-08,1024.90200
2021-11-09,1025.01920
2021-11-10,1025.12240
2021-11-11,1025.22750
2021-11-14,1025.49820
2021-11-15,1025.58030
2021-11-16,1025.66990
2021-11-17,1025.76290
2021-11-21,1023.08820
2021-11-22,1023.15470
2021-11-23,1023.24200
2021-11-24,1023.36950
2021-11-25,1023.46920
2021-11-28,1023.72880
2021-11-29,1023.81540
2021-11-30,1023.90870
2021-12-01,1023.99140
2021-12-02,1024.08830
2021-12-05,1024.35700
2021-12-06,1024.44730
2021-12-07,1024.53230
2021-12-08,1024.64270
2021-12-09,1024.72200
2021-12-12,1024.99490
2021-12-13,1025.08080
2021-12-14,1025.17030
2021-12-15,1025.25990
2021-12-16,1025.32470
2021-12-19,1022.90850
2021-12-20,1023.00220
2021-12-21,1023.06590
2021-12-22,1023.16850
2021-12-23,1023.27770
2021-12-25,1023.46560
2021-12-26,1023.55770
2021-12-27,1023.65880
2021-12-28,1023.74750
2021-12-29,1023.84300
2021-12-30,1023.93140
