Date,NAV
2006-04-01,1023.94690
2006-04-02,1023.94920
2006-04-03,1024.02970
2006-04-04,1024.09010
2006-04-05,1024.12900
2006-04-06,1024.13050
2006-04-07,1024.13250
2006-04-08,1024.13460
2006-04-09,1024.13670
2006-04-10,1024.17200
2006-04-11,1024.17320
2006-04-12,1024.17460
2006-04-13,1024.21160
2006-04-14,1024.21280
2006-04-15,1024.21400
2006-04-16,1024.21520
2006-04-17,1024.21640
2006-04-18,1024.23380
2006-04-19,1024.23480
2006-04-20,1024.26640
2006-04-21,1024.28380
2006-04-22,1024.28460
2006-04-23,1024.28540
2006-04-24,1024.30360
2006-04-25,1024.30440
2006-04-26,1024.30520
2006-04-27,1024.30750
2006-04-28,1024.30840
2006-04-29,1024.30940
2006-04-30,1024.31040
2006-05-01,1024.31130
2006-05-02,1024.31230
2006-05-03,1024.31330
2006-05-04,1024.31430
2006-05-05,1024.31530
2006-05-06,1024.31630
2006-05-07,1024.31730
2006-05-08,1024.31830
2006-05-09,1024.31950
2006-05-10,1024.32060
2006-05-11,1024.32170
2006-05-12,1024.32280
2006-05-13,1024.32390
2006-05-14,1024.32500
2006-05-15,1024.32610
2006-05-16,1024.32730
2006-05-17,1024.32840
2006-05-18,1024.32960
2006-05-19,1024.33070
2006-05-20,1024.33180
2006-05-21,1024.33300
2006-05-22,1024.33550
2006-05-23,1024.33650
2006-05-24,1024.33770
2006-05-25,1024.33880
2006-05-26,1024.33990
2006-05-27,1024.34100
2006-05-28,1024.34210
2006-05-29,1024.34390
2006-05-30,1024.34500
2006-05-31,1024.34610
2006-06-01,1024.34720
2006-06-02,1024.34850
2006-06-03,1024.34980
2006-06-04,1024.35110
2006-06-05,1024.35110
2006-06-06,1024.35110
2006-06-07,1024.35260
2006-06-08,1024.35410
2006-06-09,1024.35410
2006-06-10,1024.35580
2006-06-11,1024.35740
2006-06-12,1024.35890
2006-06-13,1024.36050
2006-06-14,1024.36210
2006-06-15,1024.36360
2006-06-16,1024.36520
2006-06-17,1024.36690
2006-06-18,1024.36850
2006-06-19,1024.37010
2006-06-20,1024.37330
2006-06-21,1024.37470
2006-06-22,1024.37620
2006-06-23,1024.37620
2006-06-24,1024.37780
2006-06-25,1024.37940
2006-06-26,1024.38100
2006-06-27,1024.38350
2006-06-28,1024.38500
2006-06-29,1024.38640
2006-06-30,1024.38790
2006-07-01,1024.38940
2006-07-02,1024.39090
2006-07-03,1024.39240
2006-07-04,1024.39390
2006-07-05,1024.39540
2006-07-06,1024.39690
2006-07-07,1024.39840
2006-07-08,1024.39990
2006-07-09,1024.40140
2006-07-10,1024.40300
2006-07-11,1024.40460
2006-07-12,1024.40610
2006-07-13,1024.40770
2006-07-14,1024.40930
2006-07-15,1024.41090
2006-07-16,1024.41240
2006-07-17,1024.41400
2006-07-18,1024.41550
2006-07-19,1024.41710
2006-07-20,1024.42190
2006-07-21,1024.42330
2006-07-22,1024.42470
2006-07-23,1024.42610
2006-07-24,1024.42760
2006-07-25,1024.42900
2006-07-26,1024.43050
2006-07-27,1024.43230
2006-07-28,1024.43350
2006-07-29,1024.43490
2006-07-30,1024.43620
2006-07-31,1024.43780
2006-08-01,1024.43950
2006-08-02,1024.44120
2006-08-03,1024.44280
2006-08-04,1024.44430
2006-08-05,1024.44580
2006-08-06,1024.44730
2006-08-07,1024.44870
2006-08-08,1024.45000
2006-08-09,1024.45120
2006-08-10,1024.45250
2006-08-11,1024.45380
2006-08-12,1024.45500
2006-08-13,1024.45620
2006-08-14,1024.45760
2006-08-15,1024.45900
2006-08-16,1024.46040
2006-08-17,1024.46180
2006-08-18,1024.46320
2006-08-19,1024.46450
2006-08-20,1024.46510
2006-08-21,1024.46580
2006-08-22,1024.46660
2006-08-23,1024.46740
2006-08-24,1024.46830
2006-08-25,1024.46910
2006-08-26,1024.47000
2006-08-27,1024.47080
2006-08-28,1024.47200
2006-08-29,1024.47280
2006-08-30,1024.47360
2006-08-31,1024.47440
2006-09-01,1024.47520
2006-09-02,1024.47600
2006-09-03,1024.47680
2006-09-04,1024.47680
2006-09-05,1024.47790
2006-09-06,1024.47870
2006-09-07,1024.47950
2006-09-08,1024.48030
2006-09-09,1024.48120
2006-09-10,1024.48200
2006-09-11,1024.48280
2006-09-12,1024.48360
2006-09-13,1024.48450
2006-09-14,1024.48530
2006-09-15,1024.48610
2006-09-16,1024.48700
2006-09-17,1024.48780
2006-09-18,1024.48870
2006-09-19,1024.48870
2006-09-20,1024.48870
2006-09-21,1024.48720
2006-09-22,1024.48830
2006-09-23,1024.48910
2006-09-24,1024.48990
2006-09-25,1024.49070
2006-09-26,1024.49160
2006-09-27,1024.49290
2006-09-28,1024.49370
2006-09-29,1024.49460
2006-09-30,1024.49540
2006-10-01,1024.49620
2006-10-02,1024.49700
2006-10-03,1024.49780
2006-10-04,1024.49870
2006-10-05,1024.49950
2006-10-06,1024.50040
2006-10-07,1024.50120
2006-10-08,1024.50200
2006-10-09,1024.50290
2006-10-10,1024.50370
2006-10-11,1024.50460
2006-10-12,1024.50540
2006-10-13,1024.50630
2006-10-14,1024.50710
2006-10-15,1024.50800
2006-10-16,1024.50700
2006-10-17,1024.50970
2006-10-18,1024.50970
2006-10-19,1024.51060
2006-10-20,1024.51320
2006-10-21,1024.51400
2006-10-22,1024.51490
2006-10-23,1024.55990
2006-10-24,1024.56110
2006-10-25,1024.56220
2006-10-26,1024.56330
2006-10-27,1024.56510
2006-10-28,1024.56620
2006-10-29,1024.56720
2006-10-30,1024.56870
2006-10-31,1024.57220
2006-11-01,1024.57570
2006-11-02,1024.57930
2006-11-03,1024.58280
2006-11-04,1024.58630
2006-11-05,1024.58990
2006-11-06,1024.59110
2006-11-07,1024.59240
2006-11-08,1024.59360
2006-11-09,1024.59470
2006-11-10,1024.59580
2006-11-11,1024.59700
2006-11-12,1024.59810
2006-11-13,1024.59920
2006-11-14,1024.60040
2006-11-15,1024.60150
2006-11-16,1024.60260
2006-11-17,1024.60380
2006-11-18,1024.60490
2006-11-19,1024.60600
2006-11-20,1024.60900
2006-11-21,1024.61000
2006-11-22,1024.61110
2006-11-23,1024.61230
2006-11-24,1024.61340
2006-11-25,1024.61460
2006-11-26,1024.61570
2006-11-27,1024.61730
2006-11-28,1024.61840
2006-11-29,1024.61940
2006-11-30,1024.62040
2006-12-01,1024.62140
2006-12-02,1024.62240
2006-12-03,1024.62350
2006-12-04,1024.62450
2006-12-05,1024.62560
2006-12-06,1024.62670
2006-12-07,1024.62780
2006-12-08,1024.62890
2006-12-09,1024.62990
2006-12-10,1024.63100
2006-12-11,1024.63100
2006-12-12,1024.63100
2006-12-13,1024.63100
2006-12-14,1024.63100
2006-12-15,1024.63100
2006-12-16,1024.63240
2006-12-17,1024.63380
2006-12-18,1024.63380
2006-12-19,1024.63380
2006-12-20,1024.63380
2006-12-21,1024.63380
2006-12-22,1024.63540
2006-12-23,1024.63700
2006-12-24,1024.63850
2006-12-25,1024.64010
2006-12-26,1024.64010
2006-12-27,1024.64010
2006-12-28,1024.64010
2006-12-29,1024.64090
2006-12-30,1024.64170
2006-12-31,1024.64260
2007-01-01,1024.64350
2007-01-02,1024.64440
2007-01-03,1024.64540
2007-01-04,1024.64640
2007-01-05,1024.64730
2007-01-06,1024.64810
2007-01-07,1024.64910
2007-01-08,1024.65000
2007-01-09,1024.65090
2007-01-10,1024.65180
2007-01-11,1024.65270
2007-01-12,1024.65270
2007-01-15,1024.65550
2007-01-16,1024.65550
2007-01-17,1024.65550
2007-01-18,1024.65660
2007-01-19,1024.65760
2007-01-20,1024.65760
2007-01-21,1024.65870
2007-01-22,1024.66340
2007-01-23,1024.66340
2007-01-24,1024.66420
2007-01-25,1024.66250
2007-01-26,1024.66530
2007-01-27,1024.66620
2007-01-28,1024.66700
2007-01-29,1024.66830
2007-01-30,1024.67830
2007-01-31,1024.68840
2007-02-01,1024.69850
2007-02-02,1024.70860
2007-02-03,1024.71870
2007-02-04,1024.72880
2007-02-05,1024.73900
2007-02-06,1024.73910
2007-02-07,1024.73910
2007-02-08,1024.73950
2007-02-09,1024.74080
2007-02-10,1024.74210
2007-02-11,1024.74340
2007-02-12,1024.74340
2007-02-13,1024.74340
2007-02-14,1024.74340
2007-02-15,1024.74340
2007-02-16,1024.74480
2007-02-17,1024.74620
2007-02-18,1024.74760
2007-02-19,1024.74850
2007-02-20,1024.74940
2007-02-21,1024.75030
2007-02-22,1024.75120
2007-02-23,1024.75200
2007-02-24,1024.75290
2007-02-25,1024.75380
2007-02-26,1024.75460
2007-02-27,1024.75550
2007-02-28,1024.75640
2007-03-01,1024.75730
2007-03-02,1024.75820
2007-03-03,1024.75920
2007-03-04,1024.76000
2007-03-05,1024.76090
2007-03-06,1024.76180
2007-03-07,1024.76270
2007-03-08,1024.76360
2007-03-09,1024.76460
2007-03-10,1024.76550
2007-03-11,1024.76640
2007-03-12,1024.76730
2007-03-13,1024.76820
2007-03-14,1024.76910
2007-03-15,1024.77000
2007-03-16,1024.77100
2007-03-17,1024.77180
2007-03-18,1024.77280
2007-03-19,1024.77370
2007-03-20,1024.77450
2007-03-21,1024.77540
2007-03-22,1024.77630
2007-03-23,1024.77720
2007-03-24,1024.77800
2007-03-25,1024.77890
2007-03-26,1024.77980
2007-03-27,1024.78070
2007-03-28,1024.78150
2007-03-29,1024.78240
2007-03-30,1024.78330
2007-03-31,1024.78420
2007-04-01,1024.78510
2007-04-02,1024.78610
2007-04-03,1024.78710
2007-04-04,1024.78800
2007-04-05,1024.78880
2007-04-06,1024.78970
2007-04-07,1024.79060
2007-04-08,1024.79140
2007-04-09,1024.79230
2007-04-10,1024.79320
2007-04-11,1024.79400
2007-04-12,1024.79480
2007-04-13,1024.79580
2007-04-14,1024.79660
2007-04-15,1024.79750
2007-04-16,1024.79830
2007-04-17,1024.79920
2007-04-18,1024.80000
2007-04-19,1024.80080
2007-04-20,1024.80170
2007-04-21,1024.80260
2007-04-22,1024.80340
2007-04-23,1024.80430
2007-04-24,1024.80510
2007-04-25,1024.80600
2007-04-26,1024.80680
2007-04-27,1024.81030
2007-04-28,1024.81400
2007-04-29,1024.81770
2007-04-30,1024.82330
2007-05-01,1024.82890
2007-05-02,1024.83440
2007-05-03,1024.84020
2007-05-04,1024.84470
2007-05-05,1024.84930
2007-05-06,1024.85380
2007-05-07,1024.85830
2007-05-08,1024.85960
2007-05-09,1024.86080
2007-05-10,1024.86180
2007-05-11,1024.86270
2007-05-12,1024.86360
2007-05-13,1024.86450
2007-05-14,1024.86530
2007-05-15,1024.86620
2007-05-16,1024.86710
2007-05-17,1024.86800
2007-05-18,1024.86890
2007-05-19,1024.86980
2007-05-20,1024.87060
2007-05-21,1024.87160
2007-05-22,1024.87240
2007-05-23,1024.87340
2007-05-24,1024.87410
2007-05-25,1024.87520
2007-05-26,1024.87610
2007-05-27,1024.87700
2007-05-28,1024.87790
2007-05-29,1024.87880
2007-05-30,1024.87970
2007-05-31,1024.88060
2007-06-01,1024.88160
2007-06-02,1024.88250
2007-06-03,1024.88350
2007-06-04,1024.88440
2007-06-05,1024.88540
2007-06-06,1024.88630
2007-06-07,1024.88730
2007-06-08,1024.88830
2007-06-09,1024.88920
2007-06-10,1024.89070
2007-06-11,1024.89160
2007-06-12,1024.89260
2007-06-13,1024.89330
2007-06-14,1024.89420
2007-06-15,1024.89500
2007-06-16,1024.89580
2007-06-17,1024.89660
2007-06-18,1024.89740
2007-06-19,1024.89820
2007-06-20,1024.89940
2007-06-21,1024.90050
2007-06-22,1024.90160
2007-06-23,1024.90280
2007-06-24,1024.90390
2007-06-25,1024.90530
2007-06-26,1024.90650
2007-06-27,1024.90730
2007-06-28,1024.90820
2007-06-29,1024.90900
2007-06-30,1024.90990
2007-07-01,1024.91070
2007-07-02,1024.91160
2007-07-03,1024.91250
2007-07-04,1024.91330
2007-07-05,1024.91420
2007-07-06,1024.91500
2007-07-07,1024.91590
2007-07-08,1024.91670
2007-07-09,1024.91750
2007-07-10,1024.91840
2007-07-11,1024.91930
2007-07-12,1024.92010
2007-07-13,1024.92090
2007-07-14,1024.92170
2007-07-15,1024.92250
2007-07-16,1024.92340
2007-07-17,1024.92420
2007-07-18,1024.92500
2007-07-19,1024.92580
2007-07-20,1024.92580
2007-07-21,1024.92590
2007-07-22,1024.92590
2007-07-23,1024.92600
2007-07-24,1024.92600
2007-07-25,1024.92600
2007-07-26,1024.92610
2007-07-27,1024.92610
2007-07-28,1024.92610
2007-07-29,1024.92610
2007-07-30,1024.92610
2007-07-31,1024.92610
2007-08-01,1024.92620
2007-08-02,1024.92620
2007-08-03,1024.92620
2007-08-04,1024.92620
2007-08-05,1024.92620
2007-08-06,1024.92620
2007-08-07,1024.92620
2007-08-08,1024.92620
2007-08-09,1024.92620
2007-08-10,1024.92620
2007-08-11,1024.92620
2007-08-12,1024.92620
2007-08-13,1024.92620
2007-08-14,1024.92620
2007-08-15,1024.92620
2007-08-16,1024.92620
2007-08-17,1024.92620
2007-08-18,1024.92620
2007-08-19,1024.92620
2007-08-20,1024.92620
2007-08-21,1024.92620
2007-08-22,1024.92620
2007-08-23,1024.92620
2007-08-24,1024.92620
2007-08-25,1024.92620
2007-08-26,1024.92620
2007-08-27,1024.92620
2007-08-28,1024.92620
2007-08-29,1024.92620
2007-08-30,1024.92620
2007-08-31,1024.92620
2007-09-01,1024.92620
2007-09-02,1024.92620
2007-09-03,1024.92620
2007-09-04,1024.92620
2007-09-05,1024.92620
2007-09-06,1024.92620
2007-09-07,1024.92620
2007-09-08,1024.92620
2007-09-09,1024.92620
2007-09-10,1024.92620
2007-09-11,1024.92620
2007-09-12,1024.92620
2007-09-13,1024.92620
2007-09-14,1024.92620
2007-09-15,1024.92620
2007-09-16,1024.92620
2007-09-17,1024.92620
2007-09-18,1024.92620
2007-09-19,1024.92620
2007-09-20,1024.92620
2007-09-21,1024.92620
2007-09-22,1024.92620
2007-09-23,1024.92620
2007-09-24,1024.92620
2007-09-25,1024.92620
2007-09-26,1024.92620
2007-09-27,1024.92620
2007-09-28,1024.92620
2007-09-29,1024.92620
2007-09-30,1024.92620
2007-10-01,1024.92620
2007-10-02,1024.92620
2007-10-03,1024.92620
2007-10-04,1024.92620
2007-10-05,1024.92620
2007-10-06,1024.92620
2007-10-07,1024.92620
2007-10-08,1024.92620
2007-10-09,1024.92620
2007-10-10,1024.92620
2007-10-11,1024.92620
2007-10-12,1024.92620
2007-10-13,1024.92620
2007-10-14,1024.92620
2007-10-15,1024.92620
2007-10-16,1024.92620
2007-10-17,1024.92620
2007-10-18,1024.92620
2007-10-19,1024.92620
2007-10-20,1024.92620
2007-10-21,1024.92620
2007-10-22,1024.92620
2007-10-23,1024.92620
2007-10-24,1024.92620
2007-10-25,1024.92620
2007-10-26,1024.92620
2007-10-27,1024.92620
2007-10-28,1024.92620
2007-10-29,1024.92620
2007-10-30,1024.92620
2007-10-31,1024.92620
2007-11-01,1024.92620
2007-11-02,1024.92620
2007-11-03,1024.92620
2007-11-04,1024.92620
2007-11-05,1024.92620
2007-11-06,1024.92620
2007-11-07,1024.92620
2007-11-08,1024.92620
2007-11-09,1024.92620
2007-11-10,1024.92620
2007-11-11,1024.92620
2007-11-12,1024.92620
2007-11-13,1024.92620
2007-11-14,1024.92620
2007-11-15,1024.92620
2007-11-16,1024.92620
2007-11-17,1024.92620
2007-11-18,1024.92620
2007-11-19,1024.92620
2007-11-20,1024.92620
2007-11-21,1024.92620
2007-11-22,1024.92620
2007-11-23,1024.92620
2007-11-24,1024.92620
2007-11-25,1024.92620
2007-11-26,1024.92620
2007-11-27,1024.92620
2007-11-28,1024.92620
2007-11-29,1024.92620
2007-11-30,1024.92620
2007-12-01,1024.92620
2007-12-02,1024.92620
2007-12-03,1024.92620
2007-12-04,1024.92620
2007-12-05,1024.92620
2007-12-06,1024.92620
2007-12-07,1024.92620
2007-12-08,1024.92620
2007-12-09,1024.92620
2007-12-10,1024.92620
2007-12-11,1024.92620
2007-12-12,1024.92620
2007-12-13,1024.92620
2007-12-14,1024.92620
2007-12-15,1024.92620
2007-12-16,1024.92620
2007-12-17,1024.92620
2007-12-18,1024.92620
2007-12-19,1024.92620
2007-12-20,1024.92620
2007-12-21,1024.92620
2007-12-22,1024.92620
2007-12-23,1024.92620
2007-12-24,1024.92620
2007-12-25,1024.92620
2007-12-26,1024.92620
2007-12-27,1024.92620
2007-12-28,1024.92620
2007-12-29,1024.92620
2007-12-30,1024.92620
2007-12-31,1024.92620
2008-01-01,1024.92620
2008-01-02,1024.92620
2008-01-03,1024.92620
2008-01-04,1024.92620
2008-01-05,1024.92620
2008-01-06,1024.92620
2008-01-07,1024.92620
2008-01-08,1024.92620
2008-01-09,1024.92620
2008-01-10,1024.92620
2008-01-11,1024.92620
2008-01-12,1024.92620
2008-01-13,1024.92620
2008-01-14,1024.92620
2008-01-15,1024.92620
2008-01-16,1024.92620
2008-01-17,1024.92620
2008-01-18,1024.92620
2008-01-19,1024.92620
2008-01-20,1024.92620
2008-01-21,1024.92620
2008-01-22,1024.92620
2008-01-23,1024.92620
2008-01-24,1024.92620
2008-01-25,1024.92620
2008-01-26,1024.92620
2008-01-27,1024.92620
2008-01-28,1024.92620
2008-01-29,1024.92620
2008-01-30,1024.92620
2008-01-31,1024.92620
2008-02-01,1024.92620
2008-02-02,1024.92620
2008-02-03,1024.92620
2008-02-04,1024.92620
2008-02-05,1024.92620
2008-02-06,1024.92620
2008-02-07,1024.92620
2008-02-08,1024.92620
2008-02-09,1024.92620
2008-02-10,1024.92620
2008-02-11,1024.92620
2008-02-12,1024.92620
2008-02-13,1024.92620
2008-02-14,1024.92620
2008-02-15,1024.92620
2008-02-16,1024.92620
2008-02-17,1024.92620
2008-02-18,1024.92620
2008-02-19,1024.92620
2008-02-20,1024.92620
2008-02-21,1024.92620
2008-02-22,1024.92620
2008-02-23,1024.92620
2008-02-24,1024.92620
2008-02-25,1024.92620
2008-02-26,1024.92620
2008-02-27,1024.92620
2008-02-28,1024.92620
2008-02-29,1024.92620
2008-03-01,1024.92620
2008-03-02,1024.92620
2008-03-03,1024.92620
2008-03-04,1024.92620
2008-03-05,1024.92620
2008-03-06,1024.92620
2008-03-07,1024.92620
2008-03-08,1024.92620
2008-03-09,1024.92620
2008-03-10,1024.92620
2008-03-11,1024.92620
2008-03-12,1024.92620
2008-03-13,1024.92620
2008-03-14,1024.92620
2008-03-15,1024.92620
2008-03-16,1024.92620
2008-03-17,1024.92620
2008-03-18,1024.92620
2008-03-19,1024.92620
2008-03-20,1024.92620
2008-03-21,1024.92620
2008-03-22,1024.92620
2008-03-23,1024.92620
2008-03-24,1024.92620
2008-03-25,1024.92620
2008-03-26,1024.92620
2008-03-27,1024.92620
2008-03-28,1024.92620
2008-03-29,1024.92620
2008-03-30,1024.92620
2008-03-31,1024.92620
2008-04-01,1024.92620
2008-04-02,1024.92620
2008-04-03,1024.92620
2008-04-04,1024.92620
2008-04-05,1024.92620
2008-04-06,1024.92620
2008-04-07,1024.92620
2008-04-08,1024.92620
2008-04-09,1024.92620
2008-04-10,1024.92620
2008-04-11,1024.92620
2008-04-12,1024.92620
2008-04-13,1024.92620
2008-04-14,1024.92620
2008-04-15,1024.92620
2008-04-16,1024.92620
2008-04-17,1024.92620
2008-04-18,1024.92620
2008-04-19,1024.92620
2008-04-20,1024.92620
2008-04-21,1024.92620
2008-04-22,1024.92620
2008-04-23,1024.92620
2008-04-24,1024.92620
2008-04-25,1024.92620
2008-04-26,1024.92620
2008-04-27,1024.92620
2008-04-28,1024.92620
2008-04-29,1024.92620
2008-04-30,1024.92620
2008-05-01,1024.92620
2008-05-02,1024.92620
2008-05-03,1024.92620
2008-05-04,1024.92620
2008-05-05,1024.92620
2008-05-06,1024.92620
2008-05-07,1024.92620
2008-05-08,1024.92620
2008-05-09,1024.92620
2008-05-10,1024.92620
2008-05-11,1024.92620
2008-05-12,1024.92620
2008-05-13,1024.92620
2008-05-14,1024.92620
2008-05-15,1024.92620
2008-05-16,1024.92620
2008-05-17,1024.92620
2008-05-18,1024.92620
2008-05-19,1024.92620
2008-05-20,1024.92620
2008-05-21,1024.92620
2008-05-22,1024.92620
2008-05-23,1024.92620
2008-05-24,1024.92620
2008-05-25,1024.92620
2008-05-26,1024.92620
2008-05-27,1024.92620
2008-05-28,1024.92620
2008-05-29,1024.92620
2008-05-30,1024.92620
2008-05-31,1024.92620
2008-06-01,1024.92620
2008-06-02,1024.92620
2008-06-03,1024.92620
2008-06-04,1024.92620
2008-06-05,1024.92620
2008-06-06,1024.92620
2008-06-07,1024.92620
2008-06-08,1024.92620
2008-06-09,1024.92620
2008-06-10,1024.92620
2008-06-11,1024.92620
2008-06-12,1024.92620
2008-06-13,1024.92620
2008-06-14,1024.92620
2008-06-15,1024.92620
2008-06-16,1024.92620
2008-06-17,1024.92620
2008-06-18,1024.92620
2008-06-19,1024.92620
2008-06-20,1024.92620
2008-06-21,1024.92620
2008-06-22,1024.92620
2008-06-23,1024.92620
2008-06-24,1024.92620
2008-06-25,1024.92620
2008-06-26,1024.92620
2008-06-27,1024.92620
2008-06-28,1024.92620
2008-06-29,1024.92620
2008-06-30,1024.92620
2008-07-01,1024.92620
2008-07-02,1024.92620
2008-07-03,1024.92620
2008-07-04,1024.92620
2008-07-05,1024.92620
2008-07-06,1024.92620
2008-07-07,1024.92620
2008-07-08,1024.92620
2008-07-09,1024.92620
2008-07-10,1024.92620
2008-07-11,1024.92620
2008-07-12,1024.92620
2008-07-13,1024.92620
2008-07-14,1024.92620
2008-07-15,1024.92620
2008-07-16,1024.92620
2008-07-17,1024.92620
2008-07-18,1024.92620
2008-07-19,1024.92620
2008-07-20,1024.92620
2008-07-21,1024.92620
2008-07-22,1024.92620
2008-07-23,1024.92620
2008-07-24,1024.92620
2008-07-25,1024.92620
2008-07-26,1024.92620
2008-07-27,1024.92620
2008-07-28,1024.92620
2008-07-29,1024.92620
2008-07-30,1024.92620
2008-07-31,1024.92620
2008-08-01,1024.92620
2008-08-02,1024.92620
2008-08-03,1024.92620
2008-08-04,1024.92620
2008-08-05,1024.92620
2008-08-06,1024.92620
2008-08-07,1024.92620
2008-08-08,1024.92620
2008-08-09,1024.92620
2008-08-10,1024.92620
2008-08-11,1024.92620
2008-08-12,1024.92620
2008-08-13,1024.92620
2008-08-14,1024.92620
2008-08-15,1024.92620
2008-08-16,1024.92620
2008-08-17,1024.92620
2008-08-18,1024.92620
2008-08-19,1024.92620
2008-08-20,1024.92620
2008-08-21,1024.92620
2008-08-22,1024.92620
2008-08-23,1024.92620
2008-08-24,1024.92620
2008-08-25,1024.92620
2008-08-26,1024.92620
2008-08-27,1024.92620
2008-08-28,1024.92620
2008-08-29,1024.92620
2008-08-30,1024.92620
2008-08-31,1024.92620
2008-09-01,1024.92620
2008-09-02,1024.92620
2008-09-03,1024.92620
2008-09-04,1024.92620
2008-09-05,1024.92620
2008-09-06,1024.92620
2008-09-07,1024.92620
2008-09-08,1024.92620
2008-09-09,1024.92620
2008-09-10,1024.92620
2008-09-11,1024.92620
2008-09-12,1024.92620
2008-09-13,1024.92620
2008-09-14,1024.92620
2008-09-15,1024.92620
2008-09-16,1024.92620
2008-09-17,1024.92620
2008-09-18,1024.92620
2008-09-19,1024.92620
2008-09-20,1024.92620
2008-09-21,1024.92620
2008-09-22,1024.92620
2008-09-23,1024.92620
2008-09-24,1024.92620
2008-09-25,1024.92620
2008-09-26,1024.92620
2008-09-27,1024.92620
2008-09-28,1024.92620
2008-09-29,1024.92620
2008-09-30,1024.92620
2008-10-01,1024.92620
2008-10-02,1024.92620
2008-10-03,1024.92620
2008-10-04,1024.92620
2008-10-05,1024.92620
2008-10-06,1024.92620
2008-10-07,1024.92620
2008-10-08,1024.92620
2008-10-09,1024.92620
2008-10-10,1024.92620
2008-10-11,1024.92620
2008-10-12,1024.92620
2008-10-13,1024.92620
2008-10-14,1024.92620
2008-10-15,1024.92620
2008-10-16,1024.92620
2008-10-17,1024.92620
2008-10-18,1024.92620
2008-10-19,1024.92620
2008-10-20,1024.92620
2008-10-21,1024.92620
2008-10-22,1024.92620
2008-10-23,1024.92620
2008-10-24,1024.92620
2008-10-25,1024.92620
2008-10-26,1024.92620
2008-10-27,1024.92620
2008-10-28,1024.92620
2008-10-29,1024.92620
2008-10-30,1024.92620
2008-10-31,1024.92620
2008-11-01,1024.92620
2008-11-02,1024.92620
2008-11-03,1024.92620
2008-11-04,1024.92620
2008-11-05,1024.92620
2008-11-06,1024.92620
2008-11-07,1024.92620
2008-11-08,1024.92620
2008-11-09,1024.92620
2008-11-10,1024.92620
2008-11-11,1024.92620
2008-11-12,1024.92620
2008-11-13,1024.92620
2008-11-14,1024.92620
2008-11-15,1024.92620
2008-11-16,1024.92620
2008-11-17,1024.92620
2008-11-18,1024.92620
2008-11-19,1024.92620
2008-11-20,1024.92620
2008-11-21,1024.92620
2008-11-22,1024.92620
2008-11-23,1024.92620
2008-11-24,1024.92620
2008-11-25,1024.92620
2008-11-26,1024.92620
2008-11-27,1024.92620
2008-11-28,1024.92620
2008-11-29,1024.92620
2008-11-30,1024.92620
2008-12-01,1024.92620
2008-12-02,1024.92620
2008-12-03,1024.92620
2008-12-04,1024.92620
2008-12-05,1024.92620
2008-12-06,1024.92620
2008-12-07,1024.92620
2008-12-08,1024.92620
2008-12-09,1024.92620
2008-12-10,1024.92620
2008-12-11,1024.92620
2008-12-12,1024.92620
2008-12-13,1024.92620
2008-12-14,1024.92620
2008-12-15,1024.92620
2008-12-16,1024.92620
2008-12-17,1024.92620
2008-12-18,1024.92620
2008-12-19,1024.92620
2008-12-20,1024.92620
2008-12-21,1024.92620
2008-12-22,1024.92620
2008-12-23,1024.92620
2008-12-24,1024.92620
2008-12-25,1024.92620
2008-12-26,1024.92620
2008-12-27,1024.92620
2008-12-28,1024.92620
2008-12-29,1024.92620
2008-12-30,1024.92620
2008-12-31,1024.92620
2009-01-01,1024.92620
2009-01-02,1024.92620
2009-01-03,1024.92620
2009-01-04,1024.92620
2009-01-05,1024.92620
2009-01-06,1024.92620
2009-01-07,1024.92620
2009-01-08,1024.92620
2009-01-09,1024.92620
2009-01-10,1024.92620
2009-01-11,1024.92620
2009-01-12,1024.92620
2009-01-13,1024.92620
2009-01-14,1024.92620
2009-01-15,1024.92620
2009-01-16,1024.92620
2009-01-17,1024.92620
2009-01-18,1024.92620
2009-01-19,1024.92620
2009-01-20,1024.92620
2009-01-21,1024.92620
2009-01-22,1024.92620
2009-01-23,1024.92620
2009-01-24,1024.92620
2009-01-25,1024.92620
2009-01-26,1024.92620
2009-01-27,1024.92620
2009-01-28,1024.92620
2009-01-29,1024.92620
2009-01-30,1024.92620
2009-01-31,1024.92620
2009-02-01,1024.92620
2009-02-02,1024.92620
2009-02-03,1024.92620
2009-02-04,1024.92620
2009-02-05,1024.92620
2009-02-06,1024.92620
2009-02-07,1024.92620
2009-02-08,1024.92620
2009-02-09,1024.92620
2009-02-10,1024.92620
2009-02-11,1024.92620
2009-02-12,1024.92620
2009-02-13,1024.92620
2009-02-14,1024.92620
2009-02-15,1024.92620
2009-02-16,1024.92620
2009-02-17,1024.92620
2009-02-18,1024.92620
2009-02-19,1024.92620
2009-02-20,1024.92620
2009-02-21,1024.92620
2009-02-22,1024.92620
2009-02-23,1024.92620
2009-02-24,1024.92620
2009-02-25,1024.92620
2009-02-26,1024.92620
2009-02-27,1024.92620
2009-02-28,1024.92620
2009-03-01,1024.92620
2009-03-02,1024.92620
2009-03-03,1024.92620
2009-03-04,1024.92620
2009-03-05,1024.92620
2009-03-06,1024.92620
2009-03-07,1024.92620
2009-03-08,1024.92620
2009-03-09,1024.92620
2009-03-10,1024.92620
2009-03-11,1024.92620
2009-03-12,1024.92620
2009-03-13,1024.92620
2009-03-14,1024.92620
2009-03-15,1024.92620
2009-03-16,1024.92620
2009-03-17,1024.92620
2009-03-18,1024.92620
2009-03-19,1024.92620
2009-03-20,1024.92620
2009-03-21,1024.92620
2009-03-22,1024.92620
2009-03-23,1024.92620
2009-03-24,1024.92620
2009-03-25,1024.92620
2009-03-26,1024.92620
2009-03-27,1024.92620
2009-03-28,1024.92620
2009-03-29,1024.92620
2009-03-30,1024.92620
2009-03-31,1024.92620
2009-04-01,1024.92620
2009-04-02,1024.92620
2009-04-03,1024.92620
2009-04-04,1024.92620
2009-04-05,1024.92620
2009-04-06,1024.92620
2009-04-07,1024.92620
2009-04-08,1024.92620
2009-04-09,1024.92620
2009-04-10,1024.92620
2009-04-11,1024.92620
2009-04-12,1024.92620
2009-04-13,1024.92620
2009-04-14,1024.92620
2009-04-15,1024.92620
2009-04-16,1024.92620
2009-04-17,1024.92620
2009-04-18,1024.92620
2009-04-19,1024.92620
2009-04-20,1024.92620
2009-04-21,1024.92620
2009-04-22,1024.92620
2009-04-23,1024.92620
2009-04-24,1024.92620
2009-04-25,1024.92620
2009-04-26,1024.92620
2009-04-27,1024.92620
2009-04-28,1024.92620
2009-04-29,1024.92620
2009-04-30,1024.92620
2009-05-01,1024.92620
2009-05-02,1024.92620
2009-05-03,1024.92620
2009-05-04,1024.92620
2009-05-05,1024.92620
2009-05-06,1024.92620
2009-05-07,1024.92620
2009-05-08,1024.92620
2009-05-09,1024.92620
2009-05-10,1024.92620
2009-05-11,1024.92620
2009-05-12,1024.92620
2009-05-13,1024.92620
2009-05-14,1024.92620
2009-05-15,1024.92620
2009-05-16,1024.92620
2009-05-17,1024.92620
2009-05-18,1024.92620
2009-05-19,1024.92620
2009-05-20,1024.92620
2009-05-21,1024.92620
2009-05-22,1024.92620
2009-05-23,1024.92620
2009-05-24,1024.92620
2009-05-25,1024.92620
2009-05-26,1024.92620
2009-05-27,1024.92620
2009-05-28,1024.92620
2009-05-29,1024.92620
2009-05-30,1024.92620
2009-05-31,1024.92620
2009-06-01,1024.92620
2009-06-02,1024.92620
2009-06-03,1024.92620
2009-06-04,1024.92620
2009-06-05,1024.92620
2009-06-06,1024.92620
2009-06-07,1024.92620
2009-06-08,1024.92620
2009-06-09,1024.92620
2009-06-10,1024.92620
2009-06-11,1024.92620
2009-06-12,1024.92620
2009-06-13,1024.92620
2009-06-14,1024.92620
2009-06-15,1024.92620
2009-06-16,1024.92620
2009-06-17,1024.92620
2009-06-18,1024.92620
2009-06-19,1024.92620
2009-06-20,1024.92620
2009-06-21,1024.92620
2009-06-22,1024.92620
2009-06-23,1024.92620
2009-06-24,1024.92620
2009-06-25,1024.92620
2009-06-26,1024.92620
2009-06-27,1024.92620
2009-06-28,1024.92620
2009-06-29,1024.92620
2009-06-30,1024.92620
2009-07-01,1024.92620
2009-07-02,1024.92620
2009-07-03,1024.92620
2009-07-04,1024.92620
2009-07-05,1024.92620
2009-07-06,1024.92620
2009-07-07,1024.92620
2009-07-08,1024.92620
2009-07-09,1024.92620
2009-07-10,1024.92620
2009-07-11,1024.92620
2009-07-12,1024.92620
2009-07-13,1024.92620
2009-07-14,1024.92620
2009-07-15,1024.92620
2009-07-16,1024.92620
2009-07-17,1024.92620
2009-07-18,1024.92620
2009-07-19,1024.92620
2009-07-20,1024.92620
2009-07-21,1024.92620
2009-07-22,1024.92620
2009-07-23,1024.92620
2009-07-24,1024.92620
2009-07-25,1024.92620
2009-07-26,1024.92620
2009-07-27,1024.92620
2009-07-28,1024.92620
2009-07-29,1024.92620
2009-07-30,1024.92620
2009-07-31,1024.92620
2009-08-01,1024.92620
2009-08-02,1024.92620
2009-08-03,1024.92620
2009-08-04,1024.92620
2009-08-05,1024.92620
2009-08-06,1024.92620
2009-08-07,1024.92620
2009-08-08,1024.92620
2009-08-09,1024.92620
2009-08-10,1024.92620
2009-08-11,1024.92620
2009-08-12,1024.92620
2009-08-13,1024.92620
2009-08-14,1024.92620
2009-08-15,1024.92620
2009-08-16,1024.92620
2009-08-17,1024.92620
2009-08-18,1024.92620
2009-08-19,1024.92620
2009-08-20,1024.92620
2009-08-21,1024.92620
2009-08-22,1024.92620
2009-08-23,1024.92620
2009-08-24,1024.92620
2009-08-25,1024.92620
2009-08-26,1024.92620
2009-08-27,1024.92620
2009-08-28,1024.92620
2009-08-29,1024.92620
2009-08-30,1024.92620
2009-08-31,1024.92620
2009-09-01,1024.92620
2009-09-02,1024.92620
2009-09-03,1024.92620
2009-09-04,1024.92620
2009-09-05,1024.92620
2009-09-06,1024.92620
2009-09-07,1024.92620
2009-09-08,1024.92620
2009-09-09,1024.92620
2009-09-10,1024.92620
2009-09-11,1024.92620
2009-09-12,1024.92620
2009-09-13,1024.92620
2009-09-14,1024.92620
2009-09-15,1024.92620
2009-09-16,1024.92620
2009-09-17,1024.92620
2009-09-18,1024.92620
2009-09-19,1024.92620
2009-09-20,1024.92620
2009-09-21,1024.92620
2009-09-22,1024.92620
2009-09-23,1024.92620
2009-09-24,1024.92620
2009-09-25,1024.92620
2009-09-26,1024.92620
2009-09-27,1024.92620
2009-09-28,1024.92620
2009-09-29,1024.92620
2009-09-30,1024.92620
2009-10-01,1024.92620
2009-10-02,1024.92620
2009-10-03,1024.92620
2009-10-04,1024.92620
2009-10-05,1024.92620
2009-10-06,1024.92620
2009-10-07,1024.92620
2009-10-08,1024.92620
2009-10-09,1024.92620
2009-10-10,1024.92620
2009-10-11,1024.92620
2009-10-12,1024.92620
2009-10-13,1024.92620
2009-10-14,1024.92620
2009-10-15,1024.92620
2009-10-16,1024.92620
2009-10-17,1024.92620
2009-10-19,1024.92620
2009-10-20,1024.92620
2009-10-21,1024.92620
2009-10-22,1024.92620
2009-10-23,1024.92620
2009-10-24,1024.92620
2009-10-25,1024.92620
2009-10-26,1024.92620
2009-10-27,1024.92620
2009-10-28,1024.92620
2009-10-29,1024.92620
2009-10-30,1024.92620
2009-10-31,1024.92620
2009-11-01,1024.92620
2009-11-02,1024.92620
2009-11-03,1024.92620
2009-11-04,1024.92620
2009-11-05,1024.92620
2009-11-06,1024.92620
2009-11-07,1024.92620
2009-11-08,1024.92620
2009-11-09,1024.92620
2009-11-10,1024.92620
2009-11-11,1024.92620
2009-11-12,1024.92620
2009-11-13,1024.92620
2009-11-14,1024.92620
2009-11-15,1024.92620
2009-11-16,1024.92620
2009-11-17,1024.92620
2009-11-18,1024.92620
2009-11-19,1024.92620
2009-11-20,1024.92620
2009-11-21,1024.92620
2009-11-22,1024.92620
2009-11-23,1024.92620
2009-11-24,1024.92620
2009-11-25,1024.92620
2009-11-26,1024.92620
2009-11-27,1024.92620
2009-11-28,1024.92620
2009-11-29,1024.92620
2009-11-30,1024.92620
2009-12-01,1024.92620
2009-12-02,1024.92620
2009-12-03,1024.92620
2009-12-04,1024.92620
2009-12-05,1024.92620
2009-12-06,1024.92620
2009-12-07,1024.92620
2009-12-08,1024.92620
2009-12-09,1024.92620
2009-12-10,1024.92620
2009-12-11,1024.92620
2009-12-12,1024.92620
2009-12-13,1024.92620
2009-12-14,1024.92620
2009-12-15,1024.92620
2009-12-16,1024.92620
2009-12-17,1024.92620
2009-12-18,1024.92620
2009-12-19,1024.92620
2009-12-20,1024.92620
2009-12-21,1024.92620
2009-12-22,1024.92620
2009-12-23,1024.92620
2009-12-24,1024.92620
2009-12-25,1024.92620
2009-12-26,1024.92620
2009-12-27,1024.92620
2009-12-28,1024.92620
2009-12-29,1024.92620
2009-12-30,1024.92620
2009-12-31,1024.92620
2010-01-01,1024.92620
2010-01-02,1024.92620
2010-01-03,1024.92620
2010-01-04,1024.92620
2010-01-05,1024.92620
2010-01-06,1024.92620
2010-01-07,1024.92620
2010-01-08,1024.92620
2010-01-09,1024.92620
2010-01-10,1024.92620
2010-01-11,1024.92620
2010-01-12,1024.92620
2010-01-13,1024.92620
2010-01-14,1024.92620
2010-01-15,1024.92620
2010-01-16,1024.92620
2010-01-17,1024.92620
2010-01-18,1024.92620
2010-01-19,1024.92620
2010-01-20,1024.92620
2010-01-21,1024.92620
2010-01-22,1024.92620
2010-01-23,1024.92620
2010-01-24,1024.92620
2010-01-25,1024.92620
2010-01-26,1024.92620
2010-01-27,1024.92620
2010-01-28,1024.92620
2010-01-29,1024.92620
2010-01-30,1024.92620
2010-01-31,1024.92620
2010-02-01,1024.92620
2010-02-02,1024.92620
2010-02-03,1024.92620
2010-02-04,1024.92620
2010-02-05,1024.92620
2010-02-06,1024.92620
2010-02-07,1024.92620
2010-02-08,1024.92620
2010-02-09,1024.92620
2010-02-10,1024.92620
2010-02-11,1024.92620
2010-02-12,1024.92620
2010-02-13,1024.92620
2010-02-14,1024.92620
2010-02-15,1024.92620
2010-02-16,1024.92620
2010-02-17,1024.92620
2010-02-18,1024.92620
2010-02-19,1024.92620
2010-02-20,1024.92620
2010-02-21,1024.92620
2010-02-22,1024.92620
2010-02-23,1024.92620
2010-02-24,1024.92620
2010-02-25,1024.92620
2010-02-26,1024.92620
2010-02-27,1024.92620
2010-02-28,1024.92620
2010-03-01,1024.92620
2010-03-02,1024.92620
2010-03-03,1024.92620
2010-03-04,1024.92620
2010-03-05,1024.92620
2010-03-06,1024.92620
2010-03-07,1024.92620
2010-03-08,1024.92620
2010-03-09,1024.92620
2010-03-10,1024.92620
2010-03-11,1024.92620
2010-03-12,1024.92620
2010-03-13,1024.92620
2010-03-14,1024.92620
2010-03-15,1024.92620
2010-03-16,1024.92620
2010-03-17,1024.92620
2010-03-18,1024.92620
2010-03-19,1024.92620
2010-03-20,1024.92620
2010-03-21,1024.92620
2010-03-22,1024.92620
2010-03-23,1024.92620
2010-03-24,1024.92620
2010-03-25,1024.92620
2010-03-26,1024.92620
2010-03-27,1024.92620
2010-03-28,1024.92620
2010-03-29,1024.92620
2010-03-30,1024.92620
2010-03-31,1024.92620
2010-04-01,1024.92620
2010-04-02,1024.92620
2010-04-03,1024.92620
2010-04-04,1024.92620
2010-04-05,1024.92620
2010-04-06,1024.92620
2010-04-07,1024.92620
2010-04-08,1024.92620
2010-04-09,1024.92620
2010-04-10,1024.92620
2010-04-11,1024.92620
2010-04-12,1024.92620
2010-04-13,1024.92620
2010-04-14,1024.92620
2010-04-15,1024.92620
2010-04-16,1024.92620
2010-04-17,1024.92620
2010-04-18,1024.92620
2010-04-19,1024.92620
2010-04-20,1024.92620
2010-04-21,1024.92620
2010-04-22,1024.92620
2010-04-23,1024.92620
2010-04-24,1024.92620
2010-04-25,1024.92620
2010-04-26,1024.92620
2010-04-27,1024.92620
2010-04-28,1024.92620
2010-04-29,1024.92620
2010-04-30,1024.92620
2010-05-01,1024.92620
2010-05-02,1024.92620
2010-05-03,1024.92620
2010-05-04,1024.92620
2010-05-05,1024.92620
2010-05-06,1024.92620
2010-05-07,1024.92620
2010-05-08,1024.92620
2010-05-09,1024.92620
2010-05-10,1024.92620
2010-05-11,1024.92620
2010-05-12,1024.92620
2010-05-13,1024.92620
2010-05-14,1024.92620
2010-05-15,1024.92620
2010-05-16,1024.92620
2010-05-17,1024.92620
2010-05-18,1024.92620
2010-05-19,1024.92620
2010-05-20,1024.92620
2010-05-21,1024.92620
2010-05-22,1024.92620
2010-05-23,1024.92620
2010-05-24,1024.92620
2010-05-25,1024.92620
2010-05-26,1024.92620
2010-05-27,1024.92620
2010-05-28,1024.92620
2010-05-29,1024.92620
2010-05-30,1024.92620
2010-05-31,1024.92620
2010-06-01,1024.92620
2010-06-02,1024.92620
2010-06-03,1024.92620
2010-06-04,1024.92620
2010-06-05,1024.92620
2010-06-06,1024.92620
2010-06-07,1024.92620
2010-06-08,1024.92620
2010-06-09,1024.92620
2010-06-10,1024.92620
2010-06-11,1024.92620
2010-06-12,1024.92620
2010-06-13,1024.92620
2010-06-14,1024.92620
2010-06-15,1024.92620
2010-06-16,1024.92620
2010-06-17,1024.92620
2010-06-18,1024.92620
2010-06-19,1024.92620
2010-06-20,1024.92620
2010-06-21,1024.92620
2010-06-22,1024.92620
2010-06-23,1024.92620
2010-06-24,1024.92620
2010-06-25,1024.92620
2010-06-26,1024.92620
2010-06-27,1024.92620
2010-06-28,1024.92620
2010-06-29,1024.92620
2010-06-30,1024.92620
2010-07-01,1024.92620
2010-07-02,1024.92620
2010-07-03,1024.92620
2010-07-04,1024.92620
2010-07-05,1024.92620
2010-07-06,1024.92620
2010-07-07,1024.92620
2010-07-08,1024.92620
2010-07-09,1024.92620
2010-07-10,1024.92620
2010-07-11,1024.92620
2010-07-12,1024.92620
2010-07-13,1024.92620
2010-07-14,1024.92620
2010-07-15,1024.92620
2010-07-16,1024.92620
2010-07-17,1024.92620
2010-07-18,1024.92620
2010-07-19,1024.92620
2010-07-20,1024.92620
2010-07-21,1024.92620
2010-07-22,1024.92620
2010-07-23,1024.92620
2010-07-24,1024.92620
2010-07-25,1024.92620
2010-07-26,1024.92620
2010-07-27,1024.92620
2010-07-28,1024.92620
2010-07-29,1024.92620
2010-07-30,1024.92620
2010-07-31,1024.92620
2010-08-01,1024.92620
2010-08-02,1024.92620
2010-08-03,1024.92620
2010-08-04,1024.92620
2010-08-05,1024.92620
2010-08-06,1024.92620
2010-08-07,1024.92620
2010-08-08,1024.92620
2010-08-09,1024.92620
2010-08-10,1024.92620
2010-08-11,1024.92620
2010-08-12,1024.92620
2010-08-13,1024.92620
2010-08-14,1024.92620
2010-08-15,1024.92620
2010-08-16,1024.92620
2010-08-17,1024.92620
2010-08-18,1024.92620
2010-08-19,1024.92620
2010-08-20,1024.92620
2010-08-21,1024.92620
2010-08-22,1024.92620
2010-08-23,1024.92620
2010-08-24,1024.92620
2010-08-25,1024.92620
2010-08-26,1024.92620
2010-08-27,1024.92620
2010-08-28,1024.92620
2010-08-29,1024.92620
2010-08-30,1024.92620
2010-08-31,1024.92620
2010-09-01,1024.92620
2010-09-02,1024.92620
2010-09-03,1024.92620
2010-09-04,1024.92620
2010-09-05,1024.92620
2010-09-06,1024.92620
2010-09-07,1024.92620
2010-09-08,1024.92620
2010-09-09,1024.92620
2010-09-10,1024.92620
2010-09-11,1024.92620
2010-09-12,1024.92620
2010-09-13,1024.92620
2010-09-14,1024.92620
2010-09-15,1024.92620
2010-09-16,1024.92620
2010-09-17,1024.92620
2010-09-18,1024.92620
2010-09-19,1024.92620
2010-09-20,1024.92620
2010-09-21,1024.92620
2010-09-22,1024.92620
2010-09-23,1024.92620
2010-09-24,1024.92620
2010-09-25,1024.92620
2010-09-26,1024.92620
2010-09-27,1024.92620
2010-09-28,1024.92630
2010-09-29,1024.92620
2010-09-30,1024.92620
2010-10-01,1024.92620
2010-10-02,1024.92620
2010-10-03,1024.92620
2010-10-04,1024.92620
2010-10-05,1024.92620
2010-10-06,1024.92620
2010-10-07,1024.92620
2010-10-08,1024.92620
2010-10-09,1024.92620
2010-10-10,1024.92620
2010-10-11,1024.92620
2010-10-12,1024.92620
2010-10-13,1024.92620
2010-10-14,1024.92620
2010-10-15,1024.92620
2010-10-16,1024.92620
2010-10-17,1024.92620
2010-10-18,1024.92620
2010-10-19,1024.92620
2010-10-20,1024.92620
2010-10-21,1024.92620
2010-10-22,1024.92620
2010-10-23,1024.92620
2010-10-24,1024.92620
2010-10-25,1024.92620
2010-10-26,1024.92620
2010-10-27,1024.92620
2010-10-28,1024.92620
2010-10-29,1024.92620
2010-10-30,1024.92620
2010-10-31,1024.92620
2010-11-01,1024.92620
2010-11-02,1024.92620
2010-11-03,1024.92620
2010-11-04,1024.92620
2010-11-05,1024.92620
2010-11-06,1024.92620
2010-11-07,1024.92620
2010-11-08,1024.92620
2010-11-09,1024.92620
2010-11-10,1024.92620
2010-11-11,1024.92620
2010-11-12,1024.92620
2010-11-13,1024.92620
2010-11-14,1024.92620
2010-11-15,1024.92620
2010-11-16,1024.92620
2010-11-17,1024.92620
2010-11-18,1024.92620
2010-11-19,1024.92620
2010-11-20,1024.92620
2010-11-21,1024.92620
2010-11-22,1024.92620
2010-11-23,1024.92620
2010-11-24,1024.92810
2010-11-25,1024.92810
2010-11-26,1024.92810
2010-11-27,1024.92810
2010-11-28,1024.92810
2010-11-29,1024.92810
2010-11-30,1024.92810
2010-12-01,1024.92810
2010-12-02,1024.92810
2010-12-03,1024.92810
2010-12-04,1024.92810
2010-12-05,1024.92810
2010-12-06,1024.92810
2010-12-07,1024.92810
2010-12-08,1024.92810
2010-12-09,1024.92810
2010-12-10,1024.92810
2010-12-11,1024.92810
2010-12-12,1024.92810
2010-12-13,1024.92810
2010-12-14,1024.92810
2010-12-15,1024.92810
2010-12-16,1024.92810
2010-12-17,1024.92810
2010-12-18,1024.92810
2010-12-19,1024.92810
2010-12-20,1024.92810
2010-12-21,1024.92810
2010-12-22,1024.92810
2010-12-23,1024.92810
2010-12-24,1024.92810
2010-12-25,1024.92810
2010-12-26,1024.92810
2010-12-27,1024.92810
2010-12-28,1024.92810
2010-12-29,1024.92810
2010-12-30,1024.92810
2010-12-31,1024.92810
2011-01-01,1024.92810
2011-01-02,1024.92810
2011-01-03,1024.92810
2011-01-04,1024.92810
2011-01-05,1024.92810
2011-01-06,1024.92810
2011-01-07,1024.92810
2011-01-08,1024.92810
2011-01-09,1024.92810
2011-01-10,1024.92810
2011-01-11,1024.92810
2011-01-12,1024.92810
2011-01-13,1024.92810
2011-01-14,1024.92810
2011-01-15,1024.92810
2011-01-16,1024.92810
2011-01-17,1024.92810
2011-01-18,1024.92810
2011-01-19,1024.92810
2011-01-20,1024.92810
2011-01-21,1024.92810
2011-01-22,1024.92810
2011-01-23,1024.92810
2011-01-24,1024.92810
2011-01-25,1024.92810
2011-01-26,1024.92810
2011-01-27,1024.92810
2011-01-28,1024.92920
2011-01-29,1024.92920
2011-01-30,1024.92920
2011-01-31,1024.92920
2011-02-01,1024.92910
2011-02-02,1024.92910
2011-02-03,1024.92910
2011-02-04,1024.92910
2011-02-05,1024.92910
2011-02-06,1024.92910
2011-02-07,1024.92910
2011-02-08,1024.92910
2011-02-09,1024.92920
2011-02-10,1024.92920
2011-02-11,1024.92920
2011-02-12,1024.92910
2011-02-13,1024.92910
2011-02-14,1024.92900
2011-02-15,1024.92900
2011-02-16,1024.92900
2011-02-17,1024.92890
2011-02-18,1024.92890
2011-02-19,1024.92880
2011-02-20,1024.92880
2011-02-21,1024.92880
2011-02-22,1024.92880
2011-02-23,1024.92870
2011-02-24,1024.92870
2011-02-25,1024.92860
2011-02-26,1024.92860
2011-02-27,1024.92860
2011-02-28,1024.92860
2011-03-01,1024.92850
2011-03-02,1024.92850
2011-03-03,1024.92850
2011-03-04,1024.92850
2011-03-05,1024.92850
2011-03-06,1024.92840
2011-03-07,1024.92840
2011-03-08,1024.92830
2011-03-09,1024.92830
2011-03-10,1024.92820
2011-03-11,1024.92820
2011-03-12,1024.92820
2011-03-13,1024.92820
2011-03-14,1024.92820
2011-03-15,1024.92820
2011-03-16,1024.94340
2011-03-17,1024.94480
2011-03-18,1024.94610
2011-03-19,1024.94750
2011-03-20,1024.94890
2011-03-21,1024.95010
2011-03-22,1024.95140
2011-03-23,1024.95140
2011-03-24,1024.95140
2011-03-25,1024.95140
2011-03-26,1024.95140
2011-03-27,1024.95140
2011-03-28,1024.95140
2011-03-29,1024.95140
2011-03-30,1024.95140
2011-03-31,1024.95140
2011-04-01,1024.95140
2011-04-02,1024.95140
2011-04-03,1024.95140
2011-04-04,1024.95140
2011-04-05,1024.95140
2011-04-06,1024.95140
2011-04-07,1024.95140
2011-04-08,1024.95140
2011-04-09,1024.95130
2011-04-10,1024.95130
2011-04-11,1024.95130
2011-04-12,1024.95130
2011-04-13,1024.95120
2011-04-14,1024.95120
2011-04-15,1024.95120
2011-04-16,1024.95110
2011-04-17,1024.95110
2011-04-18,1024.95110
2011-04-19,1024.95100
2011-04-20,1024.95100
2011-04-21,1024.95090
2011-04-22,1024.95090
2011-04-23,1024.95090
2011-04-24,1024.95090
2011-04-25,1024.95090
2011-04-26,1024.95080
2011-04-27,1024.95070
2011-04-28,1024.95070
2011-04-29,1024.95070
2011-04-30,1024.95070
2011-05-01,1024.95070
2011-05-02,1024.95070
2011-05-03,1024.95070
2011-05-04,1024.95070
2011-05-05,1024.95070
2011-05-06,1024.95070
2011-05-07,1024.95070
2011-05-08,1024.95070
2011-05-09,1024.95070
2011-05-10,1024.95070
2011-05-11,1024.95060
2011-05-12,1024.95060
2011-05-13,1024.95060
2011-05-14,1024.95050
2011-05-15,1024.95050
2011-05-16,1024.95040
2011-05-17,1024.95040
2011-05-18,1024.95040
2011-05-19,1024.95030
2011-05-20,1024.95020
2011-05-21,1024.95030
2011-05-22,1024.95020
2011-05-23,1024.95020
2011-05-24,1024.95020
2011-05-25,1024.95020
2011-05-26,1024.95020
2011-05-27,1024.95020
2011-05-28,1024.95020
2011-05-29,1024.95020
2011-05-30,1024.96870
2011-05-31,1024.96870
2011-06-01,1024.96860
2011-06-02,1024.96870
2011-06-03,1024.96870
2011-06-04,1024.96870
2011-06-05,1024.96870
2011-06-06,1024.97080
2011-06-07,1024.97090
2011-06-08,1024.97090
2011-06-09,1024.97080
2011-06-10,1024.97080
2011-06-11,1024.97080
2011-06-12,1024.97070
2011-06-13,1024.97070
2011-06-14,1024.97070
2011-06-15,1024.97060
2011-06-16,1024.97060
2011-06-17,1024.97060
2011-06-18,1024.97050
2011-06-19,1024.97050
2011-06-20,1024.97040
2011-06-21,1024.97040
2011-06-22,1024.97030
2011-06-23,1024.97030
2011-06-24,1024.97020
2011-06-25,1024.97020
2011-06-26,1024.97020
2011-06-27,1024.97020
2011-06-28,1024.97020
2011-06-29,1024.97020
2011-06-30,1024.97020
2011-07-01,1024.97020
2011-07-02,1024.97020
2011-07-03,1024.97010
2011-07-04,1024.97010
2011-07-05,1024.97010
2011-07-06,1024.97010
2011-07-07,1024.97010
2011-07-08,1024.97010
2011-07-09,1024.97000
2011-07-10,1024.97000
2011-07-11,1024.97000
2011-07-12,1024.97000
2011-07-13,1024.97000
2011-07-14,1024.96990
2011-07-15,1024.96990
2011-07-16,1024.96990
2011-07-17,1024.96980
2011-07-18,1024.96980
2011-07-19,1024.96980
2011-07-20,1024.96980
2011-07-21,1024.96980
2011-07-22,1024.96970
2011-07-23,1024.96970
2011-07-24,1024.96970
2011-07-25,1024.96970
2011-07-26,1024.96970
2011-07-27,1024.96970
2011-07-28,1024.96970
2011-07-29,1024.96970
2011-07-30,1024.96960
2011-07-31,1024.96960
2011-08-01,1024.96960
2011-08-02,1024.96960
2011-08-03,1024.96960
2011-08-04,1024.96960
2011-08-05,1024.96960
2011-08-06,1024.96960
2011-08-07,1024.96960
2011-08-08,1024.96950
2011-08-09,1024.96960
2011-08-10,1024.96960
2011-08-11,1024.96950
2011-08-12,1024.96960
2011-08-13,1024.96950
2011-08-14,1024.96950
2011-08-15,1024.96950
2011-08-16,1024.96940
2011-08-17,1024.96940
2011-08-18,1024.96940
2011-08-19,1024.96930
2011-08-20,1024.96930
2011-08-21,1024.96920
2011-08-22,1024.96920
2011-08-23,1024.96920
2011-08-24,1024.96920
2011-08-25,1024.96910
2011-08-26,1024.96910
2011-08-27,1024.96900
2011-08-28,1024.96900
2011-08-29,1024.96900
2011-08-30,1024.96890
2011-08-31,1024.96890
2011-09-01,1024.96890
2011-09-02,1024.96880
2011-09-03,1024.96890
2011-09-04,1024.96880
2011-09-05,1024.96880
2011-09-06,1024.96880
2011-09-07,1024.96880
2011-09-08,1024.96880
2011-09-09,1024.96870
2011-09-10,1024.96870
2011-09-11,1024.96870
2011-09-12,1024.96870
2011-09-13,1024.96870
2011-09-14,1024.96870
2011-09-15,1024.96870
2011-09-16,1024.96870
2011-09-17,1024.96870
2011-09-18,1024.96870
2011-09-19,1024.96870
2011-09-20,1024.96870
2011-09-21,1024.96870
2011-09-22,1024.96870
2011-09-23,1024.96870
2011-09-24,1024.96880
2011-09-25,1024.96880
2011-09-26,1024.96880
2011-09-27,1024.96870
2011-09-28,1024.96870
2011-09-29,1024.96880
2011-09-30,1024.96870
2011-10-01,1024.96870
2011-10-02,1024.96870
2011-10-03,1024.96870
2011-10-04,1024.96870
2011-10-05,1024.96870
2011-10-06,1024.96870
2011-10-07,1024.96870
2011-10-08,1024.96870
2011-10-09,1024.96870
2011-10-10,1024.96870
2011-10-11,1024.96870
2011-10-12,1024.96870
2011-10-13,1024.96870
2011-10-14,1024.96870
2011-10-15,1024.96880
2011-10-16,1024.96880
2011-10-17,1024.96880
2011-10-18,1024.96870
2011-10-19,1024.96890
2011-10-20,1024.96910
2011-10-21,1024.96930
2011-10-22,1024.96940
2011-10-23,1024.96960
2011-10-24,1024.96980
2011-10-25,1024.97000
2011-10-26,1024.97010
2011-10-27,1024.97030
2011-10-28,1024.97050
2011-10-29,1024.97070
2011-10-30,1024.97090
2011-10-31,1024.97110
2011-11-01,1024.97130
2011-11-02,1024.97340
2011-11-03,1024.97460
2011-11-04,1024.97460
2011-11-05,1024.97460
2011-11-06,1024.97460
2011-11-07,1024.97460
2011-11-08,1024.97460
2011-11-09,1024.97460
2011-11-10,1024.97460
2011-11-11,1024.97460
2011-11-12,1024.97460
2011-11-13,1024.97450
2011-11-14,1024.97450
2011-11-15,1024.97450
2011-11-16,1024.97440
2011-11-17,1024.97440
2011-11-18,1024.97440
2011-11-19,1024.97440
2011-11-20,1024.97430
2011-11-21,1024.97430
2011-11-22,1024.97430
2011-11-23,1024.97420
2011-11-24,1024.97420
2011-11-25,1024.97420
2011-11-26,1024.97420
2011-11-27,1024.97410
2011-11-28,1024.97410
2011-11-29,1024.97410
2011-11-30,1024.97400
2011-12-01,1024.97400
2011-12-02,1024.97400
2011-12-03,1024.97390
2011-12-04,1024.97390
2011-12-05,1024.97380
2011-12-06,1024.97400
2011-12-07,1024.97400
2011-12-08,1024.97400
2011-12-09,1024.97440
2011-12-10,1024.97440
2011-12-11,1024.97430
2011-12-12,1024.97430
2011-12-13,1024.97430
2011-12-14,1024.97420
2011-12-15,1024.97420
2011-12-16,1024.97420
2011-12-17,1024.97420
2011-12-18,1024.97420
2011-12-19,1024.97420
2011-12-20,1024.97420
2011-12-21,1024.97420
2011-12-22,1024.97420
2011-12-23,1024.97420
2011-12-24,1024.97420
2011-12-25,1024.97420
2011-12-26,1024.97420
2011-12-27,1024.97650
2011-12-28,1024.97640
2011-12-29,1024.97640
2011-12-30,1024.97640
2011-12-31,1024.97640
2012-01-01,1024.97640
2012-01-02,1024.97640
2012-01-03,1024.97630
2012-01-04,1024.97630
2012-01-05,1024.97630
2012-01-06,1024.97630
2012-01-07,1024.97630
2012-01-08,1024.97630
2012-01-09,1024.97630
2012-01-10,1024.97620
2012-01-11,1024.97630
2012-01-12,1024.97640
2012-01-13,1024.97640
2012-01-14,1024.97630
2012-01-15,1024.97630
2012-01-16,1024.97620
2012-01-17,1024.97620
2012-01-18,1024.97620
2012-01-19,1024.97620
2012-01-20,1024.97620
2012-01-21,1024.97610
2012-01-22,1024.97610
2012-01-23,1024.97610
2012-01-24,1024.97610
2012-01-25,1024.97610
2012-01-26,1024.97620
2012-01-27,1024.97620
2012-01-28,1024.97620
2012-01-29,1024.97620
2012-01-30,1024.97620
2012-01-31,1024.97620
2012-02-01,1024.97620
2012-02-02,1024.97620
2012-02-03,1024.97620
2012-02-04,1024.97620
2012-02-05,1024.97620
2012-02-06,1024.97620
2012-02-07,1024.97620
2012-02-08,1024.97620
2012-02-09,1024.98000
2012-02-10,1024.98000
2012-02-11,1024.98000
2012-02-12,1024.98000
2012-02-13,1024.97990
2012-02-14,1024.97990
2012-02-15,1024.97990
2012-02-16,1024.97990
2012-02-17,1024.97990
2012-02-18,1024.97980
2012-02-19,1024.97980
2012-02-20,1024.97980
2012-02-21,1024.97980
2012-02-22,1024.97980
2012-02-23,1024.97980
2012-02-24,1024.97980
2012-02-25,1024.97980
2012-02-26,1024.97980
2012-02-27,1024.97980
2012-02-28,1024.97970
2012-02-29,1024.97970
2012-03-01,1024.97970
2012-03-02,1024.97980
2012-03-03,1024.97980
2012-03-04,1024.97980
2012-03-05,1024.97980
2012-03-06,1024.97980
2012-03-07,1024.97980
2012-03-08,1024.97980
2012-03-09,1024.97980
2012-03-10,1024.97980
2012-03-11,1024.97990
2012-03-12,1024.97990
2012-03-13,1024.97990
2012-03-14,1024.97990
2012-03-15,1024.97990
2012-03-16,1024.97990
2012-03-17,1024.97990
2012-03-18,1024.97990
2012-03-19,1024.98000
2012-03-20,1024.98000
2012-03-21,1024.98000
2012-03-22,1024.98000
2012-03-23,1024.98010
2012-03-24,1024.98010
2012-03-25,1024.98010
2012-03-26,1024.98010
2012-03-27,1024.98010
2012-03-28,1024.98010
2012-03-29,1024.98010
2012-03-30,1024.98010
2012-03-31,1024.98030
2012-04-01,1024.98060
2012-04-02,1024.98070
2012-04-03,1024.98090
2012-04-04,1024.98110
2012-04-05,1024.98130
2012-04-06,1024.98150
2012-04-07,1024.98170
2012-04-08,1024.98190
2012-04-09,1024.98220
2012-04-10,1024.98240
2012-04-11,1024.98260
2012-04-12,1024.98280
2012-04-13,1024.98300
2012-04-14,1024.98320
2012-04-15,1024.98350
2012-04-16,1024.98370
2012-04-17,1024.98390
2012-04-18,1027.41910
2012-04-19,1027.41910
2012-04-20,1027.41910
2012-04-21,1027.41910
2012-04-22,1027.41900
2012-04-23,1027.41900
2012-04-24,1027.41900
2012-04-25,1027.42710
2012-04-26,1027.44330
2012-04-27,1027.44330
2012-04-28,1027.44330
2012-04-29,1027.44330
2012-04-30,1027.44330
2012-05-01,1027.44330
2012-05-02,1027.44320
2012-05-03,1027.44330
2012-05-04,1027.48540
2012-05-05,1027.48550
2012-05-06,1027.48550
2012-05-07,1027.48550
2012-05-08,1027.48800
2012-05-09,1027.48810
2012-05-10,1027.50040
2012-05-11,1027.50090
2012-05-12,1027.50090
2012-05-13,1027.50090
2012-05-14,1027.50090
2012-05-15,1027.58250
2012-05-16,1027.61190
2012-05-17,1027.62120
2012-05-18,1027.62120
2012-05-19,1027.62130
2012-05-20,1027.62130
2012-05-21,1027.62130
2012-05-22,1027.62130
2012-05-23,1027.62130
2012-05-24,1027.62140
2012-05-25,1027.62130
2012-05-26,1027.62140
2012-05-27,1027.62140
2012-05-28,1027.63420
2012-05-29,1027.63430
2012-05-30,1027.63420
2012-05-31,1027.63420
2012-06-01,1027.63420
2012-06-02,1027.63420
2012-06-03,1027.63420
2012-06-04,1027.63410
2012-06-05,1027.63410
2012-06-06,1027.63410
2012-06-07,1027.63410
2012-06-08,1027.63410
2012-06-09,1027.63410
2012-06-10,1027.63410
2012-06-11,1027.63410
2012-06-12,1027.63410
2012-06-13,1027.64540
2012-06-14,1027.64540
2012-06-15,1027.65820
2012-06-16,1027.65820
2012-06-17,1027.65810
2012-06-18,1027.65810
2012-06-19,1027.65810
2012-06-20,1027.67170
2012-06-21,1027.75320
2012-06-22,1027.79680
2012-06-23,1027.79680
2012-06-24,1027.79680
2012-06-25,1027.79680
2012-06-26,1027.82330
2012-06-27,1027.91710
2012-06-28,1027.92660
2012-06-29,1027.93050
2012-06-30,1027.93050
2012-07-01,1027.93050
2012-07-02,1027.93050
2012-07-03,1028.03160
2012-07-04,1028.03160
2012-07-05,1028.27700
2012-07-06,1028.27520
2012-07-07,1028.27520
2012-07-08,1028.27520
2012-07-09,1028.35960
2012-07-10,1028.35960
2012-07-11,1028.40220
2012-07-12,1028.41470
2012-07-13,1028.48210
2012-07-14,1028.48210
2012-07-15,1028.48210
2012-07-16,1028.48210
2012-07-17,1028.54800
2012-07-18,1028.54800
2012-07-19,1028.57790
2012-07-20,1028.57790
2012-07-21,1028.57790
2012-07-22,1028.57790
2012-07-23,1028.57820
2012-07-24,1028.57820
2012-07-25,1028.57810
2012-07-26,1028.57810
2012-07-27,1028.57810
2012-07-28,1028.57810
2012-07-29,1028.57800
2012-07-30,1028.57800
2012-07-31,1028.57810
2012-08-01,1028.64930
2012-08-02,1028.64930
2012-08-03,1028.67610
2012-08-04,1028.67600
2012-08-05,1028.67600
2012-08-06,1028.76590
2012-08-07,1028.76580
2012-08-08,1028.76580
2012-08-09,1028.76580
2012-08-10,1028.76580
2012-08-11,1028.76570
2012-08-12,1028.76570
2012-08-13,1028.76610
2012-08-14,1028.76610
2012-08-15,1028.76600
2012-08-16,1028.86520
2012-08-17,1028.87210
2012-08-18,1028.87200
2012-08-19,1028.87200
2012-08-20,1028.87200
2012-08-21,1028.87190
2012-08-22,1028.87190
2012-08-23,1028.89650
2012-08-24,1028.89650
2012-08-25,1028.89650
2012-08-26,1028.89640
2012-08-27,1028.89640
2012-08-28,1028.89640
2012-08-29,1028.91520
2012-08-30,1028.92540
2012-08-31,1028.97400
2012-09-01,1028.97400
2012-09-02,1028.97400
2012-09-03,1028.98310
2012-09-04,1029.00240
2012-09-05,1029.05170
2012-09-06,1029.05170
2012-09-07,1029.06480
2012-09-08,1029.06480
2012-09-09,1029.06480
2012-09-10,1029.06480
2012-09-11,1029.07340
2012-09-12,1029.07340
2012-09-13,1029.10350
2012-09-14,1029.17910
2012-09-15,1029.17900
2012-09-16,1029.17900
2012-09-17,1029.17900
2012-09-18,1029.17900
2012-09-19,1029.17900
2012-09-20,1029.17900
2012-09-21,1029.19520
2012-09-22,1029.19520
2012-09-23,1029.19520
2012-09-24,1029.19510
2012-09-25,1029.19510
2012-09-26,1029.19510
2012-09-27,1029.19510
2012-09-28,1029.22900
2012-09-29,1029.22890
2012-09-30,1029.22890
2012-10-01,1029.22890
2012-10-02,1029.22890
2012-10-03,1029.34710
2012-10-04,1029.45960
2012-10-05,1029.45960
2012-10-06,1029.45960
2012-10-07,1029.45960
2012-10-08,1029.45950
2012-10-09,1029.45950
2012-10-10,1029.46360
2012-10-11,1029.46360
2012-10-12,1029.46360
2012-10-13,1029.46360
2012-10-14,1029.46350
2012-10-15,1029.46350
2012-10-16,1029.46350
2012-10-17,1029.46350
2012-10-18,1029.46350
2012-10-19,1029.48080
2012-10-20,1029.48080
2012-10-21,1029.48080
2012-10-22,1029.48070
2012-10-23,1029.48070
2012-10-24,1029.48070
2012-10-25,1029.48070
2012-10-26,1029.48070
2012-10-27,1029.48060
2012-10-28,1029.48060
2012-10-29,1029.48180
2012-10-30,1029.48180
2012-10-31,1029.48180
2012-11-01,1029.49070
2012-11-02,1029.49790
2012-11-03,1029.49790
2012-11-04,1029.49790
2012-11-05,1029.50030
2012-11-06,1029.50030
2012-11-07,1029.50030
2012-11-08,1029.50030
2012-11-09,1029.50030
2012-11-10,1029.50030
2012-11-11,1029.50030
2012-11-12,1029.50380
2012-11-13,1029.50370
2012-11-14,1029.50370
2012-11-15,1029.50770
2012-11-16,1029.50790
2012-11-17,1029.50790
2012-11-18,1029.50790
2012-11-19,1029.50780
2012-11-20,1029.50780
2012-11-21,1029.50780
2012-11-22,1029.50780
2012-11-23,1029.50780
2012-11-24,1029.50780
2012-11-25,1029.50780
2012-11-26,1029.50780
2012-11-27,1029.50780
2012-11-28,1029.50770
2012-11-29,1029.51980
2012-11-30,1029.53470
2012-12-01,1029.53480
2012-12-02,1029.53490
2012-12-03,1029.53480
2012-12-04,1029.54180
2012-12-05,1029.54170
2012-12-06,1029.54170
2012-12-07,1029.54170
2012-12-08,1029.54250
2012-12-09,1029.54330
2012-12-10,1029.54330
2012-12-11,1029.54330
2012-12-12,1029.54380
2012-12-13,1029.60710
2012-12-14,1029.60710
2012-12-15,1029.60890
2012-12-16,1029.61060
2012-12-17,1029.64240
2012-12-18,1029.64240
2012-12-19,1029.64240
2012-12-20,1029.64240
2012-12-21,1029.68230
2012-12-22,1029.68430
2012-12-23,1029.68630
2012-12-24,1029.69660
2012-12-25,1029.69810
2012-12-26,1029.71930
2012-12-27,1029.71930
2012-12-28,1029.73340
2012-12-29,1029.73400
2012-12-30,1029.73460
2012-12-31,1029.74290
2013-01-01,1029.90050
2013-01-02,1029.94490
2013-01-03,1029.94480
2013-01-04,1029.98270
2013-01-05,1029.98270
2013-01-06,1029.98270
2013-01-07,1029.98270
2013-01-08,1030.00230
2013-01-09,1030.00230
2013-01-10,1030.00220
2013-01-11,1030.01040
2013-01-12,1030.01040
2013-01-13,1030.01040
2013-01-14,1030.01040
2013-01-15,1030.01120
2013-01-16,1030.01120
2013-01-17,1030.01140
2013-01-18,1030.02940
2013-01-19,1030.02940
2013-01-20,1030.02940
2013-01-21,1030.02940
2013-01-22,1030.04240
2013-01-23,1030.05910
2013-01-24,1030.06220
2013-01-25,1030.06220
2013-01-26,1030.06220
2013-01-27,1030.06230
2013-01-28,1030.06220
2013-01-29,1030.10660
2013-01-30,1030.17390
2013-01-31,1030.17390
2013-02-01,1030.17580
2013-02-02,1030.17580
2013-02-03,1030.17580
2013-02-04,1030.17580
2013-02-05,1030.17580
2013-02-06,1030.17580
2013-02-07,1030.17580
2013-02-08,1030.17580
2013-02-09,1030.17580
2013-02-10,1030.17580
2013-02-11,1030.17590
2013-02-12,1030.17590
2013-02-13,1030.17580
2013-02-14,1030.17580
2013-02-15,1030.17590
2013-02-16,1030.17590
2013-02-17,1030.17590
2013-02-18,1030.17590
2013-02-19,1030.17600
2013-02-20,1030.17600
2013-02-21,1030.17600
2013-02-22,1030.17600
2013-02-23,1030.17600
2013-02-24,1030.17600
2013-02-25,1030.17610
2013-02-26,1030.17600
2013-02-27,1030.17610
2013-02-28,1030.17610
2013-03-01,1030.19330
2013-03-02,1030.19560
2013-03-03,1030.19790
2013-03-04,1030.22270
2013-03-05,1030.26480
2013-03-06,1030.28750
2013-03-07,1030.42330
2013-03-08,1030.42330
2013-03-09,1030.42490
2013-03-10,1030.42660
2013-03-11,1030.42660
2013-03-12,1030.42660
2013-03-13,1030.57590
2013-03-14,1030.80040
2013-03-15,1030.81130
2013-03-16,1030.81130
2013-03-17,1030.81130
2013-03-18,1030.81130
2013-03-19,1030.88440
2013-03-20,1030.89120
2013-03-21,1030.94540
2013-03-22,1031.10370
2013-03-23,1031.10380
2013-03-24,1031.10380
2013-03-25,1031.10380
2013-03-26,1030.98240
2013-03-27,1030.98590
2013-03-28,1030.98590
2013-03-29,1030.99180
2013-03-30,1030.99780
2013-03-31,1031.00380
2013-04-01,1031.00970
2013-04-02,1032.29660
2013-04-03,1032.29670
2013-04-04,1032.29670
2013-04-05,1032.29670
2013-04-06,1032.29670
2013-04-07,1032.29670
2013-04-08,1032.29670
2013-04-09,1032.29670
2013-04-10,1032.30670
2013-04-11,1032.30740
2013-04-12,1032.33200
2013-04-13,1032.33230
2013-04-14,1032.33260
2013-04-15,1032.33800
2013-04-16,1032.33800
2013-04-17,1032.35060
2013-04-18,1032.35060
2013-04-19,1032.35130
2013-04-20,1032.35200
2013-04-21,1032.35260
2013-04-22,1032.35260
2013-04-23,1032.37090
2013-04-24,1032.37210
2013-04-25,1032.39580
2013-04-26,1032.39580
2013-04-27,1032.39650
2013-04-28,1032.39720
2013-04-29,1032.41530
2013-04-30,1032.41530
2013-05-01,1032.42060
2013-05-02,1032.45280
2013-05-03,1032.45280
2013-05-04,1032.45280
2013-05-05,1032.45280
2013-05-06,1032.51260
2013-05-07,1032.52830
2013-05-08,1032.53620
2013-05-09,1032.53620
2013-05-10,1032.55550
2013-05-11,1032.55550
2013-05-12,1032.55550
2013-05-13,1032.55550
2013-05-14,1032.57020
2013-05-15,1032.57780
2013-05-16,1032.57780
2013-05-17,1032.58880
2013-05-18,1032.58880
2013-05-19,1032.58880
2013-05-20,1032.58880
2013-05-21,1032.58880
2013-05-22,1032.58880
2013-05-23,1032.62710
2013-05-24,1032.64060
2013-05-25,1032.64060
2013-05-26,1032.64070
2013-05-27,1032.64080
2013-05-28,1032.64580
2013-05-29,1032.64580
2013-05-30,1032.65240
2013-05-31,1032.66500
2013-06-01,1032.66500
2013-06-02,1032.66500
2013-06-03,1032.66500
2013-06-04,1032.66740
2013-06-05,1032.66750
2013-06-06,1032.66750
2013-06-07,1032.66840
2013-06-08,1032.66840
2013-06-09,1032.66840
2013-06-10,1032.66840
2013-06-11,1032.66840
2013-06-12,1032.66840
2013-06-13,1032.66840
2013-06-14,1032.66840
2013-06-15,1032.66840
2013-06-16,1032.66840
2013-06-17,1032.68550
2013-06-18,1032.71220
2013-06-19,1032.84120
2013-06-20,1032.84120
2013-06-21,1032.84120
2013-06-22,1032.84170
2013-06-23,1032.84230
2013-06-24,1032.84930
2013-06-25,1032.84930
2013-06-26,1032.86700
2013-06-27,1032.89870
2013-06-28,1033.05050
2013-06-29,1033.05050
2013-06-30,1033.05060
2013-07-01,1033.05060
2013-07-02,1033.37160
2013-07-03,1033.40890
2013-07-04,1033.47690
2013-07-05,1033.47690
2013-07-06,1033.47690
2013-07-07,1033.47690
2013-07-08,1033.47690
2013-07-09,1033.50390
2013-07-10,1033.50400
2013-07-11,1033.50400
2013-07-12,1033.51370
2013-07-13,1033.51380
2013-07-14,1033.51380
2013-07-15,1033.51380
2013-07-16,1031.11430
2013-07-17,1031.57790
2013-07-18,1032.35990
2013-07-19,1032.45290
2013-07-20,1032.47200
2013-07-21,1032.49120
2013-07-22,1032.49120
2013-07-23,1032.11780
2013-07-24,1031.36860
2013-07-25,1031.36860
2013-07-26,1031.44460
2013-07-27,1031.49940
2013-07-28,1031.55420
2013-07-29,1031.59410
2013-07-30,1031.91560
2013-07-31,1031.93470
2013-08-01,1032.05460
2013-08-02,1032.39250
2013-08-03,1032.42640
2013-08-04,1032.46030
2013-08-05,1032.87640
2013-08-06,1032.87640
2013-08-07,1032.87630
2013-08-08,1032.97240
2013-08-09,1032.99400
2013-08-10,1033.01550
2013-08-11,1033.03700
2013-08-12,1032.84100
2013-08-13,1032.84100
2013-08-14,1033.08360
2013-08-15,1033.12300
2013-08-16,1033.12390
2013-08-17,1033.16960
2013-08-18,1033.21530
2013-08-19,1033.21530
2013-08-20,1033.27450
2013-08-21,1033.42330
2013-08-22,1033.50380
2013-08-23,1033.60590
2013-08-24,1033.63720
2013-08-25,1033.66840
2013-08-26,1033.68090
2013-08-27,1033.74430
2013-08-28,1033.80050
2013-08-29,1033.83490
2013-08-30,1033.84940
2013-08-31,1033.88180
2013-09-01,1033.91420
2013-09-02,1033.95940
2013-09-03,1033.98190
2013-09-04,1034.17890
2013-09-05,1034.36290
2013-09-06,1034.36290
2013-09-07,1034.36870
2013-09-08,1034.37440
2013-09-09,1034.38020
2013-09-10,1034.59400
2013-09-11,1034.60560
2013-09-12,1034.60790
2013-09-13,1034.60790
2013-09-14,1034.61830
2013-09-15,1034.62860
2013-09-16,1034.72110
2013-09-17,1034.72110
2013-09-18,1034.79520
2013-09-19,1035.26110
2013-09-20,1035.26110
2013-09-21,1035.26110
2013-09-22,1035.26110
2013-09-23,1035.60980
2013-09-24,1035.60980
2013-09-25,1035.74580
2013-09-26,1035.74580
2013-09-27,1035.85150
2013-09-28,1035.85150
2013-09-29,1035.85150
2013-09-30,1035.85150
2013-10-01,1035.89290
2013-10-02,1035.89280
2013-10-03,1035.94700
2013-10-04,1035.94910
2013-10-05,1035.94910
2013-10-06,1035.94910
2013-10-07,1035.95680
2013-10-08,1036.21630
2013-10-09,1036.21630
2013-10-10,1036.21630
2013-10-11,1036.21630
2013-10-12,1036.21630
2013-10-13,1036.21630
2013-10-14,1036.21630
2013-10-15,1036.25960
2013-10-16,1036.25960
2013-10-17,1036.25960
2013-10-18,1036.25960
2013-10-19,1036.25960
2013-10-20,1036.25960
2013-10-21,1036.25950
2013-10-22,1036.25960
2013-10-23,1036.25950
2013-10-24,1036.25950
2013-10-25,1036.25950
2013-10-26,1036.25950
2013-10-27,1036.25950
2013-10-28,1036.25950
2013-10-29,1036.29890
2013-10-30,1036.29890
2013-10-31,1036.29890
2013-11-01,1036.29890
2013-11-02,1036.29890
2013-11-03,1036.29890
2013-11-04,1036.29890
2013-11-05,1036.30290
2013-11-06,1036.30290
2013-11-07,1036.30300
2013-11-08,1036.30300
2013-11-09,1036.30300
2013-11-10,1036.30300
2013-11-11,1036.30300
2013-11-12,1036.30300
2013-11-13,1036.30300
2013-11-14,1036.30300
2013-11-15,1036.30300
2013-11-16,1036.30300
2013-11-17,1036.30300
2013-11-18,1036.30300
2013-11-19,1036.30300
2013-11-20,1036.30490
2013-11-21,1036.30510
2013-11-22,1036.30610
2013-11-23,1036.30610
2013-11-24,1036.30610
2013-11-25,1036.30610
2013-11-26,1036.31600
2013-11-27,1036.33140
2013-11-28,1036.33840
2013-11-29,1036.39140
2013-11-30,1036.39140
2013-12-01,1036.39140
2013-12-02,1036.41010
2013-12-03,1036.48620
2013-12-04,1036.51490
2013-12-05,1036.51490
2013-12-06,1036.51490
2013-12-07,1036.51490
2013-12-08,1036.51490
2013-12-09,1036.51480
2013-12-10,1036.51480
2013-12-11,1036.53370
2013-12-12,1036.60530
2013-12-13,1036.63410
2013-12-14,1036.63410
2013-12-15,1036.63410
2013-12-16,1036.63420
2013-12-17,1036.65460
2013-12-18,1036.67110
2013-12-19,1036.67120
2013-12-20,1036.67110
2013-12-21,1036.67110
2013-12-22,1036.67110
2013-12-23,1036.67330
2013-12-24,1036.72050
2013-12-25,1036.72060
2013-12-26,1036.72060
2013-12-27,1036.72060
2013-12-28,1036.72050
2013-12-29,1036.72050
2013-12-30,1036.72470
2013-12-31,1036.75060
2014-01-01,1036.79310
2014-01-02,1036.86550
2014-01-03,1036.86550
2014-01-04,1036.86550
2014-01-05,1036.86540
2014-01-06,1036.86540
2014-01-07,1036.86550
2014-01-08,1036.86550
2014-01-09,1036.86550
2014-01-10,1036.94130
2014-01-11,1036.94130
2014-01-12,1036.94130
2014-01-13,1036.94130
2014-01-14,1036.94130
2014-01-15,1036.94130
2014-01-16,1036.94340
2014-01-17,1036.94340
2014-01-18,1036.94450
2014-01-19,1036.94560
2014-01-20,1036.94560
2014-01-21,1037.02110
2014-01-22,1037.03280
2014-01-23,1037.06080
2014-01-24,1037.06080
2014-01-25,1037.06080
2014-01-26,1037.06080
2014-01-27,1037.06080
2014-01-28,1037.06070
2014-01-29,1037.06070
2014-01-30,1037.06070
2014-01-31,1037.09670
2014-02-01,1037.09670
2014-02-02,1037.09670
2014-02-03,1037.09670
2014-02-04,1037.10680
2014-02-05,1037.10680
2014-02-06,1037.10680
2014-02-07,1037.10680
2014-02-08,1037.10780
2014-02-09,1037.10890
2014-02-10,1037.10890
2014-02-11,1037.10890
2014-02-12,1037.11290
2014-02-13,1037.11290
2014-02-14,1037.14110
2014-02-15,1037.15430
2014-02-16,1037.16750
2014-02-17,1037.21610
2014-02-18,1037.27690
2014-02-19,1037.27800
2014-02-20,1037.27800
2014-02-21,1037.29340
2014-02-22,1037.29480
2014-02-23,1037.29640
2014-02-24,1037.31090
2014-02-25,1037.31310
2014-02-26,1037.31320
2014-02-27,1037.31310
2014-02-28,1037.38870
2014-03-01,1037.38870
2014-03-02,1037.38870
2014-03-03,1037.38870
2014-03-04,1037.38870
2014-03-05,1037.47700
2014-03-06,1037.47700
2014-03-07,1037.50520
2014-03-08,1037.50510
2014-03-09,1037.50520
2014-03-10,1037.50520
2014-03-11,1037.53530
2014-03-12,1037.62490
2014-03-13,1037.62490
2014-03-14,1037.70160
2014-03-15,1037.70160
2014-03-16,1037.70160
2014-03-17,1037.70160
2014-03-18,1037.83400
2014-03-19,1037.83390
2014-03-20,1037.83390
2014-03-21,1037.86260
2014-03-22,1037.86260
2014-03-23,1037.86250
2014-03-24,1037.97370
2014-03-25,1037.97370
2014-03-26,1037.97370
2014-03-27,1037.97370
2014-03-28,1037.95800
2014-03-29,1037.96500
2014-03-30,1037.97200
2014-03-31,1037.97910
2014-04-01,1037.98630
2014-04-02,1038.45600
2014-04-03,1038.46300
2014-04-04,1038.49240
2014-04-05,1038.49230
2014-04-06,1038.49240
2014-04-07,1038.53740
2014-04-08,1038.53750
2014-04-09,1038.53750
2014-04-10,1038.53750
2014-04-11,1038.53750
2014-04-12,1038.53740
2014-04-13,1038.53740
2014-04-14,1038.53740
2014-04-15,1038.53740
2014-04-16,1038.55760
2014-04-17,1038.55760
2014-04-18,1038.55760
2014-04-19,1038.55760
2014-04-20,1038.55760
2014-04-21,1038.55760
2014-04-22,1038.55760
2014-04-23,1038.55770
2014-04-24,1038.55770
2014-04-25,1038.55770
2014-04-26,1038.55770
2014-04-27,1038.55770
2014-04-28,1038.55770
2014-04-29,1038.55780
2014-04-30,1038.55780
2014-05-01,1038.55780
2014-05-02,1038.56510
2014-05-03,1038.56500
2014-05-04,1038.56510
2014-05-05,1038.56510
2014-05-06,1038.56520
2014-05-07,1038.56520
2014-05-08,1038.56520
2014-05-09,1038.56520
2014-05-10,1038.56520
2014-05-11,1038.56520
2014-05-12,1038.56510
2014-05-13,1038.56510
2014-05-14,1038.56600
2014-05-15,1038.58200
2014-05-16,1038.60380
2014-05-17,1038.60380
2014-05-18,1038.60370
2014-05-19,1038.60370
2014-05-20,1038.60700
2014-05-21,1038.61390
2014-05-22,1038.61440
2014-05-23,1038.61670
2014-05-24,1038.61670
2014-05-25,1038.61670
2014-05-26,1038.61670
2014-05-27,1038.61670
2014-05-28,1038.61670
2014-05-29,1038.61670
2014-05-30,1038.61670
2014-05-31,1038.61670
2014-06-01,1038.61670
2014-06-02,1038.61670
2014-06-03,1038.61670
2014-06-04,1038.61670
2014-06-05,1038.61660
2014-06-06,1038.62350
2014-06-07,1038.62350
2014-06-08,1038.62340
2014-06-09,1038.62340
2014-06-10,1038.62340
2014-06-11,1038.62340
2014-06-12,1038.62340
2014-06-13,1038.62340
2014-06-14,1038.62350
2014-06-15,1038.62350
2014-06-16,1038.62350
2014-06-17,1038.62350
2014-06-18,1038.62350
2014-06-19,1038.62340
2014-06-20,1038.62340
2014-06-21,1038.62340
2014-06-22,1038.62340
2014-06-23,1038.62340
2014-06-24,1038.62340
2014-06-25,1038.62340
2014-06-26,1038.62340
2014-06-27,1038.62340
2014-06-28,1038.62340
2014-06-29,1038.62340
2014-06-30,1038.62340
2014-07-01,1038.62340
2014-07-02,1038.62340
2014-07-03,1038.62340
2014-07-04,1038.62340
2014-07-05,1038.62340
2014-07-06,1038.62340
2014-07-07,1038.62340
2014-07-08,1038.62340
2014-07-09,1038.62340
2014-07-10,1038.62340
2014-07-11,1038.62340
2014-07-12,1038.62340
2014-07-13,1038.62340
2014-07-14,1038.62340
2014-07-15,1038.62340
2014-07-16,1038.62340
2014-07-17,1038.62340
2014-07-18,1038.62340
2014-07-19,1038.62340
2014-07-20,1038.62340
2014-07-21,1038.62340
2014-07-22,1038.62340
2014-07-23,1038.62340
2014-07-24,1038.62340
2014-07-25,1038.62340
2014-07-26,1038.62350
2014-07-27,1038.62340
2014-07-28,1038.62340
2014-07-29,1038.62340
2014-07-30,1038.62340
2014-07-31,1038.62340
2014-08-01,1038.62340
2014-08-02,1038.62340
2014-08-03,1038.62340
2014-08-04,1038.62330
2014-08-05,1038.62330
2014-08-06,1038.62330
2014-08-07,1038.62330
2014-08-08,1038.62330
2014-08-09,1038.62330
2014-08-10,1038.62330
2014-08-11,1038.62330
2014-08-12,1038.62330
2014-08-13,1038.62330
2014-08-14,1038.62330
2014-08-15,1038.62330
2014-08-16,1038.62330
2014-08-17,1038.62330
2014-08-18,1038.62330
2014-08-19,1038.62330
2014-08-20,1038.62330
2014-08-21,1038.62330
2014-08-22,1038.62330
2014-08-23,1038.62330
2014-08-24,1038.62320
2014-08-25,1038.62320
2014-08-26,1038.62320
2014-08-27,1038.62320
2014-08-28,1038.62320
2014-08-29,1038.62320
2014-08-30,1038.62320
2014-08-31,1038.62310
2014-09-01,1038.62310
2014-09-02,1038.62310
2014-09-03,1038.62310
2014-09-04,1038.62320
2014-09-05,1038.62320
2014-09-06,1038.62320
2014-09-07,1038.62310
2014-09-08,1038.62310
2014-09-09,1038.62310
2014-09-10,1038.62310
2014-09-11,1038.62310
2014-09-12,1038.62310
2014-09-13,1038.62310
2014-09-14,1038.62310
2014-09-15,1038.62310
2014-09-16,1038.62310
2014-09-17,1038.62310
2014-09-18,1038.62310
2014-09-19,1038.62310
2014-09-20,1038.62310
2014-09-21,1038.62310
2014-09-22,1038.62310
2014-09-23,1038.62310
2014-09-24,1038.62440
2014-09-25,1038.62440
2014-09-26,1038.62600
2014-09-27,1038.62600
2014-09-28,1038.62600
2014-09-29,1038.62600
2014-09-30,1038.62710
2014-10-01,1038.62710
2014-10-02,1038.62720
2014-10-03,1038.62910
2014-10-04,1038.63100
2014-10-05,1038.63300
2014-10-06,1038.63490
2014-10-07,1038.63680
2014-10-08,1038.63680
2014-10-09,1038.63690
2014-10-10,1038.63880
2014-10-11,1038.63880
2014-10-12,1038.64000
2014-10-13,1038.64210
2014-10-14,1038.64210
2014-10-15,1038.64220
2014-10-16,1038.64220
2014-10-17,1038.64220
2014-10-18,1038.64220
2014-10-19,1038.64220
2014-10-20,1038.64230
2014-10-21,1038.64230
2014-10-22,1038.64290
2014-10-23,1038.64290
2014-10-24,1038.64290
2014-10-25,1038.64290
2014-10-26,1038.64290
2014-10-27,1038.64290
2014-10-28,1038.64400
2014-10-29,1038.64400
2014-10-30,1038.64400
2014-10-31,1038.64400
2014-11-01,1038.64400
2014-11-02,1038.64400
2014-11-03,1038.64400
2014-11-04,1038.64400
2014-11-05,1038.64400
2014-11-06,1038.64410
2014-11-07,1038.64410
2014-11-08,1038.64410
2014-11-09,1038.64410
2014-11-10,1038.64410
2014-11-11,1038.64410
2014-11-12,1038.64410
2014-11-13,1038.64410
2014-11-14,1038.64410
2014-11-15,1038.64410
2014-11-16,1038.64410
2014-11-17,1038.64410
2014-11-18,1038.64410
2014-11-19,1038.64410
2014-11-20,1038.64410
2014-11-21,1038.64410
2014-11-22,1038.64410
2014-11-23,1038.64410
2014-11-24,1038.64410
2014-11-25,1038.64410
2014-11-26,1038.64410
2014-11-27,1038.64410
2014-11-28,1038.64410
2014-11-29,1038.64410
2014-11-30,1038.64410
2014-12-01,1038.64410
2014-12-02,1038.64410
2014-12-03,1038.64410
2014-12-04,1038.64410
2014-12-05,1038.64410
2014-12-06,1038.64410
2014-12-07,1038.64410
2014-12-08,1038.64410
2014-12-09,1038.64410
2014-12-10,1038.64410
2014-12-11,1038.64410
2014-12-12,1038.64410
2014-12-13,1038.64420
2014-12-14,1038.64420
2014-12-15,1038.64420
2014-12-16,1038.64420
2014-12-17,1038.64420
2014-12-18,1038.64420
2014-12-19,1038.64420
2014-12-20,1038.64420
2014-12-21,1038.64420
2014-12-22,1038.64420
2014-12-23,1038.64420
2014-12-24,1038.64420
2014-12-25,1038.64420
2014-12-26,1038.64420
2014-12-27,1038.64420
2014-12-28,1038.64420
2014-12-29,1038.64420
2014-12-30,1038.64420
2014-12-31,1038.64420
2015-01-01,1038.64420
2015-01-02,1038.64420
2015-01-03,1038.64420
2015-01-04,1038.64420
2015-01-05,1038.64420
2015-01-06,1038.64420
2015-01-07,1038.64420
2015-01-08,1038.64420
2015-01-09,1038.64420
2015-01-10,1038.64420
2015-01-11,1038.64420
2015-01-12,1038.64420
2015-01-13,1038.64420
2015-01-14,1038.64420
2015-01-15,1038.64420
2015-01-16,1038.64420
2015-01-17,1038.64420
2015-01-18,1038.64420
2015-01-19,1038.64420
2015-01-20,1038.64420
2015-01-21,1038.64420
2015-01-22,1038.64420
2015-01-23,1038.64420
2015-01-24,1038.64420
2015-01-25,1038.64420
2015-01-26,1038.64420
2015-01-27,1038.64420
2015-01-28,1038.64420
2015-01-29,1038.64420
2015-01-30,1038.64420
2015-01-31,1038.64420
2015-02-01,1038.64420
2015-02-02,1038.64420
2015-02-03,1038.64420
2015-02-04,1038.64420
2015-02-05,1038.64420
2015-02-06,1038.64420
2015-02-07,1038.64420
2015-02-08,1038.64420
2015-02-09,1038.64420
2015-02-10,1038.64420
2015-02-11,1038.64420
2015-02-12,1038.64420
2015-02-13,1038.64420
2015-02-14,1038.64420
2015-02-15,1038.64420
2015-02-16,1038.64420
2015-02-17,1038.64420
2015-02-18,1038.64420
2015-02-19,1038.64420
2015-02-20,1038.64420
2015-02-21,1038.64420
2015-02-22,1038.64430
2015-02-23,1038.64430
2015-02-24,1038.64430
2015-02-25,1038.64430
2015-02-26,1038.64430
2015-02-27,1038.64430
2015-02-28,1038.64430
2015-03-01,1038.64430
2015-03-02,1038.64430
2015-03-03,1038.64430
2015-03-04,1038.64430
2015-03-05,1038.64430
2015-03-06,1038.64430
2015-03-07,1038.64430
2015-03-08,1038.64430
2015-03-09,1038.64430
2015-03-10,1038.64430
2015-03-11,1038.64430
2015-03-12,1038.64430
2015-03-13,1038.64430
2015-03-14,1038.64430
2015-03-15,1038.64430
2015-03-16,1038.64430
2015-03-17,1038.64430
2015-03-18,1038.64430
2015-03-19,1038.64430
2015-03-20,1038.64430
2015-03-21,1038.64430
2015-03-22,1038.64430
2015-03-23,1038.64430
2015-03-24,1038.64430
2015-03-25,1038.64430
2015-03-26,1038.64430
2015-03-27,1038.64430
2015-03-28,1038.64430
2015-03-29,1038.64430
2015-03-30,1038.64430
2015-03-31,1038.64430
2015-04-01,1038.64430
2015-04-02,1038.64430
2015-04-03,1038.64430
2015-04-04,1038.64430
2015-04-05,1038.64430
2015-04-06,1038.64430
2015-04-07,1038.64430
2015-04-08,1038.64430
2015-04-09,1038.64430
2015-04-10,1038.64430
2015-04-11,1038.64430
2015-04-12,1038.64430
2015-04-13,1038.64430
2015-04-14,1038.64430
2015-04-15,1038.64430
2015-04-16,1038.64430
2015-04-17,1038.64430
2015-04-18,1038.64430
2015-04-19,1038.64430
2015-04-20,1038.64430
2015-04-21,1038.64430
2015-04-22,1038.64430
2015-04-23,1038.64430
2015-04-24,1038.64430
2015-04-25,1038.64430
2015-04-26,1038.64430
2015-04-27,1038.64430
2015-04-28,1038.64430
2015-04-29,1038.64430
2015-04-30,1038.64430
2015-05-01,1038.64430
2015-05-02,1038.64430
2015-05-03,1038.64430
2015-05-04,1038.64430
2015-05-05,1038.64430
2015-05-06,1038.64430
2015-05-07,1038.64430
2015-05-08,1038.64430
2015-05-09,1038.64430
2015-05-10,1038.64430
2015-05-11,1038.64430
2015-05-12,1038.64430
2015-05-13,1038.64430
2015-05-14,1038.64430
2015-05-15,1038.64440
2015-05-16,1038.64440
2015-05-17,1038.64440
2015-05-18,1038.64440
2015-05-19,1038.64440
2015-05-20,1038.64440
2015-05-21,1038.64440
2015-05-22,1038.64440
2015-05-23,1038.64440
2015-05-24,1038.64440
2015-05-25,1038.64440
2015-05-26,1038.64440
2015-05-27,1038.64440
2015-05-28,1038.64440
2015-05-29,1038.64440
2015-05-30,1038.64440
2015-05-31,1038.64440
2015-06-01,1038.64440
2015-06-02,1038.64440
2015-06-03,1038.64440
2015-06-04,1038.64440
2015-06-05,1038.64440
2015-06-06,1038.64440
2015-06-07,1038.64440
2015-06-08,1038.64450
2015-06-09,1038.64450
2015-06-10,1038.64450
2015-06-11,1038.64450
2015-06-12,1038.64450
2015-06-13,1038.64450
2015-06-14,1038.64450
2015-06-15,1038.64450
2015-06-16,1038.64450
2015-06-17,1038.64450
2015-06-18,1038.64450
2015-06-19,1038.64450
2015-06-20,1038.64450
2015-06-21,1038.64450
2015-06-22,1038.64450
2015-06-23,1038.64450
2015-06-24,1038.64450
2015-06-25,1038.64450
2015-06-26,1038.64450
2015-06-27,1038.64450
2015-06-28,1038.64450
2015-06-29,1038.64450
2015-06-30,1038.64450
2015-07-01,1038.64450
2015-07-02,1038.64450
2015-07-03,1038.64450
2015-07-04,1038.64450
2015-07-05,1038.64450
2015-07-06,1038.64450
2015-07-07,1038.64450
2015-07-08,1038.64450
2015-07-09,1038.64450
2015-07-10,1038.64450
2015-07-11,1038.64450
2015-07-12,1038.64450
2015-07-13,1038.64450
2015-07-14,1038.64450
2015-07-15,1038.64450
2015-07-16,1038.64450
2015-07-17,1038.64450
2015-07-18,1038.64450
2015-07-19,1038.64450
2015-07-20,1038.64450
2015-07-21,1038.64450
2015-07-22,1038.64460
2015-07-23,1038.64460
2015-07-24,1038.64460
2015-07-25,1038.64460
2015-07-26,1038.64460
2015-07-27,1038.64460
2015-07-28,1038.64460
2015-07-29,1038.84600
2015-07-30,1039.04790
2015-07-31,1039.24470
2015-08-01,1039.44150
2015-08-02,1039.63830
2015-08-03,1039.83630
2015-08-04,1040.03420
2015-08-05,1040.23480
2015-08-06,1040.43560
2015-08-07,1040.62530
2015-08-08,1040.81490
2015-08-09,1041.00460
2015-08-10,1041.20390
2015-08-11,1041.40420
2015-08-12,1041.60510
2015-08-13,1041.80650
2015-08-14,1042.00700
2015-08-15,1042.20750
2015-08-16,1042.40800
2015-08-17,1042.60980
2015-08-18,1042.81170
2015-08-19,1043.01320
2015-08-20,1043.21510
2015-08-21,1043.40350
2015-08-22,1043.59190
2015-08-23,1043.78030
2015-08-24,1043.98350
2015-08-25,1044.18650
2015-08-26,1044.38970
2015-08-27,1044.59320
2015-08-28,1044.79600
2015-08-29,1044.99880
2015-08-30,1045.20160
2015-08-31,1045.40120
2015-09-01,1045.53740
2015-09-02,1045.73500
2015-09-03,1045.93550
2015-09-04,1046.13100
2015-09-05,1046.32440
2015-09-06,1046.51780
2015-09-07,1046.72020
2015-09-08,1046.91620
2015-09-09,1047.11910
2015-09-10,1047.32200
2015-09-11,1047.52020
2015-09-12,1047.72050
2015-09-13,1047.92080
2015-09-14,1048.11610
2015-09-15,1048.32190
2015-09-16,1048.51900
2015-09-17,1048.72340
2015-09-18,1048.92760
2015-09-19,1049.12830
2015-09-20,1049.32910
2015-09-21,1049.53340
2015-09-22,1049.66180
2015-09-23,1049.86550
2015-09-24,1050.07680
2015-09-25,1050.28380
2015-09-26,1050.49110
2015-09-27,1050.69870
2015-09-28,1050.91010
2015-09-29,1051.39760
2015-09-30,1051.61590
2015-10-01,1051.82470
2015-10-02,1052.01540
2015-10-03,1052.20610
2015-10-04,1052.39710
2015-10-05,1052.57810
2015-10-06,1052.78700
2015-10-07,1052.98080
2015-10-08,1053.16500
2015-10-09,1053.35400
2015-10-10,1053.54650
2015-10-11,1053.73950
2015-10-12,1053.93290
2015-10-13,1054.11910
2015-10-14,1054.33490
2015-10-15,1054.52840
2015-10-16,1054.80240
2015-10-17,1054.99000
2015-10-18,1055.17760
2015-10-19,1055.24110
2015-10-20,1055.43750
2015-10-21,1055.63150
2015-10-22,1055.82550
2015-10-23,1056.13460
2015-10-24,1056.32610
2015-10-25,1056.51770
2015-10-26,1056.71090
2015-10-27,1056.89700
2015-10-28,1056.97080
2015-10-29,1057.16740
2015-10-30,1057.46830
2015-10-31,1057.65690
2015-11-01,1057.84550
2015-11-02,1057.98240
2015-11-03,1058.05440
2015-11-04,1058.21260
2015-11-05,1058.46110
2015-11-06,1058.74480
2015-11-07,1058.93510
2015-11-08,1059.12530
2015-11-09,1059.31510
2015-11-10,1059.55940
2015-11-11,1059.74850
2015-11-12,1059.93760
2015-11-13,1060.16650
2015-11-14,1060.35310
2015-11-15,1060.53970
2015-11-16,1060.58680
2015-11-17,1060.73060
2015-11-18,1060.92720
2015-11-19,1061.14660
2015-11-20,1061.52970
2015-11-21,1061.70450
2015-11-22,1061.87930
2015-11-23,1061.96160
2015-11-24,1062.19070
2015-11-25,1062.36740
2015-11-26,1062.50830
2015-11-27,1062.69790
2015-11-28,1062.88770
2015-11-29,1063.07740
2015-11-30,1063.24980
2015-12-01,1063.42010
2015-12-02,1063.61580
2015-12-03,1063.77760
2015-12-04,1064.12210
2015-12-05,1064.28190
2015-12-06,1064.44170
2015-12-07,1064.52020
2015-12-08,1064.71710
2015-12-09,1064.91480
2015-12-10,1064.98540
2015-12-11,1065.25220
2015-12-12,1065.42960
2015-12-13,1065.60720
2015-12-14,1065.75470
2015-12-15,1065.95590
2015-12-16,1066.15660
2015-12-17,1066.32340
2015-12-18,1066.70450
2015-12-19,1066.88730
2015-12-20,1067.07000
2015-12-21,1066.99060
2015-12-22,1067.18970
2015-12-23,1067.38900
2015-12-24,1067.58830
2015-12-25,1067.78750
2015-12-26,1067.98680
2015-12-27,1068.18610
2015-12-28,1068.38530
2015-12-29,1068.58450
2015-12-30,1068.74620
2015-12-31,1068.99880
2016-01-01,1069.43860
2016-01-02,1069.57720
2016-01-03,1069.71580
2016-01-04,1069.72730
2016-01-05,1069.92680
2016-01-06,1070.12620
2016-01-07,1070.16900
2016-01-08,1070.38740
2016-01-09,1070.57560
2016-01-10,1070.76380
2016-01-11,1070.93650
2016-01-12,1071.10760
2016-01-13,1071.30560
2016-01-14,1071.47810
2016-01-15,1071.67530
2016-01-16,1071.87240
2016-01-17,1072.06960
2016-01-18,1072.26670
2016-01-19,1072.43000
2016-01-20,1072.63540
2016-01-21,1072.83850
2016-01-22,1073.03710
2016-01-23,1073.23580
2016-01-24,1073.43440
2016-01-25,1073.63310
2016-01-26,1073.83170
2016-01-27,1073.98270
2016-01-28,1074.27160
2016-01-29,1074.46170
2016-01-30,1074.65190
2016-01-31,1074.84300
2016-02-01,1075.03320
2016-02-02,1075.20870
2016-02-03,1075.41070
2016-02-04,1075.41880
2016-02-05,1075.61540
2016-02-06,1075.81190
2016-02-07,1076.00840
2016-02-08,1076.14130
2016-02-09,1076.33910
2016-02-10,1076.53690
2016-02-11,1076.73470
2016-02-12,1077.12590
2016-02-13,1077.31600
2016-02-14,1077.50610
2016-02-15,1077.48250
2016-02-16,1077.75490
2016-02-17,1077.90740
2016-02-18,1078.10590
2016-02-19,1078.30480
2016-02-20,1078.50330
2016-02-21,1078.70220
2016-02-22,1078.91660
2016-02-23,1079.12010
2016-02-24,1079.32370
2016-02-25,1079.52010
2016-02-26,1079.71650
2016-02-27,1079.91290
2016-02-28,1080.10930
2016-02-29,1080.30570
2016-03-01,1080.49400
2016-03-02,1080.69160
2016-03-03,1080.93880
2016-03-04,1081.13400
2016-03-05,1081.32860
2016-03-06,1081.52370
2016-03-07,1081.71830
2016-03-08,1081.89660
2016-03-09,1082.09820
2016-03-10,1082.20950
2016-03-11,1082.40760
2016-03-12,1082.60570
2016-03-13,1082.80380
2016-03-14,1082.98550
2016-03-15,1083.18480
2016-03-16,1083.37040
2016-03-17,1083.61850
2016-03-18,1084.09780
2016-03-19,1084.27950
2016-03-20,1084.46120
2016-03-21,1084.57080
2016-03-22,1084.56820
2016-03-23,1085.05420
2016-03-24,1085.21180
2016-03-25,1085.36930
2016-03-26,1085.52690
2016-03-27,1085.68450
2016-03-28,1085.74680
2016-03-29,1085.95170
2016-03-30,1086.17690
2016-03-31,1086.29740
2016-04-01,1086.49130
2016-04-02,1086.68470
2016-04-03,1086.87870
2016-04-04,1087.07210
2016-04-05,1087.26640
2016-04-06,1087.48640
2016-04-07,1087.67850
2016-04-08,1087.87060
2016-04-09,1088.06260
2016-04-10,1088.25470
2016-04-11,1088.47430
2016-04-12,1088.66910
2016-04-13,1088.85520
2016-04-14,1089.04120
2016-04-15,1089.22730
2016-04-16,1089.41330
2016-04-17,1089.59940
2016-04-18,1089.78540
2016-04-19,1089.97140
2016-04-20,1090.15750
2016-04-21,1090.25980
2016-04-22,1090.44700
2016-04-23,1090.63430
2016-04-24,1090.82110
2016-04-25,1091.00420
2016-04-26,1091.17540
2016-04-27,1091.36360
2016-04-28,1091.53420
2016-04-29,1091.72500
2016-04-30,1091.91580
2016-05-01,1092.10720
2016-05-02,1092.28090
2016-05-03,1092.46430
2016-05-04,1092.74780
2016-05-05,1092.83890
2016-05-06,1093.02290
2016-05-07,1093.20700
2016-05-08,1093.39100
2016-05-09,1093.57500
2016-05-10,1093.71750
2016-05-11,1093.91290
2016-05-12,1094.09300
2016-05-13,1094.36980
2016-05-14,1094.46170
2016-05-15,1094.55360
2016-05-16,1094.61390
2016-05-17,1094.80540
2016-05-18,1094.99690
2016-05-19,1095.07750
2016-05-20,1095.30350
2016-05-21,1095.47670
2016-05-22,1095.65020
2016-05-23,1095.84160
2016-05-24,1096.02800
2016-05-25,1096.21990
2016-05-26,1096.34630
2016-05-27,1096.89050
2016-05-28,1096.91470
2016-05-29,1096.93890
2016-05-30,1097.13200
2016-05-31,1097.32860
2016-06-01,1097.52220
2016-06-02,1097.72600
2016-06-03,1097.94820
2016-06-04,1098.12250
2016-06-05,1098.29740
2016-06-06,1098.48900
2016-06-07,1098.67780
2016-06-08,1098.87570
2016-06-09,1099.01600
2016-06-10,1099.45830
2016-06-11,1099.52250
2016-06-12,1099.58670
2016-06-13,1099.79050
2016-06-14,1099.98540
2016-06-15,1100.16360
2016-06-16,1100.36340
2016-06-17,1100.85500
2016-06-18,1100.91800
2016-06-19,1100.98100
2016-06-20,1101.17140
2016-06-21,1101.33360
2016-06-22,1101.52130
2016-06-23,1101.73050
2016-06-24,1102.02230
2016-06-25,1102.15190
2016-06-26,1102.28080
2016-06-27,1102.32240
2016-06-28,1102.51650
2016-06-29,1102.76930
2016-06-30,1102.96000
2016-07-01,1103.53850
2016-07-02,1103.56540
2016-07-03,1103.59230
2016-07-04,1103.82470
2016-07-05,1104.15540
2016-07-06,1104.21470
2016-07-07,1104.40660
2016-07-08,1104.89920
2016-07-09,1104.96210
2016-07-10,1105.02510
2016-07-11,1105.16830
2016-07-12,1105.36130
2016-07-13,1105.46740
2016-07-14,1105.74590
2016-07-15,1105.95330
2016-07-16,1106.12260
2016-07-17,1106.29130
2016-07-18,1106.47850
2016-07-19,1106.66510
2016-07-20,1106.83020
2016-07-21,1106.97580
2016-07-22,1107.42270
2016-07-23,1107.50220
2016-07-24,1107.58170
2016-07-25,1107.77120
2016-07-26,1107.93160
2016-07-27,1108.07380
2016-07-28,1108.26310
2016-07-29,1108.45250
2016-07-30,1108.64170
2016-07-31,1108.83100
2016-08-01,1109.02870
2016-08-02,1109.16500
2016-08-03,1109.34900
2016-08-04,1109.53300
2016-08-05,1110.03900
2016-08-06,1110.05740
2016-08-07,1110.07580
2016-08-08,1110.18880
2016-08-09,1110.38970
2016-08-10,1110.57560
2016-08-11,1110.76150
2016-08-12,1111.47670
2016-08-13,1111.49510
2016-08-14,1111.51350
2016-08-15,1111.53180
2016-08-16,1111.71580
2016-08-17,1111.89980
2016-08-18,1112.08390
2016-08-19,1112.26790
2016-08-20,1112.45190
2016-08-21,1112.63590
2016-08-22,1112.79630
2016-08-23,1112.99480
2016-08-24,1113.19330
2016-08-25,1113.30630
2016-08-26,1113.49800
2016-08-27,1113.68960
2016-08-28,1113.88220
2016-08-29,1114.04250
2016-08-30,1114.24100
2016-08-31,1114.44080
2016-09-01,1114.46270
2016-09-02,1115.02590
2016-09-03,1115.04790
2016-09-04,1115.06990
2016-09-05,1115.09190
2016-09-06,1115.20860
2016-09-07,1115.41100
2016-09-08,1115.60160
2016-09-09,1115.79210
2016-09-10,1115.98270
2016-09-11,1116.17330
2016-09-12,1116.55380
2016-09-13,1116.57580
2016-09-14,1116.76540
2016-09-15,1116.98950
2016-09-16,1117.38140
2016-09-17,1117.40330
2016-09-18,1117.42530
2016-09-19,1117.61690
2016-09-20,1117.80840
2016-09-21,1118.05060
2016-09-22,1118.24050
2016-09-23,1118.43030
2016-09-24,1118.62020
2016-09-25,1118.81000
2016-09-26,1119.01090
2016-09-27,1119.21350
2016-09-28,1119.33030
2016-09-29,1119.53290
2016-09-30,1119.72370
2016-10-01,1119.91450
2016-10-02,1120.10530
2016-10-03,1120.29610
2016-10-04,1120.58210
2016-10-05,1120.78470
2016-10-06,1120.98720
2016-10-07,1121.17040
2016-10-08,1121.35360
2016-10-09,1121.53680
2016-10-10,1122.01460
2016-10-11,1122.03660
2016-10-12,1122.05860
2016-10-13,1122.24290
2016-10-14,1122.75770
2016-10-15,1122.77970
2016-10-16,1122.80170
2016-10-17,1122.98500
2016-10-18,1123.13030
2016-10-19,1123.33300
2016-10-20,1123.51720
2016-10-21,1124.03200
2016-10-22,1124.05400
2016-10-23,1124.07600
2016-10-24,1124.25650
2016-10-25,1124.40470
2016-10-26,1124.60730
2016-10-27,1124.63030
2016-10-28,1124.81560
2016-10-29,1125.00090
2016-10-30,1125.18620
2016-10-31,1125.37150
2016-11-01,1125.55680
2016-11-02,1125.72420
2016-11-03,1125.90970
2016-11-04,1126.33120
2016-11-05,1126.35430
2016-11-06,1126.37730
2016-11-07,1126.58130
2016-11-08,1126.78530
2016-11-09,1126.97270
2016-11-10,1127.20160
2016-11-11,1127.38540
2016-11-12,1127.56930
2016-11-13,1127.75310
2016-11-14,1127.93700
2016-11-15,1128.15920
2016-11-16,1128.36250
2016-11-17,1128.53990
2016-11-18,1128.71740
2016-11-19,1128.89490
2016-11-20,1129.07230
2016-11-21,1129.24980
2016-11-22,1129.42720
2016-11-23,1129.60570
2016-11-24,1129.78320
2016-11-25,1129.96170
2016-11-26,1130.13920
2016-11-27,1130.31770
2016-11-28,1130.49520
2016-11-29,1130.67360
2016-11-30,1130.85120
2016-12-01,1130.87290
2016-12-02,1131.04670
2016-12-03,1131.22050
2016-12-04,1131.39440
2016-12-05,1131.56820
2016-12-06,1131.74200
2016-12-07,1131.91590
2016-12-08,1132.08970
2016-12-09,1132.26360
2016-12-10,1132.43840
2016-12-11,1132.61220
2016-12-12,1132.78700
2016-12-13,1132.94000
2016-12-14,1133.11470
2016-12-15,1133.28950
2016-12-16,1133.46520
2016-12-17,1133.64090
2016-12-18,1133.81650
2016-12-19,1133.64430
2016-12-20,1133.83140
2016-12-21,1134.01840
2016-12-22,1134.20550
2016-12-23,1134.39350
2016-12-24,1134.58160
2016-12-25,1134.76960
2016-12-26,1134.95760
2016-12-27,1135.14560
2016-12-28,1135.33370
2016-12-29,1135.57920
2016-12-30,1136.16400
2016-12-31,1136.18760
2017-01-01,1136.21120
2017-01-02,1136.32990
2017-01-03,1136.53460
2017-01-04,1136.71690
2017-01-05,1136.89930
2017-01-06,1137.08170
2017-01-07,1137.26400
2017-01-08,1137.44640
2017-01-09,1137.62880
2017-01-10,1137.74550
2017-01-11,1137.93550
2017-01-12,1138.15270
2017-01-13,1138.33260
2017-01-14,1138.51240
2017-01-15,1138.69230
2017-01-16,1138.87120
2017-01-17,1139.04670
2017-01-18,1139.22580
2017-01-19,1139.24960
2017-01-20,1139.43220
2017-01-21,1139.61490
2017-01-22,1139.79750
2017-01-23,1139.98010
2017-01-24,1140.06120
2017-01-25,1140.45650
2017-01-26,1140.48040
2017-01-27,1140.65690
2017-01-28,1140.83340
2017-01-29,1141.00990
2017-01-30,1141.19590
2017-01-31,1141.34180
2017-02-01,1141.52870
2017-02-02,1141.71570
2017-02-03,1141.90940
2017-02-04,1142.08760
2017-02-05,1142.26570
2017-02-06,1142.43880
2017-02-07,1142.63040
2017-02-08,1142.81490
2017-02-09,1143.00300
2017-02-10,1143.19110
2017-02-11,1143.37820
2017-02-12,1143.56630
2017-02-13,1143.75340
2017-02-14,1143.94160
2017-02-15,1144.13050
2017-02-16,1144.31850
2017-02-17,1144.51530
2017-02-18,1144.69460
2017-02-19,1144.87280
2017-02-20,1145.06060
2017-02-21,1145.24740
2017-02-22,1145.43520
2017-02-23,1145.62200
2017-02-24,1145.80990
2017-02-25,1145.99670
2017-02-26,1146.18450
2017-02-27,1146.37240
2017-02-28,1146.52860
2017-03-01,1146.73590
2017-03-02,1146.59220
2017-03-03,1146.79260
2017-03-04,1146.96470
2017-03-05,1147.13770
2017-03-06,1147.31790
2017-03-07,1147.49930
2017-03-08,1147.78640
2017-03-09,1147.96740
2017-03-10,1148.71900
2017-03-11,1148.73710
2017-03-12,1148.75520
2017-03-13,1148.77330
2017-03-14,1148.94910
2017-03-15,1149.11310
2017-03-16,1149.28880
2017-03-17,1149.85750
2017-03-18,1149.86690
2017-03-19,1149.87620
2017-03-20,1150.04670
2017-03-21,1150.21250
2017-03-22,1150.33320
2017-03-23,1150.54430
2017-03-24,1151.06770
2017-03-25,1151.07710
2017-03-26,1151.08640
2017-03-27,1151.25960
2017-03-28,1151.43280
2017-03-29,1151.63400
2017-03-30,1151.84830
2017-03-31,1152.51770
2017-04-01,1152.51530
2017-04-02,1152.51280
2017-04-03,1152.67080
2017-04-04,1152.82880
2017-04-05,1152.98680
2017-04-06,1153.14480
2017-04-07,1153.30280
2017-04-08,1153.46090
2017-04-09,1153.62000
2017-04-10,1153.77810
2017-04-11,1153.93630
2017-04-12,1154.09460
2017-04-13,1154.63860
2017-04-14,1154.63620
2017-04-15,1154.63370
2017-04-16,1154.63130
2017-04-17,1154.81940
2017-04-18,1154.96870
2017-04-19,1155.18350
2017-04-20,1155.18130
2017-04-21,1155.35820
2017-04-22,1155.53510
2017-04-23,1155.71210
2017-04-24,1155.88900
2017-04-25,1156.06600
2017-04-26,1156.24290
2017-04-27,1156.41990
2017-04-28,1156.59690
2017-04-29,1156.77390
2017-04-30,1156.95090
2017-05-01,1157.12790
2017-05-02,1157.30490
2017-05-03,1157.48190
2017-05-04,1157.65890
2017-05-05,1157.83590
2017-05-06,1158.01290
2017-05-07,1158.18990
2017-05-08,1158.36690
2017-05-09,1158.59240
2017-05-10,1158.59020
2017-05-11,1158.80540
2017-05-12,1159.36320
2017-05-13,1159.36090
2017-05-14,1159.35860
2017-05-15,1159.54700
2017-05-16,1159.73550
2017-05-17,1159.92270
2017-05-18,1159.82340
2017-05-19,1160.01520
2017-05-20,1160.20700
2017-05-21,1160.39880
2017-05-22,1160.60700
2017-05-23,1160.72060
2017-05-24,1160.91350
2017-05-25,1161.10650
2017-05-26,1161.29940
2017-05-27,1161.49230
2017-05-28,1161.68520
2017-05-29,1161.85550
2017-05-30,1162.07160
2017-05-31,1162.26450
2017-06-01,1162.45740
2017-06-02,1162.65040
2017-06-03,1162.84330
2017-06-04,1163.03620
2017-06-05,1163.22910
2017-06-06,1163.42200
2017-06-07,1163.61500
2017-06-08,1163.80790
2017-06-09,1164.00090
2017-06-10,1164.19380
2017-06-11,1164.38670
2017-06-12,1164.57970
2017-06-13,1164.77280
2017-06-14,1164.96580
2017-06-15,1165.13620
2017-06-16,1165.69260
2017-06-17,1165.69300
2017-06-18,1165.69330
2017-06-19,1165.88750
2017-06-20,1166.08170
2017-06-21,1166.27590
2017-06-22,1166.47010
2017-06-23,1166.66430
2017-06-24,1166.85850
2017-06-25,1167.05270
2017-06-26,1167.24690
2017-06-27,1167.44120
2017-06-28,1167.63540
2017-06-29,1167.84050
2017-06-30,1168.03250
2017-07-01,1168.22460
2017-07-02,1168.41670
2017-07-03,1168.60780
2017-07-04,1168.74780
2017-07-05,1168.94560
2017-07-06,1169.14330
2017-07-07,1169.34100
2017-07-08,1169.53870
2017-07-09,1169.73640
2017-07-10,1169.93440
2017-07-11,1170.13270
2017-07-12,1170.33090
2017-07-13,1170.31690
2017-07-14,1170.50850
2017-07-15,1170.70010
2017-07-16,1170.89170
2017-07-17,1171.09470
2017-07-18,1171.20810
2017-07-19,1171.43340
2017-07-20,1171.62610
2017-07-21,1171.81880
2017-07-22,1172.01160
2017-07-23,1172.20430
2017-07-24,1172.39700
2017-07-25,1172.58520
2017-07-26,1172.77800
2017-07-27,1172.96850
2017-07-28,1173.54420
2017-07-29,1173.54290
2017-07-30,1173.54170
2017-07-31,1173.73570
2017-08-01,1173.92970
2017-08-02,1174.12380
2017-08-03,1174.12400
2017-08-04,1174.31160
2017-08-05,1174.49920
2017-08-06,1174.68670
2017-08-07,1174.87430
2017-08-08,1175.06190
2017-08-09,1175.24950
2017-08-10,1175.43700
2017-08-11,1175.62460
2017-08-12,1175.81220
2017-08-13,1175.99980
2017-08-14,1176.32940
2017-08-15,1176.32960
2017-08-16,1176.69000
2017-08-17,1176.69020
2017-08-18,1176.87900
2017-08-19,1177.06770
2017-08-20,1177.25650
2017-08-21,1177.44070
2017-08-22,1177.62940
2017-08-23,1177.81600
2017-08-24,1178.00490
2017-08-25,1178.19380
2017-08-26,1178.38260
2017-08-27,1178.57150
2017-08-28,1178.76040
2017-08-29,1178.94930
2017-08-30,1179.13810
2017-08-31,1179.33070
2017-09-01,1179.51850
2017-09-02,1179.70620
2017-09-03,1179.89400
2017-09-04,1180.10940
2017-09-05,1180.29370
2017-09-06,1180.47800
2017-09-07,1180.67080
2017-09-08,1181.19840
2017-09-09,1181.19860
2017-09-10,1181.19880
2017-09-11,1181.38310
2017-09-12,1181.56060
2017-09-13,1181.74830
2017-09-14,1181.93150
2017-09-15,1182.12040
2017-09-16,1182.30930
2017-09-17,1182.49700
2017-09-18,1182.44540
2017-09-19,1182.61450
2017-09-20,1182.79510
2017-09-21,1182.98480
2017-09-22,1183.17450
2017-09-23,1183.36420
2017-09-24,1183.55390
2017-09-25,1183.74360
2017-09-26,1183.93850
2017-09-27,1184.10880
2017-09-28,1184.31370
2017-09-29,1184.50350
2017-09-30,1184.69320
2017-10-01,1184.88290
2017-10-02,1185.07260
2017-10-03,1185.26240
2017-10-04,1185.45220
2017-10-05,1185.64200
2017-10-06,1186.21420
2017-10-07,1186.21520
2017-10-08,1186.21620
2017-10-09,1186.38660
2017-10-10,1186.58090
2017-10-11,1186.77610
2017-10-12,1186.99250
2017-10-13,1187.55210
2017-10-14,1187.55310
2017-10-15,1187.55410
2017-10-16,1187.73820
2017-10-17,1187.87530
2017-10-18,1188.82060
2017-10-19,1188.82160
2017-10-20,1188.82260
2017-10-21,1188.82350
2017-10-22,1188.82450
2017-10-23,1189.01090
2017-10-24,1189.19720
2017-10-25,1189.38250
2017-10-26,1189.38530
2017-10-27,1189.57350
2017-10-28,1189.76170
2017-10-29,1189.95000
2017-10-30,1190.13930
2017-10-31,1190.32760
2017-11-01,1190.51780
2017-11-02,1190.70600
2017-11-03,1190.89540
2017-11-04,1191.08370
2017-11-05,1191.27310
2017-11-06,1191.46140
2017-11-07,1191.65080
2017-11-08,1191.87840
2017-11-09,1192.06560
2017-11-10,1192.25280
2017-11-11,1192.44000
2017-11-12,1192.62720
2017-11-13,1192.81440
2017-11-14,1193.00160
2017-11-15,1193.18880
2017-11-16,1193.37600
2017-11-17,1193.87410
2017-11-18,1193.87610
2017-11-19,1193.87820
2017-11-20,1194.06770
2017-11-21,1194.25720
2017-11-22,1194.44670
2017-11-23,1194.63630
2017-11-24,1194.82580
2017-11-25,1195.01650
2017-11-26,1195.20600
2017-11-27,1195.39670
2017-11-28,1195.58630
2017-11-29,1195.77700
2017-11-30,1195.96650
2017-12-01,1196.15720
2017-12-02,1196.34670
2017-12-03,1196.53740
2017-12-04,1196.72690
2017-12-05,1196.91760
2017-12-06,1197.10720
2017-12-07,1197.11130
2017-12-08,1197.30480
2017-12-09,1197.49860
2017-12-10,1197.69250
2017-12-11,1197.88600
2017-12-12,1198.07940
2017-12-13,1198.27360
2017-12-14,1198.46780
2017-12-15,1198.66210
2017-12-16,1198.85630
2017-12-17,1199.05050
2017-12-18,1199.24470
2017-12-19,1199.43900
2017-12-20,1199.37800
2017-12-21,1199.78280
2017-12-22,1199.97700
2017-12-23,1200.17130
2017-12-24,1200.36550
2017-12-25,1200.55980
2017-12-26,1200.75300
2017-12-27,1200.94740
2017-12-28,1201.07480
2017-12-29,1201.62870
2017-12-30,1201.63130
2017-12-31,1201.63400
2018-01-01,1201.83070
2018-01-02,1202.02740
2018-01-03,1202.22420
2018-01-04,1202.49850
2018-01-05,1202.69190
2018-01-06,1202.88530
2018-01-07,1203.07870
2018-01-08,1203.27210
2018-01-09,1203.51200
2018-01-10,1203.67610
2018-01-11,1203.86670
2018-01-12,1204.05850
2018-01-13,1204.24920
2018-01-14,1204.44100
2018-01-15,1204.63160
2018-01-16,1204.82350
2018-01-17,1205.01410
2018-01-18,1205.20600
2018-01-19,1205.39660
2018-01-20,1205.58850
2018-01-21,1205.77910
2018-01-22,1205.97100
2018-01-23,1206.15590
2018-01-24,1206.33180
2018-01-25,1206.52630
2018-01-26,1206.72080
2018-01-27,1206.91520
2018-01-28,1207.10970
2018-01-29,1207.30420
2018-01-30,1207.50200
2018-01-31,1207.69860
2018-02-01,1207.70470
2018-02-02,1207.89560
2018-02-03,1208.08660
2018-02-04,1208.27750
2018-02-05,1208.46840
2018-02-06,1208.65940
2018-02-07,1208.85030
2018-02-08,1209.04240
2018-02-09,1209.23330
2018-02-10,1209.42540
2018-02-11,1209.61630
2018-02-12,1209.80950
2018-02-13,1210.00160
2018-02-14,1210.19480
2018-02-15,1210.38760
2018-02-16,1210.58030
2018-02-17,1210.77180
2018-02-18,1210.96440
2018-02-19,1211.15590
2018-02-20,1211.34860
2018-02-21,1211.54010
2018-02-22,1211.73270
2018-02-23,1211.92450
2018-02-24,1212.11740
2018-02-25,1212.30920
2018-02-26,1212.47830
2018-02-27,1212.67230
2018-02-28,1212.86630
2018-03-01,1213.06030
2018-03-02,1213.25430
2018-03-03,1213.44830
2018-03-04,1213.64350
2018-03-05,1213.83750
2018-03-06,1214.05780
2018-03-07,1214.25080
2018-03-08,1214.44370
2018-03-09,1214.63660
2018-03-10,1214.82960
2018-03-11,1215.02250
2018-03-12,1215.21520
2018-03-13,1215.40790
2018-03-14,1215.60050
2018-03-15,1215.79320
2018-03-16,1215.98590
2018-03-17,1216.17850
2018-03-18,1216.37120
2018-03-19,1216.56390
2018-03-20,1216.75660
2018-03-21,1216.94940
2018-03-22,1216.92640
2018-03-23,1217.45920
2018-03-24,1217.46250
2018-03-25,1217.46590
2018-03-26,1217.68460
2018-03-27,1217.91260
2018-03-28,1218.98900
2018-03-29,1218.99230
2018-03-30,1218.99560
2018-03-31,1218.99900
2018-04-01,1219.00230
2018-04-02,1219.00560
2018-04-03,1219.20040
2018-04-04,1219.39520
2018-04-05,1219.66910
2018-04-06,1220.22490
2018-04-07,1220.22710
2018-04-08,1220.22920
2018-04-09,1220.41600
2018-04-10,1220.62790
2018-04-11,1220.81230
2018-04-12,1220.99680
2018-04-13,1221.18120
2018-04-14,1221.36560
2018-04-15,1221.55000
2018-04-16,1221.73330
2018-04-17,1221.91780
2018-04-18,1222.10110
2018-04-19,1222.09770
2018-04-20,1222.09950
2018-04-21,1222.10130
2018-04-22,1222.10300
2018-04-23,1222.26840
2018-04-24,1222.45600
2018-04-25,1222.64790
2018-04-26,1222.64980
2018-04-27,1222.63740
2018-04-28,1222.64780
2018-04-29,1222.65830
2018-04-30,1222.66870
2018-05-01,1222.67910
2018-05-02,1222.83790
2018-05-03,1222.99670
2018-05-04,1223.17380
2018-05-05,1223.35100
2018-05-06,1223.52810
2018-05-07,1223.71650
2018-05-08,1223.90860
2018-05-09,1224.10060
2018-05-10,1224.23170
2018-05-11,1224.42650
2018-05-12,1224.62130
2018-05-13,1224.81610
2018-05-14,1225.04100
2018-05-15,1225.23410
2018-05-16,1225.42710
2018-05-17,1225.60080
2018-05-18,1225.82250
2018-05-19,1226.00060
2018-05-20,1226.17870
2018-05-21,1226.37240
2018-05-22,1226.56560
2018-05-23,1226.75880
2018-05-24,1226.95950
2018-05-25,1227.15230
2018-05-26,1227.34520
2018-05-27,1227.53800
2018-05-28,1227.73090
2018-05-29,1227.92400
2018-05-30,1228.11430
2018-05-31,1228.11920
2018-06-01,1228.31720
2018-06-02,1228.51500
2018-06-03,1228.71290
2018-06-04,1228.75590
2018-06-05,1228.91930
2018-06-06,1229.12620
2018-06-07,1229.29600
2018-06-08,1229.49840
2018-06-09,1229.70080
2018-06-10,1229.90310
2018-06-11,1230.10540
2018-06-12,1230.30780
2018-06-13,1230.51010
2018-06-14,1230.69790
2018-06-15,1230.90140
2018-06-16,1231.10480
2018-06-17,1231.30810
2018-06-18,1231.51160
2018-06-19,1231.69700
2018-06-20,1231.93540
2018-06-21,1232.14330
2018-06-22,1232.34250
2018-06-23,1232.54160
2018-06-24,1232.74070
2018-06-25,1232.94520
2018-06-26,1233.14270
2018-06-27,1233.35100
2018-06-28,1233.55780
2018-06-29,1233.83070
2018-06-30,1233.99890
2018-07-01,1234.16710
2018-07-02,1234.37880
2018-07-03,1234.58360
2018-07-04,1234.82970
2018-07-05,1235.03270
2018-07-06,1235.23570
2018-07-07,1235.43860
2018-07-08,1235.64160
2018-07-09,1235.84460
2018-07-10,1236.04200
2018-07-11,1236.22630
2018-07-12,1236.40090
2018-07-13,1236.67440
2018-07-14,1236.84270
2018-07-15,1237.01090
2018-07-16,1237.21590
2018-07-17,1237.43210
2018-07-18,1237.64150
2018-07-19,1237.83120
2018-07-20,1238.08550
2018-07-21,1238.24530
2018-07-22,1238.40610
2018-07-23,1238.63050
2018-07-24,1238.84070
2018-07-25,1239.02250
2018-07-26,1239.07520
2018-07-27,1239.65240
2018-07-28,1239.67050
2018-07-29,1239.68850
2018-07-30,1239.91390
2018-07-31,1240.12860
2018-08-01,1240.32810
2018-08-02,1240.53530
2018-08-03,1240.92800
2018-08-04,1240.97280
2018-08-05,1241.01770
2018-08-06,1241.23320
2018-08-07,1241.54050
2018-08-08,1241.75150
2018-08-09,1241.95240
2018-08-10,1242.47450
2018-08-11,1242.47110
2018-08-12,1242.46770
2018-08-13,1242.68920
2018-08-14,1242.90690
2018-08-15,1243.11320
2018-08-16,1243.95210
2018-08-17,1243.94860
2018-08-18,1243.94520
2018-08-19,1243.94180
2018-08-20,1244.15390
2018-08-21,1244.55490
2018-08-22,1244.55150
2018-08-23,1244.76170
2018-08-24,1245.39790
2018-08-25,1245.39450
2018-08-26,1245.39110
2018-08-27,1245.60100
2018-08-28,1245.81920
2018-08-29,1246.04040
2018-08-30,1246.24310
2018-08-31,1246.88330
2018-09-01,1246.87980
2018-09-02,1246.87640
2018-09-03,1247.10260
2018-09-04,1247.31600
2018-09-05,1247.53860
2018-09-06,1247.74830
2018-09-07,1248.34910
2018-09-08,1248.35390
2018-09-09,1248.35860
2018-09-10,1248.57200
2018-09-11,1248.76050
2018-09-12,1249.17880
2018-09-13,1249.18350
2018-09-14,1249.82810
2018-09-16,1249.82130
2018-09-17,1250.03890
2018-09-18,1250.25520
2018-09-20,1250.23160
2018-09-23,1250.87630
2018-09-24,1251.06830
2018-09-25,1251.26760
2018-09-26,1251.52390
2018-09-27,1251.72510
2018-09-28,1252.42350
2018-09-30,1252.41670
2018-10-01,1252.87070
2018-10-02,1252.87560
2018-10-03,1253.09610
2018-10-04,1253.33740
2018-10-05,1253.55760
2018-10-07,1253.99810
2018-10-08,1254.25560
2018-10-09,1254.47920
2018-10-10,1254.69770
2018-10-11,1254.95370
2018-10-14,1255.50510
2018-10-15,1255.70650
2018-10-16,1255.92820
2018-10-18,1256.35710
2018-10-19,1256.98520
2018-10-21,1256.99470
2018-10-22,1257.21750
2018-10-23,1257.43340
2018-10-24,1257.65740
2018-10-25,1257.66460
2018-10-28,1258.31390
2018-10-29,1258.50230
2018-10-30,1258.71890
2018-10-31,1259.25720
2018-11-01,1259.47190
2018-11-02,1259.68110
2018-11-04,1260.09960
2018-11-05,1260.30760
2018-11-08,1260.93560
2018-11-11,1261.56350
2018-11-12,1261.77380
2018-11-13,1261.98410
2018-11-14,1262.19360
2018-11-15,1262.40150
2018-11-16,1263.02490
2018-11-18,1263.02350
2018-11-19,1263.23380
2018-11-20,1263.44420
2018-11-21,1263.65450
2018-11-25,1264.49590
2018-11-26,1264.71950
2018-11-27,1264.88930
2018-11-28,1265.13550
2018-11-29,1265.36300
2018-11-30,1265.57080
2018-12-02,1265.98630
2018-12-03,1266.18910
2018-12-04,1266.41170
2018-12-05,1266.60840
2018-12-06,1266.81610
2018-12-09,1267.43940
2018-12-10,1267.64720
2018-12-11,1267.85000
2018-12-12,1268.06150
2018-12-13,1268.27170
2018-12-14,1268.26630
2018-12-16,1268.24830
2018-12-17,1268.45970
2018-12-18,1268.67120
2018-12-19,1268.88260
2018-12-20,1269.07060
2018-12-21,1269.71610
2018-12-23,1269.69800
2018-12-24,1270.12670
2018-12-25,1270.11760
2018-12-26,1270.33030
2018-12-27,1270.54290
2018-12-28,1271.07920
2018-12-30,1271.05480
2018-12-31,1271.27360
2019-01-01,1271.73620
2019-01-02,1271.94690
2019-01-03,1272.15760
2019-01-04,1272.37570
2019-01-06,1272.78740
2019-01-07,1273.07350
2019-01-08,1273.28160
2019-01-09,1273.48930
2019-01-10,1273.68200
2019-01-11,1274.30580
2019-01-13,1274.29100
2019-01-14,1274.50040
2019-01-15,1274.74350
2019-01-16,1274.95170
2019-01-17,1275.15990
2019-01-18,1275.37770
2019-01-20,1275.78440
2019-01-21,1275.99260
2019-01-22,1276.14040
2019-01-23,1276.35220
2019-01-24,1276.58640
2019-01-25,1277.27850
2019-01-27,1277.25400
2019-01-28,1277.45970
2019-01-29,1277.66540
2019-01-30,1277.87110
2019-01-31,1278.07680
2019-02-01,1278.68340
2019-02-03,1278.66840
2019-02-04,1278.88810
2019-02-05,1279.09330
2019-02-06,1279.30490
2019-02-07,1279.51630
2019-02-08,1279.46680
2019-02-10,1279.45170
2019-02-11,1279.60310
2019-02-12,1279.83010
2019-02-13,1280.05590
2019-02-14,1280.27920
2019-02-15,1280.90180
2019-02-17,1280.88660
2019-02-18,1281.29970
2019-02-19,1281.29210
2019-02-20,1281.51250
2019-02-21,1281.65400
2019-02-22,1282.25560
2019-02-24,1282.24040
2019-02-25,1282.48590
2019-02-26,1282.67300
2019-02-27,1282.86510
2019-02-28,1283.08170
2019-03-01,1283.94210
2019-03-04,1283.91930
2019-03-05,1284.15490
2019-03-06,1284.35550
2019-03-07,1284.54140
2019-03-08,1285.17880
2019-03-10,1285.16350
2019-03-11,1285.36790
2019-03-12,1285.58080
2019-03-13,1285.79260
2019-03-14,1285.98210
2019-03-15,1286.19020
2019-03-17,1286.60750
2019-03-18,1286.60730
2019-03-19,1286.74590
2019-03-20,1287.09340
2019-03-21,1287.09320
2019-03-22,1287.24730
2019-03-24,1287.55540
2019-03-25,1287.70950
2019-03-26,1287.86360
2019-03-27,1288.05230
2019-03-28,1288.22710
2019-03-29,1288.42630
2019-03-31,1288.82560
2019-04-01,1289.02480
2019-04-02,1289.22840
2019-04-03,1289.52230
2019-04-04,1289.72680
2019-04-05,1289.97940
2019-04-07,1290.28910
2019-04-08,1290.50500
2019-04-09,1290.70620
2019-04-10,1290.90740
2019-04-11,1291.10860
2019-04-12,1291.54270
2019-04-14,1291.61880
2019-04-15,1291.83210
2019-04-16,1292.03580
2019-04-17,1292.23960
2019-04-18,1292.44330
2019-04-19,1292.64700
2019-04-21,1293.05450
2019-04-22,1293.25830
2019-04-23,1293.45560
2019-04-24,1293.65930
2019-04-25,1293.87000
2019-04-26,1294.07350
2019-04-29,1294.68410
2019-04-30,1294.90510
2019-05-01,1295.09070
2019-05-02,1295.29410
2019-05-03,1295.49940
2019-05-05,1295.90990
2019-05-06,1296.11630
2019-05-07,1296.32160
2019-05-08,1296.52840
2019-05-09,1296.73360
2019-05-10,1296.94000
2019-05-12,1297.35160
2019-05-13,1297.55690
2019-05-14,1297.76530
2019-05-15,1297.97030
2019-05-16,1297.96950
2019-05-17,1298.56080
2019-05-19,1298.57180
2019-05-20,1298.75650
2019-05-21,1298.96420
2019-05-22,1299.15730
2019-05-23,1299.35570
2019-05-24,1299.94840
2019-05-25,1299.94940
2019-05-26,1299.95040
2019-05-27,1300.15450
2019-05-28,1300.33840
2019-05-29,1300.53980
2019-05-30,1300.79830
2019-05-31,1301.32000
2019-06-02,1301.35810
2019-06-03,1301.59760
2019-06-04,1301.81630
2019-06-05,1301.99430
2019-06-06,1302.18950
2019-06-07,1302.75270
2019-06-09,1302.78830
2019-06-10,1302.97700
2019-06-11,1303.17700
2019-06-12,1303.36500
2019-06-13,1303.39300
2019-06-14,1303.58210
2019-06-16,1303.96030
2019-06-17,1304.13620
2019-06-18,1304.30810
2019-06-19,1304.46920
2019-06-20,1304.72510
2019-06-21,1305.29240
2019-06-22,1305.29240
2019-06-23,1305.29240
2019-06-24,1305.47090
2019-06-25,1305.66140
2019-06-26,1305.85190
2019-06-27,1306.01120
2019-06-28,1306.57530
2019-06-30,1306.60430
2019-07-01,1306.78210
2019-07-02,1306.94490
2019-07-03,1307.16530
2019-07-04,1307.35350
2019-07-05,1307.89550
2019-07-07,1307.92520
2019-07-08,1308.10450
2019-07-09,1308.29100
2019-07-10,1308.48340
2019-07-11,1308.49800
2019-07-12,1308.68090
2019-07-14,1309.04660
2019-07-15,1309.22940
2019-07-16,1309.41230
2019-07-17,1309.59510
2019-07-18,1309.77800
2019-07-19,1310.38710
2019-07-21,1310.38290
2019-07-22,1310.55290
2019-07-23,1310.72300
2019-07-24,1310.89300
2019-07-25,1311.06300
2019-07-26,1311.23300
2019-07-27,1311.40300
2019-07-28,1311.57300
2019-07-29,1311.85400
2019-07-30,1312.02380
2019-07-31,1311.75090
2019-08-01,1312.29730
2019-08-02,1312.47220
2019-08-04,1312.82190
2019-08-05,1312.99680
2019-08-06,1313.17170
2019-08-07,1313.34660
2019-08-08,1313.52150
2019-08-09,1313.69640
2019-08-10,1313.87010
2019-08-12,1314.21860
2019-08-13,1314.39350
2019-08-14,1314.50670
2019-08-15,1314.49420
2019-08-16,1315.06830
2019-08-17,1315.05570
2019-08-18,1315.04310
2019-08-19,1315.27500
2019-08-20,1315.44360
2019-08-21,1315.62980
2019-08-22,1315.75190
2019-08-23,1316.33980
2019-08-24,1316.32720
2019-08-25,1316.31460
2019-08-26,1316.44670
2019-08-27,1316.62010
2019-08-28,1316.79350
2019-08-29,1316.96690
2019-08-30,1317.73720
2019-09-02,1317.69940
2019-09-03,1317.80480
2019-09-04,1318.00940
2019-09-05,1318.18920
2019-09-06,1318.36130
2019-09-08,1318.70550
2019-09-09,1318.87630
2019-09-10,1319.04840
2019-09-11,1319.21150
2019-09-12,1319.38480
2019-09-13,1319.55820
2019-09-14,1319.73160
2019-09-15,1319.90490
2019-09-16,1319.89230
2019-09-17,1320.05390
2019-09-18,1320.21550
2019-09-19,1320.37720
2019-09-20,1320.53880
2019-09-22,1320.86200
2019-09-23,1321.02360
2019-09-24,1321.18520
2019-09-25,1321.24080
2019-09-26,1321.41270
2019-09-27,1321.58580
2019-09-29,1321.93080
2019-09-30,1322.11140
2019-10-01,1322.58180
2019-10-02,1322.56920
2019-10-03,1322.74320
2019-10-04,1323.32540
2019-10-06,1323.30010
2019-10-07,1323.47150
2019-10-08,1323.64160
2019-10-09,1323.81300
2019-10-10,1323.97130
2019-10-11,1324.53370
2019-10-13,1324.50840
2019-10-14,1324.67450
2019-10-15,1324.84330
2019-10-16,1325.00550
2019-10-17,1324.97640
2019-10-18,1325.12370
2019-10-21,1325.56570
2019-10-22,1325.71300
2019-10-23,1325.86030
2019-10-24,1326.00760
2019-10-25,1326.15490
2019-10-28,1326.59450
2019-10-29,1326.76300
2019-10-30,1326.89030
2019-10-31,1327.03640
2019-11-01,1327.18260
2019-11-03,1327.47480
2019-11-04,1327.61040
2019-11-05,1327.75880
2019-11-06,1327.90380
2019-11-07,1328.04990
2019-11-08,1328.19900
2019-11-10,1328.49730
2019-11-11,1328.80850
2019-11-12,1328.79580
2019-11-13,1328.94380
2019-11-14,1328.92960
2019-11-15,1329.08980
2019-11-17,1329.41020
2019-11-18,1329.55120
2019-11-19,1329.71130
2019-11-20,1329.90820
2019-11-21,1330.06710
2019-11-22,1330.22600
2019-11-24,1330.54380
2019-11-25,1330.70270
2019-11-26,1330.86150
2019-11-27,1331.02040
2019-11-28,1331.17930
2019-11-29,1331.33820
2019-12-01,1331.65590
2019-12-02,1331.81610
2019-12-03,1331.97490
2019-12-04,1332.15940
2019-12-05,1332.30420
2019-12-06,1332.46180
2019-12-08,1332.77690
2019-12-09,1332.93450
2019-12-10,1333.09330
2019-12-11,1333.25090
2019-12-12,1333.23670
2019-12-13,1333.71720
2019-12-15,1333.72890
2019-12-16,1333.65190
2019-12-17,1333.82040
2019-12-18,1333.98100
2019-12-19,1334.20330
2019-12-20,1334.59080
2019-12-22,1334.60430
2019-12-23,1334.76490
2019-12-24,1335.18510
2019-12-25,1335.19190
2019-12-26,1335.31850
2019-12-27,1335.47310
2019-12-28,1335.62780
2019-12-29,1335.78240
2019-12-30,1335.96310
2019-12-31,1336.07590
2020-01-01,1336.35450
2020-01-02,1336.63200
2020-01-03,1336.98750
2020-01-05,1336.99370
2020-01-06,1337.14380
2020-01-07,1337.29390
2020-01-08,1337.37950
2020-01-09,1337.56350
2020-01-10,1337.95750
2020-01-11,1337.96050
2020-01-12,1337.96360
2020-01-13,1338.04360
2020-01-14,1338.15850
2020-01-15,1338.38380
2020-01-16,1338.52600
2020-01-17,1339.00630
2020-01-19,1339.01090
2020-01-20,1339.16660
2020-01-21,1339.32700
2020-01-22,1339.48500
2020-01-23,1339.61190
2020-01-24,1340.05840
2020-01-25,1340.04040
2020-01-26,1340.02250
2020-01-27,1340.17590
2020-01-28,1340.32100
2020-01-29,1340.47080
2020-01-30,1340.46850
2020-01-31,1340.61470
2020-02-02,1340.90720
2020-02-03,1340.97430
2020-02-04,1341.12420
2020-02-05,1341.27400
2020-02-06,1341.42390
2020-02-07,1341.57370
2020-02-09,1341.87210
2020-02-10,1342.02200
2020-02-11,1342.17060
2020-02-12,1342.32040
2020-02-13,1342.52500
2020-02-14,1343.01000
2020-02-16,1342.97400
2020-02-17,1343.12030
2020-02-18,1343.27050
2020-02-19,1343.42070
2020-02-20,1343.57100
2020-02-23,1344.02040
2020-02-24,1344.14860
2020-02-25,1344.30000
2020-02-26,1344.45270
2020-02-27,1344.59060
2020-02-28,1344.74450
2020-03-01,1345.05360
2020-03-02,1345.20990
2020-03-03,1345.36380
2020-03-04,1345.51650
2020-03-05,1345.46860
2020-03-06,1345.94660
2020-03-08,1345.91060
2020-03-09,1346.23220
2020-03-10,1346.21420
2020-03-11,1346.36810
2020-03-12,1346.52560
2020-03-13,1346.79570
2020-03-15,1346.99130
2020-03-16,1347.14680
2020-03-17,1347.12880
2020-03-18,1347.11080
2020-03-19,1347.09270
2020-03-20,1347.07470
2020-03-22,1347.03860
2020-03-23,1347.02060
2020-03-24,1347.00260
2020-03-25,1346.98450
2020-03-26,1346.96650
2020-03-27,1346.94850
