Date,NAV
2006-04-01,1257.51360
2006-04-02,1257.71060
2006-04-03,1258.00170
2006-04-04,1258.25720
2006-04-05,1258.48720
2006-04-06,1258.67820
2006-04-07,1258.87310
2006-04-08,1259.06820
2006-04-09,1259.26290
2006-04-10,1259.48960
2006-04-11,1259.67460
2006-04-12,1259.86380
2006-04-13,1260.09590
2006-04-14,1260.28430
2006-04-15,1260.47310
2006-04-16,1260.66200
2006-04-17,1260.85020
2006-04-18,1261.05860
2006-04-19,1261.27180
2006-04-20,1261.50060
2006-04-21,1261.71690
2006-04-22,1261.91280
2006-04-23,1262.10870
2006-04-24,1262.32460
2006-04-25,1262.52310
2006-04-26,1262.72180
2006-04-27,1262.97210
2006-04-28,1263.17330
2006-04-29,1263.37390
2006-04-30,1263.57500
2006-05-01,1263.77620
2006-05-02,1263.97810
2006-05-03,1264.19830
2006-05-04,1264.40020
2006-05-05,1264.59870
2006-05-06,1264.79870
2006-05-07,1264.99880
2006-05-08,1265.18830
2006-05-09,1265.38030
2006-05-10,1265.56940
2006-05-11,1265.75670
2006-05-12,1265.94370
2006-05-13,1266.13080
2006-05-14,1266.31790
2006-05-15,1266.50740
2006-05-16,1266.69730
2006-05-17,1266.88710
2006-05-18,1267.07700
2006-05-19,1267.26660
2006-05-20,1267.45620
2006-05-21,1267.64580
2006-05-22,1267.83750
2006-05-23,1268.02770
2006-05-24,1268.21790
2006-05-25,1268.40820
2006-05-26,1268.59630
2006-05-27,1268.78390
2006-05-28,1268.97150
2006-05-29,1269.16040
2006-05-30,1269.34930
2006-05-31,1269.53760
2006-06-01,1269.63570
2006-06-02,1269.82720
2006-06-03,1270.01870
2006-06-04,1270.21020
2006-06-05,1270.36440
2006-06-06,1270.52230
2006-06-07,1270.71110
2006-06-08,1270.90030
2006-06-09,1271.07100
2006-06-10,1271.26070
2006-06-11,1271.45030
2006-06-12,1271.63920
2006-06-13,1271.82850
2006-06-14,1272.01810
2006-06-15,1272.20840
2006-06-16,1272.39900
2006-06-17,1272.58920
2006-06-18,1272.77940
2006-06-19,1272.96950
2006-06-20,1273.16130
2006-06-21,1273.35130
2006-06-22,1273.54110
2006-06-23,1273.70280
2006-06-24,1273.89310
2006-06-25,1274.08330
2006-06-26,1274.27280
2006-06-27,1274.46400
2006-06-28,1274.65340
2006-06-29,1274.84510
2006-06-30,1275.03960
2006-07-01,1275.23410
2006-07-02,1275.42860
2006-07-03,1275.62380
2006-07-04,1275.81840
2006-07-05,1276.01300
2006-07-06,1276.20740
2006-07-07,1276.39950
2006-07-08,1276.59150
2006-07-09,1276.78370
2006-07-10,1276.97680
2006-07-11,1277.16870
2006-07-12,1277.36120
2006-07-13,1277.55360
2006-07-14,1277.74530
2006-07-15,1277.93710
2006-07-16,1278.12890
2006-07-17,1278.32070
2006-07-18,1278.51210
2006-07-19,1278.70420
2006-07-20,1278.89960
2006-07-21,1279.09140
2006-07-22,1279.28310
2006-07-23,1279.47490
2006-07-24,1279.66690
2006-07-25,1279.85950
2006-07-26,1280.05470
2006-07-27,1280.25180
2006-07-28,1280.44650
2006-07-29,1280.64140
2006-07-30,1280.83630
2006-07-31,1281.03040
2006-08-01,1281.22680
2006-08-02,1281.42340
2006-08-03,1281.61970
2006-08-04,1281.81530
2006-08-05,1282.01080
2006-08-06,1282.20640
2006-08-07,1282.40250
2006-08-08,1282.59790
2006-08-09,1282.79390
2006-08-10,1282.99010
2006-08-11,1283.18450
2006-08-12,1283.37900
2006-08-13,1283.57330
2006-08-14,1283.76780
2006-08-15,1283.96230
2006-08-16,1284.15680
2006-08-17,1284.35190
2006-08-18,1284.54760
2006-08-19,1284.74320
2006-08-20,1284.93780
2006-08-21,1285.13500
2006-08-22,1285.33260
2006-08-23,1285.53000
2006-08-24,1285.72930
2006-08-25,1285.92610
2006-08-26,1286.12310
2006-08-27,1286.31980
2006-08-28,1286.51730
2006-08-29,1286.71860
2006-08-30,1286.92050
2006-08-31,1287.12190
2006-09-01,1287.32720
2006-09-02,1287.53230
2006-09-03,1287.73760
2006-09-04,1287.94420
2006-09-05,1288.15090
2006-09-06,1288.36050
2006-09-07,1288.57090
2006-09-08,1288.78140
2006-09-09,1288.99200
2006-09-10,1289.20260
2006-09-11,1289.41450
2006-09-12,1289.62720
2006-09-13,1289.84070
2006-09-14,1290.05450
2006-09-15,1290.26980
2006-09-16,1290.48550
2006-09-17,1290.70100
2006-09-18,1290.91960
2006-09-19,1291.13350
2006-09-20,1291.35390
2006-09-21,1291.57870
2006-09-22,1291.80370
2006-09-23,1292.02810
2006-09-24,1292.25260
2006-09-25,1292.47840
2006-09-26,1292.70630
2006-09-27,1292.93540
2006-09-28,1293.16370
2006-09-29,1293.39700
2006-09-30,1293.63040
2006-10-01,1293.86360
2006-10-02,1294.09710
2006-10-03,1294.32710
2006-10-04,1294.55860
2006-10-05,1294.79020
2006-10-06,1295.02330
2006-10-07,1295.25630
2006-10-08,1295.48930
2006-10-09,1295.72250
2006-10-10,1295.95520
2006-10-11,1296.18870
2006-10-12,1296.42230
2006-10-13,1296.65600
2006-10-14,1296.88960
2006-10-15,1297.12320
2006-10-16,1297.35530
2006-10-17,1297.58920
2006-10-18,1297.81420
2006-10-19,1298.04850
2006-10-20,1298.28610
2006-10-21,1298.52140
2006-10-22,1298.75670
2006-10-23,1299.00110
2006-10-24,1299.24610
2006-10-25,1299.49110
2006-10-26,1299.73520
2006-10-27,1299.98060
2006-10-28,1300.22510
2006-10-29,1300.46960
2006-10-30,1300.71800
2006-10-31,1300.97520
2006-11-01,1301.23200
2006-11-02,1301.48900
2006-11-03,1301.74580
2006-11-04,1302.00290
2006-11-05,1302.25990
2006-11-06,1302.50180
2006-11-07,1302.74840
2006-11-08,1302.99340
2006-11-09,1303.23520
2006-11-10,1303.48080
2006-11-11,1303.72670
2006-11-12,1303.97260
2006-11-13,1304.21830
2006-11-14,1304.47100
2006-11-15,1304.72460
2006-11-16,1304.97830
2006-11-17,1305.23250
2006-11-18,1305.48670
2006-11-19,1305.74100
2006-11-20,1305.99780
2006-11-21,1306.25060
2006-11-22,1306.50120
2006-11-23,1306.74930
2006-11-24,1306.99710
2006-11-25,1307.24510
2006-11-26,1307.49320
2006-11-27,1307.73460
2006-11-28,1307.97600
2006-11-29,1308.21630
2006-11-30,1308.46400
2006-12-01,1308.71060
2006-12-02,1308.95720
2006-12-03,1309.20380
2006-12-04,1309.45020
2006-12-05,1309.69670
2006-12-06,1309.94440
2006-12-07,1310.19230
2006-12-08,1310.44030
2006-12-09,1310.68840
2006-12-10,1310.93670
2006-12-11,1311.17950
2006-12-12,1311.43110
2006-12-13,1311.68520
2006-12-14,1311.93380
2006-12-15,1312.18800
2006-12-16,1312.45160
2006-12-17,1312.71540
2006-12-18,1312.97410
2006-12-19,1313.22930
2006-12-20,1313.49060
2006-12-21,1313.75340
2006-12-22,1314.01820
2006-12-23,1314.28880
2006-12-24,1314.55940
2006-12-25,1314.83000
2006-12-26,1315.10670
2006-12-27,1315.39360
2006-12-28,1315.68020
2006-12-29,1315.96480
2006-12-30,1316.24680
2006-12-31,1316.52880
2007-01-01,1316.81080
2007-01-02,1317.08700
2007-01-03,1317.35420
2007-01-04,1317.62000
2007-01-05,1317.88810
2007-01-06,1318.15540
2007-01-07,1318.42270
2007-01-08,1318.69130
2007-01-09,1318.96030
2007-01-10,1319.22880
2007-01-11,1319.49710
2007-01-12,1319.76390
2007-01-15,1320.56880
2007-01-16,1320.83450
2007-01-17,1321.10020
2007-01-18,1321.36830
2007-01-19,1321.63630
2007-01-20,1321.90280
2007-01-21,1322.17090
2007-01-22,1322.43970
2007-01-23,1322.70600
2007-01-24,1322.97310
2007-01-25,1323.23930
2007-01-26,1323.50800
2007-01-27,1323.77560
2007-01-28,1324.04320
2007-01-29,1324.30650
2007-01-30,1324.57140
2007-01-31,1324.83700
2007-02-01,1325.10250
2007-02-02,1325.37050
2007-02-03,1325.63960
2007-02-04,1325.90870
2007-02-05,1326.17740
2007-02-06,1326.43770
2007-02-07,1326.70050
2007-02-08,1326.95590
2007-02-09,1327.21540
2007-02-10,1327.47270
2007-02-11,1327.73240
2007-02-12,1327.98880
2007-02-13,1328.24600
2007-02-14,1328.50800
2007-02-15,1328.77700
2007-02-16,1329.04990
2007-02-17,1329.32260
2007-02-18,1329.59540
2007-02-19,1329.87080
2007-02-20,1330.14990
2007-02-21,1330.42820
2007-02-22,1330.69690
2007-02-23,1330.96220
2007-02-24,1331.22640
2007-02-25,1331.49050
2007-02-26,1331.75670
2007-02-27,1332.02040
2007-02-28,1332.28900
2007-03-01,1332.55740
2007-03-02,1332.83270
2007-03-03,1333.10850
2007-03-04,1333.38440
2007-03-05,1333.65420
2007-03-06,1333.92540
2007-03-07,1334.19800
2007-03-08,1334.47170
2007-03-09,1334.75590
2007-03-10,1335.03960
2007-03-11,1335.32320
2007-03-12,1335.60660
2007-03-13,1335.88970
2007-03-14,1336.17290
2007-03-15,1336.46420
2007-03-16,1336.77100
2007-03-17,1337.08360
2007-03-18,1337.39630
2007-03-19,1337.70890
2007-03-20,1338.04970
2007-03-21,1338.47910
2007-03-22,1338.81790
2007-03-23,1339.12090
2007-03-24,1339.44040
2007-03-25,1339.76000
2007-03-26,1340.07810
2007-03-27,1340.39670
2007-03-28,1340.73150
2007-03-29,1341.03990
2007-03-30,1341.46740
2007-03-31,1341.89530
2007-04-01,1342.32350
2007-04-02,1342.75190
2007-04-03,1343.06860
2007-04-04,1343.36970
2007-04-05,1343.66560
2007-04-06,1343.96160
2007-04-07,1344.25770
2007-04-08,1344.55370
2007-04-09,1344.84870
2007-04-10,1345.14270
2007-04-11,1345.43450
2007-04-12,1345.72260
2007-04-13,1346.02040
2007-04-14,1346.31820
2007-04-15,1346.61610
2007-04-16,1346.91530
2007-04-17,1347.22360
2007-04-18,1347.52840
2007-04-19,1347.83100
2007-04-20,1348.13420
2007-04-21,1348.43860
2007-04-22,1348.74290
2007-04-23,1349.04550
2007-04-24,1349.34770
2007-04-25,1349.64560
2007-04-26,1349.94470
2007-04-27,1350.27540
2007-04-28,1350.58990
2007-04-29,1350.90440
2007-04-30,1351.21120
2007-05-01,1351.51770
2007-05-02,1351.82410
2007-05-03,1352.12620
2007-05-04,1352.42560
2007-05-05,1352.72370
2007-05-06,1353.02160
2007-05-07,1353.31670
2007-05-08,1353.60620
2007-05-09,1353.88960
2007-05-10,1354.17510
2007-05-11,1354.46160
2007-05-12,1354.75440
2007-05-13,1355.04720
2007-05-14,1355.34660
2007-05-15,1355.64710
2007-05-16,1355.94630
2007-05-17,1356.24510
2007-05-18,1356.54330
2007-05-19,1356.84180
2007-05-20,1357.14040
2007-05-21,1357.43240
2007-05-22,1357.71800
2007-05-23,1358.00760
2007-05-24,1358.29990
2007-05-25,1358.59320
2007-05-26,1358.88700
2007-05-27,1359.18090
2007-05-28,1359.47070
2007-05-29,1359.75280
2007-05-30,1360.03430
2007-05-31,1360.31240
2007-06-01,1360.59060
2007-06-02,1360.86890
2007-06-03,1361.14680
2007-06-04,1361.42460
2007-06-05,1361.69640
2007-06-06,1361.96830
2007-06-07,1362.23970
2007-06-08,1362.51190
2007-06-09,1362.78550
2007-06-10,1363.06320
2007-06-11,1363.34240
2007-06-12,1363.62110
2007-06-13,1363.86980
2007-06-14,1364.12720
2007-06-15,1364.39290
2007-06-16,1364.65630
2007-06-17,1364.92120
2007-06-18,1365.18840
2007-06-19,1365.45540
2007-06-20,1365.71630
2007-06-21,1365.97550
2007-06-22,1366.23770
2007-06-23,1366.51010
2007-06-24,1366.78240
2007-06-25,1367.06340
2007-06-26,1367.34510
2007-06-27,1367.63110
2007-06-28,1367.92110
2007-06-29,1368.21020
2007-06-30,1368.49230
2007-07-01,1368.77430
2007-07-02,1369.04810
2007-07-03,1369.32820
2007-07-04,1369.60100
2007-07-05,1369.87330
2007-07-06,1370.14490
2007-07-07,1370.42490
2007-07-08,1370.70480
2007-07-09,1370.97960
2007-07-10,1371.24950
2007-07-11,1371.50780
2007-07-12,1371.77270
2007-07-13,1372.03830
2007-07-14,1372.30420
2007-07-15,1372.57010
2007-07-16,1372.83570
2007-07-17,1373.10140
2007-07-18,1373.36690
2007-07-19,1373.63230
2007-07-20,1373.89640
2007-07-21,1374.16150
2007-07-22,1374.42670
2007-07-23,1374.69100
2007-07-24,1374.95550
2007-07-25,1375.21940
2007-07-26,1375.47700
2007-07-27,1375.75990
2007-07-28,1376.04280
2007-07-29,1376.32580
2007-07-30,1376.60330
2007-07-31,1376.88720
2007-08-01,1377.17090
2007-08-02,1377.45440
2007-08-03,1377.73830
2007-08-04,1378.02220
2007-08-05,1378.30610
2007-08-06,1378.59070
2007-08-07,1378.86500
2007-08-08,1379.13810
2007-08-09,1379.40970
2007-08-10,1379.68190
2007-08-11,1379.95400
2007-08-12,1380.22600
2007-08-13,1380.49820
2007-08-14,1380.77430
2007-08-15,1381.05050
2007-08-16,1381.32660
2007-08-17,1381.60210
2007-08-18,1381.88670
2007-08-19,1382.17130
2007-08-20,1382.45590
2007-08-21,1382.72800
2007-08-22,1383.00040
2007-08-23,1383.27250
2007-08-24,1383.54710
2007-08-25,1383.82160
2007-08-26,1384.09600
2007-08-27,1384.36970
2007-08-28,1384.64330
2007-08-29,1384.91660
2007-08-30,1385.19080
2007-08-31,1385.47520
2007-09-01,1385.75330
2007-09-02,1386.03140
2007-09-03,1386.31270
2007-09-04,1386.58640
2007-09-05,1386.86000
2007-09-06,1387.13400
2007-09-07,1387.40770
2007-09-08,1387.68160
2007-09-09,1387.95560
2007-09-10,1388.22430
2007-09-11,1388.49310
2007-09-12,1388.76220
2007-09-13,1389.04360
2007-09-14,1389.32690
2007-09-15,1389.61030
2007-09-16,1389.89360
2007-09-17,1390.17660
2007-09-18,1390.45730
2007-09-19,1390.73970
2007-09-20,1391.01820
2007-09-21,1391.30400
2007-09-22,1391.59360
2007-09-23,1391.88320
2007-09-24,1392.16940
2007-09-25,1392.44850
2007-09-26,1392.72680
2007-09-27,1393.01000
2007-09-28,1393.30480
2007-09-29,1393.60020
2007-09-30,1393.89560
2007-10-01,1394.18240
2007-10-02,1394.46920
2007-10-03,1394.75350
2007-10-04,1395.03810
2007-10-05,1395.31880
2007-10-06,1395.59990
2007-10-07,1395.88060
2007-10-08,1396.16550
2007-10-09,1396.45000
2007-10-10,1396.73450
2007-10-11,1397.02420
2007-10-12,1397.31630
2007-10-13,1397.60990
2007-10-14,1397.90340
2007-10-15,1398.19530
2007-10-16,1398.48780
2007-10-17,1398.78150
2007-10-18,1399.07380
2007-10-19,1399.36600
2007-10-20,1399.65830
2007-10-21,1399.95050
2007-10-22,1400.24270
2007-10-23,1400.53480
2007-10-24,1400.82730
2007-10-25,1401.12010
2007-10-26,1401.41240
2007-10-27,1401.70490
2007-10-28,1401.99740
2007-10-29,1402.28990
2007-10-30,1402.58690
2007-10-31,1402.88420
2007-11-01,1403.18310
2007-11-02,1403.48040
2007-11-03,1403.77760
2007-11-04,1404.07490
2007-11-05,1404.37300
2007-11-06,1404.67810
2007-11-07,1404.98320
2007-11-08,1405.28810
2007-11-09,1405.59300
2007-11-10,1405.89800
2007-11-11,1406.20290
2007-11-12,1406.50830
2007-11-13,1406.81610
2007-11-14,1407.12340
2007-11-15,1407.43090
2007-11-16,1407.73820
2007-11-17,1408.04550
2007-11-18,1408.35280
2007-11-19,1408.66010
2007-11-20,1408.96720
2007-11-21,1409.27230
2007-11-22,1409.57040
2007-11-23,1409.86420
2007-11-24,1410.15790
2007-11-25,1410.45170
2007-11-26,1410.75000
2007-11-27,1411.05000
2007-11-28,1411.35000
2007-11-29,1411.65000
2007-11-30,1411.94910
2007-12-01,1412.24850
2007-12-02,1412.54790
2007-12-03,1412.84460
2007-12-04,1413.14110
2007-12-05,1413.43320
2007-12-06,1413.72010
2007-12-07,1413.99800
2007-12-08,1414.28520
2007-12-09,1414.57230
2007-12-10,1414.86420
2007-12-11,1415.15680
2007-12-12,1415.45250
2007-12-13,1415.75160
2007-12-14,1416.05050
2007-12-15,1416.34890
2007-12-16,1416.64740
2007-12-17,1416.94530
2007-12-18,1417.24080
2007-12-19,1417.53600
2007-12-20,1417.83780
2007-12-21,1418.13960
2007-12-22,1418.43690
2007-12-23,1418.73410
2007-12-24,1419.03360
2007-12-25,1419.33310
2007-12-26,1419.63390
2007-12-27,1419.93630
2007-12-28,1420.23820
2007-12-29,1420.54000
2007-12-30,1420.84180
2007-12-31,1421.14010
2008-01-01,1421.43920
2008-01-02,1421.73640
2008-01-03,1422.03150
2008-01-04,1422.33000
2008-01-05,1422.63010
2008-01-06,1422.93020
2008-01-07,1423.22350
2008-01-08,1423.51650
2008-01-09,1423.80950
2008-01-10,1424.10250
2008-01-11,1424.39550
2008-01-12,1424.68860
2008-01-13,1424.98170
2008-01-14,1425.27470
2008-01-15,1425.56760
2008-01-16,1425.86040
2008-01-17,1426.15170
2008-01-18,1426.44290
2008-01-19,1426.73440
2008-01-20,1427.02590
2008-01-21,1427.33490
2008-01-22,1427.64150
2008-01-23,1427.95080
2008-01-24,1428.26050
2008-01-25,1428.57030
2008-01-26,1428.88010
2008-01-27,1429.18990
2008-01-28,1429.49840
2008-01-29,1429.84510
2008-01-30,1430.17990
2008-01-31,1430.51460
2008-02-01,1430.84650
2008-02-02,1431.16720
2008-02-03,1431.48800
2008-02-04,1431.80650
2008-02-05,1432.13240
2008-02-06,1432.45530
2008-02-07,1432.76400
2008-02-08,1433.07260
2008-02-09,1433.38140
2008-02-10,1433.69020
2008-02-11,1433.99780
2008-02-12,1434.30510
2008-02-13,1434.61260
2008-02-14,1434.91140
2008-02-15,1435.21030
2008-02-16,1435.51010
2008-02-17,1435.80990
2008-02-18,1436.11040
2008-02-19,1436.41110
2008-02-20,1436.71120
2008-02-21,1437.01150
2008-02-22,1437.31090
2008-02-23,1437.61230
2008-02-24,1437.91370
2008-02-25,1438.21440
2008-02-26,1438.51280
2008-02-27,1438.81720
2008-02-28,1439.11440
2008-02-29,1439.40290
2008-03-01,1439.69270
2008-03-02,1439.98250
2008-03-03,1440.27510
2008-03-04,1440.57680
2008-03-05,1440.88700
2008-03-06,1441.18410
2008-03-07,1441.48030
2008-03-08,1441.77690
2008-03-09,1442.07340
2008-03-10,1442.36550
2008-03-11,1442.65090
2008-03-12,1442.95430
2008-03-13,1443.26090
2008-03-14,1443.56810
2008-03-15,1443.83970
2008-03-16,1444.14450
2008-03-17,1444.45020
2008-03-18,1444.75560
2008-03-19,1445.06830
2008-03-20,1445.38110
2008-03-21,1445.69390
2008-03-22,1446.00670
2008-03-23,1446.31940
2008-03-24,1446.63280
2008-03-25,1446.95810
2008-03-26,1447.28540
2008-03-27,1447.61330
2008-03-28,1447.94540
2008-03-29,1448.28270
2008-03-30,1448.61990
2008-03-31,1448.95580
2008-04-01,1449.29180
2008-04-02,1449.62460
2008-04-03,1449.95070
2008-04-04,1450.27530
2008-04-05,1450.59990
2008-04-06,1450.92460
2008-04-07,1451.24800
2008-04-08,1451.57030
2008-04-09,1451.89230
2008-04-10,1452.21370
2008-04-11,1452.53690
2008-04-12,1452.86290
2008-04-13,1453.18890
2008-04-14,1453.51500
2008-04-15,1453.83840
2008-04-16,1454.16200
2008-04-17,1454.48740
2008-04-18,1454.81170
2008-04-19,1455.13760
2008-04-20,1455.46360
2008-04-21,1455.78820
2008-04-22,1456.11520
2008-04-23,1456.44350
2008-04-24,1456.77150
2008-04-25,1457.12760
2008-04-26,1457.48350
2008-04-27,1457.83930
2008-04-28,1458.16440
2008-04-29,1458.41400
2008-04-30,1458.66470
2008-05-01,1458.91470
2008-05-02,1459.16130
2008-05-03,1459.40830
2008-05-04,1459.65540
2008-05-05,1459.90010
2008-05-06,1460.13210
2008-05-07,1460.44770
2008-05-08,1460.76340
2008-05-09,1461.07600
2008-05-10,1461.39320
2008-05-11,1461.71030
2008-05-12,1462.02520
2008-05-13,1462.34000
2008-05-14,1462.65500
2008-05-15,1462.97420
2008-05-16,1463.29840
2008-05-17,1463.61740
2008-05-18,1463.93640
2008-05-19,1464.25030
2008-05-20,1464.56100
2008-05-21,1464.87420
2008-05-22,1465.18460
2008-05-23,1465.49430
2008-05-24,1465.81060
2008-05-25,1466.12680
2008-05-26,1466.44380
2008-05-27,1466.76070
2008-05-28,1467.08020
2008-05-29,1467.40220
2008-05-30,1467.72420
2008-05-31,1468.04590
2008-06-01,1468.36770
2008-06-02,1468.68540
2008-06-03,1468.99420
2008-06-04,1469.30260
2008-06-05,1469.61170
2008-06-06,1469.92170
2008-06-07,1470.23650
2008-06-08,1470.55120
2008-06-09,1470.86710
2008-06-10,1471.18790
2008-06-11,1471.50770
2008-06-12,1471.82950
2008-06-13,1472.15070
2008-06-14,1472.47260
2008-06-15,1472.79460
2008-06-16,1473.11660
2008-06-17,1473.44100
2008-06-18,1473.76530
2008-06-19,1474.08960
2008-06-20,1474.41130
2008-06-21,1474.73600
2008-06-22,1475.06060
2008-06-23,1475.38650
2008-06-24,1475.71380
2008-06-25,1476.05190
2008-06-26,1476.39090
2008-06-27,1476.73620
2008-06-28,1477.08140
2008-06-29,1477.42660
2008-06-30,1477.77190
2008-07-01,1478.11710
2008-07-02,1478.46190
2008-07-03,1478.80590
2008-07-04,1479.15060
2008-07-05,1479.49540
2008-07-06,1479.84010
2008-07-07,1480.18450
2008-07-08,1480.53140
2008-07-09,1480.87550
2008-07-10,1481.21950
2008-07-11,1481.55160
2008-07-12,1481.88340
2008-07-13,1482.21520
2008-07-14,1482.54720
2008-07-15,1482.87890
2008-07-16,1483.21050
2008-07-17,1483.54210
2008-07-18,1483.87380
2008-07-19,1484.20750
2008-07-20,1484.54120
2008-07-21,1484.87830
2008-07-22,1485.21560
2008-07-23,1485.55350
2008-07-24,1485.89030
2008-07-25,1486.22540
2008-07-26,1486.56030
2008-07-27,1486.89530
2008-07-28,1487.22830
2008-07-29,1487.55950
2008-07-30,1487.89360
2008-07-31,1488.22300
2008-08-01,1488.54120
2008-08-02,1488.87050
2008-08-03,1489.19990
2008-08-04,1489.53360
2008-08-05,1489.86710
2008-08-06,1490.20030
2008-08-07,1490.53960
2008-08-08,1490.87950
2008-08-09,1491.21950
2008-08-10,1491.55940
2008-08-11,1491.89920
2008-08-12,1492.23920
2008-08-13,1492.57940
2008-08-14,1492.91960
2008-08-15,1493.25970
2008-08-16,1493.59990
2008-08-17,1493.94010
2008-08-18,1494.28060
2008-08-19,1494.62110
2008-08-20,1494.96190
2008-08-21,1495.30290
2008-08-22,1495.64340
2008-08-23,1495.98370
2008-08-24,1496.32410
2008-08-25,1496.66490
2008-08-26,1497.00420
2008-08-27,1497.34340
2008-08-28,1497.68100
2008-08-29,1498.01150
2008-08-30,1498.35240
2008-08-31,1498.69340
2008-09-01,1499.03510
2008-09-02,1499.37590
2008-09-03,1499.71680
2008-09-04,1500.05730
2008-09-05,1500.39800
2008-09-06,1500.73900
2008-09-07,1501.08010
2008-09-08,1501.41880
2008-09-09,1501.74390
2008-09-10,1502.08320
2008-09-11,1502.42480
2008-09-12,1502.74370
2008-09-13,1503.09120
2008-09-14,1503.43880
2008-09-15,1503.79400
2008-09-16,1504.16120
2008-09-17,1504.51420
2008-09-18,1504.87210
2008-09-19,1505.23670
2008-09-20,1505.59720
2008-09-21,1505.95770
2008-09-22,1506.32640
2008-09-23,1506.69800
2008-09-24,1507.06830
2008-09-25,1507.44840
2008-09-26,1507.83710
2008-09-27,1508.22640
2008-09-28,1508.61570
2008-09-29,1509.01830
2008-09-30,1509.42100
2008-10-01,1509.83830
2008-10-02,1510.25550
2008-10-03,1510.67800
2008-10-04,1511.09260
2008-10-05,1511.50730
2008-10-06,1511.91310
2008-10-07,1512.31600
2008-10-08,1512.72460
2008-10-09,1513.13310
2008-10-10,1513.58520
2008-10-11,1514.00840
2008-10-12,1514.43170
2008-10-13,1514.82900
2008-10-14,1515.23030
2008-10-15,1515.64200
2008-10-16,1516.04910
2008-10-17,1516.45480
2008-10-18,1516.85930
2008-10-19,1517.26370
2008-10-20,1517.66960
2008-10-21,1518.07480
2008-10-22,1518.47890
2008-10-23,1518.91450
2008-10-24,1519.34060
2008-10-25,1519.76680
2008-10-26,1520.19310
2008-10-27,1520.61750
2008-10-28,1521.04190
2008-10-29,1521.46640
2008-10-30,1521.89080
2008-10-31,1522.31560
2008-11-01,1522.74050
2008-11-02,1523.16520
2008-11-03,1523.58910
2008-11-04,1524.01340
2008-11-05,1524.43670
2008-11-06,1524.85130
2008-11-07,1525.25180
2008-11-08,1525.65240
2008-11-09,1526.05290
2008-11-10,1526.45380
2008-11-11,1526.85760
2008-11-12,1527.26140
2008-11-13,1527.66510
2008-11-14,1528.06840
2008-11-15,1528.47190
2008-11-16,1528.87540
2008-11-17,1529.27830
2008-11-18,1529.67730
2008-11-19,1530.07590
2008-11-20,1530.47360
2008-11-21,1530.87170
2008-11-22,1531.26980
2008-11-23,1531.66790
2008-11-24,1532.06600
2008-11-25,1532.46400
2008-11-26,1532.86210
2008-11-27,1533.26010
2008-11-28,1533.65850
2008-11-29,1534.05680
2008-11-30,1534.45510
2008-12-01,1534.85020
2008-12-02,1535.24480
2008-12-03,1535.64220
2008-12-04,1536.03700
2008-12-05,1536.43190
2008-12-06,1536.82660
2008-12-07,1537.22130
2008-12-08,1537.61340
2008-12-09,1538.00500
2008-12-10,1538.38400
2008-12-11,1538.76520
2008-12-12,1539.14830
2008-12-13,1539.53210
2008-12-14,1539.91590
2008-12-15,1540.30480
2008-12-16,1540.69450
2008-12-17,1541.08460
2008-12-18,1541.47440
2008-12-19,1541.86770
2008-12-20,1542.26110
2008-12-21,1542.65440
2008-12-22,1543.04510
2008-12-23,1543.43680
2008-12-24,1543.82180
2008-12-25,1544.20670
2008-12-26,1544.58940
2008-12-27,1544.97130
2008-12-28,1545.35330
2008-12-29,1545.75860
2008-12-30,1546.15610
2008-12-31,1546.55350
2009-01-01,1546.95110
2009-01-02,1547.34850
2009-01-03,1547.74590
2009-01-04,1548.14330
2009-01-05,1548.50770
2009-01-06,1548.87790
2009-01-07,1549.24820
2009-01-08,1549.61840
2009-01-09,1549.99010
2009-01-10,1550.36190
2009-01-11,1550.73370
2009-01-12,1551.10650
2009-01-13,1551.48100
2009-01-14,1551.86650
2009-01-15,1552.25190
2009-01-16,1552.63980
2009-01-17,1553.01660
2009-01-18,1553.39350
2009-01-19,1553.77610
2009-01-20,1554.15890
2009-01-21,1554.54010
2009-01-22,1555.26890
2009-01-23,1555.82190
2009-01-24,1556.21360
2009-01-25,1556.60520
2009-01-26,1556.99690
2009-01-27,1557.38660
2009-01-28,1557.76600
2009-01-29,1558.13250
2009-01-30,1558.47710
2009-01-31,1558.82170
2009-02-01,1559.16630
2009-02-02,1559.51130
2009-02-03,1559.85610
2009-02-04,1560.19650
2009-02-05,1560.53620
2009-02-06,1560.87570
2009-02-07,1561.21520
2009-02-08,1561.55470
2009-02-09,1561.89450
2009-02-10,1562.23450
2009-02-11,1562.57470
2009-02-12,1562.91510
2009-02-13,1563.27900
2009-02-14,1563.64280
2009-02-15,1564.00670
2009-02-16,1564.36970
2009-02-17,1564.70030
2009-02-18,1565.07420
2009-02-19,1565.44830
2009-02-20,1565.82240
2009-02-21,1566.19660
2009-02-22,1566.57080
2009-02-23,1566.94500
2009-02-24,1567.31880
2009-02-25,1567.69270
2009-02-26,1568.06540
2009-02-27,1568.43760
2009-02-28,1568.80990
2009-03-01,1569.18220
2009-03-02,1569.55490
2009-03-03,1569.92830
2009-03-04,1570.30160
2009-03-05,1570.65720
2009-03-06,1571.01200
2009-03-07,1571.36660
2009-03-08,1571.72130
2009-03-09,1572.13370
2009-03-10,1572.49480
2009-03-11,1572.85580
2009-03-12,1573.21400
2009-03-13,1573.57580
2009-03-14,1573.94010
2009-03-15,1574.30440
2009-03-16,1574.67190
2009-03-17,1575.02750
2009-03-18,1575.38340
2009-03-19,1575.73840
2009-03-20,1576.09320
2009-03-21,1576.44330
2009-03-22,1576.79340
2009-03-23,1577.14860
2009-03-24,1577.49920
2009-03-25,1577.84370
2009-03-26,1578.19110
2009-03-27,1578.54000
2009-03-28,1578.88760
2009-03-29,1579.23530
2009-03-30,1579.55710
2009-03-31,1579.87570
2009-04-01,1580.19420
2009-04-02,1580.51820
2009-04-03,1580.84230
2009-04-04,1581.16040
2009-04-05,1581.47860
2009-04-06,1581.80260
2009-04-07,1582.11690
2009-04-08,1582.43240
2009-04-09,1582.74460
2009-04-10,1583.05750
2009-04-11,1583.37040
2009-04-12,1583.68330
2009-04-13,1583.99510
2009-04-14,1584.30700
2009-04-15,1584.62010
2009-04-16,1584.96540
2009-04-17,1585.28360
2009-04-18,1585.60180
2009-04-19,1585.92010
2009-04-20,1586.23700
2009-04-21,1586.55380
2009-04-22,1586.86110
2009-04-23,1587.16610
2009-04-24,1587.47630
2009-04-25,1587.78590
2009-04-26,1588.09550
2009-04-27,1588.40550
2009-04-28,1588.71160
2009-04-29,1589.01750
2009-04-30,1589.32350
2009-05-01,1589.62950
2009-05-02,1589.93550
2009-05-03,1590.24140
2009-05-04,1590.54650
2009-05-05,1590.85220
2009-05-06,1591.15980
2009-05-07,1591.47020
2009-05-08,1591.78080
2009-05-09,1592.09140
2009-05-10,1592.40210
2009-05-11,1592.71320
2009-05-12,1593.02270
2009-05-13,1593.33160
2009-05-14,1593.63980
2009-05-15,1593.94770
2009-05-16,1594.25560
2009-05-17,1594.56350
2009-05-18,1594.87200
2009-05-19,1595.18150
2009-05-20,1595.48110
2009-05-21,1595.79220
2009-05-22,1596.10310
2009-05-23,1596.41410
2009-05-24,1596.72520
2009-05-25,1597.03630
2009-05-26,1597.34760
2009-05-27,1597.65570
2009-05-28,1597.96410
2009-05-29,1598.27260
2009-05-30,1598.58110
2009-05-31,1598.88960
2009-06-01,1599.18960
2009-06-02,1599.48960
2009-06-03,1599.78970
2009-06-04,1600.08960
2009-06-05,1600.38970
2009-06-06,1600.68940
2009-06-07,1600.98880
2009-06-08,1601.28870
2009-06-09,1601.58260
2009-06-10,1601.87190
2009-06-11,1602.16450
2009-06-12,1602.45440
2009-06-13,1602.74390
2009-06-14,1603.03380
2009-06-15,1603.30920
2009-06-16,1603.55340
2009-06-17,1603.81940
2009-06-18,1604.06550
2009-06-19,1604.33340
2009-06-20,1604.60130
2009-06-21,1604.86920
2009-06-22,1605.13780
2009-06-23,1605.40650
2009-06-24,1605.67560
2009-06-25,1605.98880
2009-06-26,1606.30290
2009-06-27,1606.61330
2009-06-28,1606.92360
2009-06-29,1607.23590
2009-06-30,1607.56500
2009-07-01,1607.89410
2009-07-02,1608.22320
2009-07-03,1608.55220
2009-07-04,1608.88110
2009-07-05,1609.21010
2009-07-06,1609.53880
2009-07-07,1609.80790
2009-07-08,1610.08300
2009-07-09,1610.36070
2009-07-10,1610.63840
2009-07-11,1610.91600
2009-07-12,1611.19360
2009-07-13,1611.47120
2009-07-14,1611.74890
2009-07-15,1612.02660
2009-07-16,1612.30310
2009-07-17,1612.58090
2009-07-18,1612.85890
2009-07-19,1613.13680
2009-07-20,1613.41480
2009-07-21,1613.69400
2009-07-22,1613.97190
2009-07-23,1614.25040
2009-07-24,1614.52840
2009-07-25,1614.80650
2009-07-26,1615.08460
2009-07-27,1615.36430
2009-07-28,1615.64640
2009-07-29,1615.92860
2009-07-30,1616.20990
2009-07-31,1616.49110
2009-08-01,1616.77240
2009-08-02,1617.05370
2009-08-03,1617.31500
2009-08-04,1617.57020
2009-08-05,1617.82390
2009-08-06,1618.06600
2009-08-07,1618.31740
2009-08-08,1618.56940
2009-08-09,1618.82130
2009-08-10,1619.07550
2009-08-11,1619.32940
2009-08-12,1619.57970
2009-08-13,1619.83020
2009-08-14,1620.07770
2009-08-15,1620.32510
2009-08-16,1620.57260
2009-08-17,1620.82400
2009-08-18,1621.07520
2009-08-19,1621.32650
2009-08-20,1621.57790
2009-08-21,1621.82950
2009-08-22,1622.08120
2009-08-23,1622.33290
2009-08-24,1622.58310
2009-08-25,1622.83640
2009-08-26,1623.08870
2009-08-27,1623.33880
2009-08-28,1623.58550
2009-08-29,1623.83330
2009-08-30,1624.08110
2009-08-31,1624.33590
2009-09-01,1624.59010
2009-09-02,1624.84360
2009-09-03,1625.07810
2009-09-04,1625.30940
2009-09-05,1625.55970
2009-09-06,1625.79470
2009-09-07,1626.02930
2009-09-08,1626.26330
2009-09-09,1626.49550
2009-09-10,1626.73070
2009-09-11,1626.96090
2009-09-12,1627.18990
2009-09-13,1627.41890
2009-09-14,1627.64900
2009-09-15,1627.87840
2009-09-16,1628.10850
2009-09-17,1628.32070
2009-09-18,1628.53270
2009-09-19,1628.75680
2009-09-20,1628.98090
2009-09-21,1629.19230
2009-09-22,1629.35560
2009-09-23,1629.51890
2009-09-24,1629.69770
2009-09-25,1629.87480
2009-09-26,1630.05320
2009-09-27,1630.23170
2009-09-28,1630.41010
2009-09-29,1630.59200
2009-09-30,1630.77560
2009-10-01,1630.94500
2009-10-02,1631.11440
2009-10-03,1631.28290
2009-10-04,1631.45140
2009-10-05,1631.61890
2009-10-06,1631.78250
2009-10-07,1631.94500
2009-10-08,1632.10360
2009-10-09,1632.25810
2009-10-10,1632.41520
2009-10-11,1632.57190
2009-10-12,1632.73990
2009-10-13,1632.90800
2009-10-14,1633.07680
2009-10-15,1633.24570
2009-10-16,1633.39150
2009-10-17,1633.68300
2009-10-19,1633.82880
2009-10-20,1633.96880
2009-10-21,1634.12950
2009-10-22,1634.32140
2009-10-23,1634.51230
2009-10-24,1634.69900
2009-10-25,1634.88570
2009-10-26,1635.07740
2009-10-27,1635.26690
2009-10-28,1635.45630
2009-10-29,1635.66620
2009-10-30,1635.87650
2009-10-31,1636.08680
2009-11-01,1636.29700
2009-11-02,1636.50730
2009-11-03,1636.71720
2009-11-04,1636.92810
2009-11-05,1637.13870
2009-11-06,1637.34700
2009-11-07,1637.55560
2009-11-08,1637.76420
2009-11-09,1637.97290
2009-11-10,1638.18200
2009-11-11,1638.39110
2009-11-12,1638.60020
2009-11-13,1638.81140
2009-11-14,1639.02270
2009-11-15,1639.23400
2009-11-16,1639.44500
2009-11-17,1639.65510
2009-11-18,1639.86580
2009-11-19,1640.07660
2009-11-20,1640.28730
2009-11-21,1640.49810
2009-11-22,1640.70880
2009-11-23,1640.91960
2009-11-24,1641.12980
2009-11-25,1641.34010
2009-11-26,1641.55240
2009-11-27,1641.76350
2009-11-28,1641.97470
2009-11-29,1642.18590
2009-11-30,1642.39450
2009-12-01,1642.60330
2009-12-02,1642.81250
2009-12-03,1643.02130
2009-12-04,1643.23030
2009-12-05,1643.43930
2009-12-06,1643.64830
2009-12-07,1643.85730
2009-12-08,1644.06650
2009-12-09,1644.28060
2009-12-10,1644.49470
2009-12-11,1644.70900
2009-12-12,1644.92340
2009-12-13,1645.13770
2009-12-14,1645.35200
2009-12-15,1645.56830
2009-12-16,1645.78470
2009-12-17,1645.99990
2009-12-18,1646.28230
2009-12-19,1646.49830
2009-12-20,1646.71430
2009-12-21,1646.91160
2009-12-22,1647.10900
2009-12-23,1647.29330
2009-12-24,1647.48600
2009-12-25,1647.67880
2009-12-26,1647.87120
2009-12-27,1648.06360
2009-12-28,1648.25600
2009-12-29,1648.44390
2009-12-30,1648.63640
2009-12-31,1648.83890
2010-01-01,1649.03940
2010-01-02,1649.24000
2010-01-03,1649.44070
2010-01-04,1649.63200
2010-01-05,1649.83080
2010-01-06,1650.03300
2010-01-07,1650.23790
2010-01-08,1650.44130
2010-01-09,1650.62800
2010-01-10,1650.81460
2010-01-11,1651.01880
2010-01-12,1651.22210
2010-01-13,1651.42540
2010-01-14,1651.62910
2010-01-15,1651.81570
2010-01-16,1652.00240
2010-01-17,1652.18920
2010-01-18,1652.37650
2010-01-19,1652.56820
2010-01-20,1652.76300
2010-01-21,1652.95810
2010-01-22,1653.15360
2010-01-23,1653.34910
2010-01-24,1653.54460
2010-01-25,1653.74010
2010-01-26,1653.93570
2010-01-27,1654.13130
2010-01-28,1654.31070
2010-01-29,1654.48290
2010-01-30,1654.65500
2010-01-31,1654.82710
2010-02-01,1654.99850
2010-02-02,1655.17330
2010-02-03,1655.35140
2010-02-04,1655.47900
2010-02-05,1655.67110
2010-02-06,1655.86330
2010-02-07,1656.05550
2010-02-08,1656.24850
2010-02-09,1656.43640
2010-02-10,1656.62400
2010-02-11,1656.80690
2010-02-12,1656.98970
2010-02-13,1657.17350
2010-02-14,1657.35730
2010-02-15,1657.54460
2010-02-16,1657.73210
2010-02-17,1657.91840
2010-02-18,1658.10490
2010-02-19,1658.28870
2010-02-20,1658.47210
2010-02-21,1658.65540
2010-02-22,1658.83960
2010-02-23,1659.02160
2010-02-24,1659.20370
2010-02-25,1659.35790
2010-02-26,1659.51050
2010-02-27,1659.66370
2010-02-28,1659.81690
2010-03-01,1659.97000
2010-03-02,1660.12720
2010-03-03,1660.30620
2010-03-04,1660.47700
2010-03-05,1660.64970
2010-03-06,1660.82300
2010-03-07,1660.99620
2010-03-08,1661.16980
2010-03-09,1661.34450
2010-03-10,1661.52640
2010-03-11,1661.71230
2010-03-12,1661.89870
2010-03-13,1662.08500
2010-03-14,1662.27140
2010-03-15,1662.46490
2010-03-16,1662.65870
2010-03-17,1662.85280
2010-03-18,1663.04230
2010-03-19,1663.23830
2010-03-20,1663.43460
2010-03-21,1663.63080
2010-03-22,1663.82890
2010-03-23,1664.03470
2010-03-24,1664.24060
2010-03-25,1664.45130
2010-03-26,1664.66610
2010-03-27,1664.88050
2010-03-28,1665.09480
2010-03-29,1665.31700
2010-03-30,1665.54000
2010-03-31,1665.76480
2010-04-01,1665.99000
2010-04-02,1666.21480
2010-04-03,1666.43030
2010-04-04,1666.64570
2010-04-05,1666.85640
2010-04-06,1667.06580
2010-04-07,1667.27310
2010-04-08,1667.48120
2010-04-09,1667.72070
2010-04-10,1667.95980
2010-04-11,1668.19890
2010-04-12,1668.43880
2010-04-13,1668.67870
2010-04-14,1668.91870
2010-04-15,1669.10720
2010-04-16,1669.29520
2010-04-17,1669.48360
2010-04-18,1669.67200
2010-04-19,1669.90830
2010-04-20,1670.14710
2010-04-21,1670.37940
2010-04-22,1670.61250
2010-04-23,1670.85210
2010-04-24,1671.09230
2010-04-25,1671.33260
2010-04-26,1671.52190
2010-04-27,1671.71220
2010-04-28,1671.90270
2010-04-29,1672.12630
2010-04-30,1672.35680
2010-05-01,1672.58730
2010-05-02,1672.81780
2010-05-03,1673.05250
2010-05-04,1673.28820
2010-05-05,1673.52580
2010-05-06,1673.76390
2010-05-07,1673.95670
2010-05-08,1674.14990
2010-05-09,1674.34310
2010-05-10,1674.55620
2010-05-11,1674.77480
2010-05-12,1675.00020
2010-05-13,1675.21940
2010-05-14,1675.43850
2010-05-15,1675.65760
2010-05-16,1675.87670
2010-05-17,1676.09580
2010-05-18,1676.31500
2010-05-19,1676.53220
2010-05-20,1676.74590
2010-05-21,1676.95760
2010-05-22,1677.16940
2010-05-23,1677.38120
2010-05-24,1677.60180
2010-05-25,1677.83820
2010-05-26,1678.07260
2010-05-27,1678.30730
2010-05-28,1678.54160
2010-05-29,1678.77490
2010-05-30,1679.00820
2010-05-31,1679.24910
2010-06-01,1679.50100
2010-06-02,1679.74880
2010-06-03,1679.99750
2010-06-04,1680.24260
2010-06-05,1680.48750
2010-06-06,1680.73250
2010-06-07,1680.97900
2010-06-08,1681.22390
2010-06-09,1681.46540
2010-06-10,1681.70740
2010-06-11,1681.94870
2010-06-12,1682.19060
2010-06-13,1682.43250
2010-06-14,1682.67970
2010-06-15,1682.92600
2010-06-16,1683.17260
2010-06-17,1683.41580
2010-06-18,1683.65000
2010-06-19,1683.91390
2010-06-20,1684.17770
2010-06-21,1684.41670
2010-06-22,1684.68390
2010-06-23,1684.96390
2010-06-24,1685.24390
2010-06-25,1685.49320
2010-06-26,1685.74230
2010-06-27,1685.99100
2010-06-28,1686.23580
2010-06-29,1686.48550
2010-06-30,1686.74750
2010-07-01,1687.00950
2010-07-02,1687.27190
2010-07-03,1687.53320
2010-07-04,1687.79450
2010-07-05,1688.05610
2010-07-06,1688.31840
2010-07-07,1688.58010
2010-07-08,1688.84170
2010-07-09,1689.10340
2010-07-10,1689.36510
2010-07-11,1689.62670
2010-07-12,1689.88850
2010-07-13,1690.15030
2010-07-14,1690.41190
2010-07-15,1690.67390
2010-07-16,1690.93560
2010-07-17,1691.19750
2010-07-18,1691.45930
2010-07-19,1691.72170
2010-07-20,1691.98370
2010-07-21,1692.24560
2010-07-22,1692.50750
2010-07-23,1692.76930
2010-07-24,1693.03090
2010-07-25,1693.29260
2010-07-26,1693.55430
2010-07-27,1693.81460
2010-07-28,1694.07510
2010-07-29,1694.33420
2010-07-30,1694.59240
2010-07-31,1694.85280
2010-08-01,1695.11390
2010-08-02,1695.37540
2010-08-03,1695.63770
2010-08-04,1695.89700
2010-08-05,1696.15510
2010-08-06,1696.41300
2010-08-07,1696.67150
2010-08-08,1696.92990
2010-08-09,1697.18930
2010-08-10,1697.44940
2010-08-11,1697.71060
2010-08-12,1697.97150
2010-08-13,1698.23130
2010-08-14,1698.49140
2010-08-15,1698.75140
2010-08-16,1699.01240
2010-08-17,1699.27320
2010-08-18,1699.53390
2010-08-19,1699.79470
2010-08-20,1700.05550
2010-08-21,1700.31590
2010-08-22,1700.57640
2010-08-23,1700.83650
2010-08-24,1701.09480
2010-08-25,1701.35220
2010-08-26,1701.60950
2010-08-27,1701.86640
2010-08-28,1702.12470
2010-08-29,1702.38300
2010-08-30,1702.64170
2010-08-31,1702.90040
2010-09-01,1703.15460
2010-09-02,1703.40260
2010-09-03,1703.65180
2010-09-04,1703.90110
2010-09-05,1704.15040
2010-09-06,1704.39950
2010-09-07,1704.66220
2010-09-08,1704.91830
2010-09-09,1705.20100
2010-09-10,1705.45910
2010-09-11,1705.71720
2010-09-12,1705.97530
2010-09-13,1706.24100
2010-09-14,1706.50940
2010-09-15,1706.78590
2010-09-16,1707.06960
2010-09-17,1707.36320
2010-09-18,1707.65720
2010-09-19,1707.95110
2010-09-20,1708.24880
2010-09-21,1708.54640
2010-09-22,1708.84440
2010-09-23,1709.14740
2010-09-24,1709.46060
2010-09-25,1709.77360
2010-09-26,1710.08660
2010-09-27,1710.40020
2010-09-28,1710.72070
2010-09-29,1711.04560
2010-09-30,1711.37040
2010-10-01,1711.69030
2010-10-02,1712.01040
2010-10-03,1712.33220
2010-10-04,1712.65290
2010-10-05,1712.97410
2010-10-06,1713.29490
2010-10-07,1713.61620
2010-10-08,1713.93040
2010-10-09,1714.24470
2010-10-10,1714.55900
2010-10-11,1714.87560
2010-10-12,1715.23360
2010-10-13,1715.55020
2010-10-14,1715.85900
2010-10-15,1716.17360
2010-10-16,1716.49010
2010-10-17,1716.80670
2010-10-18,1717.12880
2010-10-19,1717.44990
2010-10-20,1717.77090
2010-10-21,1718.08740
2010-10-22,1718.26940
2010-10-23,1718.58940
2010-10-24,1718.90940
2010-10-25,1719.08140
2010-10-26,1719.22420
2010-10-27,1719.29720
2010-10-28,1719.61750
2010-10-29,1719.94730
2010-10-30,1720.27740
2010-10-31,1720.60750
2010-11-01,1720.66860
2010-11-02,1720.73780
2010-11-03,1720.83430
2010-11-04,1721.14840
2010-11-05,1721.46250
2010-11-06,1721.77650
2010-11-07,1722.09060
2010-11-08,1722.42630
2010-11-09,1722.76200
2010-11-10,1723.09770
2010-11-11,1723.43340
2010-11-12,1723.76920
2010-11-13,1724.10510
2010-11-14,1724.43090
2010-11-15,1724.76750
2010-11-16,1725.10390
2010-11-17,1725.44030
2010-11-18,1725.77640
2010-11-19,1726.11320
2010-11-20,1726.45000
2010-11-21,1726.78630
2010-11-22,1727.12290
2010-11-23,1727.45590
2010-11-24,1727.79370
2010-11-25,1728.12410
2010-11-26,1728.45870
2010-11-27,1728.79200
2010-11-28,1729.12520
2010-11-29,1729.41210
2010-11-30,1729.74170
2010-12-01,1730.07090
2010-12-02,1730.39430
2010-12-03,1730.72510
2010-12-04,1731.05580
2010-12-05,1731.38570
2010-12-06,1731.72180
2010-12-07,1732.05960
2010-12-08,1732.39770
2010-12-09,1732.73580
2010-12-10,1733.09250
2010-12-11,1733.44940
2010-12-12,1733.80660
2010-12-13,1734.16380
2010-12-14,1734.51960
2010-12-15,1734.88400
2010-12-16,1735.26670
2010-12-17,1735.64930
2010-12-18,1736.03190
2010-12-19,1736.41450
2010-12-20,1736.79020
2010-12-21,1737.16910
2010-12-22,1737.54220
2010-12-23,1737.91520
2010-12-24,1738.30140
2010-12-25,1738.68960
2010-12-26,1739.07720
2010-12-27,1739.46350
2010-12-28,1739.85020
2010-12-29,1740.23390
2010-12-30,1740.61970
2010-12-31,1741.00820
2011-01-01,1741.39650
2011-01-02,1741.78510
2011-01-03,1742.17390
2011-01-04,1742.56250
2011-01-05,1742.95440
2011-01-06,1743.34310
2011-01-07,1743.70330
2011-01-08,1744.06360
2011-01-09,1744.42430
2011-01-10,1744.78510
2011-01-11,1745.14850
2011-01-12,1745.51220
2011-01-13,1745.87620
2011-01-14,1746.24060
2011-01-15,1746.60510
2011-01-16,1746.96920
2011-01-17,1747.33390
2011-01-18,1747.69700
2011-01-19,1748.06130
2011-01-20,1748.42580
2011-01-21,1748.79590
2011-01-22,1749.16600
2011-01-23,1749.53720
2011-01-24,1749.90720
2011-01-25,1750.27730
2011-01-26,1750.64640
2011-01-27,1751.01850
2011-01-28,1751.39390
2011-01-29,1751.76650
2011-01-30,1752.14000
2011-01-31,1752.51530
2011-02-01,1752.88900
2011-02-02,1753.26200
2011-02-03,1753.63660
2011-02-04,1754.00860
2011-02-05,1754.38090
2011-02-06,1754.75330
2011-02-07,1755.12600
2011-02-08,1755.50020
2011-02-09,1755.88630
2011-02-10,1756.31350
2011-02-11,1756.71670
2011-02-12,1757.11990
2011-02-13,1757.52240
2011-02-14,1757.92820
2011-02-15,1758.33400
2011-02-16,1758.74000
2011-02-17,1759.14610
2011-02-18,1759.55400
2011-02-19,1759.96070
2011-02-20,1760.36660
2011-02-21,1760.77150
2011-02-22,1761.17830
2011-02-23,1761.58520
2011-02-24,1761.98620
2011-02-25,1762.39950
2011-02-26,1762.81070
2011-02-27,1763.22240
2011-02-28,1763.63800
2011-03-01,1764.05250
2011-03-02,1764.46880
2011-03-03,1764.88210
2011-03-04,1765.31250
2011-03-05,1765.71660
2011-03-06,1766.12050
2011-03-07,1766.54140
2011-03-08,1766.95750
2011-03-09,1767.37380
2011-03-10,1767.79160
2011-03-11,1768.21610
2011-03-12,1768.64120
2011-03-13,1769.06490
2011-03-14,1769.48310
2011-03-15,1769.75210
2011-03-16,1770.18500
2011-03-17,1770.58590
2011-03-18,1771.02390
2011-03-19,1771.46220
2011-03-20,1771.90230
2011-03-21,1772.33580
2011-03-22,1772.76470
2011-03-23,1773.20270
2011-03-24,1773.64020
2011-03-25,1774.08100
2011-03-26,1774.52250
2011-03-27,1774.96420
2011-03-28,1775.41270
2011-03-29,1775.86670
2011-03-30,1776.37000
2011-03-31,1776.83770
2011-04-01,1777.29350
2011-04-02,1777.75000
2011-04-03,1778.20640
2011-04-04,1778.66290
2011-04-05,1779.62000
2011-04-06,1781.25190
2011-04-07,1781.69960
2011-04-08,1782.14330
2011-04-09,1782.58730
2011-04-10,1783.03270
2011-04-11,1783.48080
2011-04-12,1783.92800
2011-04-13,1784.37870
2011-04-14,1784.82940
2011-04-15,1785.28030
2011-04-16,1785.73140
2011-04-17,1786.18240
2011-04-18,1786.62760
2011-04-19,1787.07370
2011-04-20,1787.51450
2011-04-21,1787.95630
2011-04-22,1788.39830
2011-04-23,1788.83950
2011-04-24,1789.28080
2011-04-25,1789.72380
2011-04-26,1790.15480
2011-04-27,1790.59180
2011-04-28,1791.02970
2011-04-29,1791.47020
2011-04-30,1791.92290
2011-05-01,1792.37480
2011-05-02,1792.81450
2011-05-03,1793.25660
2011-05-04,1793.70360
2011-05-05,1794.15040
2011-05-06,1794.59200
2011-05-07,1795.03470
2011-05-08,1795.47730
2011-05-09,1795.92160
2011-05-10,1796.36680
2011-05-11,1796.81170
2011-05-12,1797.25490
2011-05-13,1797.64750
2011-05-14,1798.04030
2011-05-15,1798.43180
2011-05-16,1798.84480
2011-05-17,1799.25960
2011-05-18,1799.67300
2011-05-19,1800.08720
2011-05-20,1800.50400
2011-05-21,1800.92100
2011-05-22,1801.33620
2011-05-23,1801.75140
2011-05-24,1802.16950
2011-05-25,1802.58020
2011-05-26,1802.98970
2011-05-27,1803.39920
2011-05-28,1803.80880
2011-05-29,1804.22210
2011-05-30,1804.68280
2011-05-31,1805.08790
2011-06-01,1805.49370
2011-06-02,1805.91600
2011-06-03,1806.32930
2011-06-04,1806.74260
2011-06-05,1807.15720
2011-06-06,1807.57430
2011-06-07,1807.98170
2011-06-08,1808.40050
2011-06-09,1808.83110
2011-06-10,1809.27550
2011-06-11,1809.70190
2011-06-12,1810.12850
2011-06-13,1810.61340
2011-06-14,1811.01750
2011-06-15,1811.43360
2011-06-16,1811.90040
2011-06-17,1812.32340
2011-06-18,1812.74680
2011-06-19,1813.17090
2011-06-20,1813.59540
2011-06-21,1814.02320
2011-06-22,1814.45800
2011-06-23,1814.89370
2011-06-24,1815.33330
2011-06-25,1815.77340
2011-06-26,1816.21560
2011-06-27,1816.65720
2011-06-28,1817.11000
2011-06-29,1817.55640
2011-06-30,1818.00370
2011-07-01,1818.45140
2011-07-02,1818.89930
2011-07-03,1819.34720
2011-07-04,1819.79860
2011-07-05,1820.24460
2011-07-06,1820.68730
2011-07-07,1821.13050
2011-07-08,1821.57420
2011-07-09,1822.01650
2011-07-10,1822.45870
2011-07-11,1822.90180
2011-07-12,1823.38650
2011-07-13,1823.81770
2011-07-14,1824.24770
2011-07-15,1824.73170
2011-07-16,1825.16850
2011-07-17,1825.60460
2011-07-18,1826.04080
2011-07-19,1826.48310
2011-07-20,1826.93080
2011-07-21,1827.37620
2011-07-22,1827.81830
2011-07-23,1828.26150
2011-07-24,1828.70300
2011-07-25,1829.14050
2011-07-26,1829.58110
2011-07-27,1830.02270
2011-07-28,1830.46180
2011-07-29,1830.90290
2011-07-30,1831.34420
2011-07-31,1831.78460
2011-08-01,1832.22510
2011-08-02,1832.66900
2011-08-03,1833.11300
2011-08-04,1833.56760
2011-08-05,1834.00860
2011-08-06,1834.45010
2011-08-07,1834.88820
2011-08-08,1835.31940
2011-08-09,1835.75830
2011-08-10,1836.18840
2011-08-11,1836.66320
2011-08-12,1837.09960
2011-08-13,1837.52540
2011-08-14,1837.95410
2011-08-15,1838.38280
2011-08-16,1838.81160
2011-08-17,1839.23940
2011-08-18,1839.67040
2011-08-19,1840.10170
2011-08-20,1840.53360
2011-08-21,1840.96540
2011-08-22,1841.41430
2011-08-23,1841.84390
2011-08-24,1842.27510
2011-08-25,1842.71440
2011-08-26,1843.14760
2011-08-27,1843.58050
2011-08-28,1844.01340
2011-08-29,1844.44650
2011-08-30,1844.89210
2011-08-31,1845.32400
2011-09-01,1845.75760
2011-09-02,1846.18720
2011-09-03,1846.61540
2011-09-04,1847.04500
2011-09-05,1847.47520
2011-09-06,1847.90410
2011-09-07,1848.33490
2011-09-08,1848.77000
2011-09-09,1849.20160
2011-09-10,1849.63420
2011-09-11,1850.06820
2011-09-12,1850.50550
2011-09-13,1850.93900
2011-09-14,1851.37260
2011-09-15,1851.81350
2011-09-16,1852.25560
2011-09-17,1852.69910
2011-09-18,1853.14130
2011-09-19,1853.58560
2011-09-20,1854.02890
2011-09-21,1854.47740
2011-09-22,1854.92840
2011-09-23,1855.37590
2011-09-24,1855.82000
2011-09-25,1856.26460
2011-09-26,1856.70910
2011-09-27,1857.15560
2011-09-28,1857.62120
2011-09-29,1858.06650
2011-09-30,1858.51170
2011-10-01,1858.95760
2011-10-02,1859.40340
2011-10-03,1859.84630
2011-10-04,1860.29730
2011-10-05,1860.80320
2011-10-06,1861.24300
2011-10-07,1861.68360
2011-10-08,1862.12320
2011-10-09,1862.56000
2011-10-10,1863.00090
2011-10-11,1863.44290
2011-10-12,1863.88500
2011-10-13,1864.34850
2011-10-14,1864.78990
2011-10-15,1865.23180
2011-10-16,1865.67170
2011-10-17,1866.11160
2011-10-18,1866.55420
2011-10-19,1866.99940
2011-10-20,1867.44720
2011-10-21,1867.89230
2011-10-22,1868.33790
2011-10-23,1868.77800
2011-10-24,1869.21870
2011-10-25,1869.65640
2011-10-26,1870.09450
2011-10-27,1870.53850
2011-10-28,1870.98230
2011-10-29,1871.41980
2011-10-30,1871.86360
2011-10-31,1872.30730
2011-11-01,1872.74770
2011-11-02,1873.19550
2011-11-03,1873.64700
2011-11-04,1874.09570
2011-11-05,1874.54040
2011-11-06,1874.98600
2011-11-07,1875.43160
2011-11-08,1875.87840
2011-11-09,1876.32260
2011-11-10,1876.76660
2011-11-11,1877.21520
2011-11-12,1877.66340
2011-11-13,1878.11190
2011-11-14,1878.56030
2011-11-15,1879.00580
2011-11-16,1879.45250
2011-11-17,1879.89980
2011-11-18,1880.34730
2011-11-19,1880.79550
2011-11-20,1881.24350
2011-11-21,1881.69510
2011-11-22,1882.14550
2011-11-23,1882.59660
2011-11-24,1883.04840
2011-11-25,1883.50360
2011-11-26,1883.95760
2011-11-27,1884.41360
2011-11-28,1884.86990
2011-11-29,1885.32630
2011-11-30,1885.78050
2011-12-01,1886.23540
2011-12-02,1886.68510
2011-12-03,1887.13620
2011-12-04,1887.58750
2011-12-05,1888.04170
2011-12-06,1888.49670
2011-12-07,1888.95300
2011-12-08,1889.40930
2011-12-09,1889.86680
2011-12-10,1890.32370
2011-12-11,1890.77920
2011-12-12,1891.23410
2011-12-13,1891.69330
2011-12-14,1892.15360
2011-12-15,1892.61770
2011-12-16,1893.08670
2011-12-17,1893.55360
2011-12-18,1894.02170
2011-12-19,1894.49480
2011-12-20,1894.97230
2011-12-21,1895.45280
2011-12-22,1895.94160
2011-12-23,1896.42790
2011-12-24,1896.91530
2011-12-25,1897.40170
2011-12-26,1897.88670
2011-12-27,1898.37400
2011-12-28,1898.85750
2011-12-29,1899.34380
2011-12-30,1899.82740
2011-12-31,1900.31170
2012-01-01,1900.79440
2012-01-02,1901.27340
2012-01-03,1901.74990
2012-01-04,1902.23050
2012-01-05,1902.71690
2012-01-06,1903.20680
2012-01-07,1903.69080
2012-01-08,1904.17180
2012-01-09,1904.65330
2012-01-10,1905.13020
2012-01-11,1905.60410
2012-01-12,1906.07560
2012-01-13,1906.54850
2012-01-14,1907.02170
2012-01-15,1907.49860
2012-01-16,1907.97670
2012-01-17,1908.45800
2012-01-18,1908.94290
2012-01-19,1909.42800
2012-01-20,1909.91170
2012-01-21,1910.39590
2012-01-22,1910.88190
2012-01-23,1911.37180
2012-01-24,1911.86040
2012-01-25,1912.35200
2012-01-26,1912.84230
2012-01-27,1913.33500
2012-01-28,1913.82670
2012-01-29,1914.31930
2012-01-30,1914.82040
2012-01-31,1915.30940
2012-02-01,1915.80610
2012-02-02,1916.29260
2012-02-03,1916.78150
2012-02-04,1917.26850
2012-02-05,1917.75500
2012-02-06,1918.23900
2012-02-07,1918.72370
2012-02-08,1919.20820
2012-02-09,1919.72920
2012-02-10,1920.21140
2012-02-11,1920.69430
2012-02-12,1921.17820
2012-02-13,1921.66260
2012-02-14,1922.14430
2012-02-15,1922.62580
2012-02-16,1923.10770
2012-02-17,1923.59210
2012-02-18,1924.07670
2012-02-19,1924.56110
2012-02-20,1925.04550
2012-02-21,1925.53520
2012-02-22,1926.02920
2012-02-23,1926.52350
2012-02-24,1927.01790
2012-02-25,1927.51060
2012-02-26,1928.00310
2012-02-27,1928.49270
2012-02-28,1928.98440
2012-02-29,1929.48100
2012-03-01,1929.97490
2012-03-02,1930.46980
2012-03-03,1930.96500
2012-03-04,1931.45970
2012-03-05,1931.95080
2012-03-06,1932.45410
2012-03-07,1932.92150
2012-03-08,1933.42920
2012-03-09,1933.91870
2012-03-10,1934.41220
2012-03-11,1934.90180
2012-03-12,1935.39590
2012-03-13,1935.89170
2012-03-14,1936.40260
2012-03-15,1936.91580
2012-03-16,1937.43000
2012-03-17,1937.94470
2012-03-18,1938.45560
2012-03-19,1938.96660
2012-03-20,1939.48220
2012-03-21,1939.99640
2012-03-22,1940.51410
2012-03-23,1941.03240
2012-03-24,1941.54370
2012-03-25,1942.05500
2012-03-26,1942.55700
2012-03-27,1943.09730
2012-03-28,1943.64790
2012-03-29,1944.21470
2012-03-30,1944.76490
2012-03-31,1945.34110
2012-04-01,1945.92250
2012-04-02,1946.50390
2012-04-03,1947.06270
2012-04-04,1947.59660
2012-04-05,1948.13030
2012-04-06,1948.66600
2012-04-07,1949.20160
2012-04-08,1949.73720
2012-04-09,1950.28070
2012-04-10,1950.82410
2012-04-11,1951.37060
2012-04-12,1951.91950
2012-04-13,1952.47190
2012-04-14,1953.02500
2012-04-15,1953.57850
2012-04-16,1954.13170
2012-04-17,1954.68530
2012-04-18,1959.87960
2012-04-19,1960.31210
2012-04-20,1960.65890
2012-04-21,1961.13560
2012-04-22,1961.61230
2012-04-23,1961.66850
2012-04-24,1962.06950
2012-04-25,1962.64410
2012-04-26,1963.23430
2012-04-27,1963.72020
2012-04-28,1964.20470
2012-04-29,1964.68750
2012-04-30,1964.81300
2012-05-01,1965.30460
2012-05-02,1965.69200
2012-05-03,1966.18820
2012-05-04,1966.80680
2012-05-05,1967.28200
2012-05-06,1967.75490
2012-05-07,1968.26690
2012-05-08,1968.81330
2012-05-09,1969.28990
2012-05-10,1969.83750
2012-05-11,1970.36020
2012-05-12,1970.82080
2012-05-13,1971.28050
2012-05-14,1971.75410
2012-05-15,1972.44010
2012-05-16,1973.02270
2012-05-17,1973.56820
2012-05-18,1973.88820
2012-05-19,1974.34210
2012-05-20,1974.79360
2012-05-21,1975.18850
2012-05-22,1975.72110
2012-05-23,1976.24340
2012-05-24,1976.73020
2012-05-25,1977.11950
2012-05-26,1977.57720
2012-05-27,1978.03240
2012-05-28,1978.59090
2012-05-29,1979.00500
2012-05-30,1979.44750
2012-05-31,1979.98200
2012-06-01,1980.47760
2012-06-02,1980.90280
2012-06-03,1981.33150
2012-06-04,1981.70250
2012-06-05,1982.17860
2012-06-06,1982.60190
2012-06-07,1983.06650
2012-06-08,1983.55230
2012-06-09,1983.99740
2012-06-10,1984.44560
2012-06-11,1984.86270
2012-06-12,1985.34590
2012-06-13,1985.86800
2012-06-14,1986.31730
2012-06-15,1986.77740
2012-06-16,1987.18860
2012-06-17,1987.60260
2012-06-18,1987.86780
2012-06-19,1988.17120
2012-06-20,1988.64790
2012-06-21,1989.25940
2012-06-22,1989.79810
2012-06-23,1990.24500
2012-06-24,1990.69310
2012-06-25,1991.07120
2012-06-26,1991.54140
2012-06-27,1992.16610
2012-06-28,1992.63480
2012-06-29,1993.11990
2012-06-30,1993.59040
2012-07-01,1994.06060
2012-07-02,1994.53080
2012-07-03,1995.40910
2012-07-04,1995.64680
2012-07-05,1997.02560
2012-07-06,1997.02100
2012-07-07,1997.48960
2012-07-08,1997.95910
2012-07-09,1998.48940
2012-07-10,1998.78570
2012-07-11,1999.32930
2012-07-12,1999.81500
2012-07-13,2000.40040
2012-07-14,2000.83870
2012-07-15,2001.27690
2012-07-16,2001.58760
2012-07-17,2002.17690
2012-07-18,2002.62580
2012-07-19,2003.14390
2012-07-20,2003.59030
2012-07-21,2004.03270
2012-07-22,2004.47390
2012-07-23,2004.93410
2012-07-24,2005.38490
2012-07-25,2005.88510
2012-07-26,2006.25890
2012-07-27,2006.66770
2012-07-28,2007.10910
2012-07-29,2007.54840
2012-07-30,2007.82290
2012-07-31,2008.25700
2012-08-01,2008.84070
2012-08-02,2009.27610
2012-08-03,2009.77070
2012-08-04,2010.21010
2012-08-05,2010.64850
2012-08-06,2011.26620
2012-08-07,2011.67410
2012-08-08,2012.06700
2012-08-09,2012.51130
2012-08-10,2012.93890
2012-08-11,2013.37780
2012-08-12,2013.81520
2012-08-13,2014.26370
2012-08-14,2014.62660
2012-08-15,2015.06870
2012-08-16,2015.71050
2012-08-17,2016.17250
2012-08-18,2016.60990
2012-08-19,2017.04500
2012-08-20,2017.48020
2012-08-21,2017.89190
2012-08-22,2018.32050
2012-08-23,2018.81700
2012-08-24,2019.25160
2012-08-25,2019.67340
2012-08-26,2020.09220
2012-08-27,2020.52090
2012-08-28,2020.82040
2012-08-29,2021.30540
2012-08-30,2021.77430
2012-08-31,2022.31820
2012-09-01,2022.75160
2012-09-02,2023.18810
2012-09-03,2023.65730
2012-09-04,2024.14100
2012-09-05,2024.68070
2012-09-06,2024.96260
2012-09-07,2025.43230
2012-09-08,2025.86230
2012-09-09,2026.29400
2012-09-10,2026.66530
2012-09-11,2027.13260
2012-09-12,2027.50800
2012-09-13,2028.01490
2012-09-14,2028.61030
2012-09-15,2029.04530
2012-09-16,2029.48120
2012-09-17,2029.82770
2012-09-18,2030.27410
2012-09-19,2030.71310
2012-09-20,2031.14730
2012-09-21,2031.62490
2012-09-22,2032.05900
2012-09-23,2032.49380
2012-09-24,2032.90780
2012-09-25,2033.29570
2012-09-26,2033.73490
2012-09-27,2034.10110
2012-09-28,2034.60560
2012-09-29,2035.04170
2012-09-30,2035.48020
2012-10-01,2035.89740
2012-10-02,2036.33320
2012-10-03,2036.99580
2012-10-04,2037.65130
2012-10-05,2037.89310
2012-10-06,2038.28930
2012-10-07,2038.68680
2012-10-08,2039.05800
2012-10-09,2039.47820
2012-10-10,2039.92670
2012-10-11,2040.35210
2012-10-12,2040.78510
2012-10-13,2041.21760
2012-10-14,2041.65020
2012-10-15,2042.08430
2012-10-16,2042.50650
2012-10-17,2042.92480
2012-10-18,2043.33880
2012-10-19,2043.81500
2012-10-20,2044.25000
2012-10-21,2044.68370
2012-10-22,2045.11120
2012-10-23,2045.55680
2012-10-24,2045.99590
2012-10-25,2046.39290
2012-10-26,2046.83450
2012-10-27,2047.27460
2012-10-28,2047.71480
2012-10-29,2048.16450
2012-10-30,2048.59560
2012-10-31,2049.02140
2012-11-01,2049.48740
2012-11-02,2049.98430
2012-11-03,2050.57660
2012-11-04,2051.16740
2012-11-05,2051.61460
2012-11-06,2052.04250
2012-11-07,2052.46970
2012-11-08,2052.90860
2012-11-09,2053.34040
2012-11-10,2053.78210
2012-11-11,2054.22340
2012-11-12,2054.67200
2012-11-13,2055.11300
2012-11-14,2055.55350
2012-11-15,2056.00070
2012-11-16,2056.43690
2012-11-17,2056.86990
2012-11-18,2057.30110
2012-11-19,2057.73910
2012-11-20,2058.18020
2012-11-21,2058.62290
2012-11-22,2059.04720
2012-11-23,2059.48770
2012-11-24,2059.93320
2012-11-25,2060.37610
2012-11-26,2060.80170
2012-11-27,2061.20390
2012-11-28,2061.64820
2012-11-29,2062.11160
2012-11-30,2062.57150
2012-12-01,2063.00180
2012-12-02,2063.43400
2012-12-03,2063.87080
2012-12-04,2064.32210
2012-12-05,2064.75630
2012-12-06,2065.17070
2012-12-07,2065.58130
2012-12-08,2066.02230
2012-12-09,2066.46420
2012-12-10,2066.80120
2012-12-11,2067.19990
2012-12-12,2067.64390
2012-12-13,2068.21510
2012-12-14,2068.59840
2012-12-15,2069.04450
2012-12-16,2069.49060
2012-12-17,2070.00080
2012-12-18,2070.41090
2012-12-19,2070.82950
2012-12-20,2071.21120
2012-12-21,2071.73820
2012-12-22,2072.18960
2012-12-23,2072.64040
2012-12-24,2073.10780
2012-12-25,2073.55590
2012-12-26,2074.04610
2012-12-27,2074.48340
2012-12-28,2074.96780
2012-12-29,2075.42380
2012-12-30,2075.88140
2012-12-31,2076.36250
2013-01-01,2077.13750
2013-01-02,2077.67230
2013-01-03,2078.11200
2013-01-04,2078.63360
2013-01-05,2079.07070
2013-01-06,2079.50850
2013-01-07,2079.91430
2013-01-08,2080.40040
2013-01-09,2080.82230
2013-01-10,2081.25510
2013-01-11,2081.71380
2013-01-12,2082.14980
2013-01-13,2082.58600
2013-01-14,2083.02330
2013-01-15,2083.46890
2013-01-16,2083.89200
2013-01-17,2084.33670
2013-01-18,2084.81950
2013-01-19,2085.25570
2013-01-20,2085.69170
2013-01-21,2086.15480
2013-01-22,2086.62940
2013-01-23,2087.11180
2013-01-24,2087.56820
2013-01-25,2088.00390
2013-01-26,2088.43900
2013-01-27,2088.87410
2013-01-28,2089.30640
2013-01-29,2089.84760
2013-01-30,2090.43450
2013-01-31,2090.71960
2013-02-01,2091.17360
2013-02-02,2091.60360
2013-02-03,2092.03250
2013-02-04,2092.40620
2013-02-05,2092.84520
2013-02-06,2093.23960
2013-02-07,2093.68890
2013-02-08,2094.06670
2013-02-09,2094.49980
2013-02-10,2094.93130
2013-02-11,2095.35360
2013-02-12,2095.77810
2013-02-13,2096.19430
2013-02-14,2096.58040
2013-02-15,2097.00790
2013-02-16,2097.44330
2013-02-17,2097.87890
2013-02-18,2098.42240
2013-02-19,2098.85650
2013-02-20,2099.28430
2013-02-21,2099.71230
2013-02-22,2100.13700
2013-02-23,2100.57000
2013-02-24,2101.00220
2013-02-25,2101.43080
2013-02-26,2101.85830
2013-02-27,2102.29460
2013-02-28,2102.55470
2013-03-01,2103.03860
2013-03-02,2103.49200
2013-03-03,2103.94330
2013-03-04,2104.37840
2013-03-05,2104.92320
2013-03-06,2105.43140
2013-03-07,2106.16710
2013-03-08,2106.52290
2013-03-09,2106.99080
2013-03-10,2107.46110
2013-03-11,2107.92850
2013-03-12,2108.37600
2013-03-13,2109.15260
2013-03-14,2110.08440
2013-03-15,2110.59500
2013-03-16,2111.07590
2013-03-17,2111.55790
2013-03-18,2111.88870
2013-03-19,2112.52620
2013-03-20,2113.02490
2013-03-21,2113.63670
2013-03-22,2114.46490
2013-03-23,2114.95480
2013-03-24,2115.44710
2013-03-25,2115.84090
2013-03-26,2115.57860
2013-03-27,2116.08620
2013-03-28,2116.46070
2013-03-29,2116.97230
2013-03-30,2117.49060
2013-03-31,2118.00890
2013-04-01,2118.52710
2013-04-02,2121.66720
2013-04-03,2122.21940
2013-04-04,2122.81610
2013-04-05,2123.33650
2013-04-06,2123.73960
2013-04-07,2124.14530
2013-04-08,2124.35070
2013-04-09,2124.77150
2013-04-10,2125.21130
2013-04-11,2125.63290
2013-04-12,2126.10250
2013-04-13,2126.52090
2013-04-14,2126.94000
2013-04-15,2127.37600
2013-04-16,2127.76480
2013-04-17,2128.20000
2013-04-18,2128.60200
2013-04-19,2129.01470
2013-04-20,2129.42680
2013-04-21,2129.83890
2013-04-22,2130.19500
2013-04-23,2130.65430
2013-04-24,2131.08890
2013-04-25,2131.53040
2013-04-26,2131.95500
2013-04-27,2132.38380
2013-04-28,2132.81020
2013-04-29,2133.27260
2013-04-30,2133.64660
2013-05-01,2134.08740
2013-05-02,2134.58000
2013-05-03,2134.96770
2013-05-04,2135.41960
2013-05-05,2135.86820
2013-05-06,2136.40970
2013-05-07,2136.86440
2013-05-08,2137.30250
2013-05-09,2137.66310
2013-05-10,2138.13060
2013-05-11,2138.55260
2013-05-12,2138.97160
2013-05-13,2139.29820
2013-05-14,2139.75480
2013-05-15,2140.20110
2013-05-16,2140.62200
2013-05-17,2141.07080
2013-05-18,2141.48740
2013-05-19,2141.90270
2013-05-20,2142.28120
2013-05-21,2142.68380
2013-05-22,2143.04190
2013-05-23,2143.54980
2013-05-24,2144.00700
2013-05-25,2144.43030
2013-05-26,2144.85310
2013-05-27,2145.28160
2013-05-28,2145.72120
2013-05-29,2146.13720
2013-05-30,2146.58050
2013-05-31,2147.03000
2013-06-01,2147.43210
2013-06-02,2147.83270
2013-06-03,2148.24170
2013-06-04,2148.66280
2013-06-05,2149.06570
2013-06-06,2149.47810
2013-06-07,2149.90680
2013-06-08,2150.33110
2013-06-09,2150.75240
2013-06-10,2151.10940
2013-06-11,2151.47670
2013-06-12,2151.89280
2013-06-13,2152.28830
2013-06-14,2152.65440
2013-06-15,2153.04480
2013-06-16,2153.43940
2013-06-17,2153.89120
2013-06-18,2154.37570
2013-06-19,2155.07280
2013-06-20,2155.32330
2013-06-21,2155.70520
2013-06-22,2156.12700
2013-06-23,2156.55110
2013-06-24,2156.98770
2013-06-25,2157.37020
2013-06-26,2157.83550
2013-06-27,2158.32600
2013-06-28,2159.07830
2013-06-29,2159.50940
2013-06-30,2159.94070
2013-07-01,2160.37200
2013-07-02,2161.48190
2013-07-03,2162.17490
2013-07-04,2162.73350
2013-07-05,2163.14050
2013-07-06,2163.53700
2013-07-07,2163.93750
2013-07-08,2164.17000
2013-07-09,2164.65490
2013-07-10,2165.06260
2013-07-11,2165.42730
2013-07-12,2165.86940
2013-07-13,2166.27410
2013-07-14,2166.68120
2013-07-15,2167.09100
2013-07-16,2162.04460
2013-07-17,2163.45380
2013-07-18,2165.16620
2013-07-19,2165.80270
2013-07-20,2166.28440
2013-07-21,2166.76840
2013-07-22,2167.04830
2013-07-23,2166.24890
2013-07-24,2164.66040
2013-07-25,2165.01390
2013-07-26,2165.64320
2013-07-27,2166.22820
2013-07-28,2166.81630
2013-07-29,2167.39280
2013-07-30,2168.06570
2013-07-31,2168.62500
2013-08-01,2169.39220
2013-08-02,2170.60880
2013-08-03,2171.18660
2013-08-04,2171.76590
2013-08-05,2173.13050
2013-08-06,2173.31420
2013-08-07,2173.83400
2013-08-08,2174.54920
2013-08-09,2175.10800
2013-08-10,2175.66650
2013-08-11,2176.22870
2013-08-12,2175.80150
2013-08-13,2176.04510
2013-08-14,2177.08660
2013-08-15,2177.70060
2013-08-16,2178.22670
2013-08-17,2178.84860
2013-08-18,2179.46910
2013-08-19,2179.95930
2013-08-20,2180.60990
2013-08-21,2181.44940
2013-08-22,2182.14490
2013-08-23,2182.87140
2013-08-24,2183.44880
2013-08-25,2184.02410
2013-08-26,2184.57480
2013-08-27,2185.23010
2013-08-28,2185.87070
2013-08-29,2186.47530
2013-08-30,2187.03810
2013-08-31,2187.63880
2013-09-01,2188.23950
2013-09-02,2188.86220
2013-09-03,2189.48450
2013-09-04,2190.47880
2013-09-05,2191.44470
2013-09-06,2191.46630
2013-09-07,2192.01490
2013-09-08,2192.56280
2013-09-09,2193.11060
2013-09-10,2194.14320
2013-09-11,2194.75210
2013-09-12,2195.34090
2013-09-13,2195.80610
2013-09-14,2196.41240
2013-09-15,2197.01700
2013-09-16,2197.79900
2013-09-17,2198.30000
2013-09-18,2199.04210
2013-09-19,2200.61650
2013-09-20,2200.89750
2013-09-21,2201.46650
2013-09-22,2202.03690
2013-09-23,2203.36300
2013-09-24,2203.90220
2013-09-25,2204.79470
2013-09-26,2205.06130
2013-09-27,2205.89480
2013-09-28,2206.45200
2013-09-29,2207.00970
2013-09-30,2207.58930
2013-10-01,2208.28720
2013-10-02,2208.84060
2013-10-03,2209.56630
2013-10-04,2210.14950
2013-10-05,2210.66870
2013-10-06,2211.18970
2013-10-07,2211.81130
2013-10-08,2212.96130
2013-10-09,2213.44420
2013-10-10,2214.02060
2013-10-11,2214.54310
2013-10-12,2215.06150
2013-10-13,2215.58110
2013-10-14,2215.99180
2013-10-15,2216.68110
2013-10-16,2217.19740
2013-10-17,2217.77270
2013-10-18,2218.23040
2013-10-19,2218.73140
2013-10-20,2219.23310
2013-10-21,2219.74950
2013-10-22,2220.29010
2013-10-23,2220.79010
2013-10-24,2221.31210
2013-10-25,2221.79160
2013-10-26,2222.30880
2013-10-27,2222.82610
2013-10-28,2223.31450
2013-10-29,2224.00280
2013-10-30,2224.51520
2013-10-31,2225.02530
2013-11-01,2225.51450
2013-11-02,2226.01160
2013-11-03,2226.50840
2013-11-04,2227.00540
2013-11-05,2227.57460
2013-11-06,2228.07100
2013-11-07,2228.53660
2013-11-08,2228.94440
2013-11-09,2229.45040
2013-11-10,2229.95560
2013-11-11,2230.40490
2013-11-12,2230.93760
2013-11-13,2231.45810
2013-11-14,2231.96030
2013-11-15,2232.46650
2013-11-16,2232.97160
2013-11-17,2233.47690
2013-11-18,2233.98030
2013-11-19,2234.49540
2013-11-20,2235.00760
2013-11-21,2235.51420
2013-11-22,2236.02740
2013-11-23,2236.53680
2013-11-24,2237.04650
2013-11-25,2237.51770
2013-11-26,2238.04920
2013-11-27,2238.59060
2013-11-28,2239.11070
2013-11-29,2239.70230
2013-11-30,2240.17120
2013-12-01,2240.63980
2013-12-02,2241.17360
2013-12-03,2241.82570
2013-12-04,2242.37350
2013-12-05,2242.80780
2013-12-06,2243.23960
2013-12-07,2243.70560
2013-12-08,2244.17100
2013-12-09,2244.48030
2013-12-10,2244.91010
2013-12-11,2245.43060
2013-12-12,2246.07670
2013-12-13,2246.53790
2013-12-14,2246.92410
2013-12-15,2247.30920
2013-12-16,2247.54700
2013-12-17,2247.89450
2013-12-18,2248.23350
2013-12-19,2248.41880
2013-12-20,2248.93050
2013-12-21,2249.44020
2013-12-22,2249.95090
2013-12-23,2250.47290
2013-12-24,2251.09110
2013-12-25,2251.59710
2013-12-26,2251.97630
2013-12-27,2252.44740
2013-12-28,2252.96250
2013-12-29,2253.47840
2013-12-30,2254.01120
2013-12-31,2254.59500
2014-01-01,2255.20530
2014-01-02,2255.86230
2014-01-03,2256.33300
2014-01-04,2256.79640
2014-01-05,2257.26010
2014-01-06,2257.60770
2014-01-07,2257.98600
2014-01-08,2258.28330
2014-01-09,2258.75470
2014-01-10,2259.40680
2014-01-11,2259.88500
2014-01-12,2260.36310
2014-01-13,2260.84150
2014-01-14,2261.33980
2014-01-15,2261.77380
2014-01-16,2262.28930
2014-01-17,2262.77300
2014-01-18,2263.28430
2014-01-19,2263.79650
2014-01-20,2264.30140
2014-01-21,2264.94890
2014-01-22,2265.45720
2014-01-23,2265.99790
2014-01-24,2266.41860
2014-01-25,2266.88210
2014-01-26,2267.34630
2014-01-27,2267.81420
2014-01-28,2268.27890
2014-01-29,2268.74340
2014-01-30,2269.22640
2014-01-31,2269.78790
2014-02-01,2270.26470
2014-02-02,2270.74180
2014-02-03,2271.21670
2014-02-04,2271.72510
2014-02-05,2272.20410
2014-02-06,2272.68610
2014-02-07,2273.09480
2014-02-08,2273.59220
2014-02-09,2274.08980
2014-02-10,2274.47430
2014-02-11,2274.82530
2014-02-12,2275.33160
2014-02-13,2275.76310
2014-02-14,2276.32420
2014-02-15,2276.85230
2014-02-16,2277.38030
2014-02-17,2277.98660
2014-02-18,2278.60860
2014-02-19,2279.09920
2014-02-20,2279.55700
2014-02-21,2280.07430
2014-02-22,2280.56150
2014-02-23,2281.04830
2014-02-24,2281.56690
2014-02-25,2282.05740
2014-02-26,2282.54360
2014-02-27,2283.02720
2014-02-28,2283.69650
2014-03-01,2284.18860
2014-03-02,2284.68030
2014-03-03,2285.00080
2014-03-04,2285.31050
2014-03-05,2286.00020
2014-03-06,2286.42270
2014-03-07,2286.96060
2014-03-08,2287.43630
2014-03-09,2287.91190
2014-03-10,2288.30580
2014-03-11,2288.89140
2014-03-12,2289.61110
2014-03-13,2289.96110
2014-03-14,2290.69970
2014-03-15,2291.26090
2014-03-16,2291.82150
2014-03-17,2292.38240
2014-03-18,2292.86220
2014-03-19,2293.26700
2014-03-20,2293.80520
2014-03-21,2294.38910
2014-03-22,2294.90130
2014-03-23,2295.41290
2014-03-24,2296.21190
2014-03-25,2296.65270
2014-03-26,2297.07070
2014-03-27,2297.39330
2014-03-28,2297.34490
2014-03-29,2297.96510
2014-03-30,2298.58480
2014-03-31,2299.20470
2014-04-01,2299.82470
2014-04-02,2301.42250
2014-04-03,2301.98090
2014-04-04,2302.55080
2014-04-05,2303.03300
2014-04-06,2303.51560
2014-04-07,2304.13980
2014-04-08,2304.63640
2014-04-09,2305.12290
2014-04-10,2305.61920
2014-04-11,2306.09220
2014-04-12,2306.58920
2014-04-13,2307.08630
2014-04-14,2307.58350
2014-04-15,2308.06240
2014-04-16,2308.62650
2014-04-17,2309.06040
2014-04-18,2309.53610
2014-04-19,2310.01170
2014-04-20,2310.48750
2014-04-21,2311.16910
2014-04-22,2311.89780
2014-04-23,2312.59010
2014-04-24,2313.32070
2014-04-25,2314.05650
2014-04-26,2314.77820
2014-04-27,2315.50100
2014-04-28,2316.21850
2014-04-29,2316.75540
2014-04-30,2317.29100
2014-05-01,2317.81690
2014-05-02,2318.31710
2014-05-03,2318.79880
2014-05-04,2319.28100
2014-05-05,2319.76960
2014-05-06,2320.25750
2014-05-07,2320.74370
2014-05-08,2321.23650
2014-05-09,2321.73670
2014-05-10,2322.23700
2014-05-11,2322.73770
2014-05-12,2323.23190
2014-05-13,2323.74350
2014-05-14,2324.28140
2014-05-15,2324.82770
2014-05-16,2325.35690
2014-05-17,2325.83500
2014-05-18,2326.31310
2014-05-19,2326.79990
2014-05-20,2327.29940
2014-05-21,2327.80610
2014-05-22,2328.29760
2014-05-23,2328.79480
2014-05-24,2329.28150
2014-05-25,2329.76790
2014-05-26,2330.25170
2014-05-27,2330.73890
2014-05-28,2331.22710
2014-05-29,2331.71070
2014-05-30,2332.17830
2014-05-31,2332.63820
2014-06-01,2333.09760
2014-06-02,2333.58470
2014-06-03,2334.06760
2014-06-04,2334.54850
2014-06-05,2335.02230
2014-06-06,2335.52640
2014-06-07,2336.00290
2014-06-08,2336.47740
2014-06-09,2336.96920
2014-06-10,2337.47850
2014-06-11,2337.97930
2014-06-12,2338.46580
2014-06-13,2338.92160
2014-06-14,2339.37770
2014-06-15,2339.83100
2014-06-16,2340.36310
2014-06-17,2340.89530
2014-06-18,2341.39190
2014-06-19,2341.87730
2014-06-20,2342.35890
2014-06-21,2342.84130
2014-06-22,2343.32180
2014-06-23,2343.81150
2014-06-24,2344.29970
2014-06-25,2344.79410
2014-06-26,2345.29870
2014-06-27,2345.81230
2014-06-28,2346.32600
2014-06-29,2346.83700
2014-06-30,2347.39090
2014-07-01,2347.91000
2014-07-02,2348.40950
2014-07-03,2348.89200
2014-07-04,2349.37090
2014-07-05,2349.85000
2014-07-06,2350.32550
2014-07-07,2350.81950
2014-07-08,2351.33780
2014-07-09,2351.88430
2014-07-10,2352.43240
2014-07-11,2352.97150
2014-07-12,2353.50000
2014-07-13,2354.03420
2014-07-14,2354.55380
2014-07-15,2355.05760
2014-07-16,2355.57090
2014-07-17,2356.07120
2014-07-18,2356.57030
2014-07-19,2357.06960
2014-07-20,2357.57190
2014-07-21,2358.09300
2014-07-22,2358.63980
2014-07-23,2359.18470
2014-07-24,2359.73590
2014-07-25,2360.27010
2014-07-26,2360.80500
2014-07-27,2361.34120
2014-07-28,2361.88470
2014-07-29,2362.42710
2014-07-30,2362.93430
2014-07-31,2363.42960
2014-08-01,2363.92410
2014-08-02,2364.41840
2014-08-03,2364.91320
2014-08-04,2365.40200
2014-08-05,2365.85970
2014-08-06,2366.34950
2014-08-07,2366.85800
2014-08-08,2367.35630
2014-08-09,2367.85420
2014-08-10,2368.35370
2014-08-11,2368.88680
2014-08-12,2369.39280
2014-08-13,2369.89210
2014-08-14,2370.40450
2014-08-15,2370.91730
2014-08-16,2371.43060
2014-08-17,2371.94390
2014-08-18,2372.45710
2014-08-19,2372.96040
2014-08-20,2373.47020
2014-08-21,2373.96020
2014-08-22,2374.43600
2014-08-23,2374.91190
2014-08-24,2375.38810
2014-08-25,2375.88310
2014-08-26,2376.36850
2014-08-27,2376.85720
2014-08-28,2377.34840
2014-08-29,2377.83990
2014-08-30,2378.33250
2014-08-31,2378.82510
2014-09-01,2379.31030
2014-09-02,2379.76090
2014-09-03,2380.20330
2014-09-04,2380.65640
2014-09-05,2381.11990
2014-09-06,2381.58380
2014-09-07,2382.04760
2014-09-08,2382.54310
2014-09-09,2383.03600
2014-09-10,2383.52830
2014-09-11,2384.00980
2014-09-12,2384.49020
2014-09-13,2384.97060
2014-09-14,2385.45050
2014-09-15,2385.96150
2014-09-16,2386.47300
2014-09-17,2386.97280
2014-09-18,2387.46970
2014-09-19,2387.95290
2014-09-20,2388.43620
2014-09-21,2388.91940
2014-09-22,2389.41530
2014-09-23,2389.91120
2014-09-24,2390.40640
2014-09-25,2390.90200
2014-09-26,2391.39530
2014-09-27,2391.88890
2014-09-28,2392.38210
2014-09-29,2392.87890
2014-09-30,2393.38460
2014-10-01,2393.87000
2014-10-02,2394.35550
2014-10-03,2394.84020
2014-10-04,2395.32500
2014-10-05,2395.80980
2014-10-06,2396.29450
2014-10-07,2396.78560
2014-10-08,2397.27140
2014-10-09,2397.75990
2014-10-10,2398.25170
2014-10-11,2398.74290
2014-10-12,2399.23380
2014-10-13,2399.72380
2014-10-14,2400.21960
2014-10-15,2400.71570
2014-10-16,2401.21790
2014-10-17,2401.69740
2014-10-18,2402.17680
2014-10-19,2402.65540
2014-10-20,2403.15760
2014-10-21,2403.68770
2014-10-22,2404.23040
2014-10-23,2404.77310
2014-10-24,2405.31480
2014-10-25,2405.85650
2014-10-26,2406.39810
2014-10-27,2406.90770
2014-10-28,2407.41800
2014-10-29,2407.92240
2014-10-30,2408.42410
2014-10-31,2408.88050
2014-11-01,2409.33690
2014-11-02,2409.79160
2014-11-03,2410.27780
2014-11-04,2410.76210
2014-11-05,2411.24510
2014-11-06,2411.72620
2014-11-07,2412.21320
2014-11-08,2412.69860
2014-11-09,2413.18560
2014-11-10,2413.68280
2014-11-11,2414.18010
2014-11-12,2414.70880
2014-11-13,2415.22360
2014-11-14,2415.71240
2014-11-15,2416.20130
2014-11-16,2416.69120
2014-11-17,2417.20000
2014-11-18,2417.70460
2014-11-19,2418.20590
2014-11-20,2418.70490
2014-11-21,2419.20080
2014-11-22,2419.69680
2014-11-23,2420.19300
2014-11-24,2420.69370
2014-11-25,2421.20050
2014-11-26,2421.70820
2014-11-27,2422.21490
2014-11-28,2422.70900
2014-11-29,2423.20310
2014-11-30,2423.69760
2014-12-01,2424.20330
2014-12-02,2424.70540
2014-12-03,2425.20480
2014-12-04,2425.70550
2014-12-05,2426.20400
2014-12-06,2426.70250
2014-12-07,2427.20210
2014-12-08,2427.70510
2014-12-09,2428.20900
2014-12-10,2428.71510
2014-12-11,2429.22110
2014-12-12,2429.71790
2014-12-13,2430.21490
2014-12-14,2430.71280
2014-12-15,2431.23300
2014-12-16,2431.76350
2014-12-17,2432.32580
2014-12-18,2432.86910
2014-12-19,2433.40600
2014-12-20,2433.94220
2014-12-21,2434.47950
2014-12-22,2435.00910
2014-12-23,2435.52790
2014-12-24,2436.04040
2014-12-25,2436.55290
2014-12-26,2437.06930
2014-12-27,2437.58560
2014-12-28,2438.10220
2014-12-29,2438.62460
2014-12-30,2439.15560
2014-12-31,2439.71870
2015-01-01,2440.23700
2015-01-02,2440.74220
2015-01-03,2441.24760
2015-01-04,2441.75260
2015-01-05,2442.25730
2015-01-06,2442.77510
2015-01-07,2443.28700
2015-01-08,2443.80410
2015-01-09,2444.31030
2015-01-10,2444.81710
2015-01-11,2445.32290
2015-01-12,2445.83950
2015-01-13,2446.36500
2015-01-14,2446.89260
2015-01-15,2447.39870
2015-01-16,2447.90670
2015-01-17,2448.41480
2015-01-18,2448.92190
2015-01-19,2449.42970
2015-01-20,2449.94050
2015-01-21,2450.45160
2015-01-22,2450.95290
2015-01-23,2451.45320
2015-01-24,2451.95370
2015-01-25,2452.45340
2015-01-26,2452.95320
2015-01-27,2453.45990
2015-01-28,2453.97370
2015-01-29,2454.47030
2015-01-30,2454.96350
2015-01-31,2455.45680
2015-02-01,2455.95000
2015-02-02,2456.44700
2015-02-03,2456.93660
2015-02-04,2457.42570
2015-02-05,2457.91420
2015-02-06,2458.40720
2015-02-07,2458.90050
2015-02-08,2459.39400
2015-02-09,2459.90540
2015-02-10,2460.39100
2015-02-11,2460.88470
2015-02-12,2461.38480
2015-02-13,2461.87460
2015-02-14,2462.36440
2015-02-15,2462.85370
2015-02-16,2463.35550
2015-02-17,2463.85810
2015-02-18,2464.35790
2015-02-19,2464.85840
2015-02-20,2465.35300
2015-02-21,2465.84850
2015-02-22,2466.34310
2015-02-23,2466.84990
2015-02-24,2467.35510
2015-02-25,2467.85790
2015-02-26,2468.36140
2015-02-27,2468.85590
2015-02-28,2469.35040
2015-03-01,2469.84350
2015-03-02,2470.33530
2015-03-03,2470.81530
2015-03-04,2471.27060
2015-03-05,2471.71160
2015-03-06,2472.15260
2015-03-07,2472.59470
2015-03-08,2473.03680
2015-03-09,2473.51210
2015-03-10,2473.99050
2015-03-11,2474.47650
2015-03-12,2474.95940
2015-03-13,2475.44100
2015-03-14,2475.92300
2015-03-15,2476.40570
2015-03-16,2476.91180
2015-03-17,2477.40100
2015-03-18,2477.88320
2015-03-19,2478.35890
2015-03-20,2478.82770
2015-03-21,2479.29670
2015-03-22,2479.76600
2015-03-23,2480.24090
2015-03-24,2480.71400
2015-03-25,2481.19040
2015-03-26,2481.66760
2015-03-27,2482.15390
2015-03-28,2482.64090
2015-03-29,2483.12820
2015-03-30,2483.64820
2015-03-31,2484.26580
2015-04-01,2484.88280
2015-04-02,2485.49980
2015-04-03,2486.11690
2015-04-04,2486.73390
2015-04-05,2487.35090
2015-04-06,2487.80960
2015-04-07,2488.26720
2015-04-08,2488.73260
2015-04-09,2489.21240
2015-04-10,2489.69050
2015-04-11,2490.16770
2015-04-12,2490.64600
2015-04-13,2491.12520
2015-04-14,2491.60340
2015-04-15,2492.09140
2015-04-16,2492.58390
2015-04-17,2493.05920
2015-04-18,2493.53460
2015-04-19,2494.01040
2015-04-20,2494.50270
2015-04-21,2494.99180
2015-04-22,2495.47210
2015-04-23,2495.96370
2015-04-24,2496.46200
2015-04-25,2496.96050
2015-04-26,2497.45970
2015-04-27,2497.95660
2015-04-28,2498.45200
2015-04-29,2498.95050
2015-04-30,2499.44710
2015-05-01,2499.94370
2015-05-02,2500.44040
2015-05-03,2500.93720
2015-05-04,2501.43390
2015-05-05,2501.92720
2015-05-06,2502.40650
2015-05-07,2502.88700
2015-05-08,2503.37590
2015-05-09,2503.86530
2015-05-10,2504.35420
2015-05-11,2504.84860
2015-05-12,2505.34210
2015-05-13,2505.83570
2015-05-14,2506.32830
2015-05-15,2506.81010
2015-05-16,2507.29200
2015-05-17,2507.77410
2015-05-18,2508.27000
2015-05-19,2508.76880
2015-05-20,2509.26210
2015-05-21,2509.75280
2015-05-22,2510.24840
2015-05-23,2510.74400
2015-05-24,2511.23930
2015-05-25,2511.73600
2015-05-26,2512.23090
2015-05-27,2512.72860
2015-05-28,2513.22480
2015-05-29,2513.72110
2015-05-30,2514.21750
2015-05-31,2514.71290
2015-06-01,2515.20310
2015-06-02,2515.68130
2015-06-03,2516.14360
2015-06-04,2516.60100
2015-06-05,2517.06140
2015-06-06,2517.52180
2015-06-07,2517.98130
2015-06-08,2518.44670
2015-06-09,2518.92060
2015-06-10,2519.39940
2015-06-11,2519.87130
2015-06-12,2520.30360
2015-06-13,2520.73570
2015-06-14,2521.16720
2015-06-15,2521.63020
2015-06-16,2522.09880
2015-06-17,2522.56880
2015-06-18,2523.03340
2015-06-19,2523.49970
2015-06-20,2523.96600
2015-06-21,2524.43150
2015-06-22,2524.89670
2015-06-23,2525.36670
2015-06-24,2525.83540
2015-06-25,2526.30710
2015-06-26,2526.77480
2015-06-27,2527.24260
2015-06-28,2527.70910
2015-06-29,2528.17610
2015-06-30,2528.64920
2015-07-01,2529.11490
2015-07-02,2529.56780
2015-07-03,2530.02290
2015-07-04,2530.47800
2015-07-05,2530.93180
2015-07-06,2531.38500
2015-07-07,2531.84760
2015-07-08,2532.30980
2015-07-09,2532.77640
2015-07-10,2533.22350
2015-07-11,2533.67060
2015-07-12,2534.11900
2015-07-13,2534.58510
2015-07-14,2535.05330
2015-07-15,2535.51840
2015-07-16,2535.98360
2015-07-17,2536.45090
2015-07-18,2536.91830
2015-07-19,2537.38680
2015-07-20,2537.85530
2015-07-21,2538.32510
2015-07-22,2538.79530
2015-07-23,2539.26200
2015-07-24,2539.70280
2015-07-25,2540.14360
2015-07-26,2540.58530
2015-07-27,2541.05070
2015-07-28,2541.51760
2015-07-29,2541.98670
2015-07-30,2542.45690
2015-07-31,2542.91470
2015-08-01,2543.37240
2015-08-02,2543.83020
2015-08-03,2544.29180
2015-08-04,2544.75300
2015-08-05,2545.22090
2015-08-06,2545.68930
2015-08-07,2546.13040
2015-08-08,2546.57160
2015-08-09,2547.01270
2015-08-10,2547.47720
2015-08-11,2547.94390
2015-08-12,2548.41220
2015-08-13,2548.88190
2015-08-14,2549.34930
2015-08-15,2549.81660
2015-08-16,2550.28400
2015-08-17,2550.75450
2015-08-18,2551.22510
2015-08-19,2551.69510
2015-08-20,2552.16600
2015-08-21,2552.60370
2015-08-22,2553.04130
2015-08-23,2553.47900
2015-08-24,2553.95280
2015-08-25,2554.42630
2015-08-26,2554.90030
2015-08-27,2555.37470
2015-08-28,2555.84750
2015-08-29,2556.32040
2015-08-30,2556.79330
2015-08-31,2557.25820
2015-09-01,2557.56950
2015-09-02,2558.03130
2015-09-03,2558.50000
2015-09-04,2558.95650
2015-09-05,2559.40780
2015-09-06,2559.85910
2015-09-07,2560.33240
2015-09-08,2560.79010
2015-09-09,2561.26450
2015-09-10,2561.73900
2015-09-11,2562.20200
2015-09-12,2562.67020
2015-09-13,2563.13830
2015-09-14,2563.59420
2015-09-15,2564.07540
2015-09-16,2564.53580
2015-09-17,2565.01390
2015-09-18,2565.49150
2015-09-19,2565.96070
2015-09-20,2566.42990
2015-09-21,2566.90780
2015-09-22,2567.19820
2015-09-23,2567.67290
2015-09-24,2568.16630
2015-09-25,2568.64890
2015-09-26,2569.13220
2015-09-27,2569.61640
2015-09-28,2570.13340
2015-09-29,2571.32570
2015-09-30,2571.85940
2015-10-01,2572.37020
2015-10-02,2572.81470
2015-10-03,2573.25920
2015-10-04,2573.70450
2015-10-05,2574.12540
2015-10-06,2574.63610
2015-10-07,2575.08830
2015-10-08,2575.51690
2015-10-09,2575.95730
2015-10-10,2576.40610
2015-10-11,2576.85630
2015-10-12,2577.30730
2015-10-13,2577.74080
2015-10-14,2578.26840
2015-10-15,2578.71960
2015-10-16,2579.38990
2015-10-17,2579.82670
2015-10-18,2580.26340
2015-10-19,2580.39670
2015-10-20,2580.85510
2015-10-21,2581.30760
2015-10-22,2581.76020
2015-10-23,2582.51600
2015-10-24,2582.96220
2015-10-25,2583.40890
2015-10-26,2583.85940
2015-10-27,2584.29240
2015-10-28,2584.45120
2015-10-29,2584.91000
2015-10-30,2585.64570
2015-10-31,2586.08490
2015-11-01,2586.52410
2015-11-02,2586.83740
2015-11-03,2586.99190
2015-11-04,2587.35710
2015-11-05,2587.96480
2015-11-06,2588.65830
2015-11-07,2589.10200
2015-11-08,2589.54560
2015-11-09,2589.98800
2015-11-10,2590.58540
2015-11-11,2591.02620
2015-11-12,2591.46690
2015-11-13,2592.02670
2015-11-14,2592.46130
2015-11-15,2592.89570
2015-11-16,2592.98850
2015-11-17,2593.31740
2015-11-18,2593.77560
2015-11-19,2594.31220
2015-11-20,2595.24880
2015-11-21,2595.65360
2015-11-22,2596.05840
2015-11-23,2596.23700
2015-11-24,2596.79740
2015-11-25,2597.20690
2015-11-26,2597.52870
2015-11-27,2597.96980
2015-11-28,2598.41140
2015-11-29,2598.85240
2015-11-30,2599.25150
2015-12-01,2599.64620
2015-12-02,2600.10290
2015-12-03,2600.47700
2015-12-04,2601.31900
2015-12-05,2601.68800
2015-12-06,2602.05710
2015-12-07,2602.22740
2015-12-08,2602.69650
2015-12-09,2603.15810
2015-12-10,2603.30920
2015-12-11,2603.96120
2015-12-12,2604.37230
2015-12-13,2604.78400
2015-12-14,2605.12200
2015-12-15,2605.59070
2015-12-16,2606.08120
2015-12-17,2606.46600
2015-12-18,2607.39760
2015-12-19,2607.82350
2015-12-20,2608.24950
2015-12-21,2608.03450
2015-12-22,2608.50060
2015-12-23,2608.96700
2015-12-24,2609.43330
2015-12-25,2609.89960
2015-12-26,2610.36590
2015-12-27,2610.83220
2015-12-28,2611.29830
2015-12-29,2611.76450
2015-12-30,2612.13900
2015-12-31,2612.75640
2016-01-01,2613.83110
2016-01-02,2614.14890
2016-01-03,2614.46670
2016-01-04,2614.47370
2016-01-05,2614.95280
2016-01-06,2615.42890
2016-01-07,2615.51250
2016-01-08,2616.04610
2016-01-09,2616.48510
2016-01-10,2616.92410
2016-01-11,2617.32520
2016-01-12,2617.72240
2016-01-13,2618.18530
2016-01-14,2618.58610
2016-01-15,2619.04690
2016-01-16,2619.50770
2016-01-17,2619.96850
2016-01-18,2620.42930
2016-01-19,2620.80710
2016-01-20,2621.28810
2016-01-21,2621.77040
2016-01-22,2622.23480
2016-01-23,2622.69920
2016-01-24,2623.16360
2016-01-25,2623.62790
2016-01-26,2624.09230
2016-01-27,2624.44010
2016-01-28,2625.14640
2016-01-29,2625.59000
2016-01-30,2626.03360
2016-01-31,2626.47940
2016-02-01,2626.92300
2016-02-02,2627.33070
2016-02-03,2627.81240
2016-02-04,2627.83220
2016-02-05,2628.29150
2016-02-06,2628.75080
2016-02-07,2629.21010
2016-02-08,2629.51380
2016-02-09,2629.97610
2016-02-10,2630.43840
2016-02-11,2630.90070
2016-02-12,2631.85660
2016-02-13,2632.30010
2016-02-14,2632.74370
2016-02-15,2632.66490
2016-02-16,2633.33060
2016-02-17,2633.68200
2016-02-18,2634.14590
2016-02-19,2634.61100
2016-02-20,2635.07480
2016-02-21,2635.53990
2016-02-22,2636.06360
2016-02-23,2636.53990
2016-02-24,2637.01620
2016-02-25,2637.47500
2016-02-26,2637.93380
2016-02-27,2638.39260
2016-02-28,2638.85140
2016-02-29,2639.31020
2016-03-01,2639.74910
2016-03-02,2640.21070
2016-03-03,2640.81480
2016-03-04,2641.27040
2016-03-05,2641.72480
2016-03-06,2642.18040
2016-03-07,2642.63470
2016-03-08,2643.04910
2016-03-09,2643.52070
2016-03-10,2643.77160
2016-03-11,2644.23470
2016-03-12,2644.69750
2016-03-13,2645.16040
2016-03-14,2645.58320
2016-03-15,2646.04910
2016-03-16,2646.48140
2016-03-17,2647.08750
2016-03-18,2648.25820
2016-03-19,2648.68070
2016-03-20,2649.10310
2016-03-21,2649.34950
2016-03-22,2649.29850
2016-03-23,2650.48550
2016-03-24,2650.84900
2016-03-25,2651.21250
2016-03-26,2651.57600
2016-03-27,2651.93950
2016-03-28,2652.07030
2016-03-29,2652.54890
2016-03-30,2653.09900
2016-03-31,2653.37180
2016-04-01,2653.82410
2016-04-02,2654.27500
2016-04-03,2654.72730
2016-04-04,2655.17820
2016-04-05,2655.63130
2016-04-06,2656.16870
2016-04-07,2656.61640
2016-04-08,2657.06400
2016-04-09,2657.51170
2016-04-10,2657.95930
2016-04-11,2658.49570
2016-04-12,2658.95990
2016-04-13,2659.39280
2016-04-14,2659.82560
2016-04-15,2660.25850
2016-04-16,2660.69130
2016-04-17,2661.12410
2016-04-18,2661.55700
2016-04-19,2661.98980
2016-04-20,2662.42260
2016-04-21,2662.65090
2016-04-22,2663.08660
2016-04-23,2663.52240
2016-04-24,2663.95720
2016-04-25,2664.38280
2016-04-26,2664.77930
2016-04-27,2665.21740
2016-04-28,2665.61240
2016-04-29,2666.05690
2016-04-30,2666.50140
2016-05-01,2666.94710
2016-05-02,2667.34980
2016-05-03,2667.77620
2016-05-04,2668.46850
2016-05-05,2668.66940
2016-05-06,2669.09730
2016-05-07,2669.52520
2016-05-08,2669.95310
2016-05-09,2670.38100
2016-05-10,2670.70750
2016-05-11,2671.16300
2016-05-12,2671.58070
2016-05-13,2672.25650
2016-05-14,2672.45830
2016-05-15,2672.66000
2016-05-16,2672.78290
2016-05-17,2673.22670
2016-05-18,2673.67020
2016-05-19,2673.84310
2016-05-20,2674.39490
2016-05-21,2674.79380
2016-05-22,2675.19340
2016-05-23,2675.63690
2016-05-24,2676.06800
2016-05-25,2676.51250
2016-05-26,2676.79720
2016-05-27,2678.12580
2016-05-28,2678.16090
2016-05-29,2678.19600
2016-05-30,2678.64350
2016-05-31,2679.10380
2016-06-01,2679.55260
2016-06-02,2680.05010
2016-06-03,2680.59270
2016-06-04,2680.99420
2016-06-05,2681.39720
2016-06-06,2681.84100
2016-06-07,2682.27780
2016-06-08,2682.74980
2016-06-09,2683.06830
2016-06-10,2684.14810
2016-06-11,2684.28080
2016-06-12,2684.41360
2016-06-13,2684.91100
2016-06-14,2685.38280
2016-06-15,2685.79390
2016-06-16,2686.27440
2016-06-17,2687.47460
2016-06-18,2687.60430
2016-06-19,2687.73400
2016-06-20,2688.17490
2016-06-21,2688.54670
2016-06-22,2688.98090
2016-06-23,2689.49150
2016-06-24,2690.20400
2016-06-25,2690.49620
2016-06-26,2690.78680
2016-06-27,2690.86420
2016-06-28,2691.33250
2016-06-29,2691.94960
2016-06-30,2692.39110
2016-07-01,2693.80340
2016-07-02,2693.84500
2016-07-03,2693.88670
2016-07-04,2694.45400
2016-07-05,2695.26110
2016-07-06,2695.38190
2016-07-07,2695.82800
2016-07-08,2697.03040
2016-07-09,2697.16020
2016-07-10,2697.28990
2016-07-11,2697.61560
2016-07-12,2698.06250
2016-07-13,2698.29740
2016-07-14,2698.97730
2016-07-15,2699.48350
2016-07-16,2699.87260
2016-07-17,2700.26010
2016-07-18,2700.69290
2016-07-19,2701.12420
2016-07-20,2701.50310
2016-07-21,2701.83440
2016-07-22,2702.92510
2016-07-23,2703.09490
2016-07-24,2703.26480
2016-07-25,2703.70320
2016-07-26,2704.07050
2016-07-27,2704.39330
2016-07-28,2704.83120
2016-07-29,2705.26910
2016-07-30,2705.70680
2016-07-31,2706.14460
2016-08-01,2706.62060
2016-08-02,2706.92880
2016-08-03,2707.35540
2016-08-04,2707.78200
2016-08-05,2709.01700
2016-08-06,2709.03930
2016-08-07,2709.06160
2016-08-08,2709.31500
2016-08-09,2709.79930
2016-08-10,2710.23040
2016-08-11,2710.66160
2016-08-12,2712.40710
2016-08-13,2712.42940
2016-08-14,2712.45180
2016-08-15,2712.47410
2016-08-16,2712.90060
2016-08-17,2713.32710
2016-08-18,2713.75370
2016-08-19,2714.18020
2016-08-20,2714.60670
2016-08-21,2715.03330
2016-08-22,2715.40180
2016-08-23,2715.88620
2016-08-24,2716.37050
2016-08-25,2716.62390
2016-08-26,2717.06890
2016-08-27,2717.51400
2016-08-28,2717.96130
2016-08-29,2718.33010
2016-08-30,2718.81440
2016-08-31,2719.29880
2016-09-01,2719.33030
2016-09-02,2720.70450
2016-09-03,2720.73610
2016-09-04,2720.76770
2016-09-05,2720.79930
2016-09-06,2721.06200
2016-09-07,2721.55580
2016-09-08,2721.99870
2016-09-09,2722.44170
2016-09-10,2722.88460
2016-09-11,2723.32750
2016-09-12,2724.25580
2016-09-13,2724.28730
2016-09-14,2724.72790
2016-09-15,2725.27480
2016-09-16,2726.23080
2016-09-17,2726.26230
2016-09-18,2726.29380
2016-09-19,2726.73910
2016-09-20,2727.18430
2016-09-21,2727.77520
2016-09-22,2728.21620
2016-09-23,2728.65730
2016-09-24,2729.09830
2016-09-25,2729.53940
2016-09-26,2730.01510
2016-09-27,2730.50930
2016-09-28,2730.77220
2016-09-29,2731.26640
2016-09-30,2731.70980
2016-10-01,2732.15310
2016-10-02,2732.59640
2016-10-03,2733.03970
2016-10-04,2733.73740
2016-10-05,2734.23160
2016-10-06,2734.72580
2016-10-07,2735.15050
2016-10-08,2735.57530
2016-10-09,2736.00000
2016-10-10,2737.16560
2016-10-11,2737.19700
2016-10-12,2737.22850
2016-10-13,2737.65570
2016-10-14,2738.91150
2016-10-15,2738.94290
2016-10-16,2738.97440
2016-10-17,2739.39930
2016-10-18,2739.73160
2016-10-19,2740.22590
2016-10-20,2740.65310
2016-10-21,2741.90890
2016-10-22,2741.94030
2016-10-23,2741.97170
2016-10-24,2742.38970
2016-10-25,2742.72890
2016-10-26,2743.22320
2016-10-27,2743.25720
2016-10-28,2743.68710
2016-10-29,2744.11690
2016-10-30,2744.54670
2016-10-31,2744.97650
2016-11-01,2745.40630
2016-11-02,2745.79260
2016-11-03,2746.22290
2016-11-04,2747.25100
2016-11-05,2747.28510
2016-11-06,2747.31920
2016-11-07,2747.81670
2016-11-08,2748.31420
2016-11-09,2748.74910
2016-11-10,2749.30740
2016-11-11,2749.73360
2016-11-12,2750.15990
2016-11-13,2750.58610
2016-11-14,2751.01230
2016-11-15,2751.55440
2016-11-16,2752.05010
2016-11-17,2752.46070
2016-11-18,2752.87130
2016-11-19,2753.28190
2016-11-20,2753.69250
2016-11-21,2754.10310
2016-11-22,2754.51370
2016-11-23,2754.92670
2016-11-24,2755.33740
2016-11-25,2755.75040
2016-11-26,2756.16110
2016-11-27,2756.57400
2016-11-28,2756.98470
2016-11-29,2757.39770
2016-11-30,2757.80840
2016-12-01,2757.83920
2016-12-02,2758.24100
2016-12-03,2758.64280
2016-12-04,2759.04450
2016-12-05,2759.44630
2016-12-06,2759.84810
2016-12-07,2760.24990
2016-12-08,2760.65170
2016-12-09,2761.05350
2016-12-10,2761.45760
2016-12-11,2761.85940
2016-12-12,2762.26350
2016-12-13,2762.61420
2016-12-14,2763.01830
2016-12-15,2763.42240
2016-12-16,2763.82850
2016-12-17,2764.23470
2016-12-18,2764.64090
2016-12-19,2764.19870
2016-12-20,2764.63270
2016-12-21,2765.06670
2016-12-22,2765.50060
2016-12-23,2765.93700
2016-12-24,2766.37340
2016-12-25,2766.80980
2016-12-26,2767.24620
2016-12-27,2767.68260
2016-12-28,2768.11890
2016-12-29,2768.71750
2016-12-30,2770.14350
2016-12-31,2770.17890
2017-01-01,2770.21440
2017-01-02,2770.48170
2017-01-03,2770.98070
2017-01-04,2771.40320
2017-01-05,2771.82570
2017-01-06,2772.24820
2017-01-07,2772.67070
2017-01-08,2773.09320
2017-01-09,2773.51570
2017-01-10,2773.77830
2017-01-11,2774.21930
2017-01-12,2774.74880
2017-01-13,2775.16400
2017-01-14,2775.57920
2017-01-15,2775.99440
2017-01-16,2776.40730
2017-01-17,2776.81190
2017-01-18,2777.22500
2017-01-19,2777.26010
2017-01-20,2777.68230
2017-01-21,2778.10450
2017-01-22,2778.52660
2017-01-23,2778.94880
2017-01-24,2779.12330
2017-01-25,2780.08700
2017-01-26,2780.12230
2017-01-27,2780.52800
2017-01-28,2780.93370
2017-01-29,2781.33940
2017-01-30,2781.76830
2017-01-31,2782.09950
2017-02-01,2782.53080
2017-02-02,2782.96210
2017-02-03,2783.43180
2017-02-04,2783.84160
2017-02-05,2784.25140
2017-02-06,2784.64880
2017-02-07,2785.09130
2017-02-08,2785.51660
2017-02-09,2785.95060
2017-02-10,2786.38460
2017-02-11,2786.81610
2017-02-12,2787.25000
2017-02-13,2787.68170
2017-02-14,2788.11590
2017-02-15,2788.55160
2017-02-16,2788.98540
2017-02-17,2789.46520
2017-02-18,2789.87750
2017-02-19,2790.28740
2017-02-20,2790.72060
2017-02-21,2791.15130
2017-02-22,2791.58450
2017-02-23,2792.01530
2017-02-24,2792.44850
2017-02-25,2792.87920
2017-02-26,2793.31240
2017-02-27,2793.74580
2017-02-28,2794.10180
2017-03-01,2794.60700
2017-03-02,2794.23250
2017-03-03,2794.72100
2017-03-04,2795.11580
2017-03-05,2795.51300
2017-03-06,2795.92790
2017-03-07,2796.34540
2017-03-08,2797.04500
2017-03-09,2797.46170
2017-03-10,2799.29340
2017-03-11,2799.31300
2017-03-12,2799.33270
2017-03-13,2799.35230
2017-03-14,2799.75640
2017-03-15,2800.13140
2017-03-16,2800.53510
2017-03-17,2801.92090
2017-03-18,2801.91930
2017-03-19,2801.91770
2017-03-20,2802.30860
2017-03-21,2802.68820
2017-03-22,2802.95760
2017-03-23,2803.47200
2017-03-24,2804.74740
2017-03-25,2804.74580
2017-03-26,2804.74410
2017-03-27,2805.14160
2017-03-28,2805.53890
2017-03-29,2806.02930
2017-03-30,2806.55150
2017-03-31,2808.18250
2017-04-01,2808.15020
2017-04-02,2808.11790
2017-04-03,2808.47650
2017-04-04,2808.83510
2017-04-05,2809.19360
2017-04-06,2809.55230
2017-04-07,2809.91090
2017-04-08,2810.26950
2017-04-09,2810.63090
2017-04-10,2810.98960
2017-04-11,2811.34870
2017-04-12,2811.70790
2017-04-13,2813.03330
2017-04-14,2813.00100
2017-04-15,2812.96860
2017-04-16,2812.93630
2017-04-17,2813.36810
2017-04-18,2813.70540
2017-04-19,2814.22880
2017-04-20,2814.19680
2017-04-21,2814.60150
2017-04-22,2815.00610
2017-04-23,2815.41070
2017-04-24,2815.81540
2017-04-25,2816.22000
2017-04-26,2816.62460
2017-04-27,2817.02920
2017-04-28,2817.43400
2017-04-29,2817.83870
2017-04-30,2818.24340
2017-05-01,2818.64810
2017-05-02,2819.05280
2017-05-03,2819.45750
2017-05-04,2819.86220
2017-05-05,2820.26690
2017-05-06,2820.67160
2017-05-07,2821.07620
2017-05-08,2821.48090
2017-05-09,2822.03010
2017-05-10,2821.99810
2017-05-11,2822.52230
2017-05-12,2823.88100
2017-05-13,2823.84890
2017-05-14,2823.81680
2017-05-15,2824.24920
2017-05-16,2824.68160
2017-05-17,2825.11130
2017-05-18,2824.84330
2017-05-19,2825.28430
2017-05-20,2825.72520
2017-05-21,2826.16620
2017-05-22,2826.67330
2017-05-23,2826.92390
2017-05-24,2827.36760
2017-05-25,2827.81130
2017-05-26,2828.25490
2017-05-27,2828.69860
2017-05-28,2829.14220
2017-05-29,2829.53080
2017-05-30,2830.05720
2017-05-31,2830.50080
2017-06-01,2830.94450
2017-06-02,2831.38810
2017-06-03,2831.83170
2017-06-04,2832.27530
2017-06-05,2832.71890
2017-06-06,2833.16260
2017-06-07,2833.60610
2017-06-08,2834.04980
2017-06-09,2834.49340
2017-06-10,2834.93710
2017-06-11,2835.38070
2017-06-12,2835.82440
2017-06-13,2836.26830
2017-06-14,2836.71210
2017-06-15,2837.10080
2017-06-16,2838.45550
2017-06-17,2838.43020
2017-06-18,2838.40480
2017-06-19,2838.85140
2017-06-20,2839.29800
2017-06-21,2839.74460
2017-06-22,2840.19120
2017-06-23,2840.63780
2017-06-24,2841.08440
2017-06-25,2841.53100
2017-06-26,2841.97760
2017-06-27,2842.42410
2017-06-28,2842.87070
2017-06-29,2843.37000
2017-06-30,2843.81140
2017-07-01,2844.25200
2017-07-02,2844.69270
2017-07-03,2845.13090
2017-07-04,2845.44470
2017-07-05,2845.89950
2017-07-06,2846.35380
2017-07-07,2846.80810
2017-07-08,2847.26230
2017-07-09,2847.71660
2017-07-10,2848.17170
2017-07-11,2848.62730
2017-07-12,2849.08300
2017-07-13,2849.02220
2017-07-14,2849.46200
2017-07-15,2849.90180
2017-07-16,2850.34150
2017-07-17,2850.83570
2017-07-18,2851.08500
2017-07-19,2851.63350
2017-07-20,2852.07600
2017-07-21,2852.51840
2017-07-22,2852.96090
2017-07-23,2853.40330
2017-07-24,2853.84570
2017-07-25,2854.27730
2017-07-26,2854.71980
2017-07-27,2855.15680
2017-07-28,2856.55800
2017-07-29,2856.52770
2017-07-30,2856.49740
2017-07-31,2856.94240
2017-08-01,2857.38740
2017-08-02,2857.83240
2017-08-03,2857.80590
2017-08-04,2858.23550
2017-08-05,2858.66500
2017-08-06,2859.09450
2017-08-07,2859.52400
2017-08-08,2859.95350
2017-08-09,2860.38300
2017-08-10,2860.81250
2017-08-11,2861.24200
2017-08-12,2861.67150
2017-08-13,2862.10100
2017-08-14,2862.90310
2017-08-15,2862.87660
2017-08-16,2863.75380
2017-08-17,2863.72730
2017-08-18,2864.15960
2017-08-19,2864.59180
2017-08-20,2865.02410
2017-08-21,2865.44530
2017-08-22,2865.87760
2017-08-23,2866.30510
2017-08-24,2866.73760
2017-08-25,2867.17020
2017-08-26,2867.60270
2017-08-27,2868.03520
2017-08-28,2868.46770
2017-08-29,2868.90030
2017-08-30,2869.33280
2017-08-31,2869.80140
2017-09-01,2870.23120
2017-09-02,2870.66090
2017-09-03,2871.09060
2017-09-04,2871.61490
2017-09-05,2872.03620
2017-09-06,2872.45760
2017-09-07,2872.90390
2017-09-08,2874.18780
2017-09-09,2874.16110
2017-09-10,2874.13450
2017-09-11,2874.55580
2017-09-12,2874.96040
2017-09-13,2875.39000
2017-09-14,2875.80850
2017-09-15,2876.24090
2017-09-16,2876.67330
2017-09-17,2877.10290
2017-09-18,2876.95040
2017-09-19,2877.33470
2017-09-20,2877.74700
2017-09-21,2878.18150
2017-09-22,2878.61600
2017-09-23,2879.05050
2017-09-24,2879.48500
2017-09-25,2879.91940
2017-09-26,2880.39010
2017-09-27,2880.77730
2017-09-28,2881.27580
2017-09-29,2881.71040
2017-09-30,2882.14490
2017-10-01,2882.57940
2017-10-02,2883.01390
2017-10-03,2883.44840
2017-10-04,2883.88300
2017-10-05,2884.31760
2017-10-06,2885.70970
2017-10-07,2885.68500
2017-10-08,2885.66030
2017-10-09,2886.04760
2017-10-10,2886.49320
2017-10-11,2886.94730
2017-10-12,2887.47360
2017-10-13,2888.83500
2017-10-14,2888.81030
2017-10-15,2888.78550
2017-10-16,2889.20610
2017-10-17,2889.51260
2017-10-18,2891.81190
2017-10-19,2891.78720
2017-10-20,2891.76240
2017-10-21,2891.73760
2017-10-22,2891.71280
2017-10-23,2892.13890
2017-10-24,2892.56500
2017-10-25,2892.98840
2017-10-26,2892.96830
2017-10-27,2893.39910
2017-10-28,2893.82990
2017-10-29,2894.26070
2017-10-30,2894.69430
2017-10-31,2895.12510
2017-11-01,2895.56080
2017-11-02,2895.99150
2017-11-03,2896.42500
2017-11-04,2896.85570
2017-11-05,2897.28920
2017-11-06,2897.71990
2017-11-07,2898.15340
2017-11-08,2898.70700
2017-11-09,2899.13530
2017-11-10,2899.56340
2017-11-11,2899.99140
2017-11-12,2900.41950
2017-11-13,2900.84750
2017-11-14,2901.27550
2017-11-15,2901.70360
2017-11-16,2902.13170
2017-11-17,2903.34280
2017-11-18,2903.32060
2017-11-19,2903.29830
2017-11-20,2903.73200
2017-11-21,2904.16560
2017-11-22,2904.59920
2017-11-23,2905.03290
2017-11-24,2905.46650
2017-11-25,2905.90290
2017-11-26,2906.33660
2017-11-27,2906.77300
2017-11-28,2907.20660
2017-11-29,2907.64300
2017-11-30,2908.07660
2017-12-01,2908.51290
2017-12-02,2908.94650
2017-12-03,2909.38280
2017-12-04,2909.81640
2017-12-05,2910.25270
2017-12-06,2910.68630
2017-12-07,2910.66910
2017-12-08,2911.11340
2017-12-09,2911.55770
2017-12-10,2912.00190
2017-12-11,2912.44520
2017-12-12,2912.88840
2017-12-13,2913.33390
2017-12-14,2913.77900
2017-12-15,2914.22400
2017-12-16,2914.66910
2017-12-17,2915.11410
2017-12-18,2915.55920
2017-12-19,2916.00420
2017-12-20,2915.82880
2017-12-21,2916.81300
2017-12-22,2917.25800
2017-12-23,2917.70310
2017-12-24,2918.14810
2017-12-25,2918.59310
2017-12-26,2919.03550
2017-12-27,2919.48070
2017-12-28,2919.76310
2017-12-29,2921.10940
2017-12-30,2921.08860
2017-12-31,2921.06770
2018-01-01,2921.51840
2018-01-02,2921.96920
2018-01-03,2922.42000
2018-01-04,2923.08700
2018-01-05,2923.52870
2018-01-06,2923.97140
2018-01-07,2924.41410
2018-01-08,2924.85670
2018-01-09,2925.43990
2018-01-10,2925.81120
2018-01-11,2926.24720
2018-01-12,2926.68590
2018-01-13,2927.12190
2018-01-14,2927.56060
2018-01-15,2927.99650
2018-01-16,2928.43530
2018-01-17,2928.87130
2018-01-18,2929.31000
2018-01-19,2929.74600
2018-01-20,2930.18470
2018-01-21,2930.62070
2018-01-22,2931.05940
2018-01-23,2931.48130
2018-01-24,2931.88140
2018-01-25,2932.32650
2018-01-26,2932.77170
2018-01-27,2933.21680
2018-01-28,2933.66190
2018-01-29,2934.10700
2018-01-30,2934.56060
2018-01-31,2935.01100
2018-02-01,2934.99880
2018-02-02,2935.43580
2018-02-03,2935.87290
2018-02-04,2936.31000
2018-02-05,2936.74710
2018-02-06,2937.18420
2018-02-07,2937.62120
2018-02-08,2938.06100
2018-02-09,2938.49800
2018-02-10,2938.93780
2018-02-11,2939.37480
2018-02-12,2939.81740
2018-02-13,2940.25720
2018-02-14,2940.69980
2018-02-15,2941.14130
2018-02-16,2941.58230
2018-02-17,2942.02050
2018-02-18,2942.46140
2018-02-19,2942.89960
2018-02-20,2943.34060
2018-02-21,2943.77870
2018-02-22,2944.21970
2018-02-23,2944.65850
2018-02-24,2945.10010
2018-02-25,2945.53890
2018-02-26,2945.92250
2018-02-27,2946.36660
2018-02-28,2946.81090
2018-03-01,2947.25510
2018-03-02,2947.69930
2018-03-03,2948.14350
2018-03-04,2948.59050
2018-03-05,2949.03460
2018-03-06,2949.54270
2018-03-07,2949.98430
2018-03-08,2950.42590
2018-03-09,2950.86740
2018-03-10,2951.30900
2018-03-11,2951.75050
2018-03-12,2952.19140
2018-03-13,2952.63230
2018-03-14,2953.07320
2018-03-15,2953.51400
2018-03-16,2953.95480
2018-03-17,2954.39560
2018-03-18,2954.83640
2018-03-19,2955.27720
2018-03-20,2955.71810
2018-03-21,2956.15920
2018-03-22,2956.07600
2018-03-23,2957.34290
2018-03-24,2957.32380
2018-03-25,2957.30460
2018-03-26,2957.80870
2018-03-27,2958.33530
2018-03-28,2960.92240
2018-03-29,2960.90320
2018-03-30,2960.88400
2018-03-31,2960.86480
2018-04-01,2960.84560
2018-04-02,2960.82640
2018-04-03,2961.27220
2018-04-04,2961.71800
2018-04-05,2962.35590
2018-04-06,2963.67860
2018-04-07,2963.65660
2018-04-08,2963.63450
2018-04-09,2964.06070
2018-04-10,2964.54810
2018-04-11,2964.96870
2018-04-12,2965.38920
2018-04-13,2965.80980
2018-04-14,2966.23040
2018-04-15,2966.65100
2018-04-16,2967.06880
2018-04-17,2967.48930
2018-04-18,2967.90710
2018-04-19,2967.87030
2018-04-20,2967.84720
2018-04-21,2967.82400
2018-04-22,2967.80090
2018-04-23,2968.17490
2018-04-24,2968.60300
2018-04-25,2969.04150
2018-04-26,2969.01850
2018-04-27,2968.96260
2018-04-28,2968.96200
2018-04-29,2968.96130
2018-04-30,2968.96070
2018-05-01,2968.96010
2018-05-02,2969.31960
2018-05-03,2969.67930
2018-05-04,2970.08120
2018-05-05,2970.48310
2018-05-06,2970.88500
2018-05-07,2971.31420
2018-05-08,2971.75230
2018-05-09,2972.19050
2018-05-10,2972.48060
2018-05-11,2972.92530
2018-05-12,2973.37000
2018-05-13,2973.81470
2018-05-14,2974.33240
2018-05-15,2974.77290
2018-05-16,2975.21330
2018-05-17,2975.60680
2018-05-18,2976.11670
2018-05-19,2976.52080
2018-05-20,2976.92490
2018-05-21,2977.36680
2018-05-22,2977.80760
2018-05-23,2978.24830
2018-05-24,2978.70720
2018-05-25,2979.14700
2018-05-26,2979.58690
2018-05-27,2980.02670
2018-05-28,2980.46680
2018-05-29,2980.90700
2018-05-30,2981.34080
2018-05-31,2981.32460
2018-06-01,2981.77710
2018-06-02,2982.22910
2018-06-03,2982.68160
2018-06-04,2982.75780
2018-06-05,2983.12630
2018-06-06,2983.60060
2018-06-07,2983.98460
2018-06-08,2984.44770
2018-06-09,2984.91090
2018-06-10,2985.37400
2018-06-11,2985.83690
2018-06-12,2986.30000
2018-06-13,2986.76280
2018-06-14,2987.19060
2018-06-15,2987.65630
2018-06-16,2988.12200
2018-06-17,2988.58720
2018-06-18,2989.05290
2018-06-19,2989.47480
2018-06-20,2990.02520
2018-06-21,2990.50160
2018-06-22,2990.95590
2018-06-23,2991.41030
2018-06-24,2991.86460
2018-06-25,2992.33190
2018-06-26,2992.78240
2018-06-27,2993.25890
2018-06-28,2993.73170
2018-06-29,2994.36510
2018-06-30,2994.74430
2018-07-01,2995.12350
2018-07-02,2995.60830
2018-07-03,2996.07640
2018-07-04,2996.64460
2018-07-05,2997.10830
2018-07-06,2997.57180
2018-07-07,2998.03540
2018-07-08,2998.49890
2018-07-09,2998.96250
2018-07-10,2999.41260
2018-07-11,2999.83080
2018-07-12,3000.22550
2018-07-13,3000.86030
2018-07-14,3001.23940
2018-07-15,3001.61860
2018-07-16,3002.08720
2018-07-17,3002.58260
2018-07-18,3003.06180
2018-07-19,3003.49310
2018-07-20,3004.11020
2018-07-21,3004.49800
2018-07-22,3004.88820
2018-07-23,3005.34550
2018-07-24,3005.82650
2018-07-25,3006.23830
2018-07-26,3006.33710
2018-07-27,3007.73770
2018-07-28,3007.75240
2018-07-29,3007.76700
2018-07-30,3008.31400
2018-07-31,3008.80580
2018-08-01,3009.26050
2018-08-02,3009.73410
2018-08-03,3010.68700
2018-08-04,3010.76660
2018-08-05,3010.84640
2018-08-06,3011.33990
2018-08-07,3012.08550
2018-08-08,3012.56840
2018-08-09,3013.02670
2018-08-10,3014.29330
2018-08-11,3014.25590
2018-08-12,3014.21850
2018-08-13,3014.72660
2018-08-14,3015.22560
2018-08-15,3015.69690
2018-08-16,3017.73200
2018-08-17,3017.69460
2018-08-18,3017.65710
2018-08-19,3017.61960
2018-08-20,3018.10480
2018-08-21,3019.07780
2018-08-22,3019.04040
2018-08-23,3019.52090
2018-08-24,3021.06450
2018-08-25,3021.02700
2018-08-26,3020.98950
2018-08-27,3021.46950
2018-08-28,3021.96950
2018-08-29,3022.50120
2018-08-30,3022.96360
2018-08-31,3024.51660
2018-09-01,3024.47910
2018-09-02,3024.44150
2018-09-03,3024.99020
2018-09-04,3025.47850
2018-09-05,3026.01850
2018-09-06,3026.49790
2018-09-07,3027.95530
2018-09-08,3027.93750
2018-09-09,3027.91970
2018-09-10,3028.40800
2018-09-11,3028.83590
2018-09-12,3029.85050
2018-09-13,3029.83270
2018-09-14,3031.39610
2018-09-16,3031.32090
2018-09-17,3031.81940
2018-09-18,3032.31440
2018-09-20,3032.19850
2018-09-23,3033.70330
2018-09-24,3034.13970
2018-09-25,3034.59360
2018-09-26,3035.21530
2018-09-27,3035.67370
2018-09-28,3037.36770
2018-09-30,3037.29220
2018-10-01,3038.39320
2018-10-02,3038.37570
2018-10-03,3038.88120
2018-10-04,3039.46630
2018-10-05,3039.97100
2018-10-07,3040.98020
2018-10-08,3041.60500
2018-10-09,3042.13750
2018-10-10,3042.63770
2018-10-11,3043.25850
2018-10-14,3044.53690
2018-10-15,3044.99600
2018-10-16,3045.50400
2018-10-18,3046.51460
2018-10-19,3048.03780
2018-10-21,3048.00170
2018-10-22,3048.51250
2018-10-23,3049.00650
2018-10-24,3049.52000
2018-10-25,3049.53750
2018-10-28,3051.09740
2018-10-29,3051.54960
2018-10-30,3052.07000
2018-10-31,3053.37530
2018-11-01,3053.89100
2018-11-02,3054.39360
2018-11-04,3055.39870
2018-11-05,3055.89830
2018-11-08,3057.40650
2018-11-11,3058.91470
2018-11-12,3059.41970
2018-11-13,3059.92490
2018-11-14,3060.42800
2018-11-15,3060.92750
2018-11-16,3062.43910
2018-11-18,3062.42600
2018-11-19,3062.93120
2018-11-20,3063.43650
2018-11-21,3063.94180
2018-11-25,3065.96260
2018-11-26,3066.50000
2018-11-27,3066.90710
2018-11-28,3067.50400
2018-11-29,3068.05090
2018-11-30,3068.54990
2018-12-02,3069.54780
2018-12-03,3070.03480
2018-12-04,3070.56960
2018-12-05,3071.04170
2018-12-06,3071.54070
2018-12-09,3073.03760
2018-12-10,3073.53660
2018-12-11,3074.02360
2018-12-12,3074.53150
2018-12-13,3075.03640
2018-12-14,3075.01870
2018-12-16,3074.96530
2018-12-17,3075.47310
2018-12-18,3075.98100
2018-12-19,3076.48890
2018-12-20,3076.94000
2018-12-21,3078.50510
2018-12-23,3078.45170
2018-12-24,3079.49110
2018-12-25,3079.46440
2018-12-26,3079.97520
2018-12-27,3080.48600
2018-12-28,3081.78630
2018-12-30,3081.71750
2018-12-31,3082.24320
2019-01-01,3083.36490
2019-01-02,3083.87090
2019-01-03,3084.37690
2019-01-04,3084.90080
2019-01-06,3085.88920
2019-01-07,3086.58270
2019-01-08,3087.08240
2019-01-09,3087.58120
2019-01-10,3088.04340
2019-01-11,3089.55580
2019-01-13,3089.51010
2019-01-14,3090.01300
2019-01-15,3090.60240
2019-01-16,3091.10230
2019-01-17,3091.60210
2019-01-18,3092.12540
2019-01-20,3093.10170
2019-01-21,3093.60150
2019-01-22,3093.95500
2019-01-23,3094.46370
2019-01-24,3095.03150
2019-01-25,3096.70950
2019-01-27,3096.64040
2019-01-28,3097.13420
2019-01-29,3097.62810
2019-01-30,3098.12200
2019-01-31,3098.61580
2019-02-01,3100.08650
2019-02-03,3100.04040
2019-02-04,3100.56810
2019-02-05,3101.06050
2019-02-06,3101.56870
2019-02-07,3102.07600
2019-02-08,3101.95120
2019-02-10,3101.90470
2019-02-11,3102.26680
2019-02-12,3102.81710
2019-02-13,3103.36460
2019-02-14,3103.90610
2019-02-15,3105.41560
2019-02-17,3105.36910
2019-02-18,3106.37060
2019-02-19,3106.34730
2019-02-20,3106.87680
2019-02-21,3107.21510
2019-02-22,3108.67380
2019-02-24,3108.62730
2019-02-25,3109.22240
2019-02-26,3109.67120
2019-02-27,3110.13190
2019-02-28,3110.65240
2019-03-01,3112.73840
2019-03-04,3112.66850
2019-03-05,3113.23980
2019-03-06,3113.72150
2019-03-07,3114.16720
2019-03-08,3115.71250
2019-03-10,3115.66580
2019-03-11,3116.15640
2019-03-12,3116.66790
2019-03-13,3117.17640
2019-03-14,3117.63110
2019-03-15,3118.13070
2019-03-17,3119.13270
2019-03-18,3119.12760
2019-03-19,3119.45900
2019-03-20,3120.30160
2019-03-21,3120.29650
2019-03-22,3120.66550
2019-03-24,3121.40350
2019-03-25,3121.77240
2019-03-26,3122.14140
2019-03-27,3122.59440
2019-03-28,3123.01360
2019-03-29,3123.49180
2019-03-31,3124.45060
2019-04-01,3124.92890
2019-04-02,3125.41800
2019-04-03,3126.13050
2019-04-04,3126.62180
2019-04-05,3127.23430
2019-04-07,3127.97600
2019-04-08,3128.49950
2019-04-09,3128.98270
2019-04-10,3129.46580
2019-04-11,3129.94900
2019-04-12,3131.00130
2019-04-14,3131.17680
2019-04-15,3131.68920
2019-04-16,3132.17860
2019-04-17,3132.66800
2019-04-18,3133.15740
2019-04-19,3133.64680
2019-04-21,3134.62560
2019-04-22,3135.11500
2019-04-23,3135.58880
2019-04-24,3136.07820
2019-04-25,3136.58430
2019-04-26,3137.07310
2019-04-29,3138.53970
2019-04-30,3139.07110
2019-05-01,3139.51630
2019-05-02,3140.00490
2019-05-03,3140.49800
2019-05-05,3141.48430
2019-05-06,3141.97990
2019-05-07,3142.47300
2019-05-08,3142.96970
2019-05-09,3143.46280
2019-05-10,3143.95850
2019-05-12,3144.94730
2019-05-13,3145.44040
2019-05-14,3145.94100
2019-05-15,3146.43350
2019-05-16,3146.42700
2019-05-17,3147.86040
2019-05-19,3147.87690
2019-05-20,3148.31980
2019-05-21,3148.81820
2019-05-22,3149.28110
2019-05-23,3149.75720
2019-05-24,3151.19400
2019-05-25,3151.19140
2019-05-26,3151.18880
2019-05-27,3151.67840
2019-05-28,3152.11920
2019-05-29,3152.60240
2019-05-30,3153.22890
2019-05-31,3154.49370
2019-06-02,3154.57610
2019-06-03,3155.15660
2019-06-04,3155.68690
2019-06-05,3156.11340
2019-06-06,3156.58190
2019-06-07,3157.94710
2019-06-09,3158.02400
2019-06-10,3158.47660
2019-06-11,3158.95670
2019-06-12,3159.40770
2019-06-13,3159.47090
2019-06-14,3159.92460
2019-06-16,3160.83200
2019-06-17,3161.25370
2019-06-18,3161.66570
2019-06-19,3162.05130
2019-06-20,3162.67180
2019-06-21,3164.04690
2019-06-22,3164.04220
2019-06-23,3164.03750
2019-06-24,3164.46540
2019-06-25,3164.92240
2019-06-26,3165.37930
2019-06-27,3165.76080
2019-06-28,3167.12810
2019-06-30,3167.18900
2019-07-01,3167.61520
2019-07-02,3168.00500
2019-07-03,3168.53920
2019-07-04,3168.99080
2019-07-05,3170.30470
2019-07-07,3170.36680
2019-07-08,3170.79670
2019-07-09,3171.24390
2019-07-10,3171.70560
2019-07-11,3171.73610
2019-07-12,3172.17460
2019-07-14,3173.05160
2019-07-15,3173.49000
2019-07-16,3173.92840
2019-07-17,3174.36680
2019-07-18,3174.80530
2019-07-19,3176.28190
2019-07-21,3176.26200
2019-07-22,3176.66910
2019-07-23,3177.07620
2019-07-24,3177.48320
2019-07-25,3177.89030
2019-07-26,3178.29730
2019-07-27,3178.70440
2019-07-28,3179.11140
2019-07-29,3179.79240
2019-07-30,3180.19900
2019-07-31,3179.53240
2019-08-01,3180.85690
2019-08-02,3181.27570
2019-08-04,3182.11340
2019-08-05,3182.53230
2019-08-06,3182.95120
2019-08-07,3183.37010
2019-08-08,3183.78900
2019-08-09,3184.20790
2019-08-10,3184.62380
2019-08-12,3185.45840
2019-08-13,3185.87720
2019-08-14,3186.14670
2019-08-15,3186.11110
2019-08-16,3187.50280
2019-08-17,3187.46720
2019-08-18,3187.43170
2019-08-19,3187.99390
2019-08-20,3188.39750
2019-08-21,3188.84370
2019-08-22,3189.13450
2019-08-23,3190.55960
2019-08-24,3190.52410
2019-08-25,3190.48850
2019-08-26,3190.80360
2019-08-27,3191.21890
2019-08-28,3191.63410
2019-08-29,3192.04930
2019-08-30,3193.91630
2019-09-02,3193.80960
2019-09-03,3194.06000
2019-09-04,3194.55600
2019-09-05,3194.98680
2019-09-06,3195.39890
2019-09-08,3196.22310
2019-09-09,3196.63200
2019-09-10,3197.04400
2019-09-11,3197.43430
2019-09-12,3197.84950
2019-09-13,3198.26460
2019-09-14,3198.67980
2019-09-15,3199.09490
2019-09-16,3199.05930
2019-09-17,3199.44600
2019-09-18,3199.83260
2019-09-19,3200.21930
2019-09-20,3200.60600
2019-09-22,3201.37940
2019-09-23,3201.76610
2019-09-24,3202.15270
2019-09-25,3202.28240
2019-09-26,3202.69390
2019-09-27,3203.10840
2019-09-29,3203.93440
2019-09-30,3204.36710
2019-10-01,3205.50740
2019-10-02,3205.47170
2019-10-03,3205.88850
2019-10-04,3207.29960
2019-10-06,3207.22830
2019-10-07,3207.63870
2019-10-08,3208.04590
2019-10-09,3208.45630
2019-10-10,3208.83490
2019-10-11,3210.19810
2019-10-13,3210.12660
2019-10-14,3210.52430
2019-10-15,3210.92830
2019-10-16,3211.31640
2019-10-17,3211.24080
2019-10-18,3211.59280
2019-10-21,3212.64890
2019-10-22,3213.00090
2019-10-23,3213.35290
2019-10-24,3213.70480
2019-10-25,3214.05660
2019-10-28,3215.10650
2019-10-29,3215.50970
2019-10-30,3215.81310
2019-10-31,3216.16210
2019-11-01,3216.51120
2019-11-03,3217.20920
2019-11-04,3217.53250
2019-11-05,3217.88720
2019-11-06,3218.23340
2019-11-07,3218.58240
2019-11-08,3218.93880
2019-11-10,3219.65140
2019-11-11,3220.40560
2019-11-12,3220.36970
2019-11-13,3220.72310
2019-11-14,3220.68780
2019-11-15,3221.07500
2019-11-17,3221.84940
2019-11-18,3222.19000
2019-11-19,3222.57720
2019-11-20,3223.05450
2019-11-21,3223.43860
2019-11-22,3223.82260
2019-11-24,3224.59070
2019-11-25,3224.97470
2019-11-26,3225.35870
2019-11-27,3225.74280
2019-11-28,3226.12680
2019-11-29,3226.51080
2019-12-01,3227.27880
2019-12-02,3227.66600
2019-12-03,3228.05000
2019-12-04,3228.49610
2019-12-05,3228.84600
2019-12-06,3229.22690
2019-12-08,3229.98860
2019-12-09,3230.36950
2019-12-10,3230.75350
2019-12-11,3231.13430
2019-12-12,3231.09890
2019-12-13,3232.26330
2019-12-15,3232.28970
2019-12-16,3232.10220
2019-12-17,3232.50960
2019-12-18,3232.89770
2019-12-19,3233.43660
2019-12-20,3234.37580
2019-12-22,3234.40650
2019-12-23,3234.79460
2019-12-24,3235.81320
2019-12-25,3235.82850
2019-12-26,3236.13440
2019-12-27,3236.50820
2019-12-28,3236.88200
2019-12-29,3237.25580
2019-12-30,3237.69260
2019-12-31,3237.96500
2020-01-01,3238.64020
2020-01-02,3239.31280
2020-01-03,3240.17440
2020-01-05,3240.18730
2020-01-06,3240.55010
2020-01-07,3240.91280
2020-01-08,3241.11940
2020-01-09,3241.56440
2020-01-10,3242.51920
2020-01-11,3242.52560
2020-01-12,3242.53200
2020-01-13,3242.72470
2020-01-14,3243.00230
2020-01-15,3243.54830
2020-01-16,3243.89200
2020-01-17,3245.05610
2020-01-19,3245.06520
2020-01-20,3245.44160
2020-01-21,3245.82940
2020-01-22,3246.21130
2020-01-23,3246.51770
2020-01-24,3247.59980
2020-01-25,3247.55540
2020-01-26,3247.51090
2020-01-27,3247.88180
2020-01-28,3248.23230
2020-01-29,3248.59450
2020-01-30,3248.58770
2020-01-31,3248.94120
2020-02-02,3249.64810
2020-02-03,3249.80980
2020-02-04,3250.17200
2020-02-05,3250.53410
2020-02-06,3250.89620
2020-02-07,3251.25830
2020-02-09,3251.97960
2020-02-10,3252.34170
2020-02-11,3252.70100
2020-02-12,3253.06310
2020-02-13,3253.55880
2020-02-14,3254.73430
2020-02-16,3254.64520
2020-02-17,3254.99860
2020-02-18,3255.36170
2020-02-19,3255.72470
2020-02-20,3256.08780
2020-02-23,3257.17410
2020-02-24,3257.48370
2020-02-25,3257.84970
2020-02-26,3258.21880
2020-02-27,3258.55210
2020-02-28,3258.92400
2020-03-01,3259.67090
2020-03-02,3260.04890
2020-03-03,3260.42080
2020-03-04,3260.78980
2020-03-05,3260.67280
2020-03-06,3261.83130
2020-03-08,3261.74210
2020-03-09,3262.52160
2020-03-10,3262.47700
2020-03-11,3262.84890
2020-03-12,3263.22970
2020-03-13,3263.88430
2020-03-15,3264.35640
2020-03-16,3264.73230
2020-03-17,3264.68760
2020-03-18,3264.64290
2020-03-19,3264.59820
2020-03-20,3264.55350
2020-03-22,3264.46420
2020-03-23,3264.41950
2020-03-24,3264.37480
2020-03-25,3264.33010
2020-03-26,3264.28540
2020-03-27,3264.24080
