Date,NAV
2006-04-01,1023.93740
2006-04-02,1023.93970
2006-04-03,1024.02020
2006-04-04,1024.08060
2006-04-05,1024.11950
2006-04-06,1024.12100
2006-04-07,1024.12310
2006-04-08,1024.12510
2006-04-09,1024.12710
2006-04-10,1024.16240
2006-04-11,1024.16360
2006-04-12,1024.16500
2006-04-13,1024.20190
2006-04-14,1024.20310
2006-04-15,1024.20420
2006-04-16,1024.20540
2006-04-17,1024.20660
2006-04-18,1024.22400
2006-04-19,1024.22490
2006-04-20,1024.25650
2006-04-21,1024.27400
2006-04-22,1024.27470
2006-04-23,1024.27550
2006-04-24,1024.29370
2006-04-25,1024.29440
2006-04-26,1024.29520
2006-04-27,1024.29750
2006-04-28,1024.29840
2006-04-29,1024.29940
2006-04-30,1024.30030
2006-05-01,1024.30130
2006-05-02,1024.30230
2006-05-03,1024.30330
2006-05-04,1024.30420
2006-05-05,1024.30520
2006-05-06,1024.30620
2006-05-07,1024.30720
2006-05-08,1024.30820
2006-05-09,1024.30930
2006-05-10,1024.31040
2006-05-11,1024.31150
2006-05-12,1024.31260
2006-05-13,1024.31370
2006-05-14,1024.31470
2006-05-15,1024.31580
2006-05-16,1024.31700
2006-05-17,1024.31810
2006-05-18,1024.31920
2006-05-19,1024.32030
2006-05-20,1024.32150
2006-05-21,1024.32260
2006-05-22,1024.32500
2006-05-23,1024.32610
2006-05-24,1024.32720
2006-05-25,1024.32830
2006-05-26,1024.32940
2006-05-27,1024.33050
2006-05-28,1024.33160
2006-05-29,1024.33330
2006-05-30,1024.33440
2006-05-31,1024.33540
2006-06-01,1024.33650
2006-06-02,1024.33780
2006-06-03,1024.33910
2006-06-04,1024.34040
2006-06-05,1024.34040
2006-06-06,1024.34040
2006-06-07,1024.34180
2006-06-08,1024.34340
2006-06-09,1024.34340
2006-06-10,1024.34500
2006-06-11,1024.34660
2006-06-12,1024.34810
2006-06-13,1024.34970
2006-06-14,1024.35120
2006-06-15,1024.35280
2006-06-16,1024.35440
2006-06-17,1024.35600
2006-06-18,1024.35760
2006-06-19,1024.35910
2006-06-20,1024.36230
2006-06-21,1024.36380
2006-06-22,1024.36520
2006-06-23,1024.36520
2006-06-24,1024.36680
2006-06-25,1024.36840
2006-06-26,1024.37000
2006-06-27,1024.37250
2006-06-28,1024.37390
2006-06-29,1024.37530
2006-06-30,1024.37680
2006-07-01,1024.37820
2006-07-02,1024.37970
2006-07-03,1024.38120
2006-07-04,1024.38270
2006-07-05,1024.38420
2006-07-06,1024.38560
2006-07-07,1024.38710
2006-07-08,1024.38860
2006-07-09,1024.39010
2006-07-10,1024.39160
2006-07-11,1024.39320
2006-07-12,1024.39470
2006-07-13,1024.39620
2006-07-14,1024.39780
2006-07-15,1024.39930
2006-07-16,1024.40090
2006-07-17,1024.40240
2006-07-18,1024.40390
2006-07-19,1024.40540
2006-07-20,1024.41020
2006-07-21,1024.41160
2006-07-22,1024.41300
2006-07-23,1024.41440
2006-07-24,1024.41580
2006-07-25,1024.41720
2006-07-26,1024.41860
2006-07-27,1024.42040
2006-07-28,1024.42160
2006-07-29,1024.42290
2006-07-30,1024.42420
2006-07-31,1024.42590
2006-08-01,1024.42750
2006-08-02,1024.42920
2006-08-03,1024.43090
2006-08-04,1024.43240
2006-08-05,1024.43380
2006-08-06,1024.43530
2006-08-07,1024.43670
2006-08-08,1024.43790
2006-08-09,1024.43920
2006-08-10,1024.44040
2006-08-11,1024.44160
2006-08-12,1024.44280
2006-08-13,1024.44400
2006-08-14,1024.44540
2006-08-15,1024.44680
2006-08-16,1024.44820
2006-08-17,1024.44950
2006-08-18,1024.45090
2006-08-19,1024.45220
2006-08-20,1024.45280
2006-08-21,1024.45340
2006-08-22,1024.45420
2006-08-23,1024.45500
2006-08-24,1024.45590
2006-08-25,1024.45670
2006-08-26,1024.45750
2006-08-27,1024.45830
2006-08-28,1024.45950
2006-08-29,1024.46030
2006-08-30,1024.46110
2006-08-31,1024.46180
2006-09-01,1024.46260
2006-09-02,1024.46340
2006-09-03,1024.46420
2006-09-04,1024.46420
2006-09-05,1024.46530
2006-09-06,1024.46610
2006-09-07,1024.46690
2006-09-08,1024.46770
2006-09-09,1024.46850
2006-09-10,1024.46930
2006-09-11,1024.47010
2006-09-12,1024.47090
2006-09-13,1024.47170
2006-09-14,1024.47260
2006-09-15,1024.47340
2006-09-16,1024.47420
2006-09-17,1024.47510
2006-09-18,1024.47590
2006-09-19,1024.47600
2006-09-20,1024.47600
2006-09-21,1024.47670
2006-09-22,1024.47750
2006-09-23,1024.47830
2006-09-24,1024.47910
2006-09-25,1024.48000
2006-09-26,1024.48080
2006-09-27,1024.48220
2006-09-28,1024.48300
2006-09-29,1024.48380
2006-09-30,1024.48460
2006-10-01,1024.48540
2006-10-02,1024.48620
2006-10-03,1024.48710
2006-10-04,1024.48790
2006-10-05,1024.48870
2006-10-06,1024.48960
2006-10-07,1024.49040
2006-10-08,1024.49120
2006-10-09,1024.49200
2006-10-10,1024.49290
2006-10-11,1024.49370
2006-10-12,1024.49460
2006-10-13,1024.49540
2006-10-14,1024.49620
2006-10-15,1024.49710
2006-10-16,1024.49620
2006-10-17,1024.49880
2006-10-18,1024.49880
2006-10-19,1024.49970
2006-10-20,1024.50240
2006-10-21,1024.50320
2006-10-22,1024.50400
2006-10-23,1024.54900
2006-10-24,1024.55020
2006-10-25,1024.55130
2006-10-26,1024.55250
2006-10-27,1024.55420
2006-10-28,1024.55530
2006-10-29,1024.55630
2006-10-30,1024.55780
2006-10-31,1024.56130
2006-11-01,1024.56480
2006-11-02,1024.56830
2006-11-03,1024.57180
2006-11-04,1024.57530
2006-11-05,1024.57890
2006-11-06,1024.58010
2006-11-07,1024.58130
2006-11-08,1024.58250
2006-11-09,1024.58360
2006-11-10,1024.58480
2006-11-11,1024.58590
2006-11-12,1024.58700
2006-11-13,1024.58820
2006-11-14,1024.58930
2006-11-15,1024.59040
2006-11-16,1024.59150
2006-11-17,1024.59260
2006-11-18,1024.59380
2006-11-19,1024.59490
2006-11-20,1024.59780
2006-11-21,1024.59890
2006-11-22,1024.60000
2006-11-23,1024.60110
2006-11-24,1024.60220
2006-11-25,1024.60330
2006-11-26,1024.60440
2006-11-27,1024.60600
2006-11-28,1024.60700
2006-11-29,1024.60800
2006-11-30,1024.60890
2006-12-01,1024.60990
2006-12-02,1024.61090
2006-12-03,1024.61200
2006-12-04,1024.61300
2006-12-05,1024.61400
2006-12-06,1024.61500
2006-12-07,1024.61610
2006-12-08,1024.61710
2006-12-09,1024.61820
2006-12-10,1024.61920
2006-12-11,1024.61920
2006-12-12,1024.61920
2006-12-13,1024.61920
2006-12-14,1024.61920
2006-12-15,1024.61920
2006-12-16,1024.62050
2006-12-17,1024.62200
2006-12-18,1024.62200
2006-12-19,1024.62200
2006-12-20,1024.62190
2006-12-21,1024.62190
2006-12-22,1024.62350
2006-12-23,1024.62510
2006-12-24,1024.62660
2006-12-25,1024.62810
2006-12-26,1024.62810
2006-12-27,1024.62810
2006-12-28,1024.62810
2006-12-29,1024.62910
2006-12-30,1024.63000
2006-12-31,1024.63090
2007-01-01,1024.63180
2007-01-02,1024.63270
2007-01-03,1024.63360
2007-01-04,1024.63450
2007-01-05,1024.63540
2007-01-06,1024.63630
2007-01-07,1024.63720
2007-01-08,1024.63810
2007-01-09,1024.63900
2007-01-10,1024.63990
2007-01-11,1024.64090
2007-01-12,1024.64090
2007-01-15,1024.64370
2007-01-16,1024.64370
2007-01-17,1024.64370
2007-01-18,1024.64460
2007-01-19,1024.64560
2007-01-20,1024.64560
2007-01-21,1024.64650
2007-01-22,1024.65110
2007-01-23,1024.65110
2007-01-24,1024.65190
2007-01-25,1024.65200
2007-01-26,1024.65280
2007-01-27,1024.65370
2007-01-28,1024.65440
2007-01-29,1024.65560
2007-01-30,1024.66570
2007-01-31,1024.67570
2007-02-01,1024.68580
2007-02-02,1024.69580
2007-02-03,1024.70590
2007-02-04,1024.71600
2007-02-05,1024.72610
2007-02-06,1024.72620
2007-02-07,1024.72620
2007-02-08,1024.72660
2007-02-09,1024.72790
2007-02-10,1024.72920
2007-02-11,1024.73050
2007-02-12,1024.73050
2007-02-13,1024.73050
2007-02-14,1024.73050
2007-02-15,1024.73050
2007-02-16,1024.73190
2007-02-17,1024.73330
2007-02-18,1024.73470
2007-02-19,1024.73560
2007-02-20,1024.73640
2007-02-21,1024.73720
2007-02-22,1024.73810
2007-02-23,1024.73890
2007-02-24,1024.73970
2007-02-25,1024.74060
2007-02-26,1024.74140
2007-02-27,1024.74220
2007-02-28,1024.74310
2007-03-01,1024.74390
2007-03-02,1024.74470
2007-03-03,1024.74560
2007-03-04,1024.74650
2007-03-05,1024.74730
2007-03-06,1024.74810
2007-03-07,1024.74900
2007-03-08,1024.74980
2007-03-09,1024.75070
2007-03-10,1024.75150
2007-03-11,1024.75230
2007-03-12,1024.75310
2007-03-13,1024.75400
2007-03-14,1024.75480
2007-03-15,1024.75560
2007-03-16,1024.75650
2007-03-17,1024.75730
2007-03-18,1024.75810
2007-03-19,1024.75900
2007-03-20,1024.75980
2007-03-21,1024.76070
2007-03-22,1024.76150
2007-03-23,1024.76230
2007-03-24,1024.76320
2007-03-25,1024.76400
2007-03-26,1024.76480
2007-03-27,1024.76570
2007-03-28,1024.76650
2007-03-29,1024.76730
2007-03-30,1024.76810
2007-03-31,1024.76900
2007-04-01,1024.76980
2007-04-02,1024.77060
2007-04-03,1024.77140
2007-04-04,1024.77230
2007-04-05,1024.77310
2007-04-06,1024.77390
2007-04-07,1024.77470
2007-04-08,1024.77560
2007-04-09,1024.77640
2007-04-10,1024.77720
2007-04-11,1024.77800
2007-04-12,1024.77900
2007-04-13,1024.77970
2007-04-14,1024.78050
2007-04-15,1024.78130
2007-04-16,1024.78210
2007-04-17,1024.78300
2007-04-18,1024.78380
2007-04-19,1024.78460
2007-04-20,1024.78540
2007-04-21,1024.78620
2007-04-22,1024.78700
2007-04-23,1024.78780
2007-04-24,1024.78860
2007-04-25,1024.78940
2007-04-26,1024.79020
2007-04-27,1024.79380
2007-04-28,1024.79740
2007-04-29,1024.80110
2007-04-30,1024.80660
2007-05-01,1024.81210
2007-05-02,1024.81760
2007-05-03,1024.82330
2007-05-04,1024.82780
2007-05-05,1024.83230
2007-05-06,1024.83680
2007-05-07,1024.84130
2007-05-08,1024.84260
2007-05-09,1024.84390
2007-05-10,1024.84470
2007-05-11,1024.84560
2007-05-12,1024.84650
2007-05-13,1024.84730
2007-05-14,1024.84820
2007-05-15,1024.84910
2007-05-16,1024.84990
2007-05-17,1024.85080
2007-05-18,1024.85170
2007-05-19,1024.85250
2007-05-20,1024.85340
2007-05-21,1024.85420
2007-05-22,1024.85510
2007-05-23,1024.85600
2007-05-24,1024.85680
2007-05-25,1024.85770
2007-05-26,1024.85860
2007-05-27,1024.85940
2007-05-28,1024.86030
2007-05-29,1024.86120
2007-05-30,1024.86200
2007-05-31,1024.86290
2007-06-01,1024.86370
2007-06-02,1024.86460
2007-06-03,1024.86550
2007-06-04,1024.86630
2007-06-05,1024.86720
2007-06-06,1024.86810
2007-06-07,1024.86890
2007-06-08,1024.86980
2007-06-09,1024.87070
2007-06-10,1024.87150
2007-06-11,1024.87240
2007-06-12,1024.87330
2007-06-13,1024.87400
2007-06-14,1024.87480
2007-06-15,1024.87560
2007-06-16,1024.87630
2007-06-17,1024.87710
2007-06-18,1024.87790
2007-06-19,1024.87870
2007-06-20,1024.87990
2007-06-21,1024.88100
2007-06-22,1024.88210
2007-06-23,1024.88320
2007-06-24,1024.88440
2007-06-25,1024.88560
2007-06-26,1024.88680
2007-06-27,1024.88760
2007-06-28,1024.88830
2007-06-29,1024.88910
2007-06-30,1024.88990
2007-07-01,1024.89070
2007-07-02,1024.89150
2007-07-03,1024.89230
2007-07-04,1024.89300
2007-07-05,1024.89380
2007-07-06,1024.89460
2007-07-07,1024.89540
2007-07-08,1024.89610
2007-07-09,1024.89690
2007-07-10,1024.89770
2007-07-11,1024.89850
2007-07-12,1024.89920
2007-07-13,1024.90000
2007-07-14,1024.90080
2007-07-15,1024.90150
2007-07-16,1024.90230
2007-07-17,1024.90310
2007-07-18,1024.90380
2007-07-19,1024.90460
2007-07-20,1024.90460
2007-07-21,1024.90460
2007-07-22,1024.90450
2007-07-23,1024.90450
2007-07-24,1024.90450
2007-07-25,1024.90450
2007-07-26,1024.90450
2007-07-27,1024.90450
2007-07-28,1024.90450
2007-07-29,1024.90450
2007-07-30,1024.90450
2007-07-31,1024.90450
2007-08-01,1024.90450
2007-08-02,1024.90450
2007-08-03,1024.90450
2007-08-04,1024.90450
2007-08-05,1024.90450
2007-08-06,1024.90450
2007-08-07,1024.90450
2007-08-08,1024.90450
2007-08-09,1024.90450
2007-08-10,1024.90450
2007-08-11,1024.90450
2007-08-12,1024.90450
2007-08-13,1024.90450
2007-08-14,1024.90450
2007-08-15,1024.90450
2007-08-16,1024.90450
2007-08-17,1024.90450
2007-08-18,1024.90450
2007-08-19,1024.90450
2007-08-20,1024.90450
2007-08-21,1024.90450
2007-08-22,1024.90450
2007-08-23,1024.90450
2007-08-24,1024.90450
2007-08-25,1024.90450
2007-08-26,1024.90450
2007-08-27,1024.90450
2007-08-28,1024.90450
2007-08-29,1024.90450
2007-08-30,1024.90450
2007-08-31,1024.90450
2007-09-01,1024.90450
2007-09-02,1024.90450
2007-09-03,1024.90450
2007-09-04,1024.90450
2007-09-05,1024.90450
2007-09-06,1024.90450
2007-09-07,1024.90450
2007-09-08,1024.90450
2007-09-09,1024.90450
2007-09-10,1024.90450
2007-09-11,1024.90450
2007-09-12,1024.90450
2007-09-13,1024.90450
2007-09-14,1024.90450
2007-09-15,1024.90450
2007-09-16,1024.90450
2007-09-17,1024.90450
2007-09-18,1024.90450
2007-09-19,1024.90450
2007-09-20,1024.90450
2007-09-21,1024.90450
2007-09-22,1024.90450
2007-09-23,1024.90450
2007-09-24,1024.90450
2007-09-25,1024.90450
2007-09-26,1024.90450
2007-09-27,1024.90450
2007-09-28,1024.90450
2007-09-29,1024.90450
2007-09-30,1024.90450
2007-10-01,1024.90450
2007-10-02,1024.90450
2007-10-03,1024.90450
2007-10-04,1024.90450
2007-10-05,1024.90450
2007-10-06,1024.90450
2007-10-07,1024.90450
2007-10-08,1024.90450
2007-10-09,1024.90450
2007-10-10,1024.90450
2007-10-11,1024.90450
2007-10-12,1024.90450
2007-10-13,1024.90450
2007-10-14,1024.90450
2007-10-15,1024.90450
2007-10-16,1024.90450
2007-10-17,1024.90450
2007-10-18,1024.90450
2007-10-19,1024.90450
2007-10-20,1024.90450
2007-10-21,1024.90450
2007-10-22,1024.90450
2007-10-23,1024.90450
2007-10-24,1024.90450
2007-10-25,1024.90450
2007-10-26,1024.90450
2007-10-27,1024.90450
2007-10-28,1024.90450
2007-10-29,1024.90450
2007-10-30,1024.90450
2007-10-31,1024.90450
2007-11-01,1024.90450
2007-11-02,1024.90450
2007-11-03,1024.90450
2007-11-04,1024.90450
2007-11-05,1024.90450
2007-11-06,1024.90450
2007-11-07,1024.90450
2007-11-08,1024.90450
2007-11-09,1024.90450
2007-11-10,1024.90450
2007-11-11,1024.90450
2007-11-12,1024.90450
2007-11-13,1024.90450
2007-11-14,1024.90450
2007-11-15,1024.90450
2007-11-16,1024.90450
2007-11-17,1024.90450
2007-11-18,1024.90450
2007-11-19,1024.90450
2007-11-20,1024.90450
2007-11-21,1024.90450
2007-11-22,1024.90450
2007-11-23,1024.90450
2007-11-24,1024.90450
2007-11-25,1024.90450
2007-11-26,1024.90450
2007-11-27,1024.90450
2007-11-28,1024.90450
2007-11-29,1024.90450
2007-11-30,1024.90450
2007-12-01,1024.90450
2007-12-02,1024.90450
2007-12-03,1024.90450
2007-12-04,1024.90450
2007-12-05,1024.90450
2007-12-06,1024.90450
2007-12-07,1024.90450
2007-12-08,1024.90450
2007-12-09,1024.90450
2007-12-10,1024.90450
2007-12-11,1024.90450
2007-12-12,1024.90450
2007-12-13,1024.90450
2007-12-14,1024.90450
2007-12-15,1024.90450
2007-12-16,1024.90450
2007-12-17,1024.90450
2007-12-18,1024.90450
2007-12-19,1024.90450
2007-12-20,1024.90450
2007-12-21,1024.90450
2007-12-22,1024.90450
2007-12-23,1024.90450
2007-12-24,1024.90450
2007-12-25,1024.90450
2007-12-26,1024.90450
2007-12-27,1024.90450
2007-12-28,1024.90450
2007-12-29,1024.90450
2007-12-30,1024.90450
2007-12-31,1024.90450
2008-01-01,1024.90450
2008-01-02,1024.90450
2008-01-03,1024.90450
2008-01-04,1024.90450
2008-01-05,1024.90450
2008-01-06,1024.90450
2008-01-07,1024.90450
2008-01-08,1024.90450
2008-01-09,1024.90450
2008-01-10,1024.90450
2008-01-11,1024.90450
2008-01-12,1024.90450
2008-01-13,1024.90450
2008-01-14,1024.90450
2008-01-15,1024.90450
2008-01-16,1024.90450
2008-01-17,1024.90450
2008-01-18,1024.90450
2008-01-19,1024.90450
2008-01-20,1024.90450
2008-01-21,1024.90450
2008-01-22,1024.90450
2008-01-23,1024.90450
2008-01-24,1024.90450
2008-01-25,1024.90450
2008-01-26,1024.90450
2008-01-27,1024.90450
2008-01-28,1024.90450
2008-01-29,1024.90450
2008-01-30,1024.90450
2008-01-31,1024.90450
2008-02-01,1024.90450
2008-02-02,1024.90450
2008-02-03,1024.90450
2008-02-04,1024.90450
2008-02-05,1024.90450
2008-02-06,1024.90450
2008-02-07,1024.90450
2008-02-08,1024.90450
2008-02-09,1024.90450
2008-02-10,1024.90450
2008-02-11,1024.90450
2008-02-12,1024.90450
2008-02-13,1024.90450
2008-02-14,1024.90450
2008-02-15,1024.90450
2008-02-16,1024.90450
2008-02-17,1024.90450
2008-02-18,1024.90450
2008-02-19,1024.90450
2008-02-20,1024.90450
2008-02-21,1024.90450
2008-02-22,1024.90450
2008-02-23,1024.90450
2008-02-24,1024.90450
2008-02-25,1024.90450
2008-02-26,1024.90450
2008-02-27,1024.90450
2008-02-28,1024.90450
2008-02-29,1024.90450
2008-03-01,1024.90450
2008-03-02,1024.90450
2008-03-03,1024.90450
2008-03-04,1024.90450
2008-03-05,1024.90450
2008-03-06,1024.90450
2008-03-07,1024.90450
2008-03-08,1024.90450
2008-03-09,1024.90450
2008-03-10,1024.90450
2008-03-11,1024.90450
2008-03-12,1024.90450
2008-03-13,1024.90450
2008-03-14,1024.90450
2008-03-15,1024.90450
2008-03-16,1024.90450
2008-03-17,1024.90450
2008-03-18,1024.90450
2008-03-19,1024.90450
2008-03-20,1024.90450
2008-03-21,1024.90450
2008-03-22,1024.90450
2008-03-23,1024.90450
2008-03-24,1024.90450
2008-03-25,1024.90450
2008-03-26,1024.90450
2008-03-27,1024.90450
2008-03-28,1024.90450
2008-03-29,1024.90450
2008-03-30,1024.90450
2008-03-31,1024.90450
2008-04-01,1024.90450
2008-04-02,1024.90450
2008-04-03,1024.90450
2008-04-04,1024.90450
2008-04-05,1024.90450
2008-04-06,1024.90450
2008-04-07,1024.90450
2008-04-08,1024.90450
2008-04-09,1024.90450
2008-04-10,1024.90450
2008-04-11,1024.90450
2008-04-12,1024.90450
2008-04-13,1024.90450
2008-04-14,1024.90450
2008-04-15,1024.90450
2008-04-16,1024.90450
2008-04-17,1024.90450
2008-04-18,1024.90450
2008-04-19,1024.90450
2008-04-20,1024.90450
2008-04-21,1024.90450
2008-04-22,1024.90450
2008-04-23,1024.90450
2008-04-24,1024.90450
2008-04-25,1024.90450
2008-04-26,1024.90450
2008-04-27,1024.90450
2008-04-28,1024.90450
2008-04-29,1024.90450
2008-04-30,1024.90450
2008-05-01,1024.90450
2008-05-02,1024.90450
2008-05-03,1024.90450
2008-05-04,1024.90450
2008-05-05,1024.90450
2008-05-06,1024.90450
2008-05-07,1024.90450
2008-05-08,1024.90450
2008-05-09,1024.90450
2008-05-10,1024.90450
2008-05-11,1024.90450
2008-05-12,1024.90450
2008-05-13,1024.90450
2008-05-14,1024.90450
2008-05-15,1024.90450
2008-05-16,1024.90450
2008-05-17,1024.90450
2008-05-18,1024.90450
2008-05-19,1024.90450
2008-05-20,1024.90450
2008-05-21,1024.90450
2008-05-22,1024.90450
2008-05-23,1024.90450
2008-05-24,1024.90450
2008-05-25,1024.90450
2008-05-26,1024.90450
2008-05-27,1024.90450
2008-05-28,1024.90450
2008-05-29,1024.90450
2008-05-30,1024.90450
2008-05-31,1024.90450
2008-06-01,1024.90450
2008-06-02,1024.90450
2008-06-03,1024.90450
2008-06-04,1024.90450
2008-06-05,1024.90450
2008-06-06,1024.90450
2008-06-07,1024.90450
2008-06-08,1024.90450
2008-06-09,1024.90450
2008-06-10,1024.90450
2008-06-11,1024.90450
2008-06-12,1024.90450
2008-06-13,1024.90450
2008-06-14,1024.90450
2008-06-15,1024.90450
2008-06-16,1024.90450
2008-06-17,1024.90450
2008-06-18,1024.90450
2008-06-19,1024.90450
2008-06-20,1024.90450
2008-06-21,1024.90450
2008-06-22,1024.90450
2008-06-23,1024.90450
2008-06-24,1024.90450
2008-06-25,1024.90450
2008-06-26,1024.90450
2008-06-27,1024.90450
2008-06-28,1024.90450
2008-06-29,1024.90450
2008-06-30,1024.90450
2008-07-01,1024.90450
2008-07-02,1024.90450
2008-07-03,1024.90450
2008-07-04,1024.90450
2008-07-05,1024.90450
2008-07-06,1024.90450
2008-07-07,1024.90450
2008-07-08,1024.90450
2008-07-09,1024.90450
2008-07-10,1024.90450
2008-07-11,1024.90450
2008-07-12,1024.90450
2008-07-13,1024.90450
2008-07-14,1024.90450
2008-07-15,1024.90450
2008-07-16,1024.90450
2008-07-17,1024.90450
2008-07-18,1024.90450
2008-07-19,1024.90450
2008-07-20,1024.90450
2008-07-21,1024.90450
2008-07-22,1024.90450
2008-07-23,1024.90450
2008-07-24,1024.90450
2008-07-25,1024.90450
2008-07-26,1024.90450
2008-07-27,1024.90450
2008-07-28,1024.90450
2008-07-29,1024.90450
2008-07-30,1024.90450
2008-07-31,1024.90450
2008-08-01,1024.90450
2008-08-02,1024.90450
2008-08-03,1024.90450
2008-08-04,1024.90450
2008-08-05,1024.90450
2008-08-06,1024.90450
2008-08-07,1024.90450
2008-08-08,1024.90450
2008-08-09,1024.90450
2008-08-10,1024.90450
2008-08-11,1024.90450
2008-08-12,1024.90450
2008-08-13,1024.90450
2008-08-14,1024.90450
2008-08-15,1024.90450
2008-08-16,1024.90450
2008-08-17,1024.90450
2008-08-18,1024.90450
2008-08-19,1024.90450
2008-08-20,1024.90450
2008-08-21,1024.90450
2008-08-22,1024.90450
2008-08-23,1024.90450
2008-08-24,1024.90450
2008-08-25,1024.90450
2008-08-26,1024.90450
2008-08-27,1024.90450
2008-08-28,1024.90450
2008-08-29,1024.90450
2008-08-30,1024.90450
2008-08-31,1024.90450
2008-09-01,1024.90450
2008-09-02,1024.90450
2008-09-03,1024.90450
2008-09-04,1024.90450
2008-09-05,1024.90450
2008-09-06,1024.90450
2008-09-07,1024.90450
2008-09-08,1024.90450
2008-09-09,1024.90450
2008-09-10,1024.90450
2008-09-11,1024.90450
2008-09-12,1024.90450
2008-09-13,1024.90450
2008-09-14,1024.90450
2008-09-15,1024.90450
2008-09-16,1024.90450
2008-09-17,1024.90450
2008-09-18,1024.90450
2008-09-19,1024.90450
2008-09-20,1024.90450
2008-09-21,1024.90450
2008-09-22,1024.90450
2008-09-23,1024.90450
2008-09-24,1024.90450
2008-09-25,1024.90450
2008-09-26,1024.90450
2008-09-27,1024.90450
2008-09-28,1024.90450
2008-09-29,1024.90450
2008-09-30,1024.90450
2008-10-01,1024.90450
2008-10-02,1024.90450
2008-10-03,1024.90450
2008-10-04,1024.90450
2008-10-05,1024.90450
2008-10-06,1024.90450
2008-10-07,1024.90450
2008-10-08,1024.90450
2008-10-09,1024.90450
2008-10-10,1024.90450
2008-10-11,1024.90450
2008-10-12,1024.90450
2008-10-13,1024.90450
2008-10-14,1024.90450
2008-10-15,1024.90450
2008-10-16,1024.90450
2008-10-17,1024.90450
2008-10-18,1024.90450
2008-10-19,1024.90450
2008-10-20,1024.90450
2008-10-21,1024.90450
2008-10-22,1024.90450
2008-10-23,1024.90450
2008-10-24,1024.90450
2008-10-25,1024.90450
2008-10-26,1024.90450
2008-10-27,1024.90450
2008-10-28,1024.90450
2008-10-29,1024.90450
2008-10-30,1024.90450
2008-10-31,1024.90450
2008-11-01,1024.90450
2008-11-02,1024.90450
2008-11-03,1024.90450
2008-11-04,1024.90450
2008-11-05,1024.90450
2008-11-06,1024.90450
2008-11-07,1024.90450
2008-11-08,1024.90450
2008-11-09,1024.90450
2008-11-10,1024.90450
2008-11-11,1024.90450
2008-11-12,1024.90450
2008-11-13,1024.90450
2008-11-14,1024.90450
2008-11-15,1024.90450
2008-11-16,1024.90450
2008-11-17,1024.90450
2008-11-18,1024.90450
2008-11-19,1024.90450
2008-11-20,1024.90450
2008-11-21,1024.90450
2008-11-22,1024.90450
2008-11-23,1024.90450
2008-11-24,1024.90450
2008-11-25,1024.90450
2008-11-26,1024.90450
2008-11-27,1024.90450
2008-11-28,1024.90450
2008-11-29,1024.90450
2008-11-30,1024.90450
2008-12-01,1024.90450
2008-12-02,1024.90450
2008-12-03,1024.90450
2008-12-04,1024.90450
2008-12-05,1024.90450
2008-12-06,1024.90450
2008-12-07,1024.90450
2008-12-08,1024.90450
2008-12-09,1024.90450
2008-12-10,1024.90450
2008-12-11,1024.90450
2008-12-12,1024.90450
2008-12-13,1024.90450
2008-12-14,1024.90450
2008-12-15,1024.90450
2008-12-16,1024.90450
2008-12-17,1024.90450
2008-12-18,1024.90450
2008-12-19,1024.90450
2008-12-20,1024.90450
2008-12-21,1024.90450
2008-12-22,1024.90450
2008-12-23,1024.90450
2008-12-24,1024.90450
2008-12-25,1024.90450
2008-12-26,1024.90450
2008-12-27,1024.90450
2008-12-28,1024.90450
2008-12-29,1024.90450
2008-12-30,1024.90450
2008-12-31,1024.90450
2009-01-01,1024.90450
2009-01-02,1024.90450
2009-01-03,1024.90450
2009-01-04,1024.90450
2009-01-05,1024.90450
2009-01-06,1024.90450
2009-01-07,1024.90450
2009-01-08,1024.90450
2009-01-09,1024.90450
2009-01-10,1024.90450
2009-01-11,1024.90450
2009-01-12,1024.90450
2009-01-13,1024.90450
2009-01-14,1024.90450
2009-01-15,1024.90450
2009-01-16,1024.90450
2009-01-17,1024.90450
2009-01-18,1024.90450
2009-01-19,1024.90450
2009-01-20,1024.90450
2009-01-21,1024.90450
2009-01-22,1024.90450
2009-01-23,1024.90450
2009-01-24,1024.90450
2009-01-25,1024.90450
2009-01-26,1024.90450
2009-01-27,1024.90450
2009-01-28,1024.90450
2009-01-29,1024.90450
2009-01-30,1024.90450
2009-01-31,1024.90450
2009-02-01,1024.90450
2009-02-02,1024.90450
2009-02-03,1024.90450
2009-02-04,1024.90450
2009-02-05,1024.90450
2009-02-06,1024.90450
2009-02-07,1024.90450
2009-02-08,1024.90450
2009-02-09,1024.90450
2009-02-10,1024.90450
2009-02-11,1024.90450
2009-02-12,1024.90450
2009-02-13,1024.90450
2009-02-14,1024.90450
2009-02-15,1024.90450
2009-02-16,1024.90450
2009-02-17,1024.90450
2009-02-18,1024.90450
2009-02-19,1024.90450
2009-02-20,1024.90450
2009-02-21,1024.90450
2009-02-22,1024.90450
2009-02-23,1024.90450
2009-02-24,1024.90450
2009-02-25,1024.90450
2009-02-26,1024.90450
2009-02-27,1024.90450
2009-02-28,1024.90450
2009-03-01,1024.90450
2009-03-02,1024.90450
2009-03-03,1024.90450
2009-03-04,1024.90450
2009-03-05,1024.90450
2009-03-06,1024.90450
2009-03-07,1024.90450
2009-03-08,1024.90450
2009-03-09,1024.90450
2009-03-10,1024.90450
2009-03-11,1024.90450
2009-03-12,1024.90450
2009-03-13,1024.90450
2009-03-14,1024.90450
2009-03-15,1024.90450
2009-03-16,1024.90450
2009-03-17,1024.90450
2009-03-18,1024.90450
2009-03-19,1024.90450
2009-03-20,1024.90450
2009-03-21,1024.90450
2009-03-22,1024.90450
2009-03-23,1024.90450
2009-03-24,1024.90450
2009-03-25,1024.90450
2009-03-26,1024.90450
2009-03-27,1024.90450
2009-03-28,1024.90450
2009-03-29,1024.90450
2009-03-30,1024.90450
2009-03-31,1024.90450
2009-04-01,1024.90450
2009-04-02,1024.90450
2009-04-03,1024.90450
2009-04-04,1024.90450
2009-04-05,1024.90450
2009-04-06,1024.90450
2009-04-07,1024.90450
2009-04-08,1024.90450
2009-04-09,1024.90450
2009-04-10,1024.90450
2009-04-11,1024.90450
2009-04-12,1024.90450
2009-04-13,1024.90450
2009-04-14,1024.90450
2009-04-15,1024.90450
2009-04-16,1024.90450
2009-04-17,1024.90450
2009-04-18,1024.90450
2009-04-19,1024.90450
2009-04-20,1024.90450
2009-04-21,1024.90450
2009-04-22,1024.90450
2009-04-23,1024.90450
2009-04-24,1024.90450
2009-04-25,1024.90450
2009-04-26,1024.90450
2009-04-27,1024.90450
2009-04-28,1024.90450
2009-04-29,1024.90450
2009-04-30,1024.90450
2009-05-01,1024.90450
2009-05-02,1024.90450
2009-05-03,1024.90450
2009-05-04,1024.90450
2009-05-05,1024.90450
2009-05-06,1024.90450
2009-05-07,1024.90450
2009-05-08,1024.90450
2009-05-09,1024.90450
2009-05-10,1024.90450
2009-05-11,1024.90450
2009-05-12,1024.90450
2009-05-13,1024.90450
2009-05-14,1024.90450
2009-05-15,1024.90450
2009-05-16,1024.90450
2009-05-17,1024.90450
2009-05-18,1024.90450
2009-05-19,1024.90450
2009-05-20,1024.90450
2009-05-21,1024.90450
2009-05-22,1024.90450
2009-05-23,1024.90450
2009-05-24,1024.90450
2009-05-25,1024.90450
2009-05-26,1024.90450
2009-05-27,1024.90450
2009-05-28,1024.90450
2009-05-29,1024.90450
2009-05-30,1024.90450
2009-05-31,1024.90450
2009-06-01,1024.90450
2009-06-02,1024.90450
2009-06-03,1024.90450
2009-06-04,1024.90450
2009-06-05,1024.90450
2009-06-06,1024.90450
2009-06-07,1024.90450
2009-06-08,1024.90450
2009-06-09,1024.90450
2009-06-10,1024.90450
2009-06-11,1024.90450
2009-06-12,1024.90450
2009-06-13,1024.90450
2009-06-14,1024.90450
2009-06-15,1024.90450
2009-06-16,1024.90450
2009-06-17,1024.90450
2009-06-18,1024.90450
2009-06-19,1024.90450
2009-06-20,1024.90450
2009-06-21,1024.90450
2009-06-22,1024.90450
2009-06-23,1024.90450
2009-06-24,1024.90450
2009-06-25,1024.90450
2009-06-26,1024.90450
2009-06-27,1024.90450
2009-06-28,1024.90450
2009-06-29,1024.90450
2009-06-30,1024.90450
2009-07-01,1024.90450
2009-07-02,1024.90450
2009-07-03,1024.90450
2009-07-04,1024.90450
2009-07-05,1024.90450
2009-07-06,1024.90450
2009-07-07,1024.90450
2009-07-08,1024.90450
2009-07-09,1024.90450
2009-07-10,1024.90450
2009-07-11,1024.90450
2009-07-12,1024.90450
2009-07-13,1024.90450
2009-07-14,1024.90450
2009-07-15,1024.90450
2009-07-16,1024.90450
2009-07-17,1024.90450
2009-07-18,1024.90450
2009-07-19,1024.90450
2009-07-20,1024.90450
2009-07-21,1024.90450
2009-07-22,1024.90450
2009-07-23,1024.90450
2009-07-24,1024.90450
2009-07-25,1024.90450
2009-07-26,1024.90450
2009-07-27,1024.90450
2009-07-28,1024.90450
2009-07-29,1024.90450
2009-07-30,1024.90450
2009-07-31,1024.90450
2009-08-01,1024.90450
2009-08-02,1024.90450
2009-08-03,1024.90450
2009-08-04,1024.90450
2009-08-05,1024.90450
2009-08-06,1024.90450
2009-08-07,1024.90450
2009-08-08,1024.90450
2009-08-09,1024.90450
2009-08-10,1024.90450
2009-08-11,1024.90450
2009-08-12,1024.90450
2009-08-13,1024.90450
2009-08-14,1024.90450
2009-08-15,1024.90450
2009-08-16,1024.90450
2009-08-17,1024.90450
2009-08-18,1024.90450
2009-08-19,1024.90450
2009-08-20,1024.90450
2009-08-21,1024.90450
2009-08-22,1024.90450
2009-08-23,1024.90450
2009-08-24,1024.90450
2009-08-25,1024.90450
2009-08-26,1024.90450
2009-08-27,1024.90450
2009-08-28,1024.90450
2009-08-29,1024.90450
2009-08-30,1024.90450
2009-08-31,1024.90450
2009-09-01,1024.90450
2009-09-02,1024.90450
2009-09-03,1024.90450
2009-09-04,1024.90450
2009-09-05,1024.90450
2009-09-06,1024.90450
2009-09-07,1024.90450
2009-09-08,1024.90450
2009-09-09,1024.90450
2009-09-10,1024.90450
2009-09-11,1024.90450
2009-09-12,1024.90450
2009-09-13,1024.90450
2009-09-14,1024.90450
2009-09-15,1024.90450
2009-09-16,1024.90450
2009-09-17,1024.90450
2009-09-18,1024.90450
2009-09-19,1024.90450
2009-09-20,1024.90450
2009-09-21,1024.90450
2009-09-22,1024.90450
2009-09-23,1024.90450
2009-09-24,1024.90450
2009-09-25,1024.90450
2009-09-26,1024.90450
2009-09-27,1024.90450
2009-09-28,1024.90450
2009-09-29,1024.90450
2009-09-30,1024.90450
2009-10-01,1024.90450
2009-10-02,1024.90450
2009-10-03,1024.90450
2009-10-04,1024.90450
2009-10-05,1024.90450
2009-10-06,1024.90450
2009-10-07,1024.90450
2009-10-08,1024.90450
2009-10-09,1024.90450
2009-10-10,1024.90450
2009-10-11,1024.90450
2009-10-12,1024.90450
2009-10-13,1024.90450
2009-10-14,1024.90450
2009-10-15,1024.90450
2009-10-16,1024.90450
2009-10-17,1024.90450
2009-10-19,1024.90450
2009-10-20,1024.90450
2009-10-21,1024.90450
2009-10-22,1024.90450
2009-10-23,1024.90450
2009-10-24,1024.90450
2009-10-25,1024.90450
2009-10-26,1024.90450
2009-10-27,1024.90450
2009-10-28,1024.90450
2009-10-29,1024.90450
2009-10-30,1024.90450
2009-10-31,1024.90450
2009-11-01,1024.90450
2009-11-02,1024.90450
2009-11-03,1024.90450
2009-11-04,1024.90450
2009-11-05,1024.90450
2009-11-06,1024.90450
2009-11-07,1024.90450
2009-11-08,1024.90450
2009-11-09,1024.90450
2009-11-10,1024.90450
2009-11-11,1024.90450
2009-11-12,1024.90450
2009-11-13,1024.90450
2009-11-14,1024.90450
2009-11-15,1024.90450
2009-11-16,1024.90450
2009-11-17,1024.90450
2009-11-18,1024.90450
2009-11-19,1024.90450
2009-11-20,1024.90450
2009-11-21,1024.90450
2009-11-22,1024.90450
2009-11-23,1024.90450
2009-11-24,1024.90450
2009-11-25,1024.90450
2009-11-26,1024.90450
2009-11-27,1024.90450
2009-11-28,1024.90450
2009-11-29,1024.90450
2009-11-30,1024.90450
2009-12-01,1024.90450
2009-12-02,1024.90450
2009-12-03,1024.90450
2009-12-04,1024.90450
2009-12-05,1024.90450
2009-12-06,1024.90450
2009-12-07,1024.90450
2009-12-08,1024.90450
2009-12-09,1024.90450
2009-12-10,1024.90450
2009-12-11,1024.90450
2009-12-12,1024.90450
2009-12-13,1024.90450
2009-12-14,1024.90450
2009-12-15,1024.90450
2009-12-16,1024.90450
2009-12-17,1024.90450
2009-12-18,1024.90450
2009-12-19,1024.90450
2009-12-20,1024.90450
2009-12-21,1024.90450
2009-12-22,1024.90450
2009-12-23,1024.90450
2009-12-24,1024.90450
2009-12-25,1024.90450
2009-12-26,1024.90450
2009-12-27,1024.90450
2009-12-28,1024.90450
2009-12-29,1024.90450
2009-12-30,1024.90450
2009-12-31,1024.90450
2010-01-01,1024.90450
2010-01-02,1024.90450
2010-01-03,1024.90450
2010-01-04,1024.90450
2010-01-05,1024.90450
2010-01-06,1024.90450
2010-01-07,1024.90450
2010-01-08,1024.90450
2010-01-09,1024.90450
2010-01-10,1024.90450
2010-01-11,1024.90450
2010-01-12,1024.90450
2010-01-13,1024.90450
2010-01-14,1024.90450
2010-01-15,1024.90450
2010-01-16,1024.90450
2010-01-17,1024.90450
2010-01-18,1024.90450
2010-01-19,1024.90450
2010-01-20,1024.90450
2010-01-21,1024.90450
2010-01-22,1024.90450
2010-01-23,1024.90450
2010-01-24,1024.90450
2010-01-25,1024.90450
2010-01-26,1024.90450
2010-01-27,1024.90450
2010-01-28,1024.90450
2010-01-29,1024.90450
2010-01-30,1024.90450
2010-01-31,1024.90450
2010-02-01,1024.90450
2010-02-02,1024.90450
2010-02-03,1024.90450
2010-02-04,1024.90450
2010-02-05,1024.90450
2010-02-06,1024.90450
2010-02-07,1024.90450
2010-02-08,1024.90450
2010-02-09,1024.90450
2010-02-10,1024.90450
2010-02-11,1024.90450
2010-02-12,1024.90450
2010-02-13,1024.90450
2010-02-14,1024.90450
2010-02-15,1024.90450
2010-02-16,1024.90450
2010-02-17,1024.90450
2010-02-18,1024.90450
2010-02-19,1024.90450
2010-02-20,1024.90450
2010-02-21,1024.90450
2010-02-22,1024.90450
2010-02-23,1024.90450
2010-02-24,1024.90450
2010-02-25,1024.90450
2010-02-26,1024.90450
2010-02-27,1024.90450
2010-02-28,1024.90450
2010-03-01,1024.90450
2010-03-02,1024.90450
2010-03-03,1024.90450
2010-03-04,1024.90450
2010-03-05,1024.90450
2010-03-06,1024.90450
2010-03-07,1024.90450
2010-03-08,1024.90450
2010-03-09,1024.90450
2010-03-10,1024.90450
2010-03-11,1024.90450
2010-03-12,1024.90450
2010-03-13,1024.90450
2010-03-14,1024.90450
2010-03-15,1024.90450
2010-03-16,1024.90450
2010-03-17,1024.90450
2010-03-18,1024.90450
2010-03-19,1024.90450
2010-03-20,1024.90450
2010-03-21,1024.90450
2010-03-22,1024.90450
2010-03-23,1024.90450
2010-03-24,1024.90450
2010-03-25,1024.90450
2010-03-26,1024.90450
2010-03-27,1024.90450
2010-03-28,1024.90450
2010-03-29,1024.90450
2010-03-30,1024.90450
2010-03-31,1024.90450
2010-04-01,1024.90450
2010-04-02,1024.90450
2010-04-03,1024.90450
2010-04-04,1024.90450
2010-04-05,1024.90450
2010-04-06,1024.90450
2010-04-07,1024.90450
2010-04-08,1024.90450
2010-04-09,1024.90450
2010-04-10,1024.90450
2010-04-11,1024.90450
2010-04-12,1024.90450
2010-04-13,1024.90450
2010-04-14,1024.90450
2010-04-15,1024.90450
2010-04-16,1024.90450
2010-04-17,1024.90450
2010-04-18,1024.90450
2010-04-19,1024.90450
2010-04-20,1024.90450
2010-04-21,1024.90450
2010-04-22,1024.90450
2010-04-23,1024.90450
2010-04-24,1024.90450
2010-04-25,1024.90450
2010-04-26,1024.90450
2010-04-27,1024.90450
2010-04-28,1024.90450
2010-04-29,1024.90450
2010-04-30,1024.90450
2010-05-01,1024.90450
2010-05-02,1024.90450
2010-05-03,1024.90450
2010-05-04,1024.90450
2010-05-05,1024.90450
2010-05-06,1024.90450
2010-05-07,1024.90450
2010-05-08,1024.90450
2010-05-09,1024.90450
2010-05-10,1024.90450
2010-05-11,1024.90450
2010-05-12,1024.90450
2010-05-13,1024.90450
2010-05-14,1024.90450
2010-05-15,1024.90450
2010-05-16,1024.90450
2010-05-17,1024.90450
2010-05-18,1024.90450
2010-05-19,1024.90450
2010-05-20,1024.90450
2010-05-21,1024.90450
2010-05-22,1024.90450
2010-05-23,1024.90450
2010-05-24,1024.90450
2010-05-25,1024.90450
2010-05-26,1024.90450
2010-05-27,1024.90450
2010-05-28,1024.90450
2010-05-29,1024.90450
2010-05-30,1024.90450
2010-05-31,1024.90450
2010-06-01,1024.90450
2010-06-02,1024.90450
2010-06-03,1024.90450
2010-06-04,1024.90450
2010-06-05,1024.90450
2010-06-06,1024.90450
2010-06-07,1024.90450
2010-06-08,1024.90450
2010-06-09,1024.90450
2010-06-10,1024.90450
2010-06-11,1024.90450
2010-06-12,1024.90450
2010-06-13,1024.90450
2010-06-14,1024.90450
2010-06-15,1024.90450
2010-06-16,1024.90450
2010-06-17,1024.90450
2010-06-18,1024.90450
2010-06-19,1024.90450
2010-06-20,1024.90450
2010-06-21,1024.90450
2010-06-22,1024.90450
2010-06-23,1024.90450
2010-06-24,1024.90450
2010-06-25,1024.90450
2010-06-26,1024.90450
2010-06-27,1024.90450
2010-06-28,1024.90450
2010-06-29,1024.90450
2010-06-30,1024.90450
2010-07-01,1024.90450
2010-07-02,1024.90450
2010-07-03,1024.90450
2010-07-04,1024.90450
2010-07-05,1024.90450
2010-07-06,1024.90450
2010-07-07,1024.90450
2010-07-08,1024.90450
2010-07-09,1024.90450
2010-07-10,1024.90450
2010-07-11,1024.90450
2010-07-12,1024.90450
2010-07-13,1024.90450
2010-07-14,1024.90450
2010-07-15,1024.90450
2010-07-16,1024.90450
2010-07-17,1024.90450
2010-07-18,1024.90450
2010-07-19,1024.90450
2010-07-20,1024.90450
2010-07-21,1024.90450
2010-07-22,1024.90450
2010-07-23,1024.90450
2010-07-24,1024.90450
2010-07-25,1024.90450
2010-07-26,1024.90450
2010-07-27,1024.90450
2010-07-28,1024.90450
2010-07-29,1024.90450
2010-07-30,1024.90450
2010-07-31,1024.90450
2010-08-01,1024.90450
2010-08-02,1024.90450
2010-08-03,1024.90450
2010-08-04,1024.90450
2010-08-05,1024.90450
2010-08-06,1024.90450
2010-08-07,1024.90450
2010-08-08,1024.90450
2010-08-09,1024.90450
2010-08-10,1024.90450
2010-08-11,1024.90450
2010-08-12,1024.90450
2010-08-13,1024.90450
2010-08-14,1024.90450
2010-08-15,1024.90450
2010-08-16,1024.90450
2010-08-17,1024.90450
2010-08-18,1024.90450
2010-08-19,1024.90450
2010-08-20,1024.90450
2010-08-21,1024.90450
2010-08-22,1024.90450
2010-08-23,1024.90450
2010-08-24,1024.90450
2010-08-25,1024.90450
2010-08-26,1024.90450
2010-08-27,1024.90450
2010-08-28,1024.90450
2010-08-29,1024.90450
2010-08-30,1024.90450
2010-08-31,1024.90450
2010-09-01,1024.90450
2010-09-02,1024.90450
2010-09-03,1024.90450
2010-09-04,1024.90450
2010-09-05,1024.90450
2010-09-06,1024.90450
2010-09-07,1024.90450
2010-09-08,1024.90450
2010-09-09,1024.90450
2010-09-10,1024.90450
2010-09-11,1024.90450
2010-09-12,1024.90450
2010-09-13,1024.90450
2010-09-14,1024.90450
2010-09-15,1024.90450
2010-09-16,1024.90450
2010-09-17,1024.90450
2010-09-18,1024.90450
2010-09-19,1024.90450
2010-09-20,1024.90450
2010-09-21,1024.90450
2010-09-22,1024.90450
2010-09-23,1024.90450
2010-09-24,1024.90450
2010-09-25,1024.90450
2010-09-26,1024.90450
2010-09-27,1024.90450
2010-09-28,1024.90450
2010-09-29,1024.90450
2010-09-30,1024.90450
2010-10-01,1024.90450
2010-10-02,1024.90450
2010-10-03,1024.90450
2010-10-04,1024.90450
2010-10-05,1024.90450
2010-10-06,1024.90450
2010-10-07,1024.90450
2010-10-08,1024.90450
2010-10-09,1024.90450
2010-10-10,1024.90450
2010-10-11,1024.90450
2010-10-12,1024.90450
2010-10-13,1024.90450
2010-10-14,1024.90450
2010-10-15,1024.90450
2010-10-16,1024.90450
2010-10-17,1024.90450
2010-10-18,1024.90450
2010-10-19,1024.90450
2010-10-20,1024.90450
2010-10-21,1024.90450
2010-10-22,1024.90450
2010-10-23,1024.90450
2010-10-24,1024.90450
2010-10-25,1024.90450
2010-10-26,1024.90450
2010-10-27,1024.90450
2010-10-28,1024.90450
2010-10-29,1024.90450
2010-10-30,1024.90450
2010-10-31,1024.90450
2010-11-01,1024.90450
2010-11-02,1024.90450
2010-11-03,1024.90450
2010-11-04,1024.90450
2010-11-05,1024.90450
2010-11-06,1024.90450
2010-11-07,1024.90450
2010-11-08,1024.90450
2010-11-09,1024.90450
2010-11-10,1024.90450
2010-11-11,1024.90450
2010-11-12,1024.90450
2010-11-13,1024.90450
2010-11-14,1024.90450
2010-11-15,1024.90450
2010-11-16,1024.90450
2010-11-17,1024.90450
2010-11-18,1024.90450
2010-11-19,1024.90450
2010-11-20,1024.90450
2010-11-21,1024.90450
2010-11-22,1024.90450
2010-11-23,1024.90450
2010-11-24,1024.90630
2010-11-25,1024.90630
2010-11-26,1024.90630
2010-11-27,1024.90630
2010-11-28,1024.90630
2010-11-29,1024.90630
2010-11-30,1024.90630
2010-12-01,1024.90630
2010-12-02,1024.90630
2010-12-03,1024.90630
2010-12-04,1024.90630
2010-12-05,1024.90630
2010-12-06,1024.90630
2010-12-07,1024.90630
2010-12-08,1024.90630
2010-12-09,1024.90630
2010-12-10,1024.90630
2010-12-11,1024.90630
2010-12-12,1024.90630
2010-12-13,1024.90630
2010-12-14,1024.90630
2010-12-15,1024.90630
2010-12-16,1024.90630
2010-12-17,1024.90630
2010-12-18,1024.90630
2010-12-19,1024.90630
2010-12-20,1024.90630
2010-12-21,1024.90630
2010-12-22,1024.90630
2010-12-23,1024.90630
2010-12-24,1024.90630
2010-12-25,1024.90630
2010-12-26,1024.90630
2010-12-27,1024.90630
2010-12-28,1024.90630
2010-12-29,1024.90630
2010-12-30,1024.90630
2010-12-31,1024.90630
2011-01-01,1024.90630
2011-01-02,1024.90630
2011-01-03,1024.90630
2011-01-04,1024.90630
2011-01-05,1024.90630
2011-01-06,1024.90630
2011-01-07,1024.90630
2011-01-08,1024.90630
2011-01-09,1024.90630
2011-01-10,1024.90630
2011-01-11,1024.90630
2011-01-12,1024.90630
2011-01-13,1024.90630
2011-01-14,1024.90630
2011-01-15,1024.90630
2011-01-16,1024.90630
2011-01-17,1024.90630
2011-01-18,1024.90630
2011-01-19,1024.90630
2011-01-20,1024.90630
2011-01-21,1024.90630
2011-01-22,1024.90630
2011-01-23,1024.90630
2011-01-24,1024.90630
2011-01-25,1024.90630
2011-01-26,1024.90630
2011-01-27,1024.90630
2011-01-28,1024.90740
2011-01-29,1024.90740
2011-01-30,1024.90740
2011-01-31,1024.90750
2011-02-01,1024.90750
2011-02-02,1024.90750
2011-02-03,1024.90750
2011-02-04,1024.90750
2011-02-05,1024.90750
2011-02-06,1024.90750
2011-02-07,1024.90750
2011-02-08,1024.90750
2011-02-09,1024.90750
2011-02-10,1024.90750
2011-02-11,1024.90750
2011-02-12,1024.90750
2011-02-13,1024.90750
2011-02-14,1024.90740
2011-02-15,1024.90740
2011-02-16,1024.90740
2011-02-17,1024.90750
2011-02-18,1024.90750
2011-02-19,1024.90740
2011-02-20,1024.90740
2011-02-21,1024.90740
2011-02-22,1024.90740
2011-02-23,1024.90750
2011-02-24,1024.90750
2011-02-25,1024.90750
2011-02-26,1024.90740
2011-02-27,1024.90750
2011-02-28,1024.90750
2011-03-01,1024.90750
2011-03-02,1024.90750
2011-03-03,1024.90750
2011-03-04,1024.90750
2011-03-05,1024.90750
2011-03-06,1024.90750
2011-03-07,1024.90750
2011-03-08,1024.90750
2011-03-09,1024.90750
2011-03-10,1024.90750
2011-03-11,1024.90750
2011-03-12,1024.90750
2011-03-13,1024.90750
2011-03-14,1024.90750
2011-03-15,1024.90750
2011-03-16,1024.92280
2011-03-17,1024.92420
2011-03-18,1024.92550
2011-03-19,1024.92690
2011-03-20,1024.92820
2011-03-21,1024.92950
2011-03-22,1024.93070
2011-03-23,1024.93070
2011-03-24,1024.93070
2011-03-25,1024.93070
2011-03-26,1024.93070
2011-03-27,1024.93070
2011-03-28,1024.93070
2011-03-29,1024.93070
2011-03-30,1024.93070
2011-03-31,1024.93070
2011-04-01,1024.93070
2011-04-02,1024.93070
2011-04-03,1024.93070
2011-04-04,1024.93070
2011-04-05,1024.93060
2011-04-06,1024.93060
2011-04-07,1024.93060
2011-04-08,1024.93060
2011-04-09,1024.93070
2011-04-10,1024.93070
2011-04-11,1024.93070
2011-04-12,1024.93060
2011-04-13,1024.93070
2011-04-14,1024.93070
2011-04-15,1024.93070
2011-04-16,1024.93070
2011-04-17,1024.93070
2011-04-18,1024.93070
2011-04-19,1024.93070
2011-04-20,1024.93070
2011-04-21,1024.93070
2011-04-22,1024.93070
2011-04-23,1024.93070
2011-04-24,1024.93070
2011-04-25,1024.93070
2011-04-26,1024.93070
2011-04-27,1024.93070
2011-04-28,1024.93070
2011-04-29,1024.93070
2011-04-30,1024.93070
2011-05-01,1024.93070
2011-05-02,1024.93070
2011-05-03,1024.93070
2011-05-04,1024.93070
2011-05-05,1024.93070
2011-05-06,1024.93070
2011-05-07,1024.93070
2011-05-08,1024.93070
2011-05-09,1024.93070
2011-05-10,1024.93070
2011-05-11,1024.93080
2011-05-12,1024.93070
2011-05-13,1024.93070
2011-05-14,1024.93070
2011-05-15,1024.93070
2011-05-16,1024.93070
2011-05-17,1024.93070
2011-05-18,1024.93070
2011-05-19,1024.93070
2011-05-20,1024.93070
2011-05-21,1024.93070
2011-05-22,1024.93070
2011-05-23,1024.93070
2011-05-24,1024.93070
2011-05-25,1024.93070
2011-05-26,1024.93070
2011-05-27,1024.93070
2011-05-28,1024.93080
2011-05-29,1024.93080
2011-05-30,1024.94920
2011-05-31,1024.94920
2011-06-01,1024.94930
2011-06-02,1024.94930
2011-06-03,1024.94920
2011-06-04,1024.94920
2011-06-05,1024.94920
2011-06-06,1024.95140
2011-06-07,1024.95140
2011-06-08,1024.95140
2011-06-09,1024.95140
2011-06-10,1024.95140
2011-06-11,1024.95140
2011-06-12,1024.95140
2011-06-13,1024.95140
2011-06-14,1024.95140
2011-06-15,1024.95140
2011-06-16,1024.95140
2011-06-17,1024.95140
2011-06-18,1024.95140
2011-06-19,1024.95140
2011-06-20,1024.95140
2011-06-21,1024.95140
2011-06-22,1024.95140
2011-06-23,1024.95140
2011-06-24,1024.95150
2011-06-25,1024.95140
2011-06-26,1024.95140
2011-06-27,1024.95140
2011-06-28,1024.95140
2011-06-29,1024.95140
2011-06-30,1024.95140
2011-07-01,1024.95140
2011-07-02,1024.95140
2011-07-03,1024.95140
2011-07-04,1024.95140
2011-07-05,1024.95140
2011-07-06,1024.95140
2011-07-07,1024.95140
2011-07-08,1024.95140
2011-07-09,1024.95140
2011-07-10,1024.95140
2011-07-11,1024.95140
2011-07-12,1024.95140
2011-07-13,1024.95140
2011-07-14,1024.95130
2011-07-15,1024.95130
2011-07-16,1024.95130
2011-07-17,1024.95130
2011-07-18,1024.95130
2011-07-19,1024.95130
2011-07-20,1024.95130
2011-07-21,1024.95130
2011-07-22,1024.95130
2011-07-23,1024.95130
2011-07-24,1024.95130
2011-07-25,1024.95130
2011-07-26,1024.95130
2011-07-27,1024.95130
2011-07-28,1024.95130
2011-07-29,1024.95130
2011-07-30,1024.95130
2011-07-31,1024.95130
2011-08-01,1024.95130
2011-08-02,1024.95130
2011-08-03,1024.95130
2011-08-04,1024.95130
2011-08-05,1024.95130
2011-08-06,1024.95130
2011-08-07,1024.95130
2011-08-08,1024.95120
2011-08-09,1024.95120
2011-08-10,1024.95120
2011-08-11,1024.95120
2011-08-12,1024.95120
2011-08-13,1024.95120
2011-08-14,1024.95120
2011-08-15,1024.95120
2011-08-16,1024.95120
2011-08-17,1024.95120
2011-08-18,1024.95120
2011-08-19,1024.95120
2011-08-20,1024.95120
2011-08-21,1024.95110
2011-08-22,1024.95110
2011-08-23,1024.95120
2011-08-24,1024.95120
2011-08-25,1024.95120
2011-08-26,1024.95120
2011-08-27,1024.95120
2011-08-28,1024.95120
2011-08-29,1024.95120
2011-08-30,1024.95120
2011-08-31,1024.95120
2011-09-01,1024.95120
2011-09-02,1024.95120
2011-09-03,1024.95120
2011-09-04,1024.95120
2011-09-05,1024.95120
2011-09-06,1024.95120
2011-09-07,1024.95120
2011-09-08,1024.95120
2011-09-09,1024.95120
2011-09-10,1024.95120
2011-09-11,1024.95120
2011-09-12,1024.95120
2011-09-13,1024.95120
2011-09-14,1024.95130
2011-09-15,1024.95130
2011-09-16,1024.95130
2011-09-17,1024.95130
2011-09-18,1024.95130
2011-09-19,1024.95130
2011-09-20,1024.95130
2011-09-21,1024.95130
2011-09-22,1024.95130
2011-09-23,1024.95130
2011-09-24,1024.95130
2011-09-25,1024.95130
2011-09-26,1024.95130
2011-09-27,1024.95130
2011-09-28,1024.95130
2011-09-29,1024.95130
2011-09-30,1024.95130
2011-10-01,1024.95130
2011-10-02,1024.95130
2011-10-03,1024.95130
2011-10-04,1024.95120
2011-10-05,1024.95130
2011-10-06,1024.95130
2011-10-07,1024.95130
2011-10-08,1024.95130
2011-10-09,1024.95130
2011-10-10,1024.95130
2011-10-11,1024.95140
2011-10-12,1024.95140
2011-10-13,1024.95140
2011-10-14,1024.95150
2011-10-15,1024.95150
2011-10-16,1024.95150
2011-10-17,1024.95150
2011-10-18,1024.95150
2011-10-19,1024.95170
2011-10-20,1024.95180
2011-10-21,1024.95200
2011-10-22,1024.95220
2011-10-23,1024.95240
2011-10-24,1024.95260
2011-10-25,1024.95280
2011-10-26,1024.95290
2011-10-27,1024.95310
2011-10-28,1024.95330
2011-10-29,1024.95340
2011-10-30,1024.95360
2011-10-31,1024.95380
2011-11-01,1024.95400
2011-11-02,1024.95600
2011-11-03,1024.95720
2011-11-04,1024.95720
2011-11-05,1024.95720
2011-11-06,1024.95720
2011-11-07,1024.95720
2011-11-08,1024.95720
2011-11-09,1024.95720
2011-11-10,1024.95720
2011-11-11,1024.95720
2011-11-12,1024.95720
2011-11-13,1024.95720
2011-11-14,1024.95720
2011-11-15,1024.95720
2011-11-16,1024.95720
2011-11-17,1024.95720
2011-11-18,1024.95720
2011-11-19,1024.95720
2011-11-20,1024.95720
2011-11-21,1024.95720
2011-11-22,1024.95720
2011-11-23,1024.95720
2011-11-24,1024.95720
2011-11-25,1024.95720
2011-11-26,1024.95720
2011-11-27,1024.95720
2011-11-28,1024.95720
2011-11-29,1024.95720
2011-11-30,1024.95720
2011-12-01,1024.95720
2011-12-02,1024.95720
2011-12-03,1024.95720
2011-12-04,1024.95720
2011-12-05,1024.95720
2011-12-06,1024.95750
2011-12-07,1024.95750
2011-12-08,1024.95750
2011-12-09,1024.95790
2011-12-10,1024.95790
2011-12-11,1024.95790
2011-12-12,1024.95790
2011-12-13,1024.95780
2011-12-14,1024.95780
2011-12-15,1024.95790
2011-12-16,1024.95780
2011-12-17,1024.95780
2011-12-18,1024.95780
2011-12-19,1024.95780
2011-12-20,1024.95780
2011-12-21,1024.95780
2011-12-22,1024.95780
2011-12-23,1024.95780
2011-12-24,1024.95780
2011-12-25,1024.95780
2011-12-26,1024.95780
2011-12-27,1024.96010
2011-12-28,1024.96010
2011-12-29,1024.96010
2011-12-30,1024.96010
2011-12-31,1024.96000
2012-01-01,1024.96000
2012-01-02,1024.96000
2012-01-03,1024.96000
2012-01-04,1024.96000
2012-01-05,1024.96000
2012-01-06,1024.96000
2012-01-07,1024.96000
2012-01-08,1024.96000
2012-01-09,1024.96000
2012-01-10,1024.96000
2012-01-11,1024.96000
2012-01-12,1024.96010
2012-01-13,1024.96010
2012-01-14,1024.96010
2012-01-15,1024.96010
2012-01-16,1024.96000
2012-01-17,1024.96000
2012-01-18,1024.96000
2012-01-19,1024.96000
2012-01-20,1024.96000
2012-01-21,1024.96000
2012-01-22,1024.96000
2012-01-23,1024.96000
2012-01-24,1024.96000
2012-01-25,1024.95990
2012-01-26,1024.95990
2012-01-27,1024.95990
2012-01-28,1024.95990
2012-01-29,1024.95990
2012-01-30,1024.95990
2012-01-31,1024.95990
2012-02-01,1024.95990
2012-02-02,1024.95990
2012-02-03,1024.95990
2012-02-04,1024.95980
2012-02-05,1024.95980
2012-02-06,1024.95980
2012-02-07,1024.95980
2012-02-08,1024.95980
2012-02-09,1024.96360
2012-02-10,1024.96360
2012-02-11,1024.96360
2012-02-12,1024.96350
2012-02-13,1024.96350
2012-02-14,1024.96350
2012-02-15,1024.96350
2012-02-16,1024.96350
2012-02-17,1024.96350
2012-02-18,1024.96350
2012-02-19,1024.96350
2012-02-20,1024.96350
2012-02-21,1024.96350
2012-02-22,1024.96350
2012-02-23,1024.96350
2012-02-24,1024.96350
2012-02-25,1024.96350
2012-02-26,1024.96340
2012-02-27,1024.96340
2012-02-28,1024.96340
2012-02-29,1024.96340
2012-03-01,1024.96340
2012-03-02,1024.96340
2012-03-03,1024.96340
2012-03-04,1024.96340
2012-03-05,1024.96340
2012-03-06,1024.96350
2012-03-07,1024.96350
2012-03-08,1024.96350
2012-03-09,1024.96340
2012-03-10,1024.96340
2012-03-11,1024.96340
2012-03-12,1024.96340
2012-03-13,1024.96340
2012-03-14,1024.96340
2012-03-15,1024.96350
2012-03-16,1024.96350
2012-03-17,1024.96350
2012-03-18,1024.96350
2012-03-19,1024.96350
2012-03-20,1024.96350
2012-03-21,1024.96350
2012-03-22,1024.96350
2012-03-23,1024.96350
2012-03-24,1024.96350
2012-03-25,1024.96350
2012-03-26,1024.96350
2012-03-27,1024.96350
2012-03-28,1024.96350
2012-03-29,1024.96350
2012-03-30,1024.96360
2012-03-31,1024.96370
2012-04-01,1024.96390
2012-04-02,1024.96410
2012-04-03,1024.96430
2012-04-04,1024.96450
2012-04-05,1024.96460
2012-04-06,1024.96480
2012-04-07,1024.96490
2012-04-08,1024.96510
2012-04-09,1024.96530
2012-04-10,1024.96540
2012-04-11,1024.96560
2012-04-12,1024.96570
2012-04-13,1024.96590
2012-04-14,1024.96610
2012-04-15,1024.96620
2012-04-16,1024.96640
2012-04-17,1024.96660
2012-04-18,1027.40170
2012-04-19,1027.40170
2012-04-20,1027.40170
2012-04-21,1027.40170
2012-04-22,1027.40170
2012-04-23,1027.40170
2012-04-24,1027.40170
2012-04-25,1027.40980
2012-04-26,1027.42600
2012-04-27,1027.42600
2012-04-28,1027.42600
2012-04-29,1027.42600
2012-04-30,1027.42600
2012-05-01,1027.42600
2012-05-02,1027.42600
2012-05-03,1027.42600
2012-05-04,1027.46810
2012-05-05,1027.46810
2012-05-06,1027.46810
2012-05-07,1027.46810
2012-05-08,1027.47070
2012-05-09,1027.47070
2012-05-10,1027.48310
2012-05-11,1027.48350
2012-05-12,1027.48350
2012-05-13,1027.48350
2012-05-14,1027.48350
2012-05-15,1027.56500
2012-05-16,1027.59440
2012-05-17,1027.60370
2012-05-18,1027.60370
2012-05-19,1027.60370
2012-05-20,1027.60370
2012-05-21,1027.60370
2012-05-22,1027.60370
2012-05-23,1027.60370
2012-05-24,1027.60370
2012-05-25,1027.60370
2012-05-26,1027.60370
2012-05-27,1027.60370
2012-05-28,1027.61660
2012-05-29,1027.61660
2012-05-30,1027.61660
2012-05-31,1027.61660
2012-06-01,1027.61660
2012-06-02,1027.61660
2012-06-03,1027.61660
2012-06-04,1027.61660
2012-06-05,1027.61660
2012-06-06,1027.61660
2012-06-07,1027.61660
2012-06-08,1027.61660
2012-06-09,1027.61660
2012-06-10,1027.61660
2012-06-11,1027.61660
2012-06-12,1027.61660
2012-06-13,1027.62790
2012-06-14,1027.62790
2012-06-15,1027.64070
2012-06-16,1027.64070
2012-06-17,1027.64070
2012-06-18,1027.64080
2012-06-19,1027.64080
2012-06-20,1027.65430
2012-06-21,1027.73580
2012-06-22,1027.77940
2012-06-23,1027.77940
2012-06-24,1027.77940
2012-06-25,1027.77950
2012-06-26,1027.80600
2012-06-27,1027.89980
2012-06-28,1027.90930
2012-06-29,1027.91320
2012-06-30,1027.91320
2012-07-01,1027.91320
2012-07-02,1027.91320
2012-07-03,1028.01430
2012-07-04,1028.01430
2012-07-05,1028.25970
2012-07-06,1028.25800
2012-07-07,1028.25800
2012-07-08,1028.25800
2012-07-09,1028.34240
2012-07-10,1028.34240
2012-07-11,1028.38490
2012-07-12,1028.39740
2012-07-13,1028.46480
2012-07-14,1028.46480
2012-07-15,1028.46480
2012-07-16,1028.46480
2012-07-17,1028.53060
2012-07-18,1028.53060
2012-07-19,1028.56060
2012-07-20,1028.56050
2012-07-21,1028.56060
2012-07-22,1028.56060
2012-07-23,1028.56090
2012-07-24,1028.56090
2012-07-25,1028.56090
2012-07-26,1028.56090
2012-07-27,1028.56080
2012-07-28,1028.56080
2012-07-29,1028.56090
2012-07-30,1028.56090
2012-07-31,1028.56090
2012-08-01,1028.63230
2012-08-02,1028.63230
2012-08-03,1028.65900
2012-08-04,1028.65900
2012-08-05,1028.65900
2012-08-06,1028.74900
2012-08-07,1028.74900
2012-08-08,1028.74900
2012-08-09,1028.74900
2012-08-10,1028.74900
2012-08-11,1028.74900
2012-08-12,1028.74900
2012-08-13,1028.74950
2012-08-14,1028.74950
2012-08-15,1028.74950
2012-08-16,1028.84870
2012-08-17,1028.85550
2012-08-18,1028.85550
2012-08-19,1028.85550
2012-08-20,1028.85560
2012-08-21,1028.85560
2012-08-22,1028.85560
2012-08-23,1028.88030
2012-08-24,1028.88030
2012-08-25,1028.88030
2012-08-26,1028.88030
2012-08-27,1028.88030
2012-08-28,1028.88030
2012-08-29,1028.89920
2012-08-30,1028.90940
2012-08-31,1028.95810
2012-09-01,1028.95810
2012-09-02,1028.95810
2012-09-03,1028.96720
2012-09-04,1028.98650
2012-09-05,1029.03590
2012-09-06,1029.03590
2012-09-07,1029.04910
2012-09-08,1029.04910
2012-09-09,1029.04910
2012-09-10,1029.04910
2012-09-11,1029.05770
2012-09-12,1029.05770
2012-09-13,1029.08780
2012-09-14,1029.16340
2012-09-15,1029.16340
2012-09-16,1029.16340
2012-09-17,1029.16340
2012-09-18,1029.16350
2012-09-19,1029.16350
2012-09-20,1029.16350
2012-09-21,1029.17980
2012-09-22,1029.17980
2012-09-23,1029.17980
2012-09-24,1029.17980
2012-09-25,1029.17980
2012-09-26,1029.17980
2012-09-27,1029.17980
2012-09-28,1029.21380
2012-09-29,1029.21380
2012-09-30,1029.21380
2012-10-01,1029.21380
2012-10-02,1029.21380
2012-10-03,1029.33210
2012-10-04,1029.44460
2012-10-05,1029.44460
2012-10-06,1029.44460
2012-10-07,1029.44460
2012-10-08,1029.44460
2012-10-09,1029.44460
2012-10-10,1029.44870
2012-10-11,1029.44870
2012-10-12,1029.44870
2012-10-13,1029.44870
2012-10-14,1029.44880
2012-10-15,1029.44870
2012-10-16,1029.44880
2012-10-17,1029.44870
2012-10-18,1029.44870
2012-10-19,1029.46610
2012-10-20,1029.46610
2012-10-21,1029.46610
2012-10-22,1029.46610
2012-10-23,1029.46610
2012-10-24,1029.46610
2012-10-25,1029.46610
2012-10-26,1029.46610
2012-10-27,1029.46610
2012-10-28,1029.46610
2012-10-29,1029.46740
2012-10-30,1029.46740
2012-10-31,1029.46740
2012-11-01,1029.47630
2012-11-02,1029.48350
2012-11-03,1029.48350
2012-11-04,1029.48360
2012-11-05,1029.48600
2012-11-06,1029.48600
2012-11-07,1029.48600
2012-11-08,1029.48600
2012-11-09,1029.48600
2012-11-10,1029.48600
2012-11-11,1029.48600
2012-11-12,1029.48960
2012-11-13,1029.48960
2012-11-14,1029.48960
2012-11-15,1029.49360
2012-11-16,1029.49380
2012-11-17,1029.49390
2012-11-18,1029.49390
2012-11-19,1029.49390
2012-11-20,1029.49390
2012-11-21,1029.49390
2012-11-22,1029.49390
2012-11-23,1029.49390
2012-11-24,1029.49390
2012-11-25,1029.49400
2012-11-26,1029.49400
2012-11-27,1029.49400
2012-11-28,1029.49400
2012-11-29,1029.50610
2012-11-30,1029.52100
2012-12-01,1029.52110
2012-12-02,1029.52120
2012-12-03,1029.52120
2012-12-04,1029.52820
2012-12-05,1029.52820
2012-12-06,1029.52820
2012-12-07,1029.52820
2012-12-08,1029.52900
2012-12-09,1029.52970
2012-12-10,1029.52970
2012-12-11,1029.52970
2012-12-12,1029.53020
2012-12-13,1029.59350
2012-12-14,1029.59350
2012-12-15,1029.59530
2012-12-16,1029.59710
2012-12-17,1029.62900
2012-12-18,1029.62900
2012-12-19,1029.62900
2012-12-20,1029.62900
2012-12-21,1029.66890
2012-12-22,1029.67090
2012-12-23,1029.67290
2012-12-24,1029.68320
2012-12-25,1029.68470
2012-12-26,1029.70600
2012-12-27,1029.70600
2012-12-28,1029.72020
2012-12-29,1029.72080
2012-12-30,1029.72140
2012-12-31,1029.72970
2013-01-01,1029.88730
2013-01-02,1029.93160
2013-01-03,1029.93160
2013-01-04,1029.96950
2013-01-05,1029.96950
2013-01-06,1029.96950
2013-01-07,1029.96950
2013-01-08,1029.98910
2013-01-09,1029.98910
2013-01-10,1029.98910
2013-01-11,1029.99740
2013-01-12,1029.99740
2013-01-13,1029.99740
2013-01-14,1029.99740
2013-01-15,1029.99820
2013-01-16,1029.99820
2013-01-17,1029.99840
2013-01-18,1030.01650
2013-01-19,1030.01650
2013-01-20,1030.01650
2013-01-21,1030.01650
2013-01-22,1030.02950
2013-01-23,1030.04630
2013-01-24,1030.04940
2013-01-25,1030.04940
2013-01-26,1030.04940
2013-01-27,1030.04940
2013-01-28,1030.04940
2013-01-29,1030.09390
2013-01-30,1030.16120
2013-01-31,1030.16120
2013-02-01,1030.16300
2013-02-02,1030.16300
2013-02-03,1030.16300
2013-02-04,1030.16300
2013-02-05,1030.16300
2013-02-06,1030.16300
2013-02-07,1030.16300
2013-02-08,1030.16300
2013-02-09,1030.16300
2013-02-10,1030.16300
2013-02-11,1030.16300
2013-02-12,1030.16300
2013-02-13,1030.16300
2013-02-14,1030.16300
2013-02-15,1030.16300
2013-02-16,1030.16300
2013-02-17,1030.16300
2013-02-18,1030.16300
2013-02-19,1030.16300
2013-02-20,1030.16300
2013-02-21,1030.16300
2013-02-22,1030.16300
2013-02-23,1030.16300
2013-02-24,1030.16300
2013-02-25,1030.16290
2013-02-26,1030.16300
2013-02-27,1030.16300
2013-02-28,1030.16300
2013-03-01,1030.18020
2013-03-02,1030.18240
2013-03-03,1030.18470
2013-03-04,1030.20950
2013-03-05,1030.25150
2013-03-06,1030.27430
2013-03-07,1030.41010
2013-03-08,1030.41010
2013-03-09,1030.41180
2013-03-10,1030.41340
2013-03-11,1030.41340
2013-03-12,1030.41340
2013-03-13,1030.56280
2013-03-14,1030.78730
2013-03-15,1030.79810
2013-03-16,1030.79810
2013-03-17,1030.79810
2013-03-18,1030.79810
2013-03-19,1030.87130
2013-03-20,1030.87820
2013-03-21,1030.93230
2013-03-22,1031.09060
2013-03-23,1031.09060
2013-03-24,1031.09060
2013-03-25,1031.09060
2013-03-26,1030.96290
2013-03-27,1030.96640
2013-03-28,1030.96640
2013-03-29,1030.97230
2013-03-30,1030.97820
2013-03-31,1030.98420
2013-04-01,1030.99010
2013-04-02,1032.27700
2013-04-03,1032.27700
2013-04-04,1032.27700
2013-04-05,1032.27700
2013-04-06,1032.27700
2013-04-07,1032.27700
2013-04-08,1032.27700
2013-04-09,1032.27700
2013-04-10,1032.28700
2013-04-11,1032.28780
2013-04-12,1032.31240
2013-04-13,1032.31270
2013-04-14,1032.31300
2013-04-15,1032.31830
2013-04-16,1032.31830
2013-04-17,1032.33090
2013-04-18,1032.33090
2013-04-19,1032.33160
2013-04-20,1032.33230
2013-04-21,1032.33300
2013-04-22,1032.33300
2013-04-23,1032.35120
2013-04-24,1032.35240
2013-04-25,1032.37610
2013-04-26,1032.37610
2013-04-27,1032.37680
2013-04-28,1032.37750
2013-04-29,1032.39560
2013-04-30,1032.39560
2013-05-01,1032.40100
2013-05-02,1032.43320
2013-05-03,1032.43320
2013-05-04,1032.43320
2013-05-05,1032.43320
2013-05-06,1032.49290
2013-05-07,1032.50870
2013-05-08,1032.51660
2013-05-09,1032.51660
2013-05-10,1032.53590
2013-05-11,1032.53590
2013-05-12,1032.53590
2013-05-13,1032.53590
2013-05-14,1032.55060
2013-05-15,1032.55820
2013-05-16,1032.55820
2013-05-17,1032.56920
2013-05-18,1032.56920
2013-05-19,1032.56920
2013-05-20,1032.56920
2013-05-21,1032.56920
2013-05-22,1032.56920
2013-05-23,1032.60750
2013-05-24,1032.62110
2013-05-25,1032.62110
2013-05-26,1032.62110
2013-05-27,1032.62120
2013-05-28,1032.62620
2013-05-29,1032.62620
2013-05-30,1032.63280
2013-05-31,1032.64540
2013-06-01,1032.64540
2013-06-02,1032.64540
2013-06-03,1032.64540
2013-06-04,1032.64790
2013-06-05,1032.64790
2013-06-06,1032.64790
2013-06-07,1032.64880
2013-06-08,1032.64880
2013-06-09,1032.64890
2013-06-10,1032.64890
2013-06-11,1032.64890
2013-06-12,1032.64890
2013-06-13,1032.64890
2013-06-14,1032.64890
2013-06-15,1032.64890
2013-06-16,1032.64890
2013-06-17,1032.66600
2013-06-18,1032.69270
2013-06-19,1032.82170
2013-06-20,1032.82170
2013-06-21,1032.82170
2013-06-22,1032.82230
2013-06-23,1032.82280
2013-06-24,1032.82990
2013-06-25,1032.82990
2013-06-26,1032.84760
2013-06-27,1032.87930
2013-06-28,1033.03110
2013-06-29,1033.03110
2013-06-30,1033.03110
2013-07-01,1033.03110
2013-07-02,1033.35220
2013-07-03,1033.38940
2013-07-04,1033.45750
2013-07-05,1033.45750
2013-07-06,1033.45750
2013-07-07,1033.45750
2013-07-08,1033.45750
2013-07-09,1033.48460
2013-07-10,1033.48460
2013-07-11,1033.48460
2013-07-12,1033.49440
2013-07-13,1033.49440
2013-07-14,1033.49440
2013-07-15,1033.49440
2013-07-16,1031.08860
2013-07-17,1031.55220
2013-07-18,1032.33410
2013-07-19,1032.42710
2013-07-20,1032.44620
2013-07-21,1032.46540
2013-07-22,1032.46540
2013-07-23,1032.08560
2013-07-24,1031.33010
2013-07-25,1031.33010
2013-07-26,1031.40610
2013-07-27,1031.46090
2013-07-28,1031.51570
2013-07-29,1031.55570
2013-07-30,1031.87720
2013-07-31,1031.89630
2013-08-01,1032.01610
2013-08-02,1032.35400
2013-08-03,1032.38790
2013-08-04,1032.42180
2013-08-05,1032.83780
2013-08-06,1032.83780
2013-08-07,1032.83780
2013-08-08,1032.93390
2013-08-09,1032.95540
2013-08-10,1032.97690
2013-08-11,1032.99850
2013-08-12,1032.79610
2013-08-13,1032.79610
2013-08-14,1033.03870
2013-08-15,1033.07810
2013-08-16,1033.07900
2013-08-17,1033.12470
2013-08-18,1033.17030
2013-08-19,1033.17030
2013-08-20,1033.22960
2013-08-21,1033.37830
2013-08-22,1033.45880
2013-08-23,1033.56090
2013-08-24,1033.59220
2013-08-25,1033.62340
2013-08-26,1033.63600
2013-08-27,1033.69930
2013-08-28,1033.75560
2013-08-29,1033.78990
2013-08-30,1033.80440
2013-08-31,1033.83680
2013-09-01,1033.86920
2013-09-02,1033.91440
2013-09-03,1033.93680
2013-09-04,1034.13390
2013-09-05,1034.31790
2013-09-06,1034.31790
2013-09-07,1034.32370
2013-09-08,1034.32940
2013-09-09,1034.33520
2013-09-10,1034.54900
2013-09-11,1034.56060
2013-09-12,1034.56290
2013-09-13,1034.56290
2013-09-14,1034.57330
2013-09-15,1034.58360
2013-09-16,1034.67610
2013-09-17,1034.67610
2013-09-18,1034.75030
2013-09-19,1035.21610
2013-09-20,1035.21610
2013-09-21,1035.21610
2013-09-22,1035.21610
2013-09-23,1035.56470
2013-09-24,1035.56470
2013-09-25,1035.70080
2013-09-26,1035.70080
2013-09-27,1035.80650
2013-09-28,1035.80650
2013-09-29,1035.80650
2013-09-30,1035.80650
2013-10-01,1035.84780
2013-10-02,1035.84780
2013-10-03,1035.90200
2013-10-04,1035.90410
2013-10-05,1035.90410
2013-10-06,1035.90410
2013-10-07,1035.91180
2013-10-08,1036.17140
2013-10-09,1036.17130
2013-10-10,1036.17130
2013-10-11,1036.17130
2013-10-12,1036.17140
2013-10-13,1036.17130
2013-10-14,1036.17130
2013-10-15,1036.21460
2013-10-16,1036.21460
2013-10-17,1036.21460
2013-10-18,1036.21460
2013-10-19,1036.21460
2013-10-20,1036.21460
2013-10-21,1036.21460
2013-10-22,1036.21460
2013-10-23,1036.21460
2013-10-24,1036.21460
2013-10-25,1036.21460
2013-10-26,1036.21460
2013-10-27,1036.21460
2013-10-28,1036.21460
2013-10-29,1036.25400
2013-10-30,1036.25400
2013-10-31,1036.25400
2013-11-01,1036.25400
2013-11-02,1036.25400
2013-11-03,1036.25400
2013-11-04,1036.25400
2013-11-05,1036.25790
2013-11-06,1036.25790
2013-11-07,1036.25790
2013-11-08,1036.25790
2013-11-09,1036.25790
2013-11-10,1036.25790
2013-11-11,1036.25790
2013-11-12,1036.25790
2013-11-13,1036.25790
2013-11-14,1036.25790
2013-11-15,1036.25790
2013-11-16,1036.25790
2013-11-17,1036.25790
2013-11-18,1036.25790
2013-11-19,1036.25790
2013-11-20,1036.25990
2013-11-21,1036.26000
2013-11-22,1036.26100
2013-11-23,1036.26100
2013-11-24,1036.26100
2013-11-25,1036.26100
2013-11-26,1036.27090
2013-11-27,1036.28620
2013-11-28,1036.29330
2013-11-29,1036.34620
2013-11-30,1036.34620
2013-12-01,1036.34620
2013-12-02,1036.36490
2013-12-03,1036.44100
2013-12-04,1036.46970
2013-12-05,1036.46960
2013-12-06,1036.46970
2013-12-07,1036.46970
2013-12-08,1036.46970
2013-12-09,1036.46960
2013-12-10,1036.46960
2013-12-11,1036.48850
2013-12-12,1036.56020
2013-12-13,1036.58890
2013-12-14,1036.58900
2013-12-15,1036.58890
2013-12-16,1036.58900
2013-12-17,1036.60940
2013-12-18,1036.62600
2013-12-19,1036.62590
2013-12-20,1036.62600
2013-12-21,1036.62590
2013-12-22,1036.62600
2013-12-23,1036.62820
2013-12-24,1036.67540
2013-12-25,1036.67540
2013-12-26,1036.67540
2013-12-27,1036.67540
2013-12-28,1036.67540
2013-12-29,1036.67540
2013-12-30,1036.67970
2013-12-31,1036.70550
2014-01-01,1036.74810
2014-01-02,1036.82040
2014-01-03,1036.82040
2014-01-04,1036.82040
2014-01-05,1036.82040
2014-01-06,1036.82040
2014-01-07,1036.82040
2014-01-08,1036.82040
2014-01-09,1036.82040
2014-01-10,1036.89620
2014-01-11,1036.89620
2014-01-12,1036.89620
2014-01-13,1036.89620
2014-01-14,1036.89620
2014-01-15,1036.89620
2014-01-16,1036.89830
2014-01-17,1036.89830
2014-01-18,1036.89940
2014-01-19,1036.90050
2014-01-20,1036.90050
2014-01-21,1036.97600
2014-01-22,1036.98780
2014-01-23,1037.01570
2014-01-24,1037.01570
2014-01-25,1037.01570
2014-01-26,1037.01570
2014-01-27,1037.01570
2014-01-28,1037.01570
2014-01-29,1037.01570
2014-01-30,1037.01570
2014-01-31,1037.05160
2014-02-01,1037.05160
2014-02-02,1037.05160
2014-02-03,1037.05160
2014-02-04,1037.06170
2014-02-05,1037.06170
2014-02-06,1037.06170
2014-02-07,1037.06170
2014-02-08,1037.06270
2014-02-09,1037.06390
2014-02-10,1037.06390
2014-02-11,1037.06390
2014-02-12,1037.06780
2014-02-13,1037.06780
2014-02-14,1037.09600
2014-02-15,1037.10910
2014-02-16,1037.12230
2014-02-17,1037.17090
2014-02-18,1037.23170
2014-02-19,1037.23280
2014-02-20,1037.23280
2014-02-21,1037.24820
2014-02-22,1037.24960
2014-02-23,1037.25120
2014-02-24,1037.26570
2014-02-25,1037.26790
2014-02-26,1037.26790
2014-02-27,1037.26790
2014-02-28,1037.34350
2014-03-01,1037.34350
2014-03-02,1037.34340
2014-03-03,1037.34340
2014-03-04,1037.34340
2014-03-05,1037.43170
2014-03-06,1037.43170
2014-03-07,1037.45990
2014-03-08,1037.45990
2014-03-09,1037.46000
2014-03-10,1037.46000
2014-03-11,1037.49010
2014-03-12,1037.57960
2014-03-13,1037.57960
2014-03-14,1037.65630
2014-03-15,1037.65630
2014-03-16,1037.65630
2014-03-17,1037.65630
2014-03-18,1037.78860
2014-03-19,1037.78860
2014-03-20,1037.78860
2014-03-21,1037.81720
2014-03-22,1037.81720
2014-03-23,1037.81720
2014-03-24,1037.92840
2014-03-25,1037.92840
2014-03-26,1037.92840
2014-03-27,1037.92850
2014-03-28,1037.90640
2014-03-29,1037.91340
2014-03-30,1037.92040
2014-03-31,1037.92750
2014-04-01,1037.93470
2014-04-02,1038.40450
2014-04-03,1038.41150
2014-04-04,1038.44080
2014-04-05,1038.44080
2014-04-06,1038.44080
2014-04-07,1038.48590
2014-04-08,1038.48590
2014-04-09,1038.48590
2014-04-10,1038.48590
2014-04-11,1038.48590
2014-04-12,1038.48590
2014-04-13,1038.48590
2014-04-14,1038.48590
2014-04-15,1038.48590
2014-04-16,1038.50610
2014-04-17,1038.50610
2014-04-18,1038.50610
2014-04-19,1038.50610
2014-04-20,1038.50610
2014-04-21,1038.50610
2014-04-22,1038.50610
2014-04-23,1038.50610
2014-04-24,1038.50610
2014-04-25,1038.50610
2014-04-26,1038.50600
2014-04-27,1038.50600
2014-04-28,1038.50600
2014-04-29,1038.50610
2014-04-30,1038.50610
2014-05-01,1038.50610
2014-05-02,1038.51330
2014-05-03,1038.51330
2014-05-04,1038.51330
2014-05-05,1038.51330
2014-05-06,1038.51340
2014-05-07,1038.51340
2014-05-08,1038.51330
2014-05-09,1038.51330
2014-05-10,1038.51330
2014-05-11,1038.51330
2014-05-12,1038.51330
2014-05-13,1038.51330
2014-05-14,1038.51420
2014-05-15,1038.53020
2014-05-16,1038.55190
2014-05-17,1038.55190
2014-05-18,1038.55190
2014-05-19,1038.55190
2014-05-20,1038.55520
2014-05-21,1038.56200
2014-05-22,1038.56250
2014-05-23,1038.56480
2014-05-24,1038.56470
2014-05-25,1038.56470
2014-05-26,1038.56470
2014-05-27,1038.56470
2014-05-28,1038.56470
2014-05-29,1038.56470
2014-05-30,1038.56470
2014-05-31,1038.56470
2014-06-01,1038.56470
2014-06-02,1038.56470
2014-06-03,1038.56470
2014-06-04,1038.56470
2014-06-05,1038.56470
2014-06-06,1038.57150
2014-06-07,1038.57150
2014-06-08,1038.57150
2014-06-09,1038.57150
2014-06-10,1038.57150
2014-06-11,1038.57150
2014-06-12,1038.57150
2014-06-13,1038.57150
2014-06-14,1038.57150
2014-06-15,1038.57150
2014-06-16,1038.57150
2014-06-17,1038.57150
2014-06-18,1038.57150
2014-06-19,1038.57150
2014-06-20,1038.57150
2014-06-21,1038.57150
2014-06-22,1038.57150
2014-06-23,1038.57150
2014-06-24,1038.57150
2014-06-25,1038.57150
2014-06-26,1038.57150
2014-06-27,1038.57150
2014-06-28,1038.57150
2014-06-29,1038.57150
2014-06-30,1038.57150
2014-07-01,1038.57150
2014-07-02,1038.57150
2014-07-03,1038.57150
2014-07-04,1038.57150
2014-07-05,1038.57150
2014-07-06,1038.57150
2014-07-07,1038.57150
2014-07-08,1038.57150
2014-07-09,1038.57150
2014-07-10,1038.57150
2014-07-11,1038.57150
2014-07-12,1038.57150
2014-07-13,1038.57150
2014-07-14,1038.57140
2014-07-15,1038.57140
2014-07-16,1038.57150
2014-07-17,1038.57150
2014-07-18,1038.57150
2014-07-19,1038.57140
2014-07-20,1038.57140
2014-07-21,1038.57140
2014-07-22,1038.57140
2014-07-23,1038.57140
2014-07-24,1038.57140
2014-07-25,1038.57140
2014-07-26,1038.57140
2014-07-27,1038.57140
2014-07-28,1038.57140
2014-07-29,1038.57140
2014-07-30,1038.57140
2014-07-31,1038.57140
2014-08-01,1038.57140
2014-08-02,1038.57140
2014-08-03,1038.57140
2014-08-04,1038.57140
2014-08-05,1038.57140
2014-08-06,1038.57130
2014-08-07,1038.57130
2014-08-08,1038.57130
2014-08-09,1038.57130
2014-08-10,1038.57130
2014-08-11,1038.57130
2014-08-12,1038.57130
2014-08-13,1038.57130
2014-08-14,1038.57130
2014-08-15,1038.57130
2014-08-16,1038.57130
2014-08-17,1038.57130
2014-08-18,1038.57130
2014-08-19,1038.57130
2014-08-20,1038.57130
2014-08-21,1038.57130
2014-08-22,1038.57130
2014-08-23,1038.57130
2014-08-24,1038.57130
2014-08-25,1038.57130
2014-08-26,1038.57130
2014-08-27,1038.57120
2014-08-28,1038.57120
2014-08-29,1038.57120
2014-08-30,1038.57120
2014-08-31,1038.57120
2014-09-01,1038.57120
2014-09-02,1038.57120
2014-09-03,1038.57120
2014-09-04,1038.57120
2014-09-05,1038.57120
2014-09-06,1038.57110
2014-09-07,1038.57110
2014-09-08,1038.57110
2014-09-09,1038.57110
2014-09-10,1038.57110
2014-09-11,1038.57110
2014-09-12,1038.57110
2014-09-13,1038.57110
2014-09-14,1038.57110
2014-09-15,1038.57110
2014-09-16,1038.57110
2014-09-17,1038.57110
2014-09-18,1038.57110
2014-09-19,1038.57110
2014-09-20,1038.57110
2014-09-21,1038.57110
2014-09-22,1038.57110
2014-09-23,1038.57110
2014-09-24,1038.57110
2014-09-25,1038.57110
2014-09-26,1038.57110
2014-09-27,1038.57110
2014-09-28,1038.57110
2014-09-29,1038.57110
2014-09-30,1038.57110
2014-10-01,1038.57110
2014-10-02,1038.57110
2014-10-03,1038.57110
2014-10-04,1038.57110
2014-10-05,1038.57110
2014-10-06,1038.57110
2014-10-07,1038.57110
2014-10-08,1038.57110
2014-10-09,1038.57110
2014-10-10,1038.57110
2014-10-11,1038.57110
2014-10-12,1038.57110
2014-10-13,1038.57110
2014-10-14,1038.57110
2014-10-15,1038.57110
2014-10-16,1038.57110
2014-10-17,1038.57110
2014-10-18,1038.57110
2014-10-19,1038.57110
2014-10-20,1038.57110
2014-10-21,1038.57110
2014-10-22,1038.57110
2014-10-23,1038.57110
2014-10-24,1038.57110
2014-10-25,1038.57110
2014-10-26,1038.57110
2014-10-27,1038.57110
2014-10-28,1038.57110
2014-10-29,1038.57110
2014-10-30,1038.57110
2014-10-31,1038.57110
2014-11-01,1038.57110
2014-11-02,1038.57110
2014-11-03,1038.57110
2014-11-04,1038.57110
2014-11-05,1038.57110
2014-11-06,1038.57110
2014-11-07,1038.57110
2014-11-08,1038.57120
2014-11-09,1038.57120
2014-11-10,1038.57120
2014-11-11,1038.57120
2014-11-12,1038.57120
2014-11-13,1038.57120
2014-11-14,1038.57120
2014-11-15,1038.57120
2014-11-16,1038.57120
2014-11-17,1038.57120
2014-11-18,1038.57120
2014-11-19,1038.57120
2014-11-20,1038.57120
2014-11-21,1038.57120
2014-11-22,1038.57120
2014-11-23,1038.57120
2014-11-24,1038.57120
2014-11-25,1038.57120
2014-11-26,1038.57120
2014-11-27,1038.57120
2014-11-28,1038.57120
2014-11-29,1038.57120
2014-11-30,1038.57120
2014-12-01,1038.57120
2014-12-02,1038.57120
2014-12-03,1038.57120
2014-12-04,1038.57120
2014-12-05,1038.57120
2014-12-06,1038.57120
2014-12-07,1038.57120
2014-12-08,1038.57120
2014-12-09,1038.57120
2014-12-10,1038.57120
2014-12-11,1038.57120
2014-12-12,1038.57120
2014-12-13,1038.57120
2014-12-14,1038.57120
2014-12-15,1038.57120
2014-12-16,1038.57120
2014-12-17,1038.57120
2014-12-18,1038.57120
2014-12-19,1038.57120
2014-12-20,1038.57120
2014-12-21,1038.57120
2014-12-22,1038.57120
2014-12-23,1038.57120
2014-12-24,1038.57120
2014-12-25,1038.57120
2014-12-26,1038.57120
2014-12-27,1038.57120
2014-12-28,1038.57120
2014-12-29,1038.57120
2014-12-30,1038.57120
2014-12-31,1038.57120
2015-01-01,1038.57120
2015-01-02,1038.57120
2015-01-03,1038.57120
2015-01-04,1038.57120
2015-01-05,1038.57120
2015-01-06,1038.57120
2015-01-07,1038.57120
2015-01-08,1038.57120
2015-01-09,1038.57120
2015-01-10,1038.57120
2015-01-11,1038.57120
2015-01-12,1038.57120
2015-01-13,1038.57120
2015-01-14,1038.57120
2015-01-15,1038.57120
2015-01-16,1038.57120
2015-01-17,1038.57120
2015-01-18,1038.57120
2015-01-19,1038.57120
2015-01-20,1038.57120
2015-01-21,1038.57120
2015-01-22,1038.57120
2015-01-23,1038.57120
2015-01-24,1038.57120
2015-01-25,1038.57120
2015-01-26,1038.57120
2015-01-27,1038.57120
2015-01-28,1038.57120
2015-01-29,1038.57120
2015-01-30,1038.57120
2015-01-31,1038.57120
2015-02-01,1038.57120
2015-02-02,1038.57120
2015-02-03,1038.57120
2015-02-04,1038.57120
2015-02-05,1038.57120
2015-02-06,1038.57120
2015-02-07,1038.57120
2015-02-08,1038.57120
2015-02-09,1038.57120
2015-02-10,1038.57120
2015-02-11,1038.57120
2015-02-12,1038.57120
2015-02-13,1038.57120
2015-02-14,1038.57120
2015-02-15,1038.57120
2015-02-16,1038.57120
2015-02-17,1038.57120
2015-02-18,1038.57120
2015-02-19,1038.57120
2015-02-20,1038.57120
2015-02-21,1038.57120
2015-02-22,1038.57120
2015-02-23,1038.57120
2015-02-24,1038.57120
2015-02-25,1038.57120
2015-02-26,1038.57120
2015-02-27,1038.57120
2015-02-28,1038.57120
2015-03-01,1038.57120
2015-03-02,1038.57120
2015-03-03,1038.57120
2015-03-04,1038.57120
2015-03-05,1038.57120
2015-03-06,1038.57120
2015-03-07,1038.57120
2015-03-08,1038.57120
2015-03-09,1038.57120
2015-03-10,1038.57120
2015-03-11,1038.57120
2015-03-12,1038.57120
2015-03-13,1038.57120
2015-03-14,1038.57120
2015-03-15,1038.57130
2015-03-16,1038.57130
2015-03-17,1038.57130
2015-03-18,1038.57130
2015-03-19,1038.57130
2015-03-20,1038.57130
2015-03-21,1038.57130
2015-03-22,1038.57130
2015-03-23,1038.57130
2015-03-24,1038.57130
2015-03-25,1038.57130
2015-03-26,1038.57130
2015-03-27,1038.57130
2015-03-28,1038.57130
2015-03-29,1038.57130
2015-03-30,1038.57130
2015-03-31,1038.57130
2015-04-01,1038.57130
2015-04-02,1038.57130
2015-04-03,1038.57130
2015-04-04,1038.57130
2015-04-05,1038.57130
2015-04-06,1038.57130
2015-04-07,1038.57140
2015-04-08,1038.57140
2015-04-09,1038.57140
2015-04-10,1038.57140
2015-04-11,1038.57140
2015-04-12,1038.57140
2015-04-13,1038.57140
2015-04-14,1038.57140
2015-04-15,1038.57140
2015-04-16,1038.57150
2015-04-17,1038.57150
2015-04-18,1038.57150
2015-04-19,1038.57150
2015-04-20,1038.57150
2015-04-21,1038.57150
2015-04-22,1038.57150
2015-04-23,1038.57150
2015-04-24,1038.57150
2015-04-25,1038.57150
2015-04-26,1038.57150
2015-04-27,1038.57150
2015-04-28,1038.57150
2015-04-29,1038.57150
2015-04-30,1038.57150
2015-05-01,1038.57150
2015-05-02,1038.57150
2015-05-03,1038.57150
2015-05-04,1038.57150
2015-05-05,1038.57150
2015-05-06,1038.57150
2015-05-07,1038.57150
2015-05-08,1038.57150
2015-05-09,1038.57160
2015-05-10,1038.57160
2015-05-11,1038.57160
2015-05-12,1038.57160
2015-05-13,1038.57160
2015-05-14,1038.57160
2015-05-15,1038.57160
2015-05-16,1038.57160
2015-05-17,1038.57160
2015-05-18,1038.57160
2015-05-19,1038.57160
2015-05-20,1038.57160
2015-05-21,1038.57160
2015-05-22,1038.57160
2015-05-23,1038.57160
2015-05-24,1038.57160
2015-05-25,1038.57160
2015-05-26,1038.57160
2015-05-27,1038.57160
2015-05-28,1038.57160
2015-05-29,1038.57160
2015-05-30,1038.57170
2015-05-31,1038.57170
2015-06-01,1038.57170
2015-06-02,1038.57170
2015-06-03,1038.57170
2015-06-04,1038.57170
2015-06-05,1038.57170
2015-06-06,1038.57170
2015-06-07,1038.57170
2015-06-08,1038.57170
2015-06-09,1038.57170
2015-06-10,1038.57170
2015-06-11,1038.57170
2015-06-12,1038.57180
2015-06-13,1038.57180
2015-06-14,1038.57180
2015-06-15,1038.57180
2015-06-16,1038.57180
2015-06-17,1038.57180
2015-06-18,1038.57180
2015-06-19,1038.57180
2015-06-20,1038.57180
2015-06-21,1038.57180
2015-06-22,1038.57180
2015-06-23,1038.57180
2015-06-24,1038.57180
2015-06-25,1038.57180
2015-06-26,1038.57180
2015-06-27,1038.57180
2015-06-28,1038.57180
2015-06-29,1038.57180
2015-06-30,1038.57180
2015-07-01,1038.57180
2015-07-02,1038.57180
2015-07-03,1038.57190
2015-07-04,1038.57190
2015-07-05,1038.57190
2015-07-06,1038.57190
2015-07-07,1038.57190
2015-07-08,1038.57190
2015-07-09,1038.57190
2015-07-10,1038.57190
2015-07-11,1038.57190
2015-07-12,1038.57190
2015-07-13,1038.57190
2015-07-14,1038.57190
2015-07-15,1038.57190
2015-07-16,1038.57190
2015-07-17,1038.57190
2015-07-18,1038.57190
2015-07-19,1038.57190
2015-07-20,1038.57190
2015-07-21,1038.57190
2015-07-22,1038.57190
2015-07-23,1038.57190
2015-07-24,1038.57190
2015-07-25,1038.57190
2015-07-26,1038.57190
2015-07-27,1038.57190
2015-07-28,1038.57200
2015-07-29,1038.76360
2015-07-30,1038.95580
2015-07-31,1039.14280
2015-08-01,1039.32990
2015-08-02,1039.51690
2015-08-03,1039.70560
2015-08-04,1039.89410
2015-08-05,1040.08520
2015-08-06,1040.27670
2015-08-07,1040.45690
2015-08-08,1040.63720
2015-08-09,1040.81750
2015-08-10,1041.00730
2015-08-11,1041.19800
2015-08-12,1041.38940
2015-08-13,1041.58130
2015-08-14,1041.77230
2015-08-15,1041.96330
2015-08-16,1042.15420
2015-08-17,1042.34650
2015-08-18,1042.53880
2015-08-19,1042.73080
2015-08-20,1042.92320
2015-08-21,1043.10210
2015-08-22,1043.28090
2015-08-23,1043.45980
2015-08-24,1043.65340
2015-08-25,1043.84690
2015-08-26,1044.04050
2015-08-27,1044.23430
2015-08-28,1044.42760
2015-08-29,1044.62080
2015-08-30,1044.81400
2015-08-31,1045.00400
2015-09-01,1045.13120
2015-09-02,1045.32000
2015-09-03,1045.51150
2015-09-04,1045.69800
2015-09-05,1045.88240
2015-09-06,1046.06690
2015-09-07,1046.26030
2015-09-08,1046.44730
2015-09-09,1046.64130
2015-09-10,1046.83520
2015-09-11,1047.02440
2015-09-12,1047.21570
2015-09-13,1047.40700
2015-09-14,1047.59330
2015-09-15,1047.79010
2015-09-16,1047.97830
2015-09-17,1048.17360
2015-09-18,1048.36880
2015-09-19,1048.56050
2015-09-20,1048.75230
2015-09-21,1048.94760
2015-09-22,1049.06620
2015-09-23,1049.26020
2015-09-24,1049.46180
2015-09-25,1049.65900
2015-09-26,1049.85650
2015-09-27,1050.05440
2015-09-28,1050.26560
2015-09-29,1050.75290
2015-09-30,1050.97100
2015-10-01,1051.17970
2015-10-02,1051.36140
2015-10-03,1051.54300
2015-10-04,1051.72500
2015-10-05,1051.89700
2015-10-06,1052.10570
2015-10-07,1052.29040
2015-10-08,1052.46560
2015-10-09,1052.64550
2015-10-10,1052.82890
2015-10-11,1053.01290
2015-10-12,1053.19720
2015-10-13,1053.37430
2015-10-14,1053.59000
2015-10-15,1053.77430
2015-10-16,1054.04820
2015-10-17,1054.22670
2015-10-18,1054.40520
2015-10-19,1054.45970
2015-10-20,1054.64700
2015-10-21,1054.83190
2015-10-22,1055.01680
2015-10-23,1055.32570
2015-10-24,1055.50800
2015-10-25,1055.69060
2015-10-26,1055.87460
2015-10-27,1056.05160
2015-10-28,1056.11630
2015-10-29,1056.30380
2015-10-30,1056.60450
2015-10-31,1056.78390
2015-11-01,1056.96340
2015-11-02,1057.09140
2015-11-03,1057.15460
2015-11-04,1057.30380
2015-11-05,1057.55210
2015-11-06,1057.83550
2015-11-07,1058.01680
2015-11-08,1058.19810
2015-11-09,1058.37890
2015-11-10,1058.62300
2015-11-11,1058.80310
2015-11-12,1058.98320
2015-11-13,1059.21200
2015-11-14,1059.38960
2015-11-15,1059.56710
2015-11-16,1059.60500
2015-11-17,1059.73940
2015-11-18,1059.92670
2015-11-19,1060.14590
2015-11-20,1060.52860
2015-11-21,1060.69410
2015-11-22,1060.85950
2015-11-23,1060.93250
2015-11-24,1061.16140
2015-11-25,1061.32880
2015-11-26,1061.46030
2015-11-27,1061.64050
2015-11-28,1061.82100
2015-11-29,1062.00120
2015-11-30,1062.16430
2015-12-01,1062.32560
2015-12-02,1062.51220
2015-12-03,1062.66510
2015-12-04,1063.00910
2015-12-05,1063.15990
2015-12-06,1063.31070
2015-12-07,1063.38030
2015-12-08,1063.57200
2015-12-09,1063.76070
2015-12-10,1063.82240
2015-12-11,1064.08890
2015-12-12,1064.25690
2015-12-13,1064.42500
2015-12-14,1064.56320
2015-12-15,1064.75470
2015-12-16,1064.95520
2015-12-17,1065.11240
2015-12-18,1065.49310
2015-12-19,1065.66710
2015-12-20,1065.84120
2015-12-21,1065.75330
2015-12-22,1065.94380
2015-12-23,1066.13440
2015-12-24,1066.32490
2015-12-25,1066.51550
2015-12-26,1066.70600
2015-12-27,1066.89660
2015-12-28,1067.08700
2015-12-29,1067.27760
2015-12-30,1067.43060
2015-12-31,1067.68290
2016-01-01,1068.12210
2016-01-02,1068.25190
2016-01-03,1068.38180
2016-01-04,1068.38460
2016-01-05,1068.58040
2016-01-06,1068.77500
2016-01-07,1068.80920
2016-01-08,1069.02720
2016-01-09,1069.20660
2016-01-10,1069.38600
2016-01-11,1069.54990
2016-01-12,1069.71220
2016-01-13,1069.90130
2016-01-14,1070.06500
2016-01-15,1070.25330
2016-01-16,1070.44160
2016-01-17,1070.62990
2016-01-18,1070.81820
2016-01-19,1070.97260
2016-01-20,1071.16920
2016-01-21,1071.36630
2016-01-22,1071.55600
2016-01-23,1071.74580
2016-01-24,1071.93560
2016-01-25,1072.12530
2016-01-26,1072.31510
2016-01-27,1072.45720
2016-01-28,1072.74570
2016-01-29,1072.92700
2016-01-30,1073.10820
2016-01-31,1073.29040
2016-02-01,1073.47170
2016-02-02,1073.63830
2016-02-03,1073.83510
2016-02-04,1073.84320
2016-02-05,1074.03090
2016-02-06,1074.21860
2016-02-07,1074.40630
2016-02-08,1074.53040
2016-02-09,1074.71930
2016-02-10,1074.90820
2016-02-11,1075.09710
2016-02-12,1075.48770
2016-02-13,1075.66890
2016-02-14,1075.85020
2016-02-15,1075.81800
2016-02-16,1076.09000
2016-02-17,1076.23370
2016-02-18,1076.42330
2016-02-19,1076.61330
2016-02-20,1076.80290
2016-02-21,1076.99290
2016-02-22,1077.20690
2016-02-23,1077.40150
2016-02-24,1077.59620
2016-02-25,1077.78370
2016-02-26,1077.97110
2016-02-27,1078.15860
2016-02-28,1078.34610
2016-02-29,1078.53360
2016-03-01,1078.71290
2016-03-02,1078.90160
2016-03-03,1079.14840
2016-03-04,1079.33460
2016-03-05,1079.52030
2016-03-06,1079.70640
2016-03-07,1079.89210
2016-03-08,1080.06150
2016-03-09,1080.25410
2016-03-10,1080.35670
2016-03-11,1080.54580
2016-03-12,1080.73490
2016-03-13,1080.92400
2016-03-14,1081.09690
2016-03-15,1081.28720
2016-03-16,1081.46390
2016-03-17,1081.71150
2016-03-18,1082.18990
2016-03-19,1082.36260
2016-03-20,1082.53520
2016-03-21,1082.63590
2016-03-22,1082.62460
2016-03-23,1083.10970
2016-03-24,1083.25820
2016-03-25,1083.40680
2016-03-26,1083.55530
2016-03-27,1083.70380
2016-03-28,1083.75730
2016-03-29,1083.95310
2016-03-30,1084.17780
2016-03-31,1084.28930
2016-04-01,1084.47410
2016-04-02,1084.65840
2016-04-03,1084.84320
2016-04-04,1085.02750
2016-04-05,1085.21260
2016-04-06,1085.43220
2016-04-07,1085.61520
2016-04-08,1085.79810
2016-04-09,1085.98100
2016-04-10,1086.16390
2016-04-11,1086.38310
2016-04-12,1086.57300
2016-04-13,1086.74990
2016-04-14,1086.92670
2016-04-15,1087.10360
2016-04-16,1087.28050
2016-04-17,1087.45740
2016-04-18,1087.63420
2016-04-19,1087.81110
2016-04-20,1087.98800
2016-04-21,1088.08120
2016-04-22,1088.25930
2016-04-23,1088.43740
2016-04-24,1088.61510
2016-04-25,1088.78900
2016-04-26,1088.95100
2016-04-27,1089.13000
2016-04-28,1089.29150
2016-04-29,1089.47310
2016-04-30,1089.65470
2016-05-01,1089.83690
2016-05-02,1090.00140
2016-05-03,1090.17570
2016-05-04,1090.45860
2016-05-05,1090.54060
2016-05-06,1090.71550
2016-05-07,1090.89040
2016-05-08,1091.06520
2016-05-09,1091.24010
2016-05-10,1091.37350
2016-05-11,1091.55960
2016-05-12,1091.73030
2016-05-13,1092.00650
2016-05-14,1092.08890
2016-05-15,1092.17140
2016-05-16,1092.22160
2016-05-17,1092.40290
2016-05-18,1092.58420
2016-05-19,1092.65480
2016-05-20,1092.88030
2016-05-21,1093.04330
2016-05-22,1093.20660
2016-05-23,1093.38790
2016-05-24,1093.56400
2016-05-25,1093.74570
2016-05-26,1093.86200
2016-05-27,1094.40490
2016-05-28,1094.41930
2016-05-29,1094.43360
2016-05-30,1094.61650
2016-05-31,1094.80460
2016-06-01,1094.98800
2016-06-02,1095.19130
2016-06-03,1095.41300
2016-06-04,1095.57700
2016-06-05,1095.74170
2016-06-06,1095.92310
2016-06-07,1096.10160
2016-06-08,1096.29440
2016-06-09,1096.42460
2016-06-10,1096.86590
2016-06-11,1096.92010
2016-06-12,1096.97440
2016-06-13,1097.17760
2016-06-14,1097.37040
2016-06-15,1097.53840
2016-06-16,1097.73480
2016-06-17,1098.22520
2016-06-18,1098.27820
2016-06-19,1098.33120
2016-06-20,1098.51140
2016-06-21,1098.66330
2016-06-22,1098.84080
2016-06-23,1099.04940
2016-06-24,1099.34060
2016-06-25,1099.45990
2016-06-26,1099.57870
2016-06-27,1099.61030
2016-06-28,1099.80170
2016-06-29,1100.05390
2016-06-30,1100.23430
2016-07-01,1100.81140
2016-07-02,1100.82840
2016-07-03,1100.84540
2016-07-04,1101.07730
2016-07-05,1101.40710
2016-07-06,1101.45650
2016-07-07,1101.63880
2016-07-08,1102.13010
2016-07-09,1102.18320
2016-07-10,1102.23620
2016-07-11,1102.36930
2016-07-12,1102.55190
2016-07-13,1102.64790
2016-07-14,1102.92570
2016-07-15,1103.13260
2016-07-16,1103.29160
2016-07-17,1103.44990
2016-07-18,1103.62680
2016-07-19,1103.80300
2016-07-20,1103.95780
2016-07-21,1104.09320
2016-07-22,1104.53890
2016-07-23,1104.60830
2016-07-24,1104.67770
2016-07-25,1104.85690
2016-07-26,1105.00700
2016-07-27,1105.13890
2016-07-28,1105.31790
2016-07-29,1105.49680
2016-07-30,1105.67560
2016-07-31,1105.85460
2016-08-01,1106.04910
2016-08-02,1106.17500
2016-08-03,1106.34930
2016-08-04,1106.52360
2016-08-05,1107.02830
2016-08-06,1107.03740
2016-08-07,1107.04660
2016-08-08,1107.15010
2016-08-09,1107.34800
2016-08-10,1107.52420
2016-08-11,1107.70040
2016-08-12,1108.41370
2016-08-13,1108.42280
2016-08-14,1108.43190
2016-08-15,1108.44100
2016-08-16,1108.61530
2016-08-17,1108.78960
2016-08-18,1108.96390
2016-08-19,1109.13820
2016-08-20,1109.31250
2016-08-21,1109.48680
2016-08-22,1109.63750
2016-08-23,1109.83550
2016-08-24,1110.03340
2016-08-25,1110.13690
2016-08-26,1110.31880
2016-08-27,1110.50060
2016-08-28,1110.68340
2016-08-29,1110.83410
2016-08-30,1111.03200
2016-08-31,1111.23000
2016-09-01,1111.24290
2016-09-02,1111.80440
2016-09-03,1111.81730
2016-09-04,1111.83020
2016-09-05,1111.84310
2016-09-06,1111.95050
2016-09-07,1112.15230
2016-09-08,1112.33330
2016-09-09,1112.51430
2016-09-10,1112.69530
2016-09-11,1112.87630
2016-09-12,1113.25560
2016-09-13,1113.26850
2016-09-14,1113.44850
2016-09-15,1113.67200
2016-09-16,1114.06270
2016-09-17,1114.07550
2016-09-18,1114.08840
2016-09-19,1114.27030
2016-09-20,1114.45230
2016-09-21,1114.69370
2016-09-22,1114.87400
2016-09-23,1115.05420
2016-09-24,1115.23440
2016-09-25,1115.41470
2016-09-26,1115.60910
2016-09-27,1115.81100
2016-09-28,1115.91850
2016-09-29,1116.12040
2016-09-30,1116.30160
2016-10-01,1116.48270
2016-10-02,1116.66390
2016-10-03,1116.84500
2016-10-04,1117.13020
2016-10-05,1117.33210
2016-10-06,1117.53400
2016-10-07,1117.70760
2016-10-08,1117.88120
2016-10-09,1118.05470
2016-10-10,1118.53100
2016-10-11,1118.54390
2016-10-12,1118.55680
2016-10-13,1118.73130
2016-10-14,1119.24450
2016-10-15,1119.25740
2016-10-16,1119.27020
2016-10-17,1119.44380
2016-10-18,1119.57960
2016-10-19,1119.78160
2016-10-20,1119.95620
2016-10-21,1120.46940
2016-10-22,1120.48220
2016-10-23,1120.49500
2016-10-24,1120.66580
2016-10-25,1120.80440
2016-10-26,1121.00640
2016-10-27,1121.02030
2016-10-28,1121.19600
2016-10-29,1121.37160
2016-10-30,1121.54730
2016-10-31,1121.72290
2016-11-01,1121.89850
2016-11-02,1122.05640
2016-11-03,1122.23220
2016-11-04,1122.65230
2016-11-05,1122.66630
2016-11-06,1122.68020
2016-11-07,1122.88350
2016-11-08,1123.08680
2016-11-09,1123.26450
2016-11-10,1123.49270
2016-11-11,1123.66680
2016-11-12,1123.84100
2016-11-13,1124.01520
2016-11-14,1124.18940
2016-11-15,1124.41090
2016-11-16,1124.61340
2016-11-17,1124.78120
2016-11-18,1124.94900
2016-11-19,1125.11680
2016-11-20,1125.28460
2016-11-21,1125.45240
2016-11-22,1125.62010
2016-11-23,1125.78890
2016-11-24,1125.95670
2016-11-25,1126.12550
2016-11-26,1126.29330
2016-11-27,1126.46210
2016-11-28,1126.62990
2016-11-29,1126.79870
2016-11-30,1126.96650
2016-12-01,1126.97910
2016-12-02,1127.14330
2016-12-03,1127.30740
2016-12-04,1127.47160
2016-12-05,1127.63580
2016-12-06,1127.80000
2016-12-07,1127.96420
2016-12-08,1128.12840
2016-12-09,1128.29260
2016-12-10,1128.45770
2016-12-11,1128.62190
2016-12-12,1128.78700
2016-12-13,1128.93030
2016-12-14,1129.09550
2016-12-15,1129.26060
2016-12-16,1129.42660
2016-12-17,1129.59250
2016-12-18,1129.75850
2016-12-19,1129.57780
2016-12-20,1129.75520
2016-12-21,1129.93250
2016-12-22,1130.10980
2016-12-23,1130.28810
2016-12-24,1130.46650
2016-12-25,1130.64480
2016-12-26,1130.82310
2016-12-27,1131.00140
2016-12-28,1131.17980
2016-12-29,1131.42440
2016-12-30,1132.00710
2016-12-31,1132.02150
2017-01-01,1132.03600
2017-01-02,1132.14530
2017-01-03,1132.34920
2017-01-04,1132.52180
2017-01-05,1132.69450
2017-01-06,1132.86720
2017-01-07,1133.03980
2017-01-08,1133.21250
2017-01-09,1133.38510
2017-01-10,1133.49240
2017-01-11,1133.67260
2017-01-12,1133.88900
2017-01-13,1134.05870
2017-01-14,1134.22830
2017-01-15,1134.39800
2017-01-16,1134.56670
2017-01-17,1134.73200
2017-01-18,1134.90080
2017-01-19,1134.91520
2017-01-20,1135.08770
2017-01-21,1135.26020
2017-01-22,1135.43270
2017-01-23,1135.60520
2017-01-24,1135.67660
2017-01-25,1136.07040
2017-01-26,1136.08480
2017-01-27,1136.25060
2017-01-28,1136.41640
2017-01-29,1136.58220
2017-01-30,1136.75740
2017-01-31,1136.89270
2017-02-01,1137.06900
2017-02-02,1137.24520
2017-02-03,1137.43720
2017-02-04,1137.60470
2017-02-05,1137.77210
2017-02-06,1137.93450
2017-02-07,1138.11530
2017-02-08,1138.28910
2017-02-09,1138.46650
2017-02-10,1138.64380
2017-02-11,1138.82010
2017-02-12,1138.99750
2017-02-13,1139.17390
2017-02-14,1139.35130
2017-02-15,1139.52930
2017-02-16,1139.70660
2017-02-17,1139.90270
2017-02-18,1140.07120
2017-02-19,1140.23870
2017-02-20,1140.41570
2017-02-21,1140.59170
2017-02-22,1140.76870
2017-02-23,1140.94470
2017-02-24,1141.12180
2017-02-25,1141.29780
2017-02-26,1141.47480
2017-02-27,1141.65190
2017-02-28,1141.79740
2017-03-01,1142.00380
2017-03-02,1141.85080
2017-03-03,1142.05040
2017-03-04,1142.21170
2017-03-05,1142.37400
2017-03-06,1142.54360
2017-03-07,1142.71420
2017-03-08,1143.00010
2017-03-09,1143.17030
2017-03-10,1143.91880
2017-03-11,1143.92690
2017-03-12,1143.93490
2017-03-13,1143.94290
2017-03-14,1144.10800
2017-03-15,1144.26130
2017-03-16,1144.42620
2017-03-17,1144.99250
2017-03-18,1144.99190
2017-03-19,1144.99120
2017-03-20,1145.15100
2017-03-21,1145.30610
2017-03-22,1145.41620
2017-03-23,1145.62640
2017-03-24,1146.14760
2017-03-25,1146.14690
2017-03-26,1146.14620
2017-03-27,1146.30860
2017-03-28,1146.47100
2017-03-29,1146.67140
2017-03-30,1146.88480
2017-03-31,1147.55130
2017-04-01,1147.53810
2017-04-02,1147.52490
2017-04-03,1147.67140
2017-04-04,1147.81790
2017-04-05,1147.96450
2017-04-06,1148.11100
2017-04-07,1148.25760
2017-04-08,1148.40410
2017-04-09,1148.55180
2017-04-10,1148.69840
2017-04-11,1148.84510
2017-04-12,1148.99190
2017-04-13,1149.53350
2017-04-14,1149.52030
2017-04-15,1149.50710
2017-04-16,1149.49390
2017-04-17,1149.67030
2017-04-18,1149.80810
2017-04-19,1150.02200
2017-04-20,1150.00900
2017-04-21,1150.17430
2017-04-22,1150.33970
2017-04-23,1150.50500
2017-04-24,1150.67040
2017-04-25,1150.83570
2017-04-26,1151.00110
2017-04-27,1151.16640
2017-04-28,1151.33180
2017-04-29,1151.49720
2017-04-30,1151.66260
2017-05-01,1151.82790
2017-05-02,1151.99330
2017-05-03,1152.15870
2017-05-04,1152.32410
2017-05-05,1152.48940
2017-05-06,1152.65480
2017-05-07,1152.82010
2017-05-08,1152.98550
2017-05-09,1153.21000
2017-05-10,1153.19690
2017-05-11,1153.41110
2017-05-12,1153.96630
2017-05-13,1153.95320
2017-05-14,1153.94010
2017-05-15,1154.11680
2017-05-16,1154.29350
2017-05-17,1154.46900
2017-05-18,1154.35950
2017-05-19,1154.53970
2017-05-20,1154.71990
2017-05-21,1154.90010
2017-05-22,1155.10730
2017-05-23,1155.20970
2017-05-24,1155.39110
2017-05-25,1155.57240
2017-05-26,1155.75370
2017-05-27,1155.93500
2017-05-28,1156.11620
2017-05-29,1156.27500
2017-05-30,1156.49010
2017-05-31,1156.67140
2017-06-01,1156.85270
2017-06-02,1157.03400
2017-06-03,1157.21530
2017-06-04,1157.39650
2017-06-05,1157.57780
2017-06-06,1157.75910
2017-06-07,1157.94040
2017-06-08,1158.12170
2017-06-09,1158.30290
2017-06-10,1158.48420
2017-06-11,1158.66550
2017-06-12,1158.84680
2017-06-13,1159.02820
2017-06-14,1159.20960
2017-06-15,1159.36840
2017-06-16,1159.92200
2017-06-17,1159.91160
2017-06-18,1159.90130
2017-06-19,1160.08380
2017-06-20,1160.26630
2017-06-21,1160.44880
2017-06-22,1160.63130
2017-06-23,1160.81380
2017-06-24,1160.99630
2017-06-25,1161.17880
2017-06-26,1161.36120
2017-06-27,1161.54370
2017-06-28,1161.72620
2017-06-29,1161.93030
2017-06-30,1162.11060
2017-07-01,1162.29070
2017-07-02,1162.47080
2017-07-03,1162.64980
2017-07-04,1162.77810
2017-07-05,1162.96390
2017-07-06,1163.14950
2017-07-07,1163.33520
2017-07-08,1163.52080
2017-07-09,1163.70640
2017-07-10,1163.89240
2017-07-11,1164.07860
2017-07-12,1164.26480
2017-07-13,1164.24000
2017-07-14,1164.41970
2017-07-15,1164.59940
2017-07-16,1164.77910
2017-07-17,1164.98100
2017-07-18,1165.08290
2017-07-19,1165.30710
2017-07-20,1165.48790
2017-07-21,1165.66870
2017-07-22,1165.84950
2017-07-23,1166.03020
2017-07-24,1166.21100
2017-07-25,1166.38740
2017-07-26,1166.56820
2017-07-27,1166.74680
2017-07-28,1167.31940
2017-07-29,1167.30700
2017-07-30,1167.29460
2017-07-31,1167.47640
2017-08-01,1167.65830
2017-08-02,1167.84010
2017-08-03,1167.82930
2017-08-04,1168.00480
2017-08-05,1168.18040
2017-08-06,1168.35590
2017-08-07,1168.53140
2017-08-08,1168.70690
2017-08-09,1168.88240
2017-08-10,1169.05790
2017-08-11,1169.23340
2017-08-12,1169.40900
2017-08-13,1169.58450
2017-08-14,1169.91220
2017-08-15,1169.90140
2017-08-16,1170.25990
2017-08-17,1170.24900
2017-08-18,1170.42570
2017-08-19,1170.60230
2017-08-20,1170.77890
2017-08-21,1170.95100
2017-08-22,1171.12770
2017-08-23,1171.30220
2017-08-24,1171.47890
2017-08-25,1171.65570
2017-08-26,1171.83240
2017-08-27,1172.00920
2017-08-28,1172.18590
2017-08-29,1172.36270
2017-08-30,1172.53940
2017-08-31,1172.73090
2017-09-01,1172.90650
2017-09-02,1173.08210
2017-09-03,1173.25770
2017-09-04,1173.47200
2017-09-05,1173.64410
2017-09-06,1173.81630
2017-09-07,1173.99870
2017-09-08,1174.52330
2017-09-09,1174.51240
2017-09-10,1174.50160
2017-09-11,1174.67370
2017-09-12,1174.83910
2017-09-13,1175.01460
2017-09-14,1175.18560
2017-09-15,1175.36230
2017-09-16,1175.53900
2017-09-17,1175.71460
2017-09-18,1175.65220
2017-09-19,1175.80930
2017-09-20,1175.97770
2017-09-21,1176.15530
2017-09-22,1176.33290
2017-09-23,1176.51040
2017-09-24,1176.68800
2017-09-25,1176.86550
2017-09-26,1177.05780
2017-09-27,1177.21610
2017-09-28,1177.41980
2017-09-29,1177.59730
2017-09-30,1177.77490
2017-10-01,1177.95240
2017-10-02,1178.13000
2017-10-03,1178.30760
2017-10-04,1178.48520
2017-10-05,1178.66280
2017-10-06,1179.23160
2017-10-07,1179.22150
2017-10-08,1179.21140
2017-10-09,1179.36970
2017-10-10,1179.55180
2017-10-11,1179.73730
2017-10-12,1179.95240
2017-10-13,1180.50880
2017-10-14,1180.49870
2017-10-15,1180.48850
2017-10-16,1180.66040
2017-10-17,1180.78560
2017-10-18,1181.72530
2017-10-19,1181.71510
2017-10-20,1181.70500
2017-10-21,1181.69490
2017-10-22,1181.68470
2017-10-23,1181.85890
2017-10-24,1182.03300
2017-10-25,1182.20600
2017-10-26,1182.19780
2017-10-27,1182.37380
2017-10-28,1182.54990
2017-10-29,1182.72590
2017-10-30,1182.90310
2017-10-31,1183.07910
2017-11-01,1183.25710
2017-11-02,1183.43310
2017-11-03,1183.61030
2017-11-04,1183.78630
2017-11-05,1183.96340
2017-11-06,1184.13940
2017-11-07,1184.31650
2017-11-08,1184.54280
2017-11-09,1184.71770
2017-11-10,1184.89260
2017-11-11,1185.06760
2017-11-12,1185.24250
2017-11-13,1185.41740
2017-11-14,1185.59230
2017-11-15,1185.76720
2017-11-16,1185.94210
2017-11-17,1186.43700
2017-11-18,1186.42800
2017-11-19,1186.41890
2017-11-20,1186.59610
2017-11-21,1186.77330
2017-11-22,1186.95050
2017-11-23,1187.12770
2017-11-24,1187.30490
2017-11-25,1187.48320
2017-11-26,1187.66040
2017-11-27,1187.83870
2017-11-28,1188.01590
2017-11-29,1188.19430
2017-11-30,1188.37140
2017-12-01,1188.54980
2017-12-02,1188.72690
2017-12-03,1188.90520
2017-12-04,1189.08240
2017-12-05,1189.26070
2017-12-06,1189.43790
2017-12-07,1189.43090
2017-12-08,1189.61240
2017-12-09,1189.79400
2017-12-10,1189.97550
2017-12-11,1190.15660
2017-12-12,1190.33770
2017-12-13,1190.51960
2017-12-14,1190.70140
2017-12-15,1190.88330
2017-12-16,1191.06520
2017-12-17,1191.24700
2017-12-18,1191.42890
2017-12-19,1191.61080
2017-12-20,1191.53910
2017-12-21,1191.94120
2017-12-22,1192.12310
2017-12-23,1192.30500
2017-12-24,1192.48680
2017-12-25,1192.66870
2017-12-26,1192.84950
2017-12-27,1193.03140
2017-12-28,1193.14680
2017-12-29,1193.69690
2017-12-30,1193.68840
2017-12-31,1193.67990
2018-01-01,1193.86410
2018-01-02,1194.04830
2018-01-03,1194.23250
2018-01-04,1194.50500
2018-01-05,1194.68590
2018-01-06,1194.86680
2018-01-07,1195.04770
2018-01-08,1195.22860
2018-01-09,1195.46690
2018-01-10,1195.61860
2018-01-11,1195.79680
2018-01-12,1195.97610
2018-01-13,1196.15420
2018-01-14,1196.33350
2018-01-15,1196.51160
2018-01-16,1196.69090
2018-01-17,1196.86910
2018-01-18,1197.04840
2018-01-19,1197.22650
2018-01-20,1197.40580
2018-01-21,1197.58390
2018-01-22,1197.76320
2018-01-23,1197.93560
2018-01-24,1198.09910
2018-01-25,1198.28100
2018-01-26,1198.46290
2018-01-27,1198.64480
2018-01-28,1198.82670
2018-01-29,1199.00860
2018-01-30,1199.19380
2018-01-31,1199.37780
2018-02-01,1199.37280
2018-02-02,1199.55140
2018-02-03,1199.73000
2018-02-04,1199.90860
2018-02-05,1200.08720
2018-02-06,1200.26580
2018-02-07,1200.44440
2018-02-08,1200.62410
2018-02-09,1200.80270
2018-02-10,1200.98240
2018-02-11,1201.16100
2018-02-12,1201.34180
2018-02-13,1201.52160
2018-02-14,1201.70240
2018-02-15,1201.88280
2018-02-16,1202.06300
2018-02-17,1202.24210
2018-02-18,1202.42220
2018-02-19,1202.60130
2018-02-20,1202.78150
2018-02-21,1202.96050
2018-02-22,1203.14070
2018-02-23,1203.32000
2018-02-24,1203.50040
2018-02-25,1203.67970
2018-02-26,1203.83640
2018-02-27,1204.01790
2018-02-28,1204.19940
2018-03-01,1204.38090
2018-03-02,1204.56240
2018-03-03,1204.74390
2018-03-04,1204.92650
2018-03-05,1205.10800
2018-03-06,1205.31560
2018-03-07,1205.49600
2018-03-08,1205.67640
2018-03-09,1205.85690
2018-03-10,1206.03730
2018-03-11,1206.21770
2018-03-12,1206.39780
2018-03-13,1206.57790
2018-03-14,1206.75800
2018-03-15,1206.93810
2018-03-16,1207.11830
2018-03-17,1207.29840
2018-03-18,1207.47850
2018-03-19,1207.65860
2018-03-20,1207.83870
2018-03-21,1208.01900
2018-03-22,1207.98490
2018-03-23,1208.50270
2018-03-24,1208.49480
2018-03-25,1208.48690
2018-03-26,1208.69290
2018-03-27,1208.90810
2018-03-28,1209.96530
2018-03-29,1209.95740
2018-03-30,1209.94950
2018-03-31,1209.94170
2018-04-01,1209.93380
2018-04-02,1209.92590
2018-04-03,1210.10810
2018-04-04,1210.29020
2018-04-05,1210.55080
2018-04-06,1211.09130
2018-04-07,1211.08230
2018-04-08,1211.07320
2018-04-09,1211.24740
2018-04-10,1211.44650
2018-04-11,1211.61840
2018-04-12,1211.79020
2018-04-13,1211.96200
2018-04-14,1212.13390
2018-04-15,1212.30570
2018-04-16,1212.47640
2018-04-17,1212.64820
2018-04-18,1212.81890
2018-04-19,1212.80380
2018-04-20,1212.79430
2018-04-21,1212.78480
2018-04-22,1212.77540
2018-04-23,1212.92820
2018-04-24,1213.10310
2018-04-25,1213.28230
2018-04-26,1213.27290
2018-04-27,1213.25010
2018-04-28,1213.24980
2018-04-29,1213.24950
2018-04-30,1213.24920
2018-05-01,1213.24890
2018-05-02,1213.39590
2018-05-03,1213.54280
2018-05-04,1213.70700
2018-05-05,1213.87130
2018-05-06,1214.03550
2018-05-07,1214.21080
2018-05-08,1214.38980
2018-05-09,1214.56880
2018-05-10,1214.68740
2018-05-11,1214.86910
2018-05-12,1215.05080
2018-05-13,1215.23250
2018-05-14,1215.44400
2018-05-15,1215.62410
2018-05-16,1215.80400
2018-05-17,1215.96480
2018-05-18,1216.17320
2018-05-19,1216.33830
2018-05-20,1216.50340
2018-05-21,1216.68390
2018-05-22,1216.86400
2018-05-23,1217.04410
2018-05-24,1217.23160
2018-05-25,1217.41130
2018-05-26,1217.59110
2018-05-27,1217.77080
2018-05-28,1217.95060
2018-05-29,1218.13050
2018-05-30,1218.30770
2018-05-31,1218.30110
2018-06-01,1218.48590
2018-06-02,1218.67060
2018-06-03,1218.85550
2018-06-04,1218.88660
2018-06-05,1219.03720
2018-06-06,1219.23090
2018-06-07,1219.38780
2018-06-08,1219.57710
2018-06-09,1219.76630
2018-06-10,1219.95550
2018-06-11,1220.14460
2018-06-12,1220.33380
2018-06-13,1220.52300
2018-06-14,1220.69770
2018-06-15,1220.88800
2018-06-16,1221.07830
2018-06-17,1221.26840
2018-06-18,1221.45860
2018-06-19,1221.63100
2018-06-20,1221.85590
2018-06-21,1222.05060
2018-06-22,1222.23620
2018-06-23,1222.42180
2018-06-24,1222.60750
2018-06-25,1222.79840
2018-06-26,1222.98250
2018-06-27,1223.17720
2018-06-28,1223.37040
2018-06-29,1223.62920
2018-06-30,1223.78410
2018-07-01,1223.93900
2018-07-02,1224.13710
2018-07-03,1224.32840
2018-07-04,1224.56050
2018-07-05,1224.75000
2018-07-06,1224.93940
2018-07-07,1225.12880
2018-07-08,1225.31820
2018-07-09,1225.50750
2018-07-10,1225.69140
2018-07-11,1225.86230
2018-07-12,1226.02350
2018-07-13,1226.28290
2018-07-14,1226.43780
2018-07-15,1226.59270
2018-07-16,1226.78410
2018-07-17,1226.98660
2018-07-18,1227.18240
2018-07-19,1227.35850
2018-07-20,1227.61070
2018-07-21,1227.76910
2018-07-22,1227.92850
2018-07-23,1228.11530
2018-07-24,1228.31180
2018-07-25,1228.48010
2018-07-26,1228.52050
2018-07-27,1229.09280
2018-07-28,1229.09880
2018-07-29,1229.10470
2018-07-30,1229.32820
2018-07-31,1229.52920
2018-08-01,1229.71500
2018-08-02,1229.90850
2018-08-03,1230.29790
2018-08-04,1230.33040
2018-08-05,1230.36290
2018-08-06,1230.56460
2018-08-07,1230.86930
2018-08-08,1231.06660
2018-08-09,1231.25380
2018-08-10,1231.77140
2018-08-11,1231.75610
2018-08-12,1231.74080
2018-08-13,1231.94840
2018-08-14,1232.15220
2018-08-15,1232.34480
2018-08-16,1233.17640
2018-08-17,1233.16110
2018-08-18,1233.14570
2018-08-19,1233.13040
2018-08-20,1233.32860
2018-08-21,1233.72620
2018-08-22,1233.71090
2018-08-23,1233.90720
2018-08-24,1234.53790
2018-08-25,1234.52250
2018-08-26,1234.50720
2018-08-27,1234.70330
2018-08-28,1234.90760
2018-08-29,1235.12480
2018-08-30,1235.31380
2018-08-31,1235.94840
2018-09-01,1235.93300
2018-09-02,1235.91760
2018-09-03,1236.14180
2018-09-04,1236.34130
2018-09-05,1236.56190
2018-09-06,1236.75780
2018-09-07,1237.35340
2018-09-08,1237.34610
2018-09-09,1237.33880
2018-09-10,1237.53830
2018-09-11,1237.71320
2018-09-12,1238.12770
2018-09-13,1238.12040
2018-09-14,1238.75930
2018-09-16,1238.72840
2018-09-17,1238.93210
2018-09-18,1239.13440
2018-09-20,1239.08700
2018-09-23,1239.70190
2018-09-24,1239.88030
2018-09-25,1240.06570
2018-09-26,1240.31970
2018-09-27,1240.50710
2018-09-28,1241.19930
2018-09-30,1241.16840
2018-10-01,1241.61830
2018-10-02,1241.61110
2018-10-03,1241.81770
2018-10-04,1242.05680
2018-10-05,1242.26300
2018-10-07,1242.67530
2018-10-08,1242.93060
2018-10-09,1243.14810
2018-10-10,1243.35260
2018-10-11,1243.60620
2018-10-14,1244.12850
2018-10-15,1244.31610
2018-10-16,1244.52360
2018-10-18,1244.93660
2018-10-19,1245.55900
2018-10-21,1245.54430
2018-10-22,1245.75300
2018-10-23,1245.95480
2018-10-24,1246.16460
2018-10-25,1246.17180
2018-10-28,1246.80910
2018-10-29,1246.99390
2018-10-30,1247.20650
2018-10-31,1247.73990
2018-11-01,1247.95060
2018-11-02,1248.15590
2018-11-04,1248.56660
2018-11-05,1248.77080
2018-11-08,1249.38700
2018-11-11,1250.00320
2018-11-12,1250.20950
2018-11-13,1250.41590
2018-11-14,1250.62150
2018-11-15,1250.82560
2018-11-16,1251.44320
2018-11-18,1251.43780
2018-11-19,1251.64420
2018-11-20,1251.85070
2018-11-21,1252.05710
2018-11-25,1252.88270
2018-11-26,1253.10230
2018-11-27,1253.26860
2018-11-28,1253.51250
2018-11-29,1253.73590
2018-11-30,1253.93980
2018-12-02,1254.34750
2018-12-03,1254.54650
2018-12-04,1254.76500
2018-12-05,1254.95780
2018-12-06,1255.16170
2018-12-09,1255.77330
2018-12-10,1255.97710
2018-12-11,1256.17610
2018-12-12,1256.38360
2018-12-13,1256.58990
2018-12-14,1256.58260
2018-12-16,1256.56060
2018-12-17,1256.76810
2018-12-18,1256.97560
2018-12-19,1257.18310
2018-12-20,1257.36740
2018-12-21,1258.00690
2018-12-23,1257.98500
2018-12-24,1258.40970
2018-12-25,1258.39870
2018-12-26,1258.60740
2018-12-27,1258.81610
2018-12-28,1259.34740
2018-12-30,1259.31920
2018-12-31,1259.53400
2019-01-01,1259.99230
2019-01-02,1260.19900
2019-01-03,1260.40570
2019-01-04,1260.61980
2019-01-06,1261.02360
2019-01-07,1261.30700
2019-01-08,1261.51110
2019-01-09,1261.71490
2019-01-10,1261.90380
2019-01-11,1262.52180
2019-01-13,1262.50300
2019-01-14,1262.70850
2019-01-15,1262.94930
2019-01-16,1263.15350
2019-01-17,1263.35780
2019-01-18,1263.57150
2019-01-20,1263.97040
2019-01-21,1264.17460
2019-01-22,1264.31900
2019-01-23,1264.52680
2019-01-24,1264.75880
2019-01-25,1265.44450
2019-01-27,1265.41610
2019-01-28,1265.61790
2019-01-29,1265.81970
2019-01-30,1266.02140
2019-01-31,1266.22320
2019-02-01,1266.82410
2019-02-03,1266.80520
2019-02-04,1267.02080
2019-02-05,1267.22200
2019-02-06,1267.42970
2019-02-07,1267.63700
2019-02-08,1267.58590
2019-02-10,1267.56690
2019-02-11,1267.71490
2019-02-12,1267.93970
2019-02-13,1268.16340
2019-02-14,1268.38460
2019-02-15,1269.00140
2019-02-17,1268.98240
2019-02-18,1269.39160
2019-02-19,1269.38210
2019-02-20,1269.59840
2019-02-21,1269.73660
2019-02-22,1270.33270
2019-02-24,1270.31360
2019-02-25,1270.55680
2019-02-26,1270.74010
2019-02-27,1270.92840
2019-02-28,1271.14100
2019-03-01,1271.99340
2019-03-04,1271.96470
2019-03-05,1272.19810
2019-03-06,1272.39490
2019-03-07,1272.57700
2019-03-08,1273.20850
2019-03-10,1273.18930
2019-03-11,1273.38980
2019-03-12,1273.59870
2019-03-13,1273.80650
2019-03-14,1273.99230
2019-03-15,1274.19640
2019-03-17,1274.60580
2019-03-18,1274.60360
2019-03-19,1274.73900
2019-03-20,1275.08330
2019-03-21,1275.08120
2019-03-22,1275.23190
2019-03-24,1275.53330
2019-03-25,1275.68410
2019-03-26,1275.83480
2019-03-27,1276.01990
2019-03-28,1276.19110
2019-03-29,1276.38650
2019-03-31,1276.77820
2019-04-01,1276.97360
2019-04-02,1277.17340
2019-04-03,1277.46460
2019-04-04,1277.66530
2019-04-05,1277.91550
2019-04-07,1278.21850
2019-04-08,1278.43240
2019-04-09,1278.62990
2019-04-10,1278.82720
2019-04-11,1279.02460
2019-04-12,1279.45460
2019-04-14,1279.52630
2019-04-15,1279.73560
2019-04-16,1279.93560
2019-04-17,1280.13550
2019-04-18,1280.33550
2019-04-19,1280.53540
2019-04-21,1280.93530
2019-04-22,1281.13520
2019-04-23,1281.32880
2019-04-24,1281.52880
2019-04-25,1281.73550
2019-04-26,1281.93520
2019-04-29,1282.53440
2019-04-30,1282.75150
2019-05-01,1282.93340
2019-05-02,1283.13300
2019-05-03,1283.33440
2019-05-05,1283.73740
2019-05-06,1283.93990
2019-05-07,1284.14140
2019-05-08,1284.34430
2019-05-09,1284.54580
2019-05-10,1284.74830
2019-05-12,1285.15230
2019-05-13,1285.35370
2019-05-14,1285.55820
2019-05-15,1285.75950
2019-05-16,1285.75680
2019-05-17,1286.34250
2019-05-19,1286.34920
2019-05-20,1286.53010
2019-05-21,1286.73380
2019-05-22,1286.92290
2019-05-23,1287.11750
2019-05-24,1287.70460
2019-05-25,1287.70350
2019-05-26,1287.70240
2019-05-27,1287.90250
2019-05-28,1288.08260
2019-05-29,1288.28000
2019-05-30,1288.53610
2019-05-31,1289.05280
2019-06-02,1289.08650
2019-06-03,1289.32370
2019-06-04,1289.54030
2019-06-05,1289.71460
2019-06-06,1289.90600
2019-06-07,1290.46390
2019-06-09,1290.49530
2019-06-10,1290.68020
2019-06-11,1290.87630
2019-06-12,1291.06060
2019-06-13,1291.08640
2019-06-14,1291.27180
2019-06-16,1291.64250
2019-06-17,1291.81490
2019-06-18,1291.98320
2019-06-19,1292.14070
2019-06-20,1292.39430
2019-06-21,1292.95620
2019-06-22,1292.95420
2019-06-23,1292.95230
2019-06-24,1293.12710
2019-06-25,1293.31380
2019-06-26,1293.50050
2019-06-27,1293.65630
2019-06-28,1294.21500
2019-06-30,1294.23980
2019-07-01,1294.41400
2019-07-02,1294.57320
2019-07-03,1294.79150
2019-07-04,1294.97600
2019-07-05,1295.51290
2019-07-07,1295.53820
2019-07-08,1295.71380
2019-07-09,1295.89650
2019-07-10,1296.08520
2019-07-11,1296.09760
2019-07-12,1296.36480
2019-07-14,1296.73240
2019-07-15,1296.91620
2019-07-16,1297.10000
2019-07-17,1297.28380
2019-07-18,1297.46760
2019-07-19,1298.07520
2019-07-21,1298.07710
2019-07-22,1298.24860
2019-07-23,1298.42000
2019-07-24,1298.59140
2019-07-25,1298.76290
2019-07-26,1298.93430
2019-07-27,1299.10570
2019-07-28,1299.27710
2019-07-29,1299.56000
2019-07-30,1299.73140
2019-07-31,1299.46380
2019-08-01,1300.01050
2019-08-02,1300.18670
2019-08-04,1300.53900
2019-08-05,1300.71520
2019-08-06,1300.89140
2019-08-07,1301.06760
2019-08-08,1301.24380
2019-08-09,1301.42000
2019-08-10,1301.59520
2019-08-12,1301.94670
2019-08-13,1302.12290
2019-08-14,1302.23810
2019-08-15,1302.22860
2019-08-16,1302.80290
2019-08-17,1302.79330
2019-08-18,1302.78380
2019-08-19,1303.01900
2019-08-20,1303.18950
2019-08-21,1303.37710
2019-08-22,1303.50100
2019-08-23,1304.08860
2019-08-24,1304.07900
2019-08-25,1304.06950
2019-08-26,1304.20380
2019-08-27,1304.37810
2019-08-28,1304.55240
2019-08-29,1304.72670
2019-08-30,1305.49430
2019-09-02,1305.46570
2019-09-03,1305.57240
2019-09-04,1305.78000
2019-09-05,1305.96100
2019-09-06,1306.13430
2019-09-08,1306.48100
2019-09-09,1306.65240
2019-09-10,1306.82570
2019-09-11,1306.98380
2019-09-12,1307.15810
2019-09-13,1307.33240
2019-09-14,1307.50670
2019-09-15,1307.68100
2019-09-16,1307.67140
2019-09-17,1307.83520
2019-09-18,1307.99900
2019-09-19,1308.16290
2019-09-20,1308.32670
2019-09-22,1308.65430
2019-09-23,1308.81810
2019-09-24,1308.98190
2019-09-25,1309.04000
2019-09-26,1309.21330
2019-09-27,1309.38760
2019-09-29,1309.73520
2019-09-30,1309.91710
2019-10-01,1310.38860
2019-10-02,1310.37900
2019-10-03,1310.55430
2019-10-04,1311.13620
2019-10-06,1311.11710
2019-10-07,1311.29050
2019-10-08,1311.46190
2019-10-09,1311.63520
2019-10-10,1311.79520
2019-10-11,1312.35810
2019-10-13,1312.33900
2019-10-14,1312.50670
2019-10-15,1312.67710
2019-10-16,1312.84100
2019-10-17,1312.81520
2019-10-18,1312.96380
2019-10-21,1313.40950
2019-10-22,1313.55810
2019-10-23,1313.70670
2019-10-24,1313.85520
2019-10-25,1314.00380
2019-10-28,1314.44760
2019-10-29,1314.61710
2019-10-30,1314.74570
2019-10-31,1314.89330
2019-11-01,1315.04100
2019-11-03,1315.33620
2019-11-04,1315.47330
2019-11-05,1315.62290
2019-11-06,1315.76950
2019-11-07,1315.91710
2019-11-08,1316.06760
2019-11-10,1316.36860
2019-11-11,1316.68190
2019-11-12,1316.67240
2019-11-13,1316.82190
2019-11-14,1316.81240
2019-11-15,1316.97520
2019-11-17,1317.30100
2019-11-18,1317.44480
2019-11-19,1317.60760
2019-11-20,1317.80760
2019-11-21,1317.96950
2019-11-22,1318.13140
2019-11-24,1318.45520
2019-11-25,1318.61710
2019-11-26,1318.77900
2019-11-27,1318.94100
2019-11-28,1319.10290
2019-11-29,1319.26480
2019-12-01,1319.58860
2019-12-02,1319.75140
2019-12-03,1319.91330
2019-12-04,1320.10000
2019-12-05,1320.24760
2019-12-06,1320.40760
2019-12-08,1320.72760
2019-12-09,1320.88760
2019-12-10,1321.04950
2019-12-11,1321.20950
2019-12-12,1321.20000
2019-12-13,1321.68100
2019-12-15,1321.70190
2019-12-16,1321.63050
2019-12-17,1321.80190
2019-12-18,1321.96570
2019-12-19,1322.19140
2019-12-20,1322.58100
2019-12-22,1322.60380
2019-12-23,1322.76760
2019-12-24,1323.18950
2019-12-25,1323.20100
2019-12-26,1323.33140
2019-12-27,1323.49330
2019-12-28,1323.65520
2019-12-29,1323.81710
2019-12-30,1324.00480
2019-12-31,1324.12480
2020-01-01,1324.40950
2020-01-02,1324.69330
2020-01-03,1325.05430
2020-01-05,1325.07710
2020-01-06,1325.23430
2020-01-07,1325.39140
2020-01-08,1325.48480
2020-01-09,1325.67520
2020-01-10,1326.07430
2020-01-11,1326.08570
2020-01-12,1326.09710
2020-01-13,1326.18480
2020-01-14,1326.30670
2020-01-15,1326.53900
2020-01-16,1326.68860
2020-01-17,1327.17330
2020-01-19,1327.19430
2020-01-20,1327.35710
2020-01-21,1327.52480
2020-01-22,1327.68950
2020-01-23,1327.82380
2020-01-24,1328.27520
2020-01-25,1328.26570
2020-01-26,1328.25620
2020-01-27,1328.41620
2020-01-28,1328.56760
2020-01-29,1328.72380
2020-01-30,1328.72950
2020-01-31,1328.88290
2020-02-02,1329.18950
2020-02-03,1329.26480
2020-02-04,1329.42190
2020-02-05,1329.57900
2020-02-06,1329.73620
2020-02-07,1329.89330
2020-02-09,1330.20670
2020-02-10,1330.36380
2020-02-11,1330.52000
2020-02-12,1330.67710
2020-02-13,1330.88860
2020-02-14,1331.37810
2020-02-16,1331.35900
2020-02-17,1331.51240
2020-02-18,1331.66950
2020-02-19,1331.82670
2020-02-20,1331.98380
2020-02-23,1332.45430
2020-02-24,1332.58950
2020-02-25,1332.74760
2020-02-26,1332.90760
2020-02-27,1333.05240
2020-02-28,1333.21330
2020-03-01,1333.53620
2020-03-02,1333.69900
2020-03-03,1333.86000
2020-03-04,1334.02000
2020-03-05,1333.98100
2020-03-06,1334.46380
2020-03-08,1334.44480
2020-03-09,1334.77240
2020-03-10,1334.76290
2020-03-11,1334.92380
2020-03-12,1335.08860
2020-03-13,1335.36570
2020-03-15,1335.57620
2020-03-16,1335.73900
2020-03-17,1335.72950
2020-03-18,1335.72000
2020-03-19,1335.71050
2020-03-20,1335.70100
2020-03-22,1335.68190
2020-03-23,1335.67240
2020-03-24,1335.66290
2020-03-25,1335.65330
2020-03-26,1335.64380
2020-03-27,1335.63430
