Date,NAV
2006-04-01,1023.85670
2006-04-02,1023.85670
2006-04-03,1023.85670
2006-04-04,1023.85670
2006-04-05,1023.85670
2006-04-06,1023.85670
2006-04-07,1023.85670
2006-04-08,1023.85670
2006-04-09,1023.85670
2006-04-10,1023.85670
2006-04-11,1023.85670
2006-04-12,1023.85670
2006-04-13,1023.85670
2006-04-14,1023.85670
2006-04-15,1023.85670
2006-04-16,1023.85670
2006-04-17,1023.85670
2006-04-18,1023.85670
2006-04-19,1023.85670
2006-04-20,1023.85670
2006-04-21,1023.85670
2006-04-22,1023.85670
2006-04-23,1023.85670
2006-04-24,1023.85670
2006-04-25,1023.85670
2006-04-26,1023.85670
2006-04-27,1023.85670
2006-04-28,1023.85670
2006-04-29,1023.85670
2006-04-30,1023.85670
2006-05-01,1023.85670
2006-05-02,1023.85670
2006-05-03,1023.85670
2006-05-04,1023.85670
2006-05-05,1023.85670
2006-05-06,1023.85670
2006-05-07,1023.85670
2006-05-08,1023.85670
2006-05-09,1023.85670
2006-05-10,1023.85670
2006-05-11,1023.85670
2006-05-12,1023.85670
2006-05-13,1023.85670
2006-05-14,1023.85670
2006-05-15,1023.85670
2006-05-16,1023.85670
2006-05-17,1023.85670
2006-05-18,1023.85670
2006-05-19,1023.85670
2006-05-20,1023.85670
2006-05-21,1023.85670
2006-05-22,1023.85670
2006-05-23,1023.85670
2006-05-24,1023.85670
2006-05-25,1023.85670
2006-05-26,1023.85670
2006-05-27,1023.85670
2006-05-28,1023.85670
2006-05-29,1023.85670
2006-05-30,1023.85670
2006-05-31,1023.85670
2006-06-01,1023.85670
2006-06-02,1023.85670
2006-06-03,1023.85670
2006-06-04,1023.85670
2006-06-05,1023.85670
2006-06-06,1023.85670
2006-06-07,1023.85670
2006-06-08,1023.85670
2006-06-09,1023.85670
2006-06-10,1023.85670
2006-06-11,1023.85670
2006-06-12,1023.85670
2006-06-13,1023.85670
2006-06-14,1023.85670
2006-06-15,1023.85670
2006-06-16,1023.85670
2006-06-17,1023.85670
2006-06-18,1023.85670
2006-06-19,1023.85670
2006-06-20,1023.85670
2006-06-21,1023.85670
2006-06-22,1023.85670
2006-06-23,1023.85670
2006-06-24,1023.85670
2006-06-25,1023.85670
2006-06-26,1023.85670
2006-06-27,1023.85670
2006-06-28,1023.85670
2006-06-29,1023.85670
2006-06-30,1023.85670
2006-07-01,1023.85670
2006-07-02,1023.85670
2006-07-03,1023.85670
2006-07-04,1023.85670
2006-07-05,1023.85670
2006-07-06,1023.85670
2006-07-07,1023.85670
2006-07-08,1023.85670
2006-07-09,1023.85670
2006-07-10,1023.85670
2006-07-11,1023.85670
2006-07-12,1023.85670
2006-07-13,1023.85670
2006-07-14,1023.85670
2006-07-15,1023.85670
2006-07-16,1023.85670
2006-07-17,1023.85670
2006-07-18,1023.85670
2006-07-19,1023.85670
2006-07-20,1023.85670
2006-07-21,1023.85670
2006-07-22,1023.85670
2006-07-23,1023.85670
2006-07-24,1023.85670
2006-07-25,1023.85670
2006-07-26,1023.85670
2006-07-27,1023.85670
2006-07-28,1023.85670
2006-07-29,1023.85670
2006-07-30,1023.85670
2006-07-31,1023.85670
2006-08-01,1023.85670
2006-08-02,1023.85670
2006-08-03,1023.85670
2006-08-04,1024.01380
2006-08-05,1024.17070
2006-08-06,1024.32760
2006-08-07,1024.48490
2006-08-08,1024.64180
2006-08-09,1024.79910
2006-08-10,1024.95660
2006-08-11,1025.11260
2006-08-12,1025.26860
2006-08-13,1025.42460
2006-08-14,1025.58060
2006-08-15,1025.73660
2006-08-16,1025.89280
2006-08-17,1026.04930
2006-08-18,1026.20630
2006-08-19,1026.36320
2006-08-20,1026.51940
2006-08-21,1026.67760
2006-08-22,1026.83620
2006-08-23,1026.99450
2006-08-24,1027.15450
2006-08-25,1027.31240
2006-08-26,1027.47020
2006-08-27,1027.62800
2006-08-28,1027.78640
2006-08-29,1027.94800
2006-08-30,1028.10990
2006-08-31,1024.04450
2006-09-01,1024.20870
2006-09-02,1024.37280
2006-09-03,1024.53680
2006-09-04,1024.70190
2006-09-05,1024.86700
2006-09-06,1025.03440
2006-09-07,1025.20260
2006-09-08,1025.37080
2006-09-09,1025.53910
2006-09-10,1025.70730
2006-09-11,1025.87580
2006-09-12,1026.04500
2006-09-13,1026.21490
2006-09-14,1026.38500
2006-09-15,1026.55630
2006-09-16,1026.72790
2006-09-17,1026.89950
2006-09-18,1027.07350
2006-09-19,1027.24370
2006-09-20,1027.41890
2006-09-21,1027.59770
2006-09-22,1027.77680
2006-09-23,1027.95540
2006-09-24,1028.13400
2006-09-25,1028.31370
2006-09-26,1028.49520
2006-09-27,1028.67740
2006-09-28,1024.06580
2006-09-29,1024.25100
2006-09-30,1024.43580
2006-10-01,1024.62060
2006-10-02,1024.80540
2006-10-03,1024.98770
2006-10-04,1025.17120
2006-10-05,1025.35450
2006-10-06,1025.53910
2006-10-07,1025.72360
2006-10-08,1025.90800
2006-10-09,1026.09270
2006-10-10,1026.27700
2006-10-11,1026.46190
2006-10-12,1026.64690
2006-10-13,1026.83200
2006-10-14,1027.01690
2006-10-15,1027.20190
2006-10-16,1027.38570
2006-10-17,1027.57090
2006-10-18,1027.74910
2006-10-19,1027.93460
2006-10-20,1028.12270
2006-10-21,1028.30910
2006-10-22,1028.49540
2006-10-23,1028.68890
2006-10-24,1028.88290
2006-10-25,1029.07700
2006-10-26,1024.09010
2006-10-27,1024.28340
2006-10-28,1024.47610
2006-10-29,1024.66870
2006-10-30,1024.86450
2006-10-31,1025.06720
2006-11-01,1025.26960
2006-11-02,1025.47210
2006-11-03,1025.67460
2006-11-04,1025.87710
2006-11-05,1026.07960
2006-11-06,1026.27020
2006-11-07,1026.46450
2006-11-08,1026.65760
2006-11-09,1026.84810
2006-11-10,1027.04170
2006-11-11,1027.23540
2006-11-12,1027.42920
2006-11-13,1027.62270
2006-11-14,1027.82190
2006-11-15,1028.02160
2006-11-16,1028.22160
2006-11-17,1028.42190
2006-11-18,1028.62220
2006-11-19,1028.82250
2006-11-20,1029.02470
2006-11-21,1029.22390
2006-11-22,1029.42130
2006-11-23,1029.61680
2006-11-24,1029.81210
2006-11-25,1030.00750
2006-11-26,1030.20300
2006-11-27,1030.39320
2006-11-28,1030.58330
2006-11-29,1030.77280
2006-11-30,1024.14750
2006-12-01,1024.34080
2006-12-02,1024.53380
2006-12-03,1024.72680
2006-12-04,1024.91970
2006-12-05,1025.11260
2006-12-06,1025.30660
2006-12-07,1025.50060
2006-12-08,1025.69470
2006-12-09,1025.88880
2006-12-10,1026.08310
2006-12-11,1026.27310
2006-12-12,1026.47010
2006-12-13,1026.66900
2006-12-14,1026.86370
2006-12-15,1027.06260
2006-12-16,1027.26910
2006-12-17,1027.47550
2006-12-18,1027.67810
2006-12-19,1027.85500
2006-12-20,1028.05960
2006-12-21,1028.26510
2006-12-22,1028.47240
2006-12-23,1028.68420
2006-12-24,1028.89600
2006-12-25,1029.10780
2006-12-26,1029.32440
2006-12-27,1029.54760
2006-12-28,1024.16740
2006-12-29,1024.38900
2006-12-30,1024.60840
2006-12-31,1024.82790
2007-01-01,1025.04740
2007-01-02,1025.26240
2007-01-03,1025.47040
2007-01-04,1025.67730
2007-01-05,1025.88600
2007-01-06,1026.09410
2007-01-07,1026.30210
2007-01-08,1026.51120
2007-01-09,1026.72060
2007-01-10,1026.92960
2007-01-11,1027.13850
2007-01-12,1027.34620
2007-01-15,1027.97280
2007-01-16,1028.17960
2007-01-17,1028.38650
2007-01-18,1028.59510
2007-01-19,1028.80380
2007-01-20,1029.01120
2007-01-21,1029.21990
2007-01-22,1029.42920
2007-01-23,1029.63690
2007-01-24,1029.84430
2007-01-25,1024.21080
2007-01-26,1024.41770
2007-01-27,1024.62480
2007-01-28,1024.83190
2007-01-29,1025.03580
2007-01-30,1025.24080
2007-01-31,1025.44640
2007-02-01,1025.65210
2007-02-02,1025.85940
2007-02-03,1026.06770
2007-02-04,1026.27590
2007-02-05,1026.48390
2007-02-06,1026.68530
2007-02-07,1026.88870
2007-02-08,1027.08630
2007-02-09,1027.28710
2007-02-10,1027.48790
2007-02-11,1027.68880
2007-02-12,1027.88720
2007-02-13,1028.08630
2007-02-14,1028.28920
2007-02-15,1028.49730
2007-02-16,1028.70880
2007-02-17,1028.91980
2007-02-18,1029.13090
2007-02-19,1029.34400
2007-02-20,1029.56020
2007-02-21,1029.77560
2007-02-22,1024.30680
2007-02-23,1024.51000
2007-02-24,1024.71330
2007-02-25,1024.91670
2007-02-26,1025.12150
2007-02-27,1025.32440
2007-02-28,1025.53130
2007-03-01,1025.73780
2007-03-02,1025.95000
2007-03-03,1026.16240
2007-03-04,1026.37480
2007-03-05,1026.58240
2007-03-06,1026.79100
2007-03-07,1027.00090
2007-03-08,1027.21160
2007-03-09,1027.43050
2007-03-10,1027.64890
2007-03-11,1027.86730
2007-03-12,1028.08550
2007-03-13,1028.30350
2007-03-14,1028.52140
2007-03-15,1028.74570
2007-03-16,1028.98180
2007-03-17,1029.22250
2007-03-18,1029.46310
2007-03-19,1029.70380
2007-03-20,1029.96620
2007-03-21,1030.29660
2007-03-22,1030.55600
2007-03-23,1030.78900
2007-03-24,1031.03500
2007-03-25,1031.28110
2007-03-26,1031.52620
2007-03-27,1031.77150
2007-03-28,1032.02830
2007-03-29,1024.44240
2007-03-30,1024.76440
2007-03-31,1025.09130
2007-04-01,1025.41840
2007-04-02,1025.74570
2007-04-03,1025.98720
2007-04-04,1026.21650
2007-04-05,1026.44250
2007-04-06,1026.66860
2007-04-07,1026.89470
2007-04-08,1027.12070
2007-04-09,1027.34590
2007-04-10,1027.57030
2007-04-11,1027.79310
2007-04-12,1028.01270
2007-04-13,1028.23990
2007-04-14,1028.46720
2007-04-15,1028.69450
2007-04-16,1028.92250
2007-04-17,1029.15790
2007-04-18,1029.39060
2007-04-19,1029.62150
2007-04-20,1029.85350
2007-04-21,1030.08600
2007-04-22,1030.31850
2007-04-23,1030.54980
2007-04-24,1030.78060
2007-04-25,1031.00800
2007-04-26,1024.46560
2007-04-27,1024.71910
2007-04-28,1024.95760
2007-04-29,1025.19620
2007-04-30,1025.42910
2007-05-01,1025.66170
2007-05-02,1025.89430
2007-05-03,1026.12360
2007-05-04,1026.35070
2007-05-05,1026.57690
2007-05-06,1026.80330
2007-05-07,1027.02620
2007-05-08,1027.24610
2007-05-09,1027.46100
2007-05-10,1027.67740
2007-05-11,1027.89490
2007-05-12,1028.11710
2007-05-13,1028.33940
2007-05-14,1028.56650
2007-05-15,1028.79450
2007-05-16,1029.02180
2007-05-17,1029.24850
2007-05-18,1029.47490
2007-05-19,1029.70160
2007-05-20,1029.92830
2007-05-21,1030.15020
2007-05-22,1030.37120
2007-05-23,1030.59060
2007-05-24,1030.81240
2007-05-25,1031.03390
2007-05-26,1031.25730
2007-05-27,1031.48030
2007-05-28,1031.70090
2007-05-29,1031.91490
2007-05-30,1032.12790
2007-05-31,1024.63490
2007-06-01,1024.83100
2007-06-02,1025.04040
2007-06-03,1025.24930
2007-06-04,1025.45820
2007-06-05,1025.66250
2007-06-06,1025.86720
2007-06-07,1026.07120
2007-06-08,1026.27620
2007-06-09,1026.48540
2007-06-10,1026.69450
2007-06-11,1026.90460
2007-06-12,1027.11740
2007-06-13,1027.30430
2007-06-14,1027.49830
2007-06-15,1027.69760
2007-06-16,1027.89740
2007-06-17,1028.09690
2007-06-18,1028.29820
2007-06-19,1028.49920
2007-06-20,1028.69570
2007-06-21,1028.89100
2007-06-22,1029.08840
2007-06-23,1029.29400
2007-06-24,1029.49920
2007-06-25,1029.71020
2007-06-26,1029.92210
2007-06-27,1030.13730
2007-06-28,1024.66010
2007-06-29,1024.87490
2007-06-30,1025.08600
2007-07-01,1025.29700
2007-07-02,1025.50810
2007-07-03,1025.71760
2007-07-04,1025.92210
2007-07-05,1026.12590
2007-07-06,1026.32940
2007-07-07,1026.53870
2007-07-08,1026.74820
2007-07-09,1026.95420
2007-07-10,1027.15650
2007-07-11,1027.35040
2007-07-12,1027.54890
2007-07-13,1027.74820
2007-07-14,1027.94740
2007-07-15,1028.14680
2007-07-16,1028.34590
2007-07-17,1028.54490
2007-07-18,1028.74420
2007-07-19,1028.94320
2007-07-20,1029.14110
2007-07-21,1029.33980
2007-07-22,1029.53880
2007-07-23,1029.73690
2007-07-24,1029.93480
2007-07-25,1030.13230
2007-07-26,1024.67710
2007-07-27,1024.88680
2007-07-28,1025.11070
2007-07-29,1025.32170
2007-07-30,1025.52840
2007-07-31,1025.73950
2007-08-01,1025.95090
2007-08-02,1026.16210
2007-08-03,1026.37350
2007-08-04,1026.58490
2007-08-05,1026.79630
2007-08-06,1027.00840
2007-08-07,1027.21290
2007-08-08,1027.41620
2007-08-09,1027.61870
2007-08-10,1027.82110
2007-08-11,1028.02380
2007-08-12,1028.22660
2007-08-13,1028.42930
2007-08-14,1028.63500
2007-08-15,1028.84080
2007-08-16,1029.04650
2007-08-17,1029.25190
2007-08-18,1029.46340
2007-08-19,1029.67510
2007-08-20,1029.88680
2007-08-21,1030.08920
2007-08-22,1030.29170
2007-08-23,1030.49470
2007-08-24,1030.69830
2007-08-25,1030.90290
2007-08-26,1031.10740
2007-08-27,1031.31140
2007-08-28,1031.51530
2007-08-29,1031.71890
2007-08-30,1024.67710
2007-08-31,1024.89040
2007-09-01,1025.09590
2007-09-02,1025.30150
2007-09-03,1025.50950
2007-09-04,1025.71180
2007-09-05,1025.91380
2007-09-06,1026.11610
2007-09-07,1026.31880
2007-09-08,1026.52170
2007-09-09,1026.72430
2007-09-10,1026.92300
2007-09-11,1027.12200
2007-09-12,1027.32110
2007-09-13,1027.52990
2007-09-14,1027.74000
2007-09-15,1027.94950
2007-09-16,1028.15890
2007-09-17,1028.36780
2007-09-18,1028.57550
2007-09-19,1028.78400
2007-09-20,1028.99020
2007-09-21,1029.20180
2007-09-22,1029.41600
2007-09-23,1029.63020
2007-09-24,1029.84150
2007-09-25,1030.04800
2007-09-26,1030.25450
2007-09-27,1024.67710
2007-09-28,1024.88960
2007-09-29,1025.10680
2007-09-30,1025.32390
2007-10-01,1025.53560
2007-10-02,1025.74630
2007-10-03,1025.95520
2007-10-04,1026.16450
2007-10-05,1026.37040
2007-10-06,1026.57670
2007-10-07,1026.78290
2007-10-08,1026.99210
2007-10-09,1027.20100
2007-10-10,1027.41020
2007-10-11,1027.62330
2007-10-12,1027.83870
2007-10-13,1028.05480
2007-10-14,1028.27050
2007-10-15,1028.48450
2007-10-16,1028.69900
2007-10-17,1028.91450
2007-10-18,1029.12900
2007-10-19,1029.34450
2007-10-20,1029.55930
2007-10-21,1029.77420
2007-10-22,1029.98900
2007-10-23,1030.20390
2007-10-24,1030.41840
2007-10-25,1024.67710
2007-10-26,1024.89110
2007-10-27,1025.10520
2007-10-28,1025.31920
2007-10-29,1025.53310
2007-10-30,1025.75000
2007-10-31,1025.96700
2007-11-01,1026.18540
2007-11-02,1026.40200
2007-11-03,1026.61890
2007-11-04,1026.83580
2007-11-05,1027.05360
2007-11-06,1027.27640
2007-11-07,1027.49930
2007-11-08,1027.72240
2007-11-09,1027.94520
2007-11-10,1028.16800
2007-11-11,1028.39090
2007-11-12,1028.61340
2007-11-13,1028.83890
2007-11-14,1029.06350
2007-11-15,1029.28810
2007-11-16,1029.51270
2007-11-17,1029.73730
2007-11-18,1029.96190
2007-11-19,1030.18740
2007-11-20,1030.41140
2007-11-21,1030.63420
2007-11-22,1030.85200
2007-11-23,1031.06660
2007-11-24,1031.28140
2007-11-25,1031.49620
2007-11-26,1031.71490
2007-11-27,1031.93390
2007-11-28,1032.15290
2007-11-29,1024.67710
2007-11-30,1024.89360
2007-12-01,1025.11080
2007-12-02,1025.32800
2007-12-03,1025.54290
2007-12-04,1025.75780
2007-12-05,1025.97000
2007-12-06,1026.17840
2007-12-07,1026.38070
2007-12-08,1026.58880
2007-12-09,1026.79720
2007-12-10,1027.00880
2007-12-11,1027.22100
2007-12-12,1027.43620
2007-12-13,1027.65310
2007-12-14,1027.87010
2007-12-15,1028.08700
2007-12-16,1028.30360
2007-12-17,1028.51940
2007-12-18,1028.73370
2007-12-19,1028.94770
2007-12-20,1029.16670
2007-12-21,1029.38570
2007-12-22,1029.60170
2007-12-23,1029.81750
2007-12-24,1030.03530
2007-12-25,1030.25250
2007-12-26,1030.47060
2007-12-27,1024.67710
2007-12-28,1024.89800
2007-12-29,1025.11610
2007-12-30,1025.33410
2007-12-31,1025.55020
2008-01-01,1025.76530
2008-01-02,1025.97960
2008-01-03,1026.19240
2008-01-04,1026.40780
2008-01-05,1026.62410
2008-01-06,1026.84040
2008-01-07,1027.05180
2008-01-08,1027.26280
2008-01-09,1027.47420
2008-01-10,1027.68580
2008-01-11,1027.89740
2008-01-12,1028.10940
2008-01-13,1028.32100
2008-01-14,1028.53230
2008-01-15,1028.74400
2008-01-16,1028.95560
2008-01-17,1029.16610
2008-01-18,1029.37650
2008-01-19,1029.58700
2008-01-20,1029.79740
2008-01-21,1030.02020
2008-01-22,1030.24210
2008-01-23,1030.46540
2008-01-24,1030.68880
2008-01-25,1030.91180
2008-01-26,1031.13540
2008-01-27,1031.35880
2008-01-28,1031.58150
2008-01-29,1031.83150
2008-01-30,1032.07300
2008-01-31,1024.67710
2008-02-01,1024.90010
2008-02-02,1025.13010
2008-02-03,1025.36020
2008-02-04,1025.58840
2008-02-05,1025.82160
2008-02-06,1026.05310
2008-02-07,1026.27440
2008-02-08,1026.49540
2008-02-09,1026.71640
2008-02-10,1026.93730
2008-02-11,1027.15720
2008-02-12,1027.37790
2008-02-13,1027.59800
2008-02-14,1027.81170
2008-02-15,1028.02600
2008-02-16,1028.24080
2008-02-17,1028.45570
2008-02-18,1028.67090
2008-02-19,1028.88660
2008-02-20,1029.10090
2008-02-21,1029.31610
2008-02-22,1029.53040
2008-02-23,1029.74610
2008-02-24,1029.96190
2008-02-25,1030.17700
2008-02-26,1030.39100
2008-02-27,1030.60910
2008-02-28,1030.82130
2008-02-29,1031.02780
2008-03-01,1024.67710
2008-03-02,1024.87020
2008-03-03,1025.07910
2008-03-04,1025.29330
2008-03-05,1025.51500
2008-03-06,1025.72630
2008-03-07,1025.93700
2008-03-08,1026.14800
2008-03-09,1026.35900
2008-03-10,1026.56680
2008-03-11,1026.76960
2008-03-12,1026.98530
2008-03-13,1027.20290
2008-03-14,1027.42200
2008-03-15,1027.61560
2008-03-16,1027.83270
2008-03-17,1028.05010
2008-03-18,1028.26740
2008-03-19,1028.49000
2008-03-20,1028.71230
2008-03-21,1028.93460
2008-03-22,1029.15690
2008-03-23,1029.37920
2008-03-24,1029.60240
2008-03-25,1029.83280
2008-03-26,1030.06610
2008-03-27,1030.29940
2008-03-28,1030.53530
2008-03-29,1024.67710
2008-03-30,1024.92190
2008-03-31,1025.15940
2008-04-01,1025.39720
2008-04-02,1025.63270
2008-04-03,1025.86270
2008-04-04,1026.09250
2008-04-05,1026.32190
2008-04-06,1026.55130
2008-04-07,1026.77990
2008-04-08,1027.00820
2008-04-09,1027.23590
2008-04-10,1027.46300
2008-04-11,1027.69180
2008-04-12,1027.92270
2008-04-13,1028.15330
2008-04-14,1028.38390
2008-04-15,1028.61270
2008-04-16,1028.84160
2008-04-17,1029.07100
2008-04-18,1029.30050
2008-04-19,1029.53100
2008-04-20,1029.76160
2008-04-21,1029.99130
2008-04-22,1030.22290
2008-04-23,1030.45520
2008-04-24,1030.68720
2008-04-25,1030.93920
2008-04-26,1024.67710
2008-04-27,1024.92790
2008-04-28,1025.15650
2008-04-29,1025.33190
2008-04-30,1025.50820
2008-05-01,1025.68440
2008-05-02,1025.85780
2008-05-03,1026.03150
2008-05-04,1026.20520
2008-05-05,1026.37720
2008-05-06,1026.54030
2008-05-07,1026.76220
2008-05-08,1026.98420
2008-05-09,1027.20390
2008-05-10,1027.42690
2008-05-11,1027.64990
2008-05-12,1027.87120
2008-05-13,1028.09250
2008-05-14,1028.31400
2008-05-15,1028.53840
2008-05-16,1028.76640
2008-05-17,1028.99060
2008-05-18,1029.21490
2008-05-19,1029.43560
2008-05-20,1029.65400
2008-05-21,1029.87420
2008-05-22,1030.09240
2008-05-23,1030.31020
2008-05-24,1030.53250
2008-05-25,1030.75490
2008-05-26,1030.97770
2008-05-27,1031.20050
2008-05-28,1031.42510
2008-05-29,1031.65150
2008-05-30,1031.87790
2008-05-31,1024.67710
2008-06-01,1024.90250
2008-06-02,1025.12430
2008-06-03,1025.33980
2008-06-04,1025.55510
2008-06-05,1025.77090
2008-06-06,1025.98720
2008-06-07,1026.20690
2008-06-08,1026.42660
2008-06-09,1026.64710
2008-06-10,1026.87100
2008-06-11,1027.09420
2008-06-12,1027.31880
2008-06-13,1027.54300
2008-06-14,1027.76770
2008-06-15,1027.99240
2008-06-16,1028.21710
2008-06-17,1028.44360
2008-06-18,1028.66990
2008-06-19,1028.89630
2008-06-20,1029.12080
2008-06-21,1029.34740
2008-06-22,1029.57400
2008-06-23,1029.80150
2008-06-24,1030.03000
2008-06-25,1030.26600
2008-06-26,1030.50260
2008-06-27,1030.74370
2008-06-28,1024.67710
2008-06-29,1024.91640
2008-06-30,1025.15590
2008-07-01,1025.39540
2008-07-02,1025.63450
2008-07-03,1025.87320
2008-07-04,1026.11230
2008-07-05,1026.35140
2008-07-06,1026.59060
2008-07-07,1026.82950
2008-07-08,1027.07020
2008-07-09,1027.30890
2008-07-10,1027.54760
2008-07-11,1027.77800
2008-07-12,1028.00810
2008-07-13,1028.23830
2008-07-14,1028.46860
2008-07-15,1028.69870
2008-07-16,1028.92880
2008-07-17,1029.15890
2008-07-18,1029.38890
2008-07-19,1029.62040
2008-07-20,1029.85190
2008-07-21,1030.08580
2008-07-22,1030.31980
2008-07-23,1030.55420
2008-07-24,1030.78780
2008-07-25,1031.02020
2008-07-26,1024.67710
2008-07-27,1024.90800
2008-07-28,1025.13750
2008-07-29,1025.36580
2008-07-30,1025.59610
2008-07-31,1025.82310
2008-08-01,1026.04250
2008-08-02,1026.26950
2008-08-03,1026.49650
2008-08-04,1026.72650
2008-08-05,1026.95640
2008-08-06,1027.18600
2008-08-07,1027.41990
2008-08-08,1027.65420
2008-08-09,1027.88850
2008-08-10,1028.12280
2008-08-11,1028.35700
2008-08-12,1028.59140
2008-08-13,1028.82590
2008-08-14,1029.06030
2008-08-15,1029.29480
2008-08-16,1029.52930
2008-08-17,1029.76390
2008-08-18,1029.99860
2008-08-19,1030.23330
2008-08-20,1030.46820
2008-08-21,1030.70320
2008-08-22,1030.93800
2008-08-23,1031.17260
2008-08-24,1031.40710
2008-08-25,1031.64210
2008-08-26,1031.87600
2008-08-27,1032.10980
2008-08-28,1032.34250
2008-08-29,1032.57030
2008-08-30,1024.67710
2008-08-31,1024.90980
2008-09-01,1025.14360
2008-09-02,1025.37670
2008-09-03,1025.60970
2008-09-04,1025.84260
2008-09-05,1026.07560
2008-09-06,1026.30880
2008-09-07,1026.54210
2008-09-08,1026.77370
2008-09-09,1026.99600
2008-09-10,1027.22810
2008-09-11,1027.46170
2008-09-12,1027.67980
2008-09-13,1027.91740
2008-09-14,1028.15510
2008-09-15,1028.39800
2008-09-16,1028.64920
2008-09-17,1028.89060
2008-09-18,1029.13530
2008-09-19,1029.38470
2008-09-20,1029.63120
2008-09-21,1029.87780
2008-09-22,1030.12990
2008-09-23,1030.38400
2008-09-24,1030.63730
2008-09-25,1030.89730
2008-09-26,1031.16310
2008-09-27,1024.67710
2008-09-28,1024.94120
2008-09-29,1025.21480
2008-09-30,1025.48840
2008-10-01,1025.77180
2008-10-02,1026.05530
2008-10-03,1026.34230
2008-10-04,1026.62400
2008-10-05,1026.90570
2008-10-06,1027.18140
2008-10-07,1027.45520
2008-10-08,1027.73270
2008-10-09,1028.01020
2008-10-10,1028.31740
2008-10-11,1028.60490
2008-10-12,1028.89250
2008-10-13,1029.16240
2008-10-14,1029.43500
2008-10-15,1029.71480
2008-10-16,1029.99040
2008-10-17,1030.26600
2008-10-18,1030.54080
2008-10-19,1030.81560
2008-10-20,1031.09080
2008-10-21,1031.36610
2008-10-22,1031.64060
2008-10-23,1031.93650
2008-10-24,1032.22610
2008-10-25,1024.67710
2008-10-26,1024.96490
2008-10-27,1025.25110
2008-10-28,1025.53720
2008-10-29,1025.82340
2008-10-30,1026.10960
2008-10-31,1026.39600
2008-11-01,1026.68250
2008-11-02,1026.96890
2008-11-03,1027.25460
2008-11-04,1027.54070
2008-11-05,1027.82610
2008-11-06,1028.10560
2008-11-07,1028.37570
2008-11-08,1028.64570
2008-11-09,1028.91580
2008-11-10,1029.18610
2008-11-11,1029.45840
2008-11-12,1029.73060
2008-11-13,1030.00280
2008-11-14,1030.27470
2008-11-15,1030.54680
2008-11-16,1030.81880
2008-11-17,1031.09060
2008-11-18,1031.35950
2008-11-19,1031.62830
2008-11-20,1031.89640
2008-11-21,1032.16480
2008-11-22,1032.43320
2008-11-23,1032.70160
2008-11-24,1032.97010
2008-11-25,1033.23840
2008-11-26,1033.50680
2008-11-27,1033.77520
2008-11-28,1034.04380
2008-11-29,1024.67710
2008-11-30,1024.94250
2008-12-01,1025.20640
2008-12-02,1025.47000
2008-12-03,1025.73540
2008-12-04,1025.99920
2008-12-05,1026.26290
2008-12-06,1026.52660
2008-12-07,1026.79020
2008-12-08,1027.05180
2008-12-09,1027.31330
2008-12-10,1027.56650
2008-12-11,1027.82110
2008-12-12,1028.07700
2008-12-13,1028.33330
2008-12-14,1028.58970
2008-12-15,1028.84950
2008-12-16,1029.10980
2008-12-17,1029.37030
2008-12-18,1029.63070
2008-12-19,1029.89340
2008-12-20,1030.15610
2008-12-21,1030.41890
2008-12-22,1030.67980
2008-12-23,1030.94150
2008-12-24,1031.19860
2008-12-25,1031.45570
2008-12-26,1031.71130
2008-12-27,1024.67710
2008-12-28,1024.93080
2008-12-29,1025.19960
2008-12-30,1025.46330
2008-12-31,1025.72690
2009-01-01,1025.99050
2009-01-02,1026.25410
2009-01-03,1026.51770
2009-01-04,1026.78120
2009-01-05,1027.02290
2009-01-06,1027.26850
2009-01-07,1027.51400
2009-01-08,1027.75960
2009-01-09,1028.00610
2009-01-10,1028.25270
2009-01-11,1028.49930
2009-01-12,1028.74660
2009-01-13,1028.99490
2009-01-14,1029.25060
2009-01-15,1029.50620
2009-01-16,1029.76350
2009-01-17,1030.01340
2009-01-18,1030.26340
2009-01-19,1030.51710
2009-01-20,1030.77100
2009-01-21,1031.02390
2009-01-22,1031.50720
2009-01-23,1031.87400
2009-01-24,1032.13380
2009-01-25,1032.39360
2009-01-26,1032.65330
2009-01-27,1032.91180
2009-01-28,1033.16340
2009-01-29,1033.40650
2009-01-30,1033.63500
2009-01-31,1024.67710
2009-02-01,1024.90310
2009-02-02,1025.12990
2009-02-03,1025.35660
2009-02-04,1025.58030
2009-02-05,1025.80360
2009-02-06,1026.02680
2009-02-07,1026.25000
2009-02-08,1026.47320
2009-02-09,1026.69650
2009-02-10,1026.92000
2009-02-11,1027.14360
2009-02-12,1027.36740
2009-02-13,1027.60660
2009-02-14,1027.84580
2009-02-15,1028.08490
2009-02-16,1028.32360
2009-02-17,1028.54090
2009-02-18,1028.78670
2009-02-19,1029.03260
2009-02-20,1029.27850
2009-02-21,1029.52440
2009-02-22,1029.77040
2009-02-23,1030.01640
2009-02-24,1030.26220
2009-02-25,1030.50790
2009-02-26,1030.75290
2009-02-27,1030.99760
2009-02-28,1024.67710
2009-03-01,1024.91970
2009-03-02,1025.16310
2009-03-03,1025.40700
2009-03-04,1025.65080
2009-03-05,1025.88270
2009-03-06,1026.11440
2009-03-07,1026.34610
2009-03-08,1026.57770
2009-03-09,1026.84710
2009-03-10,1027.08290
2009-03-11,1027.31880
2009-03-12,1027.55270
2009-03-13,1027.78900
2009-03-14,1028.02700
2009-03-15,1028.26490
2009-03-16,1028.50500
2009-03-17,1028.73720
2009-03-18,1028.96950
2009-03-19,1029.20140
2009-03-20,1029.43310
2009-03-21,1029.66180
2009-03-22,1029.89050
2009-03-23,1030.12250
2009-03-24,1030.35150
2009-03-25,1030.57650
2009-03-26,1030.80340
2009-03-27,1024.67710
2009-03-28,1024.90370
2009-03-29,1025.12940
2009-03-30,1025.33830
2009-03-31,1025.54510
2009-04-01,1025.75190
2009-04-02,1025.96230
2009-04-03,1026.17260
2009-04-04,1026.37920
2009-04-05,1026.58580
2009-04-06,1026.79560
2009-04-07,1026.99970
2009-04-08,1027.20450
2009-04-09,1027.40760
2009-04-10,1027.61070
2009-04-11,1027.81380
2009-04-12,1028.01690
2009-04-13,1028.21940
2009-04-14,1028.42180
2009-04-15,1028.62510
2009-04-16,1028.83090
2009-04-17,1029.03780
2009-04-18,1029.24440
2009-04-19,1029.45090
2009-04-20,1029.65740
2009-04-21,1029.86330
2009-04-22,1030.06280
2009-04-23,1030.26070
2009-04-24,1030.46170
2009-04-25,1024.67710
2009-04-26,1024.87690
2009-04-27,1025.07680
2009-04-28,1025.27430
2009-04-29,1025.47180
2009-04-30,1025.66920
2009-05-01,1025.86670
2009-05-02,1026.06420
2009-05-03,1026.26160
2009-05-04,1026.45900
2009-05-05,1026.65660
2009-05-06,1026.85470
2009-05-07,1027.05470
2009-05-08,1027.25520
2009-05-09,1027.45560
2009-05-10,1027.65610
2009-05-11,1027.85650
2009-05-12,1028.05730
2009-05-13,1028.25650
2009-05-14,1028.45540
2009-05-15,1028.65410
2009-05-16,1028.85280
2009-05-17,1029.05150
2009-05-18,1029.25060
2009-05-19,1029.44970
2009-05-20,1029.64310
2009-05-21,1029.84380
2009-05-22,1030.04450
2009-05-23,1030.24520
2009-05-24,1030.44590
2009-05-25,1030.64670
2009-05-26,1030.84750
2009-05-27,1031.04630
2009-05-28,1031.24530
2009-05-29,1031.44440
2009-05-30,1024.67710
2009-05-31,1024.87510
2009-06-01,1025.06740
2009-06-02,1025.25980
2009-06-03,1025.45210
2009-06-04,1025.64430
2009-06-05,1025.83610
2009-06-06,1026.02800
2009-06-07,1026.21990
2009-06-08,1026.41220
2009-06-09,1026.60000
2009-06-10,1026.78550
2009-06-11,1026.97300
2009-06-12,1027.15890
2009-06-13,1027.34470
2009-06-14,1027.53060
2009-06-15,1027.70710
2009-06-16,1027.86360
2009-06-17,1028.03410
2009-06-18,1028.19190
2009-06-19,1028.36350
2009-06-20,1028.53520
2009-06-21,1028.70700
2009-06-22,1028.87910
2009-06-23,1029.05130
2009-06-24,1029.22340
2009-06-25,1029.42420
2009-06-26,1029.62550
2009-06-27,1024.67710
2009-06-28,1024.87530
2009-06-29,1025.07440
2009-06-30,1025.28430
2009-07-01,1025.49420
2009-07-02,1025.70410
2009-07-03,1025.91390
2009-07-04,1026.12370
2009-07-05,1026.33350
2009-07-06,1026.54310
2009-07-07,1026.71590
2009-07-08,1026.89130
2009-07-09,1027.06840
2009-07-10,1027.24550
2009-07-11,1027.42260
2009-07-12,1027.59970
2009-07-13,1027.77670
2009-07-14,1027.95380
2009-07-15,1028.13090
2009-07-16,1028.30820
2009-07-17,1028.48540
2009-07-18,1028.66270
2009-07-19,1028.84000
2009-07-20,1029.01730
2009-07-21,1029.19450
2009-07-22,1029.37170
2009-07-23,1029.54900
2009-07-24,1029.72630
2009-07-25,1024.67710
2009-07-26,1024.85430
2009-07-27,1025.03260
2009-07-28,1025.21170
2009-07-29,1025.39080
2009-07-30,1025.56920
2009-07-31,1025.74770
2009-08-01,1025.92630
2009-08-02,1026.10490
2009-08-03,1026.27080
2009-08-04,1026.43200
2009-08-05,1026.59310
2009-08-06,1026.74710
2009-08-07,1026.90670
2009-08-08,1027.06670
2009-08-09,1027.22670
2009-08-10,1027.38800
2009-08-11,1027.54910
2009-08-12,1027.70800
2009-08-13,1027.86690
2009-08-14,1028.02390
2009-08-15,1028.18090
2009-08-16,1028.33800
2009-08-17,1028.49740
2009-08-18,1028.65670
2009-08-19,1028.81600
2009-08-20,1028.97550
2009-08-21,1029.13500
2009-08-22,1029.29460
2009-08-23,1029.45420
2009-08-24,1029.61360
2009-08-25,1029.77370
2009-08-26,1029.93370
2009-08-27,1030.09280
2009-08-28,1030.24980
2009-08-29,1024.67710
2009-08-30,1024.83340
2009-08-31,1024.99420
2009-09-01,1025.15450
2009-09-02,1025.31430
2009-09-03,1025.46230
2009-09-04,1025.60770
2009-09-05,1025.76560
2009-09-06,1025.91390
2009-09-07,1026.06190
2009-09-08,1026.20980
2009-09-09,1026.35620
2009-09-10,1026.50390
2009-09-11,1026.64840
2009-09-12,1026.79290
2009-09-13,1026.93740
2009-09-14,1027.08260
2009-09-15,1027.22730
2009-09-16,1027.37210
2009-09-17,1027.50600
2009-09-18,1027.63960
2009-09-19,1027.78110
2009-09-20,1027.92250
2009-09-21,1028.05590
2009-09-22,1028.15890
2009-09-23,1028.26200
2009-09-24,1028.37460
2009-09-25,1028.48630
2009-09-26,1024.67710
2009-09-27,1024.78510
2009-09-28,1024.89730
2009-09-29,1025.01260
2009-09-30,1025.12800
2009-10-01,1025.23440
2009-10-02,1025.34080
2009-10-03,1025.44660
2009-10-04,1025.55250
2009-10-05,1025.65770
2009-10-06,1025.76050
2009-10-07,1025.86250
2009-10-08,1025.96250
2009-10-09,1026.06010
2009-10-10,1026.15860
2009-10-11,1026.25710
2009-10-12,1026.36270
2009-10-13,1026.46840
2009-10-14,1026.57460
2009-10-15,1026.68080
2009-10-16,1026.77240
2009-10-17,1026.95560
2009-10-19,1027.04730
2009-10-20,1027.13580
2009-10-21,1027.23680
2009-10-22,1027.35720
2009-10-23,1027.47720
2009-10-24,1027.59450
2009-10-25,1027.71190
2009-10-26,1027.83240
2009-10-27,1027.95190
2009-10-28,1028.07100
2009-10-29,1028.20320
2009-10-30,1028.33540
2009-10-31,1024.67710
2009-11-01,1024.80150
2009-11-02,1024.93320
2009-11-03,1025.06480
2009-11-04,1025.19690
2009-11-05,1025.32890
2009-11-06,1025.45940
2009-11-07,1025.59010
2009-11-08,1025.72080
2009-11-09,1025.85160
2009-11-10,1025.98260
2009-11-11,1026.11360
2009-11-12,1026.24460
2009-11-13,1026.37700
2009-11-14,1026.50940
2009-11-15,1026.64170
2009-11-16,1026.77400
2009-11-17,1026.90570
2009-11-18,1027.03770
2009-11-19,1027.16980
2009-11-20,1027.30190
2009-11-21,1027.43390
2009-11-22,1027.56600
2009-11-23,1027.69810
2009-11-24,1027.82980
2009-11-25,1027.96160
2009-11-26,1028.09400
2009-11-27,1028.22630
2009-11-28,1024.67710
2009-11-29,1024.81350
2009-11-30,1024.94370
2009-12-01,1025.07410
2009-12-02,1025.20440
2009-12-03,1025.33480
2009-12-04,1025.46540
2009-12-05,1025.59590
2009-12-06,1025.72640
2009-12-07,1025.85690
2009-12-08,1025.98760
2009-12-09,1026.12130
2009-12-10,1026.25500
2009-12-11,1026.38880
2009-12-12,1026.52270
2009-12-13,1026.65660
2009-12-14,1026.79040
2009-12-15,1026.92540
2009-12-16,1027.06050
2009-12-17,1027.19530
2009-12-18,1027.37170
2009-12-19,1027.50660
2009-12-20,1027.64150
2009-12-21,1027.76480
2009-12-22,1027.88800
2009-12-23,1028.00340
2009-12-24,1028.12380
2009-12-25,1024.67710
2009-12-26,1024.80850
2009-12-27,1024.92820
2009-12-28,1025.04800
2009-12-29,1025.16500
2009-12-30,1025.28490
2009-12-31,1025.41120
2010-01-01,1025.53600
2010-01-02,1025.66090
2010-01-03,1025.78580
2010-01-04,1025.90480
2010-01-05,1026.02830
2010-01-06,1026.15420
2010-01-07,1026.28170
2010-01-08,1026.40840
2010-01-09,1026.52440
2010-01-10,1026.64030
2010-01-11,1026.76720
2010-01-12,1026.89350
2010-01-13,1027.01980
2010-01-14,1027.14620
2010-01-15,1027.26200
2010-01-16,1027.37800
2010-01-17,1027.49400
2010-01-18,1027.61040
2010-01-19,1027.72940
2010-01-20,1027.85040
2010-01-21,1027.97180
2010-01-22,1028.09320
2010-01-23,1028.21470
2010-01-24,1028.33610
2010-01-25,1028.45760
2010-01-26,1028.57920
2010-01-27,1028.70090
2010-01-28,1028.81250
2010-01-29,1028.91940
2010-01-30,1024.67710
2010-01-31,1024.78600
2010-02-01,1024.89410
2010-02-02,1025.00270
2010-02-03,1025.11290
2010-02-04,1025.19180
2010-02-05,1025.31080
2010-02-06,1025.42980
2010-02-07,1025.54880
2010-02-08,1025.66820
2010-02-09,1025.78460
2010-02-10,1025.90070
2010-02-11,1026.01390
2010-02-12,1026.12710
2010-02-13,1026.24090
2010-02-14,1026.35470
2010-02-15,1026.47070
2010-02-16,1026.58670
2010-02-17,1026.70210
2010-02-18,1026.81760
2010-02-19,1026.93130
2010-02-20,1027.04490
2010-02-21,1027.15840
2010-02-22,1027.27240
2010-02-23,1027.38520
2010-02-24,1027.49790
2010-02-25,1027.59340
2010-02-26,1027.68820
2010-02-27,1024.67720
2010-02-28,1024.76790
2010-03-01,1024.86250
2010-03-02,1024.95940
2010-03-03,1025.07030
2010-03-04,1025.17570
2010-03-05,1025.28230
2010-03-06,1025.38930
2010-03-07,1025.49620
2010-03-08,1025.60330
2010-03-09,1025.71120
2010-03-10,1025.82350
2010-03-11,1025.93830
2010-03-12,1026.05330
2010-03-13,1026.16830
2010-03-14,1026.28340
2010-03-15,1026.40300
2010-03-16,1026.52270
2010-03-17,1026.64250
2010-03-18,1026.75900
2010-03-19,1026.88000
2010-03-20,1027.00120
2010-03-21,1027.12230
2010-03-22,1027.24460
2010-03-23,1027.37170
2010-03-24,1027.49880
2010-03-25,1027.62890
2010-03-26,1027.76130
2010-03-27,1024.67720
2010-03-28,1024.80750
2010-03-29,1024.94420
2010-03-30,1025.08150
2010-03-31,1025.21990
2010-04-01,1025.35820
2010-04-02,1025.49660
2010-04-03,1025.62920
2010-04-04,1025.76180
2010-04-05,1025.89150
2010-04-06,1026.02030
2010-04-07,1026.14790
2010-04-08,1026.27610
2010-04-09,1026.42330
2010-04-10,1026.57050
2010-04-11,1026.71770
2010-04-12,1026.86530
2010-04-13,1027.01310
2010-04-14,1027.16080
2010-04-15,1027.27690
2010-04-16,1027.39260
2010-04-17,1027.50860
2010-04-18,1027.62460
2010-04-19,1027.77130
2010-04-20,1027.91840
2010-04-21,1028.06130
2010-04-22,1028.20490
2010-04-23,1028.35240
2010-04-24,1024.67710
2010-04-25,1024.81340
2010-04-26,1024.92950
2010-04-27,1025.04620
2010-04-28,1025.16310
2010-04-29,1025.30460
2010-04-30,1025.44590
2010-05-01,1025.58730
2010-05-02,1025.72870
2010-05-03,1025.87270
2010-05-04,1026.01670
2010-05-05,1026.16250
2010-05-06,1026.30820
2010-05-07,1026.42650
2010-05-08,1026.54500
2010-05-09,1026.66350
2010-05-10,1026.79710
2010-05-11,1026.93120
2010-05-12,1027.06970
2010-05-13,1027.20410
2010-05-14,1027.33850
2010-05-15,1027.47300
2010-05-16,1027.60740
2010-05-17,1027.74180
2010-05-18,1027.87630
2010-05-19,1028.00930
2010-05-20,1028.14050
2010-05-21,1028.27040
2010-05-22,1028.40040
2010-05-23,1028.53030
2010-05-24,1028.66560
2010-05-25,1028.81070
2010-05-26,1028.95460
2010-05-27,1029.09850
2010-05-28,1029.24230
2010-05-29,1024.67710
2010-05-30,1024.82540
2010-05-31,1024.97260
2010-06-01,1025.12630
2010-06-02,1025.27830
2010-06-03,1025.43010
2010-06-04,1025.57980
2010-06-05,1025.72930
2010-06-06,1025.87900
2010-06-07,1026.02950
2010-06-08,1026.17900
2010-06-09,1026.32650
2010-06-10,1026.47430
2010-06-11,1026.62180
2010-06-12,1026.76940
2010-06-13,1026.91700
2010-06-14,1027.06780
2010-06-15,1027.21810
2010-06-16,1027.36850
2010-06-17,1027.51650
2010-06-18,1027.65950
2010-06-19,1027.82050
2010-06-20,1027.98150
2010-06-21,1028.12730
2010-06-22,1028.29040
2010-06-23,1028.46120
2010-06-24,1028.63220
2010-06-25,1028.78400
2010-06-26,1024.67700
2010-06-27,1024.83460
2010-06-28,1024.98340
2010-06-29,1025.13500
2010-06-30,1025.29420
2010-07-01,1025.45340
2010-07-02,1025.61200
2010-07-03,1025.77080
2010-07-04,1025.92960
2010-07-05,1026.08840
2010-07-06,1026.24760
2010-07-07,1026.40660
2010-07-08,1026.56560
2010-07-09,1026.72460
2010-07-10,1026.88360
2010-07-11,1027.04270
2010-07-12,1027.20180
2010-07-13,1027.36080
2010-07-14,1027.51980
2010-07-15,1027.67910
2010-07-16,1027.83810
2010-07-17,1027.99720
2010-07-18,1028.15640
2010-07-19,1028.31560
2010-07-20,1028.47490
2010-07-21,1028.63410
2010-07-22,1028.79320
2010-07-23,1028.95230
2010-07-24,1029.11140
2010-07-25,1029.27040
2010-07-26,1029.42940
2010-07-27,1029.58820
2010-07-28,1029.74650
2010-07-29,1029.90400
2010-07-30,1030.06100
2010-07-31,1024.67720
2010-08-01,1024.83380
2010-08-02,1024.99190
2010-08-03,1025.14970
2010-08-04,1025.30650
2010-08-05,1025.46250
2010-08-06,1025.61830
2010-08-07,1025.77460
2010-08-08,1025.93080
2010-08-09,1026.08770
2010-08-10,1026.24510
2010-08-11,1026.40290
2010-08-12,1026.56060
2010-08-13,1026.71780
2010-08-14,1026.87500
2010-08-15,1027.03220
2010-08-16,1027.19000
2010-08-17,1027.34770
2010-08-18,1027.50530
2010-08-19,1027.66300
2010-08-20,1027.82070
2010-08-21,1027.97810
2010-08-22,1028.13560
2010-08-23,1028.29290
2010-08-24,1028.44910
2010-08-25,1028.60470
2010-08-26,1028.76040
2010-08-27,1028.91580
2010-08-28,1024.67710
2010-08-29,1024.83750
2010-08-30,1024.99320
2010-08-31,1025.14900
2010-09-01,1025.30210
2010-09-02,1025.45200
2010-09-03,1025.60200
2010-09-04,1025.75220
2010-09-05,1025.90240
2010-09-06,1026.05240
2010-09-07,1026.21040
2010-09-08,1026.36500
2010-09-09,1026.53520
2010-09-10,1026.69060
2010-09-11,1026.84590
2010-09-12,1027.00130
2010-09-13,1027.16130
2010-09-14,1027.32280
2010-09-15,1027.48940
2010-09-16,1027.66020
2010-09-17,1027.83720
2010-09-18,1028.01420
2010-09-19,1028.19120
2010-09-20,1028.37040
2010-09-21,1028.54960
2010-09-22,1028.72900
2010-09-23,1028.91150
2010-09-24,1029.09990
2010-09-25,1024.67710
2010-09-26,1024.87510
2010-09-27,1025.06300
2010-09-28,1025.25480
2010-09-29,1025.44950
2010-09-30,1025.64430
2010-10-01,1025.83630
2010-10-02,1026.02820
2010-10-03,1026.22010
2010-10-04,1026.41230
2010-10-05,1026.60480
2010-10-06,1026.79720
2010-10-07,1026.98960
2010-10-08,1027.17780
2010-10-09,1027.36610
2010-10-10,1027.55430
2010-10-11,1027.74400
2010-10-12,1027.95840
2010-10-13,1028.14810
2010-10-14,1028.33290
2010-10-15,1028.52140
2010-10-16,1028.71100
2010-10-17,1028.90060
2010-10-18,1029.09360
2010-10-19,1029.28570
2010-10-20,1029.47780
2010-10-21,1029.66740
2010-10-22,1029.77660
2010-10-23,1029.96830
2010-10-24,1030.16010
2010-10-25,1030.26340
2010-10-26,1030.34860
2010-10-27,1030.39230
2010-10-28,1030.58470
2010-10-29,1030.78250
2010-10-30,1024.67720
2010-10-31,1024.87560
2010-11-01,1024.91170
2010-11-02,1024.95240
2010-11-03,1025.00990
2010-11-04,1025.19690
2010-11-05,1025.38390
2010-11-06,1025.57100
2010-11-07,1025.75800
2010-11-08,1025.95820
2010-11-09,1026.15810
2010-11-10,1026.35800
2010-11-11,1026.55790
2010-11-12,1026.75780
2010-11-13,1026.95770
2010-11-14,1027.15770
2010-11-15,1027.35800
2010-11-16,1027.55820
2010-11-17,1027.75850
2010-11-18,1027.95870
2010-11-19,1028.15900
2010-11-20,1028.35930
2010-11-21,1028.55960
2010-11-22,1028.75990
2010-11-23,1028.95780
2010-11-24,1029.15870
2010-11-25,1029.35550
2010-11-26,1029.55390
2010-11-27,1024.67900
2010-11-28,1024.87390
2010-11-29,1025.04400
2010-11-30,1025.23910
2010-12-01,1025.43390
2010-12-02,1025.62560
2010-12-03,1025.82110
2010-12-04,1026.01670
2010-12-05,1026.21220
2010-12-06,1026.41140
2010-12-07,1026.61240
2010-12-08,1026.81350
2010-12-09,1027.01450
2010-12-10,1027.22620
2010-12-11,1027.43790
2010-12-12,1027.64960
2010-12-13,1027.86140
2010-12-14,1028.07230
2010-12-15,1028.28830
2010-12-16,1028.51510
2010-12-17,1028.74200
2010-12-18,1028.96880
2010-12-19,1029.19560
2010-12-20,1029.41820
2010-12-21,1029.64270
2010-12-22,1029.86380
2010-12-23,1030.08490
2010-12-24,1030.31360
2010-12-25,1024.67900
2010-12-26,1024.90710
2010-12-27,1025.13470
2010-12-28,1025.36260
2010-12-29,1025.58920
2010-12-30,1025.81660
2010-12-31,1026.04570
2011-01-01,1026.27480
2011-01-02,1026.50380
2011-01-03,1026.73300
2011-01-04,1026.96210
2011-01-05,1027.19330
2011-01-06,1027.42260
2011-01-07,1027.63520
2011-01-08,1027.84770
2011-01-09,1028.06030
2011-01-10,1028.27280
2011-01-11,1028.48690
2011-01-12,1028.70120
2011-01-13,1028.91550
2011-01-14,1029.13020
2011-01-15,1029.34470
2011-01-16,1029.55920
2011-01-17,1029.77410
2011-01-18,1029.98880
2011-01-19,1030.20430
2011-01-20,1030.41980
2011-01-21,1030.63850
2011-01-22,1030.85710
2011-01-23,1031.07580
2011-01-24,1031.29380
2011-01-25,1031.51240
2011-01-26,1031.73110
2011-01-27,1031.95040
2011-01-28,1032.17210
2011-01-29,1024.68020
2011-01-30,1024.89210
2011-01-31,1025.11160
2011-02-01,1025.33040
2011-02-02,1025.54950
2011-02-03,1025.76880
2011-02-04,1025.98660
2011-02-05,1026.20450
2011-02-06,1026.42240
2011-02-07,1026.64020
2011-02-08,1026.85880
2011-02-09,1027.08450
2011-02-10,1027.33370
2011-02-11,1027.56910
2011-02-12,1027.80460
2011-02-13,1028.04010
2011-02-14,1028.27610
2011-02-15,1028.51270
2011-02-16,1028.74920
2011-02-17,1028.98680
2011-02-18,1029.22420
2011-02-19,1029.46160
2011-02-20,1029.69900
2011-02-21,1029.93580
2011-02-22,1030.17300
2011-02-23,1030.41020
2011-02-24,1030.64370
2011-02-25,1030.88450
2011-02-26,1024.68020
2011-02-27,1024.91980
2011-02-28,1025.16130
2011-03-01,1025.40270
2011-03-02,1025.64400
2011-03-03,1025.88430
2011-03-04,1026.13450
2011-03-05,1026.36920
2011-03-06,1026.60400
2011-03-07,1026.84890
2011-03-08,1027.09050
2011-03-09,1027.33200
2011-03-10,1027.57430
2011-03-11,1027.82050
2011-03-12,1028.06680
2011-03-13,1028.31310
2011-03-14,1028.55620
2011-03-15,1028.71150
2011-03-16,1028.96180
2011-03-17,1029.19600
2011-03-18,1029.45190
2011-03-19,1029.70770
2011-03-20,1029.96350
2011-03-21,1030.21550
2011-03-22,1030.46590
2011-03-23,1030.72150
2011-03-24,1030.97660
2011-03-25,1031.23330
2011-03-26,1024.72500
2011-03-27,1024.97140
2011-03-28,1025.23040
2011-03-29,1025.49330
2011-03-30,1025.78460
2011-03-31,1026.05520
2011-04-01,1026.31880
2011-04-02,1026.58250
2011-04-03,1026.84610
2011-04-04,1027.10980
2011-04-05,1027.66240
2011-04-06,1028.60510
2011-04-07,1028.86470
2011-04-08,1029.12190
2011-04-09,1029.37910
2011-04-10,1029.63640
2011-04-11,1029.89510
2011-04-12,1030.15390
2011-04-13,1030.41430
2011-04-14,1030.67480
2011-04-15,1030.93520
2011-04-16,1031.19570
2011-04-17,1031.45600
2011-04-18,1031.71280
2011-04-19,1031.96970
2011-04-20,1032.22370
2011-04-21,1032.47830
2011-04-22,1032.73300
2011-04-23,1032.98780
2011-04-24,1033.24250
2011-04-25,1033.49820
2011-04-26,1033.75710
2011-04-27,1034.00840
2011-04-28,1034.26040
2011-04-29,1034.51310
2011-04-30,1024.72510
2011-05-01,1024.98820
2011-05-02,1025.23960
2011-05-03,1025.49090
2011-05-04,1025.74520
2011-05-05,1025.99950
2011-05-06,1026.25260
2011-05-07,1026.50570
2011-05-08,1026.75880
2011-05-09,1027.01290
2011-05-10,1027.26700
2011-05-11,1027.52100
2011-05-12,1027.77400
2011-05-13,1027.99780
2011-05-14,1028.22170
2011-05-15,1028.44560
2011-05-16,1028.68180
2011-05-17,1028.91790
2011-05-18,1029.15430
2011-05-19,1029.39030
2011-05-20,1029.62770
2011-05-21,1029.86500
2011-05-22,1030.10240
2011-05-23,1030.33990
2011-05-24,1030.57770
2011-05-25,1030.81460
2011-05-26,1031.05070
2011-05-27,1031.28700
2011-05-28,1024.72510
2011-05-29,1024.96010
2011-05-30,1025.22210
2011-05-31,1025.45400
2011-06-01,1025.68600
2011-06-02,1025.92630
2011-06-03,1026.16180
2011-06-04,1026.39740
2011-06-05,1026.63290
2011-06-06,1026.86990
2011-06-07,1027.10170
2011-06-08,1027.33950
2011-06-09,1027.58480
2011-06-10,1027.83790
2011-06-11,1028.08030
2011-06-12,1028.32260
2011-06-13,1028.59810
2011-06-14,1028.82900
2011-06-15,1029.06610
2011-06-16,1029.33150
2011-06-17,1029.57240
2011-06-18,1029.81340
2011-06-19,1030.05430
2011-06-20,1030.29530
2011-06-21,1030.53960
2011-06-22,1030.78770
2011-06-23,1031.03580
2011-06-24,1031.28700
2011-06-25,1024.74580
2011-06-26,1024.99550
2011-06-27,1025.24490
2011-06-28,1025.49870
2011-06-29,1025.75120
2011-06-30,1026.00400
2011-07-01,1026.25680
2011-07-02,1026.50960
2011-07-03,1026.76230
2011-07-04,1027.01700
2011-07-05,1027.26720
2011-07-06,1027.51680
2011-07-07,1027.76640
2011-07-08,1028.01590
2011-07-09,1028.26540
2011-07-10,1028.51490
2011-07-11,1028.76520
2011-07-12,1029.03750
2011-07-13,1029.28040
2011-07-14,1029.52340
2011-07-15,1029.79670
2011-07-16,1030.04280
2011-07-17,1030.28900
2011-07-18,1030.53520
2011-07-19,1030.78370
2011-07-20,1031.03470
2011-07-21,1031.28580
2011-07-22,1031.53500
2011-07-23,1031.78410
2011-07-24,1032.03330
2011-07-25,1032.28020
2011-07-26,1032.53080
2011-07-27,1032.77870
2011-07-28,1033.02610
2011-07-29,1033.27460
2011-07-30,1024.74580
2011-07-31,1024.99230
2011-08-01,1025.23880
2011-08-02,1025.48460
2011-08-03,1025.73120
2011-08-04,1025.98290
2011-08-05,1026.22800
2011-08-06,1026.47310
2011-08-07,1026.71820
2011-08-08,1026.95950
2011-08-09,1027.20720
2011-08-10,1027.45020
2011-08-11,1027.71670
2011-08-12,1027.96330
2011-08-13,1028.20330
2011-08-14,1028.44320
2011-08-15,1028.68320
2011-08-16,1028.92330
2011-08-17,1029.16330
2011-08-18,1029.40510
2011-08-19,1029.64680
2011-08-20,1029.88860
2011-08-21,1030.13030
2011-08-22,1030.38130
2011-08-23,1030.62160
2011-08-24,1030.86440
2011-08-25,1031.11100
2011-08-26,1031.35820
2011-08-27,1024.74570
2011-08-28,1024.97970
2011-08-29,1025.22040
2011-08-30,1025.46930
2011-08-31,1025.71010
2011-09-01,1025.95080
2011-09-02,1026.18960
2011-09-03,1026.42830
2011-09-04,1026.66710
2011-09-05,1026.90620
2011-09-06,1027.14530
2011-09-07,1027.38510
2011-09-08,1027.62680
2011-09-09,1027.86800
2011-09-10,1028.10930
2011-09-11,1028.35060
2011-09-12,1028.59360
2011-09-13,1028.83530
2011-09-14,1029.07710
2011-09-15,1029.32300
2011-09-16,1029.56880
2011-09-17,1029.81470
2011-09-18,1030.06050
2011-09-19,1030.30750
2011-09-20,1030.55390
2011-09-21,1030.80230
2011-09-22,1031.05220
2011-09-23,1031.29930
2011-09-24,1024.74570
2011-09-25,1024.98380
2011-09-26,1025.22930
2011-09-27,1025.46290
2011-09-28,1025.71970
2011-09-29,1025.96590
2011-09-30,1026.21220
2011-10-01,1026.45840
2011-10-02,1026.70450
2011-10-03,1026.94890
2011-10-04,1027.19670
2011-10-05,1027.47370
2011-10-06,1027.71680
2011-10-07,1027.95770
2011-10-08,1028.19890
2011-10-09,1028.44010
2011-10-10,1028.68340
2011-10-11,1028.92620
2011-10-12,1029.16930
2011-10-13,1029.42350
2011-10-14,1029.66640
2011-10-15,1029.90930
2011-10-16,1030.15220
2011-10-17,1030.39510
2011-10-18,1030.63680
2011-10-19,1030.87990
2011-10-20,1031.12320
2011-10-21,1031.36620
2011-10-22,1031.60920
2011-10-23,1031.85220
2011-10-24,1032.09550
2011-10-25,1032.34060
2011-10-26,1032.59580
2011-10-27,1032.84090
2011-10-28,1033.08590
2011-10-29,1024.74580
2011-10-30,1024.99230
2011-10-31,1025.23530
2011-11-01,1025.47850
2011-11-02,1025.72570
2011-11-03,1025.97430
2011-11-04,1026.22130
2011-11-05,1026.46530
2011-11-06,1026.70930
2011-11-07,1026.95320
2011-11-08,1027.19740
2011-11-09,1027.44120
2011-11-10,1027.68510
2011-11-11,1027.93080
2011-11-12,1028.17640
2011-11-13,1028.42210
2011-11-14,1028.66760
2011-11-15,1028.91310
2011-11-16,1029.15870
2011-11-17,1029.40420
2011-11-18,1029.64960
2011-11-19,1029.89490
2011-11-20,1030.14030
2011-11-21,1030.38750
2011-11-22,1030.63580
2011-11-23,1030.88410
2011-11-24,1031.13230
2011-11-25,1031.38220
2011-11-26,1024.84550
2011-11-27,1025.09130
2011-11-28,1025.33960
2011-11-29,1025.58780
2011-11-30,1025.83600
2011-12-01,1026.08420
2011-12-02,1026.32960
2011-12-03,1026.57500
2011-12-04,1026.82040
2011-12-05,1027.06740
2011-12-06,1027.31400
2011-12-07,1027.56210
2011-12-08,1027.81020
2011-12-09,1028.05850
2011-12-10,1028.30630
2011-12-11,1028.55400
2011-12-12,1028.80120
2011-12-13,1029.04990
2011-12-14,1029.29890
2011-12-15,1029.55110
2011-12-16,1029.80560
2011-12-17,1030.06020
2011-12-18,1030.31470
2011-12-19,1030.57200
2011-12-20,1030.83130
2011-12-21,1031.09210
2011-12-22,1031.35680
2011-12-23,1031.62130
2011-12-24,1031.88580
2011-12-25,1032.15040
2011-12-26,1032.41420
2011-12-27,1032.69150
2011-12-28,1032.95330
2011-12-29,1033.21620
2011-12-30,1033.47880
2011-12-31,1024.85170
2012-01-01,1025.11100
2012-01-02,1025.36950
2012-01-03,1025.62500
2012-01-04,1025.88220
2012-01-05,1026.14230
2012-01-06,1026.40370
2012-01-07,1026.66320
2012-01-08,1026.92270
2012-01-09,1027.18220
2012-01-10,1027.43680
2012-01-11,1027.69490
2012-01-12,1027.95140
2012-01-13,1028.20860
2012-01-14,1028.46590
2012-01-15,1028.72320
2012-01-16,1028.98110
2012-01-17,1029.24230
2012-01-18,1029.50540
2012-01-19,1029.76820
2012-01-20,1030.03030
2012-01-21,1030.29250
2012-01-22,1030.55460
2012-01-23,1030.81890
2012-01-24,1031.08320
2012-01-25,1031.34910
2012-01-26,1031.62760
2012-01-27,1031.89320
2012-01-28,1024.68950
2012-01-29,1024.94780
2012-01-30,1025.21610
2012-01-31,1025.47880
2012-02-01,1025.74510
2012-02-02,1026.00580
2012-02-03,1026.26740
2012-02-04,1026.52780
2012-02-05,1026.78830
2012-02-06,1027.04740
2012-02-07,1027.30720
2012-02-08,1027.56690
2012-02-09,1027.84590
2012-02-10,1028.10490
2012-02-11,1028.36400
2012-02-12,1028.62300
2012-02-13,1028.88230
2012-02-14,1029.14060
2012-02-15,1029.39860
2012-02-16,1029.65660
2012-02-17,1029.91590
2012-02-18,1030.17520
2012-02-19,1030.43450
2012-02-20,1030.69380
2012-02-21,1030.95590
2012-02-22,1031.21960
2012-02-23,1031.48320
2012-02-24,1031.74680
2012-02-25,1024.70710
2012-02-26,1024.96820
2012-02-27,1025.22850
2012-02-28,1025.47590
2012-02-29,1025.73890
2012-03-01,1026.00220
2012-03-02,1026.26530
2012-03-03,1026.52840
2012-03-04,1026.79150
2012-03-05,1027.05260
2012-03-06,1027.31830
2012-03-07,1027.56470
2012-03-08,1027.83310
2012-03-09,1028.09340
2012-03-10,1028.35380
2012-03-11,1028.61410
2012-03-12,1028.87640
2012-03-13,1029.13910
2012-03-14,1029.40960
2012-03-15,1029.68070
2012-03-16,1029.95240
2012-03-17,1030.22410
2012-03-18,1030.49580
2012-03-19,1030.76760
2012-03-20,1031.03910
2012-03-21,1031.30940
2012-03-22,1031.58140
2012-03-23,1031.85330
2012-03-24,1032.12520
2012-03-25,1032.39710
2012-03-26,1032.66420
2012-03-27,1032.94220
2012-03-28,1033.23850
2012-03-29,1033.54340
2012-03-30,1033.83890
2012-03-31,1024.48330
2012-04-01,1024.78830
2012-04-02,1025.09450
2012-04-03,1025.38880
2012-04-04,1025.67090
2012-04-05,1025.95310
2012-04-06,1026.23520
2012-04-07,1026.51740
2012-04-08,1026.79950
2012-04-09,1027.08580
2012-04-10,1027.37270
2012-04-11,1027.66090
2012-04-12,1027.95030
2012-04-13,1028.24180
2012-04-14,1028.53330
2012-04-15,1028.82470
2012-04-16,1029.11630
2012-04-17,1029.40780
2012-04-18,1032.14450
2012-04-19,1032.37250
2012-04-20,1032.55520
2012-04-21,1032.80630
2012-04-22,1033.05730
2012-04-23,1033.08690
2012-04-24,1033.29790
2012-04-25,1033.60010
2012-04-26,1033.89290
2012-04-27,1034.14820
2012-04-28,1026.66780
2012-04-29,1026.93430
2012-04-30,1027.00000
2012-05-01,1027.25640
2012-05-02,1027.45900
2012-05-03,1027.71650
2012-05-04,1028.03870
2012-05-05,1028.28600
2012-05-06,1028.53340
2012-05-07,1028.80110
2012-05-08,1029.08650
2012-05-09,1029.33530
2012-05-10,1029.62130
2012-05-11,1029.89410
2012-05-12,1030.13430
2012-05-13,1030.37440
2012-05-14,1030.62190
2012-05-15,1030.97910
2012-05-16,1031.28270
2012-05-17,1031.56670
2012-05-18,1031.73280
2012-05-19,1031.96880
2012-05-20,1032.20470
2012-05-21,1032.41120
2012-05-22,1032.68830
2012-05-23,1032.95990
2012-05-24,1033.21290
2012-05-25,1033.41510
2012-05-26,1026.69950
2012-05-27,1026.93570
2012-05-28,1027.22570
2012-05-29,1027.43920
2012-05-30,1027.66700
2012-05-31,1027.94250
2012-06-01,1028.19770
2012-06-02,1028.42030
2012-06-03,1028.64290
2012-06-04,1028.83560
2012-06-05,1029.08460
2012-06-06,1029.30650
2012-06-07,1029.54980
2012-06-08,1029.80380
2012-06-09,1030.03650
2012-06-10,1030.26930
2012-06-11,1030.48560
2012-06-12,1030.73860
2012-06-13,1031.01150
2012-06-14,1031.24660
2012-06-15,1031.48690
2012-06-16,1031.70190
2012-06-17,1031.91690
2012-06-18,1032.05440
2012-06-19,1032.21290
2012-06-20,1032.46110
2012-06-21,1032.77950
2012-06-22,1033.06020
2012-06-23,1033.29290
2012-06-24,1033.52560
2012-06-25,1033.72160
2012-06-26,1033.95190
2012-06-27,1034.27650
2012-06-28,1034.51980
2012-06-29,1034.77160
2012-06-30,1026.82030
2012-07-01,1027.07680
2012-07-02,1027.31910
2012-07-03,1027.77190
2012-07-04,1027.89510
2012-07-05,1028.60600
2012-07-06,1028.60430
2012-07-07,1028.84610
2012-07-08,1029.08790
2012-07-09,1029.36070
2012-07-10,1029.51390
2012-07-11,1029.79420
2012-07-12,1030.04470
2012-07-13,1030.34640
2012-07-14,1030.57220
2012-07-15,1030.79800
2012-07-16,1030.95780
2012-07-17,1031.26100
2012-07-18,1031.49200
2012-07-19,1031.75860
2012-07-20,1031.98780
2012-07-21,1032.21520
2012-07-22,1032.44260
2012-07-23,1032.67980
2012-07-24,1032.91170
2012-07-25,1033.16880
2012-07-26,1033.36440
2012-07-27,1033.57380
2012-07-28,1027.28870
2012-07-29,1027.50290
2012-07-30,1027.64330
2012-07-31,1027.86520
2012-08-01,1028.16350
2012-08-02,1028.38580
2012-08-03,1028.63840
2012-08-04,1028.86260
2012-08-05,1029.08680
2012-08-06,1029.40280
2012-08-07,1029.61140
2012-08-08,1029.81190
2012-08-09,1030.03890
2012-08-10,1030.25740
2012-08-11,1030.48120
2012-08-12,1030.70510
2012-08-13,1030.93450
2012-08-14,1031.11910
2012-08-15,1031.34420
2012-08-16,1031.67260
2012-08-17,1031.90780
2012-08-18,1032.13040
2012-08-19,1032.35290
2012-08-20,1032.57550
2012-08-21,1032.78620
2012-08-22,1033.00380
2012-08-23,1033.25640
2012-08-24,1033.47730
2012-08-25,1033.69160
2012-08-26,1033.90580
2012-08-27,1034.12500
2012-08-28,1034.27990
2012-08-29,1034.52970
2012-08-30,1034.77100
2012-08-31,1035.05110
2012-09-01,1027.46500
2012-09-02,1027.69020
2012-09-03,1027.92860
2012-09-04,1028.17550
2012-09-05,1028.45070
2012-09-06,1028.59470
2012-09-07,1028.83420
2012-09-08,1029.05350
2012-09-09,1029.27280
2012-09-10,1029.46110
2012-09-11,1029.69920
2012-09-12,1029.89060
2012-09-13,1030.14830
2012-09-14,1030.45140
2012-09-15,1030.67280
2012-09-16,1030.89430
2012-09-17,1031.07050
2012-09-18,1031.29750
2012-09-19,1031.52060
2012-09-20,1031.74110
2012-09-21,1031.98430
2012-09-22,1032.20520
2012-09-23,1032.42610
2012-09-24,1032.63640
2012-09-25,1032.83400
2012-09-26,1033.04840
2012-09-27,1033.23460
2012-09-28,1033.49260
2012-09-29,1027.56980
2012-09-30,1027.79080
2012-10-01,1028.00150
2012-10-02,1028.22200
2012-10-03,1028.55660
2012-10-04,1028.88810
2012-10-05,1029.01060
2012-10-06,1029.21130
2012-10-07,1029.41200
2012-10-08,1029.59950
2012-10-09,1029.81190
2012-10-10,1030.03830
2012-10-11,1030.25340
2012-10-12,1030.47230
2012-10-13,1030.69080
2012-10-14,1030.90920
2012-10-15,1031.12840
2012-10-16,1031.34160
2012-10-17,1031.55270
2012-10-18,1031.76100
2012-10-19,1032.00130
2012-10-20,1032.22030
2012-10-21,1032.43930
2012-10-22,1032.65520
2012-10-23,1032.87960
2012-10-24,1033.10070
2012-10-25,1033.30120
2012-10-26,1027.66610
2012-10-27,1027.90650
2012-10-28,1028.12740
2012-10-29,1028.35310
2012-10-30,1028.56930
2012-10-31,1028.78280
2012-11-01,1029.01640
2012-11-02,1029.26500
2012-11-03,1029.56160
2012-11-04,1029.85820
2012-11-05,1030.08270
2012-11-06,1030.29770
2012-11-07,1030.51200
2012-11-08,1030.73220
2012-11-09,1030.94840
2012-11-10,1031.16970
2012-11-11,1031.39090
2012-11-12,1031.61590
2012-11-13,1031.83680
2012-11-14,1032.05760
2012-11-15,1032.28170
2012-11-16,1032.49960
2012-11-17,1032.71590
2012-11-18,1032.93210
2012-11-19,1033.15170
2012-11-20,1033.37170
2012-11-21,1033.59250
2012-11-22,1033.80430
2012-11-23,1034.02390
2012-11-24,1034.24600
2012-11-25,1034.46810
2012-11-26,1034.68150
2012-11-27,1034.86130
2012-11-28,1035.08350
2012-11-29,1035.31610
2012-11-30,1035.54800
2012-12-01,1027.69040
2012-12-02,1027.89660
2012-12-03,1028.11420
2012-12-04,1028.33990
2012-12-05,1028.55700
2012-12-06,1028.76380
2012-12-07,1028.96880
2012-12-08,1029.18900
2012-12-09,1029.40920
2012-12-10,1029.57710
2012-12-11,1029.77590
2012-12-12,1029.99750
2012-12-13,1030.28230
2012-12-14,1030.47330
2012-12-15,1030.69560
2012-12-16,1030.91790
2012-12-17,1031.17190
2012-12-18,1031.37610
2012-12-19,1031.58440
2012-12-20,1031.77440
2012-12-21,1032.03700
2012-12-22,1032.26160
2012-12-23,1032.48620
2012-12-24,1032.71910
2012-12-25,1032.94320
2012-12-26,1033.18750
2012-12-27,1033.41180
2012-12-28,1033.65330
2012-12-29,1027.74750
2012-12-30,1027.97930
2012-12-31,1028.21760
2013-01-01,1028.60180
2013-01-02,1028.86720
2013-01-03,1029.08550
2013-01-04,1029.34410
2013-01-05,1029.56080
2013-01-06,1029.77760
2013-01-07,1029.97860
2013-01-08,1030.21920
2013-01-09,1030.42860
2013-01-10,1030.64310
2013-01-11,1030.87040
2013-01-12,1031.08640
2013-01-13,1031.30240
2013-01-14,1031.51890
2013-01-15,1031.73960
2013-01-16,1031.94920
2013-01-17,1032.16940
2013-01-18,1032.40840
2013-01-19,1032.62430
2013-01-20,1032.84030
2013-01-21,1033.05520
2013-01-22,1033.29020
2013-01-23,1033.52860
2013-01-24,1033.75420
2013-01-25,1028.19570
2013-01-26,1028.42160
2013-01-27,1028.63580
2013-01-28,1028.84870
2013-01-29,1029.11680
2013-01-30,1029.40550
2013-01-31,1029.54550
2013-02-01,1029.76870
2013-02-02,1029.98020
2013-02-03,1030.19160
2013-02-04,1030.37580
2013-02-05,1030.59150
2013-02-06,1030.78490
2013-02-07,1031.00560
2013-02-08,1031.19090
2013-02-09,1031.40370
2013-02-10,1031.61640
2013-02-11,1031.82450
2013-02-12,1032.03370
2013-02-13,1032.23890
2013-02-14,1032.42930
2013-02-15,1032.64050
2013-02-16,1032.85530
2013-02-17,1033.07000
2013-02-18,1033.33770
2013-02-19,1033.55140
2013-02-20,1033.76210
2013-02-21,1033.97250
2013-02-22,1034.18140
2013-02-23,1028.38570
2013-02-24,1028.59780
2013-02-25,1028.80810
2013-02-26,1029.01700
2013-02-27,1029.23040
2013-02-28,1029.35690
2013-03-01,1029.59290
2013-03-02,1029.81410
2013-03-03,1030.03520
2013-03-04,1030.24830
2013-03-05,1030.51390
2013-03-06,1030.76170
2013-03-07,1031.12360
2013-03-08,1031.29980
2013-03-09,1031.53030
2013-03-10,1031.76070
2013-03-11,1031.99020
2013-03-12,1032.21020
2013-03-13,1032.59160
2013-03-14,1033.04860
2013-03-15,1033.29920
2013-03-16,1033.53520
2013-03-17,1033.77120
2013-03-18,1033.93330
2013-03-19,1034.24580
2013-03-20,1034.49020
2013-03-21,1034.79020
2013-03-22,1035.19490
2013-03-23,1035.43590
2013-03-24,1035.67690
2013-03-25,1035.86970
2013-03-26,1035.72220
2013-03-27,1035.97110
2013-03-28,1036.15470
2013-03-29,1029.08440
2013-03-30,1029.33210
2013-03-31,1029.58420
2013-04-01,1029.83630
2013-04-02,1031.36270
2013-04-03,1031.63240
2013-04-04,1031.92340
2013-04-05,1032.17670
2013-04-06,1032.37380
2013-04-07,1032.57100
2013-04-08,1032.67080
2013-04-09,1032.87680
2013-04-10,1033.09170
2013-04-11,1033.29740
2013-04-12,1033.52540
2013-04-13,1033.72920
2013-04-14,1033.93290
2013-04-15,1034.14480
2013-04-16,1034.33430
2013-04-17,1034.54580
2013-04-18,1034.74120
2013-04-19,1034.94150
2013-04-20,1035.14190
2013-04-21,1035.34220
2013-04-22,1035.51510
2013-04-23,1035.73740
2013-04-24,1035.94770
2013-04-25,1036.16250
2013-04-26,1036.36790
2013-04-27,1030.52280
2013-04-28,1030.73120
2013-04-29,1030.95470
2013-04-30,1031.13470
2013-05-01,1031.34690
2013-05-02,1031.58480
2013-05-03,1031.77090
2013-05-04,1031.98780
2013-05-05,1032.20460
2013-05-06,1032.46630
2013-05-07,1032.68450
2013-05-08,1032.89470
2013-05-09,1033.06770
2013-05-10,1033.29220
2013-05-11,1033.49470
2013-05-12,1033.69720
2013-05-13,1033.85490
2013-05-14,1034.07490
2013-05-15,1034.28990
2013-05-16,1034.49270
2013-05-17,1034.70930
2013-05-18,1034.91000
2013-05-19,1035.11060
2013-05-20,1035.29350
2013-05-21,1035.48760
2013-05-22,1035.66060
2013-05-23,1035.90600
2013-05-24,1036.12660
2013-05-25,1036.33090
2013-05-26,1036.53530
2013-05-27,1036.74240
2013-05-28,1036.95460
2013-05-29,1037.15510
2013-05-30,1037.36870
2013-05-31,1037.58560
2013-06-01,1030.80440
2013-06-02,1030.97260
2013-06-03,1031.16900
2013-06-04,1031.37000
2013-06-05,1031.56250
2013-06-06,1031.75970
2013-06-07,1031.96470
2013-06-08,1032.16730
2013-06-09,1032.36990
2013-06-10,1032.54150
2013-06-11,1032.71950
2013-06-12,1032.92090
2013-06-13,1033.11240
2013-06-14,1033.29000
2013-06-15,1033.47980
2013-06-16,1033.66950
2013-06-17,1033.88670
2013-06-18,1034.12100
2013-06-19,1034.45740
2013-06-20,1034.57920
2013-06-21,1034.76400
2013-06-22,1034.96790
2013-06-23,1035.17190
2013-06-24,1035.38170
2013-06-25,1035.56640
2013-06-26,1035.79060
2013-06-27,1036.02700
2013-06-28,1036.38890
2013-06-29,1031.22520
2013-06-30,1031.42850
2013-07-01,1031.63480
2013-07-02,1032.16540
2013-07-03,1032.50550
2013-07-04,1032.77490
2013-07-05,1032.97150
2013-07-06,1033.16320
2013-07-07,1033.35490
2013-07-08,1033.46610
2013-07-09,1033.69950
2013-07-10,1033.89590
2013-07-11,1034.07150
2013-07-12,1034.28400
2013-07-13,1034.47870
2013-07-14,1034.67350
2013-07-15,1034.86980
2013-07-16,1032.46120
2013-07-17,1033.13440
2013-07-18,1033.95410
2013-07-19,1034.25960
2013-07-20,1034.49120
2013-07-21,1034.72270
2013-07-22,1034.85670
2013-07-23,1034.47650
2013-07-24,1033.71960
2013-07-25,1033.89070
2013-07-26,1034.19320
2013-07-27,1033.23620
2013-07-28,1033.53520
2013-07-29,1033.81060
2013-07-30,1034.13320
2013-07-31,1034.40110
2013-08-01,1034.76820
2013-08-02,1035.34970
2013-08-03,1035.62640
2013-08-04,1035.90310
2013-08-05,1036.55440
2013-08-06,1036.64270
2013-08-07,1036.89110
2013-08-08,1037.23280
2013-08-09,1037.49960
2013-08-10,1037.76640
2013-08-11,1038.03330
2013-08-12,1037.83030
2013-08-13,1037.94660
2013-08-14,1038.44350
2013-08-15,1038.73600
2013-08-16,1038.98710
2013-08-17,1039.28330
2013-08-18,1039.57950
2013-08-19,1039.81360
2013-08-20,1040.12350
2013-08-21,1040.52340
2013-08-22,1040.85470
2013-08-23,1041.20080
2013-08-24,1041.47550
2013-08-25,1041.75010
2013-08-26,1042.01310
2013-08-27,1042.32470
2013-08-28,1042.62920
2013-08-29,1042.91810
2013-08-30,1043.18680
2013-08-31,1036.02650
2013-09-01,1036.29610
2013-09-02,1036.59120
2013-09-03,1036.88630
2013-09-04,1037.35690
2013-09-05,1037.81470
2013-09-06,1037.82490
2013-09-07,1038.08460
2013-09-08,1038.34430
2013-09-09,1038.60400
2013-09-10,1039.09320
2013-09-11,1039.38090
2013-09-12,1039.65930
2013-09-13,1039.87910
2013-09-14,1040.16570
2013-09-15,1040.45230
2013-09-16,1040.82290
2013-09-17,1041.05930
2013-09-18,1041.41200
2013-09-19,1042.15870
2013-09-20,1042.29300
2013-09-21,1042.56350
2013-09-22,1042.83390
2013-09-23,1043.46210
2013-09-24,1043.71810
2013-09-25,1044.14150
2013-09-26,1044.26830
2013-09-27,1044.66360
2013-09-28,1038.03900
2013-09-29,1038.30690
2013-09-30,1038.57980
2013-10-01,1038.90880
2013-10-02,1039.16950
2013-10-03,1039.51120
2013-10-04,1039.78580
2013-10-05,1040.03130
2013-10-06,1040.27670
2013-10-07,1040.56960
2013-10-08,1041.11170
2013-10-09,1041.33990
2013-10-10,1041.61210
2013-10-11,1041.85870
2013-10-12,1042.10360
2013-10-13,1042.34810
2013-10-14,1042.54170
2013-10-15,1042.86660
2013-10-16,1043.11010
2013-10-17,1043.38110
2013-10-18,1043.59670
2013-10-19,1043.83280
2013-10-20,1044.06900
2013-10-21,1044.31210
2013-10-22,1044.56650
2013-10-23,1044.80200
2013-10-24,1045.04800
2013-10-25,1045.27380
2013-10-26,1038.51680
2013-10-27,1038.74880
2013-10-28,1038.97750
2013-10-29,1039.29930
2013-10-30,1039.53880
2013-10-31,1039.77720
2013-11-01,1040.00580
2013-11-02,1040.23800
2013-11-03,1040.47030
2013-11-04,1040.70270
2013-11-05,1040.96890
2013-11-06,1041.20060
2013-11-07,1041.41800
2013-11-08,1041.60840
2013-11-09,1041.84460
2013-11-10,1042.08080
2013-11-11,1042.29110
2013-11-12,1042.53970
2013-11-13,1042.78250
2013-11-14,1043.01660
2013-11-15,1043.25280
2013-11-16,1043.48900
2013-11-17,1043.72540
2013-11-18,1043.96080
2013-11-19,1044.20110
2013-11-20,1044.43990
2013-11-21,1044.67700
2013-11-22,1044.91720
2013-11-23,1045.15550
2013-11-24,1045.39390
2013-11-25,1045.61440
2013-11-26,1045.86300
2013-11-27,1046.11610
2013-11-28,1046.35930
2013-11-29,1046.63600
2013-11-30,1038.69810
2013-12-01,1038.92380
2013-12-02,1039.17170
2013-12-03,1039.47400
2013-12-04,1039.72790
2013-12-05,1039.92920
2013-12-06,1040.12940
2013-12-07,1040.34540
2013-12-08,1040.56140
2013-12-09,1040.70500
2013-12-10,1040.90420
2013-12-11,1041.14530
2013-12-12,1041.44440
2013-12-13,1041.65800
2013-12-14,1041.83670
2013-12-15,1042.01550
2013-12-16,1042.12610
2013-12-17,1042.28790
2013-12-18,1042.44590
2013-12-19,1042.53260
2013-12-20,1042.77060
2013-12-21,1043.00760
2013-12-22,1043.24470
2013-12-23,1043.48720
2013-12-24,1043.77460
2013-12-25,1044.00990
2013-12-26,1044.18600
2013-12-27,1044.40520
2013-12-28,1039.07830
2013-12-29,1039.30380
2013-12-30,1039.54980
2013-12-31,1039.81950
2014-01-01,1040.10140
2014-01-02,1040.40490
2014-01-03,1040.62250
2014-01-04,1040.83660
2014-01-05,1041.05080
2014-01-06,1041.21120
2014-01-07,1041.38590
2014-01-08,1041.52340
2014-01-09,1041.74110
2014-01-10,1042.04220
2014-01-11,1042.26290
2014-01-12,1042.48370
2014-01-13,1042.70470
2014-01-14,1042.93540
2014-01-15,1043.13600
2014-01-16,1043.37450
2014-01-17,1043.59830
2014-01-18,1043.83480
2014-01-19,1044.07130
2014-01-20,1044.30460
2014-01-21,1044.60380
2014-01-22,1044.83890
2014-01-23,1045.08880
2014-01-24,1045.28340
2014-01-25,1045.49780
2014-01-26,1045.71220
2014-01-27,1045.92840
2014-01-28,1046.14310
2014-01-29,1046.35790
2014-01-30,1046.58120
2014-01-31,1046.84060
2014-02-01,1039.46930
2014-02-02,1039.69180
2014-02-03,1039.90970
2014-02-04,1040.14280
2014-02-05,1040.36250
2014-02-06,1040.58350
2014-02-07,1040.77100
2014-02-08,1040.99910
2014-02-09,1041.22730
2014-02-10,1041.40370
2014-02-11,1041.56480
2014-02-12,1041.79690
2014-02-13,1041.99480
2014-02-14,1042.25200
2014-02-15,1042.49410
2014-02-16,1042.73630
2014-02-17,1043.01420
2014-02-18,1043.29920
2014-02-19,1043.52410
2014-02-20,1043.73410
2014-02-21,1043.97140
2014-02-22,1044.19460
2014-02-23,1044.41790
2014-02-24,1044.65580
2014-02-25,1044.88050
2014-02-26,1045.10340
2014-02-27,1045.32500
2014-02-28,1045.63190
2014-03-01,1039.79440
2014-03-02,1040.00880
2014-03-03,1040.15510
2014-03-04,1040.29620
2014-03-05,1040.61030
2014-03-06,1040.80300
2014-03-07,1041.04810
2014-03-08,1041.26500
2014-03-09,1041.48190
2014-03-10,1041.66160
2014-03-11,1041.92970
2014-03-12,1042.25850
2014-03-13,1042.41900
2014-03-14,1042.75630
2014-03-15,1043.01290
2014-03-16,1043.26950
2014-03-17,1043.52630
2014-03-18,1043.74620
2014-03-19,1043.93160
2014-03-20,1044.17780
2014-03-21,1044.44480
2014-03-22,1044.67910
2014-03-23,1044.91350
2014-03-24,1045.27870
2014-03-25,1045.48080
2014-03-26,1045.67240
2014-03-27,1045.82050
2014-03-28,1045.79980
2014-03-29,1039.89380
2014-03-30,1040.17140
2014-03-31,1040.45350
2014-04-01,1040.73570
2014-04-02,1041.46020
2014-04-03,1041.71460
2014-04-04,1041.97420
2014-04-05,1042.19410
2014-04-06,1042.41400
2014-04-07,1042.69800
2014-04-08,1042.92430
2014-04-09,1043.14590
2014-04-10,1043.37210
2014-04-11,1043.37210
2014-04-12,1043.37210
2014-04-13,1043.37210
2014-04-14,1043.37210
2014-04-15,1043.37210
2014-04-16,1043.37210
2014-04-17,1043.37210
2014-04-18,1043.37210
2014-04-19,1043.37210
2014-04-20,1043.37210
2014-04-21,1043.37210
2014-04-22,1043.37210
2014-04-23,1043.37210
2014-04-24,1043.37210
2014-04-25,1043.37210
2014-04-26,1043.37210
2014-04-27,1043.37210
2014-04-28,1043.37210
2014-04-29,1043.37210
2014-04-30,1043.37210
2014-05-01,1043.37210
2014-05-02,1043.37210
2014-05-03,1043.37210
2014-05-04,1043.37210
2014-05-05,1043.37210
2014-05-06,1043.37210
2014-05-07,1043.37210
2014-05-08,1043.37210
2014-05-09,1043.37210
2014-05-10,1043.37210
2014-05-11,1043.37210
2014-05-12,1043.37210
2014-05-13,1043.37210
2014-05-14,1043.37210
2014-05-15,1043.37210
2014-05-16,1043.37210
2014-05-17,1043.37210
2014-05-18,1043.37210
2014-05-19,1043.37210
2014-05-20,1043.37210
2014-05-21,1043.37210
2014-05-22,1043.37210
2014-05-23,1043.37210
2014-05-24,1043.37210
2014-05-25,1043.37210
2014-05-26,1043.37210
2014-05-27,1043.37210
2014-05-28,1043.37210
2014-05-29,1043.37210
2014-05-30,1043.37210
2014-05-31,1043.37210
2014-06-01,1043.37210
2014-06-02,1043.37210
2014-06-03,1043.37210
2014-06-04,1043.37210
2014-06-05,1043.37210
2014-06-06,1043.37210
2014-06-07,1043.37210
2014-06-08,1043.37210
2014-06-09,1043.37210
2014-06-10,1043.37210
2014-06-11,1043.37210
2014-06-12,1043.37210
2014-06-13,1043.37210
2014-06-14,1043.37210
2014-06-15,1043.37210
2014-06-16,1043.37210
2014-06-17,1043.37210
2014-06-18,1043.37210
2014-06-19,1043.37210
2014-06-20,1043.37210
2014-06-21,1043.37210
2014-06-22,1043.37210
2014-06-23,1043.37210
2014-06-24,1043.37210
2014-06-25,1043.37210
2014-06-26,1043.37210
2014-06-27,1043.37210
2014-06-28,1043.37210
2014-06-29,1043.37210
2014-06-30,1043.37210
2014-07-01,1043.37210
2014-07-02,1043.37210
2014-07-03,1043.37210
2014-07-04,1043.37210
2014-07-05,1043.37210
2014-07-06,1043.37210
2014-07-07,1043.37210
2014-07-08,1043.37210
2014-07-09,1043.37210
2014-07-10,1043.37210
2014-07-11,1043.37210
2014-07-12,1043.37210
2014-07-13,1043.37210
2014-07-14,1043.37210
2014-07-15,1043.37210
2014-07-16,1043.37210
2014-07-17,1043.37210
2014-07-18,1043.37210
2014-07-19,1043.37210
2014-07-20,1043.37210
2014-07-21,1043.37210
2014-07-22,1043.37210
2014-07-23,1043.37210
2014-07-24,1043.37210
2014-07-25,1043.37210
2014-07-26,1043.37210
2014-07-27,1043.37210
2014-07-28,1043.37210
2014-07-29,1043.37210
2014-07-30,1043.37210
2014-07-31,1043.37210
2014-08-01,1043.37210
2014-08-02,1043.37210
2014-08-03,1043.37210
2014-08-04,1043.37210
2014-08-05,1043.37210
2014-08-06,1043.37210
2014-08-07,1043.37210
2014-08-08,1043.37210
2014-08-09,1043.37210
2014-08-10,1043.37210
2014-08-11,1043.37210
2014-08-12,1043.37210
2014-08-13,1043.37210
2014-08-14,1043.37210
2014-08-15,1043.37210
2014-08-16,1043.37210
2014-08-17,1043.37210
2014-08-18,1043.37210
2014-08-19,1043.37210
2014-08-20,1043.37210
2014-08-21,1043.37210
2014-08-22,1043.37210
2014-08-23,1043.37210
2014-08-24,1043.37210
2014-08-25,1043.37210
2014-08-26,1043.37210
2014-08-27,1043.37210
2014-08-28,1043.37210
2014-08-29,1043.37210
2014-08-30,1043.37210
2014-08-31,1043.37210
2014-09-01,1043.37210
2014-09-02,1043.37210
2014-09-03,1043.37210
2014-09-04,1043.37210
2014-09-05,1043.37210
2014-09-06,1043.37210
2014-09-07,1043.37210
2014-09-08,1043.37210
2014-09-09,1043.37210
2014-09-10,1043.37210
2014-09-11,1043.37210
2014-09-12,1043.37210
2014-09-13,1043.37210
2014-09-14,1043.37210
2014-09-15,1043.37210
2014-09-16,1043.37210
2014-09-17,1043.37210
2014-09-18,1043.37210
2014-09-19,1043.37210
2014-09-20,1043.37210
2014-09-21,1043.37210
2014-09-22,1043.37210
2014-09-23,1043.37210
2014-09-24,1043.37210
2014-09-25,1043.37210
2014-09-26,1043.37210
2014-09-27,1043.37210
2014-09-28,1043.37210
2014-09-29,1043.37210
2014-09-30,1043.37210
2014-10-01,1043.37210
2014-10-02,1043.37210
2014-10-03,1043.37210
2014-10-04,1043.37210
2014-10-05,1043.37210
2014-10-06,1043.37210
2014-10-07,1043.37210
2014-10-08,1043.37210
2014-10-09,1043.37210
2014-10-10,1043.37210
2014-10-11,1043.37210
2014-10-12,1043.37210
2014-10-13,1043.37210
2014-10-14,1043.37210
2014-10-15,1043.37210
2014-10-16,1043.37210
2014-10-17,1043.37210
2014-10-18,1043.37210
2014-10-19,1043.37210
2014-10-20,1043.37210
2014-10-21,1043.37210
2014-10-22,1043.37210
2014-10-23,1043.37210
2014-10-24,1043.37210
2014-10-25,1043.37210
2014-10-26,1043.37210
2014-10-27,1043.37210
2014-10-28,1043.37210
2014-10-29,1043.37210
2014-10-30,1043.37210
2014-10-31,1043.37210
2014-11-01,1043.37210
2014-11-02,1043.37210
2014-11-03,1043.37210
2014-11-04,1043.37210
2014-11-05,1043.37210
2014-11-06,1043.37210
2014-11-07,1043.37210
2014-11-08,1043.37210
2014-11-09,1043.37210
2014-11-10,1043.37210
2014-11-11,1043.37210
2014-11-12,1043.37210
2014-11-13,1043.37210
2014-11-14,1043.37210
2014-11-15,1043.37210
2014-11-16,1043.37210
2014-11-17,1043.37210
2014-11-18,1043.37210
2014-11-19,1043.37210
2014-11-20,1043.37210
2014-11-21,1043.37210
2014-11-22,1043.37210
2014-11-23,1043.37210
2014-11-24,1043.37210
2014-11-25,1043.37210
2014-11-26,1043.37210
2014-11-27,1043.37210
2014-11-28,1043.37210
2014-11-29,1043.37210
2014-11-30,1043.37210
2014-12-01,1043.37210
2014-12-02,1043.37210
2014-12-03,1043.37210
2014-12-04,1043.37210
2014-12-05,1043.37210
2014-12-06,1043.37210
2014-12-07,1043.37210
2014-12-08,1043.37210
2014-12-09,1043.37210
2014-12-10,1043.37210
2014-12-11,1043.37210
2014-12-12,1043.37210
2014-12-13,1043.37210
2014-12-14,1043.37210
2014-12-15,1043.37210
2014-12-16,1043.37210
2014-12-17,1043.37210
2014-12-18,1043.37210
2014-12-19,1043.37210
2014-12-20,1043.37210
2014-12-21,1043.37210
2014-12-22,1043.37210
2014-12-23,1043.37210
2014-12-24,1043.37210
2014-12-25,1043.37210
2014-12-26,1043.37210
2014-12-27,1043.37210
2014-12-28,1043.37210
2014-12-29,1043.37210
2014-12-30,1043.37210
2014-12-31,1043.37210
2015-01-01,1043.37210
2015-01-02,1043.37210
2015-01-03,1043.37210
2015-01-04,1043.37210
2015-01-05,1043.37210
2015-01-06,1043.37210
2015-01-07,1043.37210
2015-01-08,1043.37210
2015-01-09,1043.37210
2015-01-10,1043.37210
2015-01-11,1043.37210
2015-01-12,1043.37210
2015-01-13,1043.37210
2015-01-14,1043.37210
2015-01-15,1043.37210
2015-01-16,1043.37210
2015-01-17,1043.37210
2015-01-18,1043.37210
2015-01-19,1043.37210
2015-01-20,1043.37210
2015-01-21,1043.37210
2015-01-22,1043.37210
2015-01-23,1043.37210
2015-01-24,1043.37210
2015-01-25,1043.37210
2015-01-26,1043.37210
2015-01-27,1043.37210
2015-01-28,1043.37210
2015-01-29,1043.37210
2015-01-30,1043.37210
2015-01-31,1043.37210
2015-02-01,1043.37210
2015-02-02,1043.37210
2015-02-03,1043.37210
2015-02-04,1043.37210
2015-02-05,1043.37210
2015-02-06,1043.37210
2015-02-07,1043.37210
2015-02-08,1043.37210
2015-02-09,1043.37210
2015-02-10,1043.37210
2015-02-11,1043.37210
2015-02-12,1043.37210
2015-02-13,1043.37210
2015-02-14,1043.37210
2015-02-15,1043.37210
2015-02-16,1043.37210
2015-02-17,1043.37210
2015-02-18,1043.37210
2015-02-19,1043.37210
2015-02-20,1043.37210
2015-02-21,1043.37210
2015-02-22,1043.37210
2015-02-23,1043.37210
2015-02-24,1043.37210
2015-02-25,1043.37210
2015-02-26,1043.37210
2015-02-27,1043.37210
2015-02-28,1043.37210
2015-03-01,1043.37210
2015-03-02,1043.37210
2015-03-03,1043.37210
2015-03-04,1043.37210
2015-03-05,1043.37210
2015-03-06,1043.37210
2015-03-07,1043.37210
2015-03-08,1043.37210
2015-03-09,1043.37210
2015-03-10,1043.37210
2015-03-11,1043.37210
2015-03-12,1043.37210
2015-03-13,1043.37210
2015-03-14,1043.37210
2015-03-15,1043.37210
2015-03-16,1043.37210
2015-03-17,1043.37210
2015-03-18,1043.37210
2015-03-19,1043.37210
2015-03-20,1043.37210
2015-03-21,1043.37210
2015-03-22,1043.37210
2015-03-23,1043.37210
2015-03-24,1043.37210
2015-03-25,1043.37210
2015-03-26,1043.37210
2015-03-27,1043.37210
2015-03-28,1043.37210
2015-03-29,1043.37210
2015-03-30,1043.37210
2015-03-31,1043.37210
2015-04-01,1043.37210
2015-04-02,1043.37210
2015-04-03,1043.37210
2015-04-04,1043.37210
2015-04-05,1043.37210
2015-04-06,1043.37210
2015-04-07,1043.37210
2015-04-08,1043.37210
2015-04-09,1043.37210
2015-04-10,1043.37210
2015-04-11,1043.37210
2015-04-12,1043.37210
2015-04-13,1043.37210
2015-04-14,1043.37210
2015-04-15,1043.37210
2015-04-16,1043.37210
2015-04-17,1043.37210
2015-04-18,1043.37210
2015-04-19,1043.37210
2015-04-20,1043.37210
2015-04-21,1043.37210
2015-04-22,1043.37210
2015-04-23,1043.37210
2015-04-24,1043.37210
2015-04-25,1043.37210
2015-04-26,1043.37210
2015-04-27,1043.37210
2015-04-28,1043.37210
2015-04-29,1043.37210
2015-04-30,1043.37210
2015-05-01,1043.37210
2015-05-02,1043.37210
2015-05-03,1043.37210
2015-05-04,1043.37210
2015-05-05,1043.37210
2015-05-06,1043.37210
2015-05-07,1043.37210
2015-05-08,1043.37210
2015-05-09,1043.37210
2015-05-10,1043.37210
2015-05-11,1043.37210
2015-05-12,1043.37210
2015-05-13,1043.37210
2015-05-14,1043.37210
2015-05-15,1043.37210
2015-05-16,1043.37210
2015-05-17,1043.37210
2015-05-18,1043.37210
2015-05-19,1043.37210
2015-05-20,1043.37210
2015-05-21,1043.37210
2015-05-22,1043.37210
2015-05-23,1043.37210
2015-05-24,1043.37210
2015-05-25,1043.37210
2015-05-26,1043.37210
2015-05-27,1043.37210
2015-05-28,1043.37210
2015-05-29,1043.37210
2015-05-30,1043.37210
2015-05-31,1043.37210
2015-06-01,1043.37210
2015-06-02,1043.37210
2015-06-03,1043.37210
2015-06-04,1043.37210
2015-06-05,1043.37210
2015-06-06,1043.37210
2015-06-07,1043.37210
2015-06-08,1043.37210
2015-06-09,1043.37210
2015-06-10,1043.37210
2015-06-11,1043.37210
2015-06-12,1043.37210
2015-06-13,1043.37210
2015-06-14,1043.37210
2015-06-15,1043.37210
2015-06-16,1043.37210
2015-06-17,1043.37210
2015-06-18,1043.37210
2015-06-19,1043.37210
2015-06-20,1043.37210
2015-06-21,1043.37210
2015-06-22,1043.37210
2015-06-23,1043.37210
2015-06-24,1043.37210
2015-06-25,1043.37210
2015-06-26,1043.37210
2015-06-27,1043.37210
2015-06-28,1043.37210
2015-06-29,1043.37210
2015-06-30,1043.37210
2015-07-01,1043.37210
2015-07-02,1043.37210
2015-07-03,1043.37210
2015-07-04,1043.37210
2015-07-05,1043.37210
2015-07-06,1043.37210
2015-07-07,1043.37210
2015-07-08,1043.37210
2015-07-09,1043.37210
2015-07-10,1043.37210
2015-07-11,1043.37210
2015-07-12,1043.37210
2015-07-13,1043.37210
2015-07-14,1043.37210
2015-07-15,1043.37210
2015-07-16,1043.37210
2015-07-17,1043.37210
2015-07-18,1043.37210
2015-07-19,1043.37210
2015-07-20,1043.37210
2015-07-21,1043.37210
2015-07-22,1043.37210
2015-07-23,1043.37210
2015-07-24,1043.37210
2015-07-25,1043.37210
2015-07-26,1043.37210
2015-07-27,1043.37210
2015-07-28,1043.37210
2015-07-29,1043.37210
2015-07-30,1043.37210
2015-07-31,1043.37210
2015-08-01,1043.37210
2015-08-02,1043.37210
2015-08-03,1043.37210
2015-08-04,1043.37210
2015-08-05,1043.37210
2015-08-06,1043.37210
2015-08-07,1043.37210
2015-08-08,1043.37210
2015-08-09,1043.37210
2015-08-10,1043.37210
2015-08-11,1043.37210
2015-08-12,1043.37210
2015-08-13,1043.37210
2015-08-14,1043.37210
2015-08-15,1043.37210
2015-08-16,1043.37210
2015-08-17,1043.37210
2015-08-18,1043.37210
2015-08-19,1043.37210
2015-08-20,1043.37210
2015-08-21,1043.37210
2015-08-22,1043.37210
2015-08-23,1043.37210
2015-08-24,1043.37210
2015-08-25,1043.37210
2015-08-26,1043.37210
2015-08-27,1043.37210
2015-08-28,1043.37210
2015-08-29,1043.37210
2015-08-30,1043.37210
2015-08-31,1043.37210
2015-09-01,1043.37210
2015-09-02,1043.37210
2015-09-03,1043.37210
2015-09-04,1043.37210
2015-09-05,1043.37210
2015-09-06,1043.37210
2015-09-07,1043.37210
2015-09-08,1043.37210
2015-09-09,1043.37210
2015-09-10,1043.37210
2015-09-11,1043.37210
2015-09-12,1043.37210
2015-09-13,1043.37210
2015-09-14,1043.37210
2015-09-15,1043.37210
2015-09-16,1043.37210
2015-09-17,1043.37210
2015-09-18,1043.37210
2015-09-19,1043.37210
2015-09-20,1043.37210
2015-09-21,1043.37210
2015-09-22,1043.37210
2015-09-23,1043.37210
2015-09-24,1043.37210
2015-09-25,1043.37210
2015-09-26,1043.37210
2015-09-27,1043.37210
2015-09-28,1043.37210
2015-09-29,1043.37210
2015-09-30,1043.37210
2015-10-01,1043.37210
2015-10-02,1043.37210
2015-10-03,1043.37210
2015-10-04,1043.37210
2015-10-05,1043.37210
2015-10-06,1043.37210
2015-10-07,1043.37210
2015-10-08,1043.37210
2015-10-09,1043.37210
2015-10-10,1043.37210
2015-10-11,1043.37210
2015-10-12,1043.37210
2015-10-13,1043.37210
2015-10-14,1043.37210
2015-10-15,1043.37210
2015-10-16,1043.37210
2015-10-17,1043.37210
2015-10-18,1043.37210
2015-10-19,1043.37210
2015-10-20,1043.37210
2015-10-21,1043.37210
2015-10-22,1043.37210
2015-10-23,1043.37210
2015-10-24,1043.37210
2015-10-25,1043.37210
2015-10-26,1043.37210
2015-10-27,1043.37210
2015-10-28,1043.37210
2015-10-29,1043.37210
2015-10-30,1043.37210
2015-10-31,1043.37210
2015-11-01,1043.37210
2015-11-02,1043.37210
2015-11-03,1043.37210
2015-11-04,1043.37210
2015-11-05,1043.37210
2015-11-06,1043.37210
2015-11-07,1043.37210
2015-11-08,1043.37210
2015-11-09,1043.37210
2015-11-10,1043.37210
2015-11-11,1043.37210
2015-11-12,1043.37210
2015-11-13,1043.37210
2015-11-14,1043.37210
2015-11-15,1043.37210
2015-11-16,1043.37210
2015-11-17,1043.37210
2015-11-18,1043.37210
2015-11-19,1043.37210
2015-11-20,1043.37210
2015-11-21,1043.37210
2015-11-22,1043.37210
2015-11-23,1043.37210
2015-11-24,1043.37210
2015-11-25,1043.37210
2015-11-26,1043.37210
2015-11-27,1043.37210
2015-11-28,1043.37210
2015-11-29,1043.37210
2015-11-30,1043.37210
2015-12-01,1043.37210
2015-12-02,1043.37210
2015-12-03,1043.37210
2015-12-04,1043.37210
2015-12-05,1043.37210
2015-12-06,1043.37210
2015-12-07,1043.37210
2015-12-08,1043.37210
2015-12-09,1043.37210
2015-12-10,1043.37210
2015-12-11,1043.37210
2015-12-12,1043.37210
2015-12-13,1043.37210
2015-12-14,1043.37210
2015-12-15,1043.37210
2015-12-16,1043.37210
2015-12-17,1043.37210
2015-12-18,1043.37210
2015-12-19,1043.37210
2015-12-20,1043.37210
2015-12-21,1043.37210
2015-12-22,1043.37210
2015-12-23,1043.37210
2015-12-24,1043.37210
2015-12-25,1043.37210
2015-12-26,1043.37210
2015-12-27,1043.37210
2015-12-28,1043.37210
2015-12-29,1043.37210
2015-12-30,1043.37210
2015-12-31,1043.37210
2016-01-01,1043.37210
2016-01-02,1043.37210
2016-01-03,1043.37210
2016-01-04,1043.37210
2016-01-05,1043.37210
2016-01-06,1043.37210
2016-01-07,1043.37210
2016-01-08,1043.37210
2016-01-09,1043.37210
2016-01-10,1043.37210
2016-01-11,1043.37210
2016-01-12,1043.37210
2016-01-13,1043.37210
2016-01-14,1043.37210
2016-01-15,1043.37210
2016-01-16,1043.37210
2016-01-17,1043.37210
2016-01-18,1043.37210
2016-01-19,1043.37210
2016-01-20,1043.37210
2016-01-21,1043.37210
2016-01-22,1043.37210
2016-01-23,1043.37210
2016-01-24,1043.37210
2016-01-25,1043.37210
2016-01-26,1043.37210
2016-01-27,1043.37210
2016-01-28,1043.37210
2016-01-29,1043.37210
2016-01-30,1043.37210
2016-01-31,1043.37210
2016-02-01,1043.37210
2016-02-02,1043.37210
2016-02-03,1043.37210
2016-02-04,1043.37210
2016-02-05,1043.37210
2016-02-06,1043.37210
2016-02-07,1043.37210
2016-02-08,1043.37210
2016-02-09,1043.37210
2016-02-10,1043.37210
2016-02-11,1043.37210
2016-02-12,1043.37210
2016-02-13,1043.37210
2016-02-14,1043.37210
2016-02-15,1043.37210
2016-02-16,1043.37210
2016-02-17,1043.37210
2016-02-18,1043.37210
2016-02-19,1043.37210
2016-02-20,1043.37210
2016-02-21,1043.37210
2016-02-22,1043.37210
2016-02-23,1043.37210
2016-02-24,1043.37210
2016-02-25,1043.37210
2016-02-26,1043.37210
2016-02-27,1043.37210
2016-02-28,1043.37210
2016-02-29,1043.37210
2016-03-01,1043.37210
2016-03-02,1043.37210
2016-03-03,1043.37210
2016-03-04,1043.37210
2016-03-05,1043.37210
2016-03-06,1043.37210
2016-03-07,1043.37210
2016-03-08,1043.37210
2016-03-09,1043.37210
2016-03-10,1043.37210
2016-03-11,1043.37210
2016-03-12,1043.37210
2016-03-13,1043.37210
2016-03-14,1043.37210
2016-03-15,1043.37210
2016-03-16,1043.37210
2016-03-17,1043.37210
2016-03-18,1043.37210
2016-03-19,1043.37210
2016-03-20,1043.37210
2016-03-21,1043.37210
2016-03-22,1043.37210
2016-03-23,1043.37210
2016-03-24,1043.37210
2016-03-25,1043.37210
2016-03-26,1043.37210
2016-03-27,1043.37210
2016-03-28,1043.37210
2016-03-29,1043.37210
2016-03-30,1043.37210
2016-03-31,1043.37210
2016-04-01,1043.37210
2016-04-02,1043.37210
2016-04-03,1043.37210
2016-04-04,1043.37210
2016-04-05,1043.37210
2016-04-06,1043.37210
2016-04-07,1043.37210
2016-04-08,1043.37210
2016-04-09,1043.37210
2016-04-10,1043.37210
2016-04-11,1043.37210
2016-04-12,1043.37210
2016-04-13,1043.37210
2016-04-14,1043.37210
2016-04-15,1043.37210
2016-04-16,1043.37210
2016-04-17,1043.37210
2016-04-18,1043.37210
2016-04-19,1043.37210
2016-04-20,1043.37210
2016-04-21,1043.37210
2016-04-22,1043.37210
2016-04-23,1043.37210
2016-04-24,1043.37210
2016-04-25,1043.37210
2016-04-26,1043.37210
2016-04-27,1043.37210
2016-04-28,1043.37210
2016-04-29,1043.37210
2016-04-30,1043.37210
2016-05-01,1043.37210
2016-05-02,1043.37210
2016-05-03,1043.37210
2016-05-04,1043.37210
2016-05-05,1043.37210
2016-05-06,1043.37210
2016-05-07,1043.37210
2016-05-08,1043.37210
2016-05-09,1043.37210
2016-05-10,1043.37210
2016-05-11,1043.37210
2016-05-12,1043.37210
2016-05-13,1043.37210
2016-05-14,1043.37210
2016-05-15,1043.37210
2016-05-16,1043.37210
2016-05-17,1043.37210
2016-05-18,1043.37210
2016-05-19,1043.37210
2016-05-20,1043.37210
2016-05-21,1043.37210
2016-05-22,1043.37210
2016-05-23,1043.37210
2016-05-24,1043.37210
2016-05-25,1043.37210
2016-05-26,1043.37210
2016-05-27,1043.37210
2016-05-28,1043.37210
2016-05-29,1043.37210
2016-05-30,1043.37210
2016-05-31,1043.37210
2016-06-01,1043.37210
2016-06-02,1043.37210
2016-06-03,1043.37210
2016-06-04,1043.37210
2016-06-05,1043.37210
2016-06-06,1043.37210
2016-06-07,1043.37210
2016-06-08,1043.37210
2016-06-09,1043.37210
2016-06-10,1043.37210
2016-06-11,1043.37210
2016-06-12,1043.37210
2016-06-13,1043.37210
2016-06-14,1043.37210
2016-06-15,1043.37210
2016-06-16,1043.37210
2016-06-17,1043.37210
2016-06-18,1043.37210
2016-06-19,1043.37210
2016-06-20,1043.37210
2016-06-21,1043.37210
2016-06-22,1043.37210
2016-06-23,1043.37210
2016-06-24,1043.37210
2016-06-25,1043.37210
2016-06-26,1043.37210
2016-06-27,1043.37210
2016-06-28,1043.37210
2016-06-29,1043.37210
2016-06-30,1043.37210
2016-07-01,1043.37210
2016-07-02,1043.37210
2016-07-03,1043.37210
2016-07-04,1043.37210
2016-07-05,1043.37210
2016-07-06,1043.37210
2016-07-07,1043.37210
2016-07-08,1043.37210
2016-07-09,1043.37210
2016-07-10,1043.37210
2016-07-11,1043.37210
2016-07-12,1043.37210
2016-07-13,1043.37210
2016-07-14,1043.37210
2016-07-15,1043.37210
2016-07-16,1043.37210
2016-07-17,1043.37210
2016-07-18,1043.37210
2016-07-19,1043.37210
2016-07-20,1043.37210
2016-07-21,1043.37210
2016-07-22,1043.37210
2016-07-23,1043.37210
2016-07-24,1043.37210
2016-07-25,1043.37210
2016-07-26,1043.37210
2016-07-27,1043.37210
2016-07-28,1043.37210
2016-07-29,1043.37210
2016-07-30,1043.37210
2016-07-31,1043.37210
2016-08-01,1043.37210
2016-08-02,1043.37210
2016-08-03,1043.37210
2016-08-04,1043.37210
2016-08-05,1043.37210
2016-08-06,1043.37210
2016-08-07,1043.37210
2016-08-08,1043.37210
2016-08-09,1043.37210
2016-08-10,1043.37210
2016-08-11,1043.37210
2016-08-12,1043.37210
2016-08-13,1043.37210
2016-08-14,1043.37210
2016-08-15,1043.37210
2016-08-16,1043.37210
2016-08-17,1043.37210
2016-08-18,1043.37210
2016-08-19,1043.37210
2016-08-20,1043.37210
2016-08-21,1043.37210
2016-08-22,1043.37210
2016-08-23,1043.37210
2016-08-24,1043.37210
2016-08-25,1043.37210
2016-08-26,1043.37210
2016-08-27,1043.37210
2016-08-28,1043.37210
2016-08-29,1043.37210
2016-08-30,1043.37210
2016-08-31,1043.37210
2016-09-01,1043.37210
2016-09-02,1043.37210
2016-09-03,1043.37210
2016-09-04,1043.37210
2016-09-05,1043.37210
2016-09-06,1043.37210
2016-09-07,1043.37210
2016-09-08,1043.37210
2016-09-09,1043.37210
2016-09-10,1043.37210
2016-09-11,1043.37210
2016-09-12,1043.37210
2016-09-13,1043.37210
2016-09-14,1043.37210
2016-09-15,1043.37210
2016-09-16,1043.37210
2016-09-17,1043.37210
2016-09-18,1043.37210
2016-09-19,1043.37210
2016-09-20,1043.37210
2016-09-21,1043.37210
2016-09-22,1043.37210
2016-09-23,1043.37210
2016-09-24,1043.37210
2016-09-25,1043.37210
2016-09-26,1043.37210
2016-09-27,1043.37210
2016-09-28,1043.37210
2016-09-29,1043.37210
2016-09-30,1043.37210
2016-10-01,1043.37210
2016-10-02,1043.37210
2016-10-03,1043.37210
2016-10-04,1043.37210
2016-10-05,1043.37210
2016-10-06,1043.37210
2016-10-07,1043.37210
2016-10-08,1043.37210
2016-10-09,1043.37210
2016-10-10,1043.37210
2016-10-11,1043.37210
2016-10-12,1043.37210
2016-10-13,1043.37210
2016-10-14,1043.37210
2016-10-15,1043.37210
2016-10-16,1043.37210
2016-10-17,1043.37210
2016-10-18,1043.37210
2016-10-19,1043.37210
2016-10-20,1043.37210
2016-10-21,1043.37210
2016-10-22,1043.37210
2016-10-23,1043.37210
2016-10-24,1043.37210
2016-10-25,1043.37210
2016-10-26,1043.37210
2016-10-27,1043.37210
2016-10-28,1043.37210
2016-10-29,1043.37210
2016-10-30,1043.37210
2016-10-31,1043.37210
2016-11-01,1043.37210
2016-11-02,1043.37210
2016-11-03,1043.37210
2016-11-04,1043.37210
2016-11-05,1043.37210
2016-11-06,1043.37210
2016-11-07,1043.37210
2016-11-08,1043.37210
2016-11-09,1043.37210
2016-11-10,1043.37210
2016-11-11,1043.37210
2016-11-12,1043.37210
2016-11-13,1043.37210
2016-11-14,1043.37210
2016-11-15,1043.37210
2016-11-16,1043.37210
2016-11-17,1043.37210
2016-11-18,1043.37210
2016-11-19,1043.37210
2016-11-20,1043.37210
2016-11-21,1043.37210
2016-11-22,1043.37210
2016-11-23,1043.37210
2016-11-24,1043.37210
2016-11-25,1043.37210
2016-11-26,1043.37210
2016-11-27,1043.37210
2016-11-28,1043.37210
2016-11-29,1043.37210
2016-11-30,1043.37210
2016-12-01,1043.37210
2016-12-02,1043.37210
2016-12-03,1043.37210
2016-12-04,1043.37210
2016-12-05,1043.37210
2016-12-06,1043.37210
2016-12-07,1043.37210
2016-12-08,1043.37210
2016-12-09,1043.37210
2016-12-10,1043.37210
2016-12-11,1043.37210
2016-12-12,1043.37210
2016-12-13,1043.37210
2016-12-14,1043.37210
2016-12-15,1043.37210
2016-12-16,1043.37210
2016-12-17,1043.37210
2016-12-18,1043.37210
2016-12-19,1043.37210
2016-12-20,1043.37210
2016-12-21,1043.37210
2016-12-22,1043.37210
2016-12-23,1043.37210
2016-12-24,1043.37210
2016-12-25,1043.37210
2016-12-26,1043.37210
2016-12-27,1043.37210
2016-12-28,1043.37210
2016-12-29,1043.37210
2016-12-30,1043.37210
2016-12-31,1043.37210
2017-01-01,1043.37210
2017-01-02,1043.37210
2017-01-03,1043.37210
2017-01-04,1043.37210
2017-01-05,1043.37210
2017-01-06,1043.37210
2017-01-07,1043.37210
2017-01-08,1043.37210
2017-01-09,1043.37210
2017-01-10,1043.37210
2017-01-11,1043.37210
2017-01-12,1043.37210
2017-01-13,1043.37210
2017-01-14,1043.37210
2017-01-15,1043.37210
2017-01-16,1043.37210
2017-01-17,1043.37210
2017-01-18,1043.37210
2017-01-19,1043.37210
2017-01-20,1043.37210
2017-01-21,1043.37210
2017-01-22,1043.37210
2017-01-23,1043.37210
2017-01-24,1043.37210
2017-01-25,1043.37210
2017-01-26,1043.37210
2017-01-27,1043.37210
2017-01-28,1043.37210
2017-01-29,1043.37210
2017-01-30,1043.37210
2017-01-31,1043.37210
2017-02-01,1043.37210
2017-02-02,1043.37210
2017-02-03,1043.37210
2017-02-04,1043.37210
2017-02-05,1043.37210
2017-02-06,1043.37210
2017-02-07,1043.37210
2017-02-08,1043.37210
2017-02-09,1043.37210
2017-02-10,1043.37210
2017-02-11,1043.37210
2017-02-12,1043.37210
2017-02-13,1043.37210
2017-02-14,1043.37210
2017-02-15,1043.37210
2017-02-16,1043.37210
2017-02-17,1043.37210
2017-02-18,1043.37210
2017-02-19,1043.37210
2017-02-20,1043.37210
2017-02-21,1043.37210
2017-02-22,1043.37210
2017-02-23,1043.37210
2017-02-24,1043.37210
2017-02-25,1043.37210
2017-02-26,1043.37210
2017-02-27,1043.37210
2017-02-28,1043.37210
2017-03-01,1043.37210
2017-03-02,1043.37210
2017-03-03,1043.37210
2017-03-04,1043.37210
2017-03-05,1043.37210
2017-03-06,1043.37210
2017-03-07,1043.37210
2017-03-08,1043.37210
2017-03-09,1043.37210
2017-03-10,1043.37210
2017-03-11,1043.37210
2017-03-12,1043.37210
2017-03-13,1043.37210
2017-03-14,1043.37210
2017-03-15,1043.37210
2017-03-16,1043.37210
2017-03-17,1043.37210
2017-03-18,1043.37210
2017-03-19,1043.37210
2017-03-20,1043.37210
2017-03-21,1043.37210
2017-03-22,1043.37210
2017-03-23,1043.37210
2017-03-24,1043.37210
2017-03-25,1043.37210
2017-03-26,1043.37210
2017-03-27,1043.37210
2017-03-28,1043.37210
2017-03-29,1043.37210
2017-03-30,1043.37210
2017-03-31,1043.37210
2017-04-01,1043.37210
2017-04-02,1043.37210
2017-04-03,1043.37210
2017-04-04,1043.37210
2017-04-05,1043.37210
2017-04-06,1043.37210
2017-04-07,1043.37210
2017-04-08,1043.37210
2017-04-09,1043.37210
2017-04-10,1043.37210
2017-04-11,1043.37210
2017-04-12,1043.37210
2017-04-13,1043.37210
2017-04-14,1043.37210
2017-04-15,1043.37210
2017-04-16,1043.37210
2017-04-17,1043.37210
2017-04-18,1043.37210
2017-04-19,1043.37210
2017-04-20,1043.37210
2017-04-21,1043.37210
2017-04-22,1043.37210
2017-04-23,1043.37210
2017-04-24,1043.37210
2017-04-25,1043.37210
2017-04-26,1043.37210
2017-04-27,1043.37210
2017-04-28,1043.37210
2017-04-29,1043.37210
2017-04-30,1043.37210
2017-05-01,1043.37210
2017-05-02,1043.37210
2017-05-03,1043.37210
2017-05-04,1043.37210
2017-05-05,1043.37210
2017-05-06,1043.37210
2017-05-07,1043.37210
2017-05-08,1043.37210
2017-05-09,1043.37210
2017-05-10,1043.37210
2017-05-11,1043.37210
2017-05-12,1043.37210
2017-05-13,1043.37210
2017-05-14,1043.37210
2017-05-15,1043.37210
2017-05-16,1043.37210
2017-05-17,1043.37210
2017-05-18,1043.37210
2017-05-19,1043.37210
2017-05-20,1043.37210
2017-05-21,1043.37210
2017-05-22,1043.37210
2017-05-23,1043.37210
2017-05-24,1043.37210
2017-05-25,1043.37210
2017-05-26,1043.37210
2017-05-27,1043.37210
2017-05-28,1043.37210
2017-05-29,1043.37210
2017-05-30,1043.37210
2017-05-31,1043.37210
2017-06-01,1043.37210
2017-06-02,1043.37210
2017-06-03,1043.37210
2017-06-04,1043.37210
2017-06-05,1043.37210
2017-06-06,1043.37210
2017-06-07,1043.37210
2017-06-08,1043.37210
2017-06-09,1043.37210
2017-06-10,1043.37210
2017-06-11,1043.37210
2017-06-12,1043.37210
2017-06-13,1043.37210
2017-06-14,1043.37210
2017-06-15,1043.37210
2017-06-16,1043.37210
2017-06-17,1043.37210
2017-06-18,1043.37210
2017-06-19,1043.37210
2017-06-20,1043.37210
2017-06-21,1043.37210
2017-06-22,1043.37210
2017-06-23,1043.37210
2017-06-24,1043.37210
2017-06-25,1043.37210
2017-06-26,1043.37210
2017-06-27,1043.37210
2017-06-28,1043.37210
2017-06-29,1043.37210
2017-06-30,1043.37210
2017-07-01,1043.37210
2017-07-02,1043.37210
2017-07-03,1043.37210
2017-07-04,1043.37210
2017-07-05,1043.37210
2017-07-06,1043.37210
2017-07-07,1043.37210
2017-07-08,1043.37210
2017-07-09,1043.37210
2017-07-10,1043.37210
2017-07-11,1043.37210
2017-07-12,1043.37210
2017-07-13,1043.37210
2017-07-14,1043.37210
2017-07-15,1043.37210
2017-07-16,1043.37210
2017-07-17,1043.37210
2017-07-18,1043.37210
2017-07-19,1043.37210
2017-07-20,1043.37210
2017-07-21,1043.37210
2017-07-22,1043.37210
2017-07-23,1043.37210
2017-07-24,1043.37210
2017-07-25,1043.37210
2017-07-26,1043.37210
2017-07-27,1043.37210
2017-07-28,1043.37210
2017-07-29,1043.37210
2017-07-30,1043.37210
2017-07-31,1043.37210
2017-08-01,1043.37210
2017-08-02,1043.37210
2017-08-03,1043.37210
2017-08-04,1043.37210
2017-08-05,1043.37210
2017-08-06,1043.37210
2017-08-07,1043.37210
2017-08-08,1043.37210
2017-08-09,1043.37210
2017-08-10,1043.37210
2017-08-11,1043.37210
2017-08-12,1043.37210
2017-08-13,1043.37210
2017-08-14,1043.37210
2017-08-15,1043.37210
2017-08-16,1043.37210
2017-08-17,1043.37210
2017-08-18,1043.37210
2017-08-19,1043.37210
2017-08-20,1043.37210
2017-08-21,1043.37210
2017-08-22,1043.37210
2017-08-23,1043.37210
2017-08-24,1043.37210
2017-08-25,1043.37210
2017-08-26,1043.37210
2017-08-27,1043.37210
2017-08-28,1043.37210
2017-08-29,1043.37210
2017-08-30,1043.37210
2017-08-31,1043.37210
2017-09-01,1043.37210
2017-09-02,1043.37210
2017-09-03,1043.37210
2017-09-04,1043.37210
2017-09-05,1043.37210
2017-09-06,1043.37210
2017-09-07,1043.37210
2017-09-08,1043.37210
2017-09-09,1043.37210
2017-09-10,1043.37210
2017-09-11,1043.37210
2017-09-12,1043.37210
2017-09-13,1043.37210
2017-09-14,1043.37210
2017-09-15,1043.37210
2017-09-16,1043.37210
2017-09-17,1043.37210
2017-09-18,1043.37210
2017-09-19,1043.37210
2017-09-20,1043.37210
2017-09-21,1043.37210
2017-09-22,1043.37210
2017-09-23,1043.37210
2017-09-24,1043.37210
2017-09-25,1043.37210
2017-09-26,1043.37210
2017-09-27,1043.37210
2017-09-28,1043.37210
2017-09-29,1043.37210
2017-09-30,1043.37210
2017-10-01,1043.37210
2017-10-02,1043.37210
2017-10-03,1043.37210
2017-10-04,1043.37210
2017-10-05,1043.37210
2017-10-06,1043.37210
2017-10-07,1043.37210
2017-10-08,1043.37210
2017-10-09,1043.37210
2017-10-10,1043.37210
2017-10-11,1043.37210
2017-10-12,1043.37210
2017-10-13,1043.37210
2017-10-14,1043.37210
2017-10-15,1043.37210
2017-10-16,1043.37210
2017-10-17,1043.37210
2017-10-18,1043.37210
2017-10-19,1043.37210
2017-10-20,1043.37210
2017-10-21,1043.37210
2017-10-22,1043.37210
2017-10-23,1043.37210
2017-10-24,1043.37210
2017-10-25,1043.37210
2017-10-26,1043.37210
2017-10-27,1043.37210
2017-10-28,1043.37210
2017-10-29,1043.37210
2017-10-30,1043.37210
2017-10-31,1043.37210
2017-11-01,1043.37210
2017-11-02,1043.37210
2017-11-03,1043.37210
2017-11-04,1043.37210
2017-11-05,1043.37210
2017-11-06,1043.37210
2017-11-07,1043.37210
2017-11-08,1043.37210
2017-11-09,1043.37210
2017-11-10,1043.37210
2017-11-11,1043.37210
2017-11-12,1043.37210
2017-11-13,1043.37210
2017-11-14,1043.37210
2017-11-15,1043.37210
2017-11-16,1043.37210
2017-11-17,1043.37210
2017-11-18,1043.37210
2017-11-19,1043.37210
2017-11-20,1043.37210
2017-11-21,1043.37210
2017-11-22,1043.37210
2017-11-23,1043.37210
2017-11-24,1043.37210
2017-11-25,1043.37210
2017-11-26,1043.37210
2017-11-27,1043.37210
2017-11-28,1043.37210
2017-11-29,1043.37210
2017-11-30,1043.37210
2017-12-01,1043.37210
2017-12-02,1043.37210
2017-12-03,1043.37210
2017-12-04,1043.37210
2017-12-05,1043.37210
2017-12-06,1043.37210
2017-12-07,1043.37210
2017-12-08,1043.37210
2017-12-09,1043.37210
2017-12-10,1043.37210
2017-12-11,1043.37210
2017-12-12,1043.37210
2017-12-13,1043.37210
2017-12-14,1043.37210
2017-12-15,1043.37210
2017-12-16,1043.37210
2017-12-17,1043.37210
2017-12-18,1043.37210
2017-12-19,1043.37210
2017-12-20,1043.37210
2017-12-21,1043.37210
2017-12-22,1043.37210
2017-12-23,1043.37210
2017-12-24,1043.37210
2017-12-25,1043.37210
2017-12-26,1043.37210
2017-12-27,1043.37210
2017-12-28,1043.37210
2017-12-29,1043.37210
2017-12-30,1043.37210
2017-12-31,1043.37210
2018-01-01,1043.37210
2018-01-02,1043.37210
2018-01-03,1043.37210
2018-01-04,1043.37210
2018-01-05,1043.37210
2018-01-06,1043.37210
2018-01-07,1043.37210
2018-01-08,1043.37210
2018-01-09,1043.37210
2018-01-10,1043.37210
2018-01-11,1043.37210
2018-01-12,1043.37210
2018-01-13,1043.37210
2018-01-14,1043.37210
2018-01-15,1043.37210
2018-01-16,1043.37210
2018-01-17,1043.37210
2018-01-18,1043.37210
2018-01-19,1043.37210
2018-01-20,1043.37210
2018-01-21,1043.37210
2018-01-22,1043.37210
2018-01-23,1043.37210
2018-01-24,1043.37210
2018-01-25,1043.37210
2018-01-26,1043.37210
2018-01-27,1043.37210
2018-01-28,1043.37210
2018-01-29,1043.37210
2018-01-30,1043.37210
2018-01-31,1043.37210
2018-02-01,1043.37210
2018-02-02,1043.37210
2018-02-03,1043.37210
2018-02-04,1043.37210
2018-02-05,1043.37210
2018-02-06,1043.37210
2018-02-07,1043.37210
2018-02-08,1043.37210
2018-02-09,1043.37210
2018-02-10,1043.37210
2018-02-11,1043.37210
2018-02-12,1043.37210
2018-02-13,1043.37210
2018-02-14,1043.37210
2018-02-15,1043.37210
2018-02-16,1043.37210
2018-02-17,1043.37210
2018-02-18,1043.37210
2018-02-19,1043.37210
2018-02-20,1043.37210
2018-02-21,1043.37210
2018-02-22,1043.37210
2018-02-23,1043.37210
2018-02-24,1043.37210
2018-02-25,1043.37210
2018-02-26,1043.37210
2018-02-27,1043.37210
2018-02-28,1043.37210
2018-03-01,1043.37210
2018-03-02,1043.37210
2018-03-03,1043.37210
2018-03-04,1043.37210
2018-03-05,1043.37210
2018-03-06,1043.37210
2018-03-07,1043.37210
2018-03-08,1043.37210
2018-03-09,1043.37210
2018-03-10,1043.37210
2018-03-11,1043.37210
2018-03-12,1043.37210
2018-03-13,1043.37210
2018-03-14,1043.37210
2018-03-15,1043.37210
2018-03-16,1043.37210
2018-03-17,1043.37210
2018-03-18,1043.37210
2018-03-19,1043.37210
2018-03-20,1043.37210
2018-03-21,1043.37210
2018-03-22,1043.37210
2018-03-23,1043.37210
2018-03-24,1043.37210
2018-03-25,1043.37210
2018-03-26,1043.37210
2018-03-27,1043.37210
2018-03-28,1043.37210
2018-03-29,1043.37210
2018-03-30,1043.37210
2018-03-31,1043.37210
2018-04-01,1043.37210
2018-04-02,1043.37210
2018-04-03,1043.37210
2018-04-04,1043.37210
2018-04-05,1043.37210
2018-04-06,1043.37210
2018-04-07,1043.37210
2018-04-08,1043.37210
2018-04-09,1043.37210
2018-04-10,1043.37210
2018-04-11,1043.37210
2018-04-12,1043.37210
2018-04-13,1043.37210
2018-04-14,1043.37210
2018-04-15,1043.37210
2018-04-16,1043.37210
2018-04-17,1043.37210
2018-04-18,1043.37210
2018-04-19,1043.37210
2018-04-20,1043.37210
2018-04-21,1043.37210
2018-04-22,1043.37210
2018-04-23,1043.37210
2018-04-24,1043.37210
2018-04-25,1043.37210
2018-04-26,1043.37210
2018-04-27,1043.37210
2018-04-28,1043.37210
2018-04-29,1043.37210
2018-04-30,1043.37210
2018-05-01,1043.37210
2018-05-02,1043.37210
2018-05-03,1043.37210
2018-05-04,1043.37210
2018-05-05,1043.37210
2018-05-06,1043.37210
2018-05-07,1043.37210
2018-05-08,1043.37210
2018-05-09,1043.37210
2018-05-10,1043.37210
2018-05-11,1043.37210
2018-05-12,1043.37210
2018-05-13,1043.37210
2018-05-14,1043.37210
2018-05-15,1043.37210
2018-05-16,1043.37210
2018-05-17,1043.37210
2018-05-18,1043.37210
2018-05-19,1043.37210
2018-05-20,1043.37210
2018-05-21,1043.37210
2018-05-22,1043.37210
2018-05-23,1043.37210
2018-05-24,1043.37210
2018-05-25,1043.37210
2018-05-26,1043.37210
2018-05-27,1043.37210
2018-05-28,1043.37210
2018-05-29,1043.37210
2018-05-30,1043.37210
2018-05-31,1043.37210
2018-06-01,1043.37210
2018-06-02,1043.37210
2018-06-03,1043.37210
2018-06-04,1043.37210
2018-06-05,1043.37210
2018-06-06,1043.37210
2018-06-07,1043.37210
2018-06-08,1043.37210
2018-06-09,1043.37210
2018-06-10,1043.37210
2018-06-11,1043.37210
2018-06-12,1043.37210
2018-06-13,1043.37210
2018-06-14,1043.37210
2018-06-15,1043.37210
2018-06-16,1043.37210
2018-06-17,1043.37210
2018-06-18,1043.37210
2018-06-19,1043.37210
2018-06-20,1043.37210
2018-06-21,1043.37210
2018-06-22,1043.37210
2018-06-23,1043.37210
2018-06-24,1043.37210
2018-06-25,1043.37210
2018-06-26,1043.37210
2018-06-27,1043.37210
2018-06-28,1043.37210
2018-06-29,1043.37210
2018-06-30,1043.37210
2018-07-01,1043.37210
2018-07-02,1043.37210
2018-07-03,1043.37210
2018-07-04,1043.37210
2018-07-05,1043.37210
2018-07-06,1043.37210
2018-07-07,1043.37210
2018-07-08,1043.37210
2018-07-09,1043.37210
2018-07-10,1043.37210
2018-07-11,1043.37210
2018-07-12,1043.37210
2018-07-13,1043.37210
2018-07-14,1043.37210
2018-07-15,1043.37210
2018-07-16,1043.37210
2018-07-17,1043.37210
2018-07-18,1043.37210
2018-07-19,1043.37210
2018-07-20,1043.37210
2018-07-21,1043.37210
2018-07-22,1043.37210
2018-07-23,1043.37210
2018-07-24,1043.37210
2018-07-25,1043.37210
2018-07-26,1043.37210
2018-07-27,1043.37210
2018-07-28,1043.37210
2018-07-29,1043.37210
2018-07-30,1043.37210
2018-07-31,1043.37210
2018-08-01,1043.37210
2018-08-02,1043.37210
2018-08-03,1043.37210
2018-08-04,1043.37210
2018-08-05,1043.37210
2018-08-06,1043.37210
2018-08-07,1043.37210
2018-08-08,1043.37210
2018-08-09,1043.37210
2018-08-10,1043.37210
2018-08-11,1043.37210
2018-08-12,1043.37210
2018-08-13,1043.37210
2018-08-14,1043.37210
2018-08-15,1043.37210
2018-08-16,1043.37210
2018-08-17,1043.37210
2018-08-18,1043.37210
2018-08-19,1043.37210
2018-08-20,1043.37210
2018-08-21,1043.37210
2018-08-22,1043.37210
2018-08-23,1043.37210
2018-08-24,1043.37210
2018-08-25,1043.37210
2018-08-26,1043.37210
2018-08-27,1043.37210
2018-08-28,1043.37210
2018-08-29,1043.37210
2018-08-30,1043.37210
2018-08-31,1043.37210
2018-09-01,1043.37210
2018-09-02,1043.37210
2018-09-03,1043.37210
2018-09-04,1043.37210
2018-09-05,1043.37210
2018-09-06,1043.37210
2018-09-07,1043.37210
2018-09-08,1043.37210
2018-09-09,1043.37210
2018-09-10,1043.37210
2018-09-11,1043.37210
2018-09-12,1043.37210
2018-09-13,1043.37210
2018-09-14,1043.37210
2018-09-16,1043.37210
2018-09-17,1043.37210
2018-09-18,1043.37210
2018-09-20,1043.37210
2018-09-23,1043.37210
2018-09-24,1043.37210
2018-09-25,1043.37210
2018-09-26,1043.37210
2018-09-27,1043.37210
2018-09-28,1043.37210
2018-09-30,1043.37210
2018-10-01,1043.37210
2018-10-02,1043.37210
2018-10-03,1043.37210
2018-10-04,1043.37210
2018-10-05,1043.37210
2018-10-07,1043.37210
2018-10-08,1043.37210
2018-10-09,1043.37210
2018-10-10,1043.37210
2018-10-11,1043.37210
2018-10-14,1043.37210
2018-10-15,1043.37210
2018-10-16,1043.37210
2018-10-18,1043.37210
2018-10-19,1043.37210
2018-10-21,1043.37210
2018-10-22,1043.37210
2018-10-23,1043.37210
2018-10-24,1043.37210
2018-10-25,1043.37210
2018-10-28,1043.37210
2018-10-29,1043.37210
2018-10-30,1043.37210
2018-10-31,1043.37210
2018-11-01,1043.37210
2018-11-02,1043.37210
2018-11-04,1043.37210
2018-11-05,1043.37210
2018-11-08,1043.37210
2018-11-11,1043.37210
2018-11-12,1043.37210
2018-11-13,1043.37210
2018-11-14,1043.37210
2018-11-15,1043.37210
2018-11-16,1043.37210
2018-11-18,1043.37210
2018-11-19,1043.37210
2018-11-20,1043.37210
2018-11-21,1043.37210
2018-11-25,1043.37210
2018-11-26,1043.37210
2018-11-27,1043.37210
2018-11-28,1043.37210
2018-11-29,1043.37210
2018-11-30,1043.37210
2018-12-02,1043.37210
2018-12-03,1043.37210
2018-12-04,1043.37210
2018-12-05,1043.37210
2018-12-06,1043.37210
2018-12-09,1043.37210
2018-12-10,1043.37210
2018-12-11,1043.37210
2018-12-12,1043.37210
2018-12-13,1043.37210
2018-12-14,1043.37210
2018-12-16,1043.37210
2018-12-17,1043.37210
2018-12-18,1043.37210
2018-12-19,1043.37210
2018-12-20,1043.37210
2018-12-21,1043.37210
2018-12-23,1043.37210
2018-12-24,1043.37210
2018-12-25,1043.37210
2018-12-26,1043.37210
2018-12-27,1043.37210
2018-12-28,1043.37210
2018-12-30,1043.37210
2018-12-31,1043.37210
2019-01-01,1043.37210
2019-01-02,1043.37210
2019-01-03,1043.37210
2019-01-04,1043.37210
2019-01-06,1043.37210
2019-01-07,1043.37210
2019-01-08,1043.37210
2019-01-09,1043.37210
2019-01-10,1043.37210
2019-01-11,1043.37210
2019-01-13,1043.37210
2019-01-14,1043.37210
2019-01-15,1043.37210
2019-01-16,1043.37210
2019-01-17,1043.37210
2019-01-18,1043.37210
2019-01-20,1043.37210
2019-01-21,1043.37210
2019-01-22,1043.37210
2019-01-23,1043.37210
2019-01-24,1043.37210
2019-01-25,1043.37210
2019-01-27,1043.37210
2019-01-28,1043.37210
2019-01-29,1043.37210
2019-01-30,1043.37210
2019-01-31,1043.37210
2019-02-01,1043.37210
2019-02-03,1043.37210
2019-02-04,1043.37210
2019-02-05,1043.37210
2019-02-06,1043.37210
2019-02-07,1043.37210
2019-02-08,1043.37210
2019-02-10,1043.37210
2019-02-11,1043.37210
2019-02-12,1043.37210
2019-02-13,1043.37210
2019-02-14,1043.37210
2019-02-15,1043.37210
2019-02-17,1043.37210
2019-02-18,1043.37210
2019-02-19,1043.37210
2019-02-20,1043.37210
2019-02-21,1043.37210
2019-02-22,1043.37210
2019-02-24,1043.37210
2019-02-25,1043.37210
2019-02-26,1043.37210
2019-02-27,1043.37210
2019-02-28,1043.37210
2019-03-01,1043.37210
2019-03-04,1043.37210
2019-03-05,1043.37210
2019-03-06,1043.37210
2019-03-07,1043.37210
2019-03-08,1043.37210
2019-03-10,1043.37210
2019-03-11,1043.37210
2019-03-12,1043.37210
2019-03-13,1043.37210
2019-03-14,1043.37210
2019-03-15,1043.37210
2019-03-17,1043.37210
2019-03-18,1043.37210
2019-03-19,1043.37210
2019-03-20,1043.37210
2019-03-21,1043.37210
2019-03-22,1043.37210
2019-03-24,1043.37210
2019-03-25,1043.37210
2019-03-26,1043.37210
2019-03-27,1043.37210
2019-03-28,1043.37210
2019-03-29,1043.37210
2019-03-31,1043.37210
2019-04-01,1043.37210
2019-04-02,1043.37210
2019-04-03,1043.37210
2019-04-04,1043.37210
2019-04-05,1043.37210
2019-04-07,1043.37210
2019-04-08,1043.37210
2019-04-09,1043.37210
2019-04-10,1043.37210
2019-04-11,1043.37210
2019-04-12,1043.37210
2019-04-14,1043.37210
2019-04-15,1043.37210
2019-04-16,1043.37210
2019-04-17,1043.37210
2019-04-18,1043.37210
2019-04-19,1043.37210
2019-04-21,1043.37210
2019-04-22,1043.37210
2019-04-23,1043.37210
2019-04-24,1043.37210
2019-04-25,1043.37210
2019-04-26,1043.37210
2019-04-29,1043.37210
2019-04-30,1043.37210
2019-05-01,1043.37210
2019-05-02,1043.37210
2019-05-03,1043.37210
2019-05-05,1043.37210
2019-05-06,1043.37210
2019-05-07,1043.37210
2019-05-08,1043.37210
2019-05-09,1043.37210
2019-05-10,1043.37210
2019-05-12,1043.37210
2019-05-13,1043.37210
2019-05-14,1043.37210
2019-05-15,1043.37210
2019-05-16,1043.37210
2019-05-17,1043.37210
2019-05-19,1043.37210
2019-05-20,1043.37210
2019-05-21,1043.37210
2019-05-22,1043.37210
2019-05-23,1043.37210
2019-05-24,1043.37210
2019-05-25,1043.37210
2019-05-26,1043.37210
2019-05-27,1043.37210
2019-05-28,1043.37210
2019-05-29,1043.37210
2019-05-30,1043.37210
2019-05-31,1043.37210
2019-06-02,1043.37210
2019-06-03,1043.37210
2019-06-04,1043.37210
2019-06-05,1043.37210
2019-06-06,1043.37210
2019-06-07,1043.37210
2019-06-09,1043.37210
2019-06-10,1043.37210
2019-06-11,1043.37210
2019-06-12,1043.37210
2019-06-13,1043.37210
2019-06-14,1043.37210
2019-06-16,1043.37210
2019-06-17,1043.37210
2019-06-18,1043.37210
2019-06-19,1043.37210
2019-06-20,1043.37210
2019-06-21,1043.37210
2019-06-22,1043.37210
2019-06-23,1043.37210
2019-06-24,1043.37210
2019-06-25,1043.37210
2019-06-26,1043.37210
2019-06-27,1043.37210
2019-06-28,1043.37210
2019-06-30,1043.37210
2019-07-01,1043.37210
2019-07-02,1043.37210
2019-07-03,1043.37210
2019-07-04,1043.37210
2019-07-05,1043.37210
2019-07-07,1043.37210
2019-07-08,1043.37210
2019-07-09,1043.37210
2019-07-10,1043.37210
2019-07-11,1043.37210
2019-07-12,1043.37210
2019-07-14,1043.37210
2019-07-15,1043.37210
2019-07-16,1043.37210
2019-07-17,1043.37210
2019-07-18,1043.37210
2019-07-19,1043.37210
2019-07-21,1043.37210
2019-07-22,1043.37210
2019-07-23,1043.37210
2019-07-24,1043.37210
2019-07-25,1043.37210
2019-07-26,1043.37210
2019-07-27,1043.37210
2019-07-28,1043.37210
2019-07-29,1043.37210
2019-07-30,1043.37210
2019-07-31,1043.37210
2019-08-01,1043.37210
2019-08-02,1043.37210
2019-08-04,1043.37210
2019-08-05,1043.37210
2019-08-06,1043.37210
2019-08-07,1043.37210
2019-08-08,1043.37210
2019-08-09,1043.37210
2019-08-10,1043.37210
2019-08-12,1043.37210
2019-08-13,1043.37210
2019-08-14,1043.37210
2019-08-15,1043.37210
2019-08-16,1043.37210
2019-08-17,1043.37210
2019-08-18,1043.37210
2019-08-19,1043.37210
2019-08-20,1043.37210
2019-08-21,1043.37210
2019-08-22,1043.37210
2019-08-23,1043.37210
2019-08-24,1043.37210
2019-08-25,1043.37210
2019-08-26,1043.37210
2019-08-27,1043.37210
2019-08-28,1043.37210
2019-08-29,1043.37210
2019-08-30,1043.37210
2019-09-02,1043.37210
2019-09-03,1043.37210
2019-09-04,1043.37210
2019-09-05,1043.37210
2019-09-06,1043.37210
2019-09-08,1043.37210
2019-09-09,1043.37210
2019-09-10,1043.37210
2019-09-11,1043.37210
2019-09-12,1043.37210
2019-09-13,1043.37210
2019-09-14,1043.37210
2019-09-15,1043.37210
2019-09-16,1043.37210
2019-09-17,1043.37210
2019-09-18,1043.37210
2019-09-19,1043.37210
2019-09-20,1043.37210
2019-09-22,1043.37210
2019-09-23,1043.37210
2019-09-24,1043.37210
2019-09-25,1043.37210
2019-09-26,1043.37210
2019-09-27,1043.37210
2019-09-29,1043.37210
2019-09-30,1043.37210
2019-10-01,1043.37210
2019-10-02,1043.37210
2019-10-03,1043.37210
2019-10-04,1043.37210
2019-10-06,1043.37210
2019-10-07,1043.37210
2019-10-08,1043.37210
2019-10-09,1043.37210
2019-10-10,1043.37210
2019-10-11,1043.37210
2019-10-13,1043.37210
2019-10-14,1043.37210
2019-10-15,1043.37210
2019-10-16,1043.37210
2019-10-17,1043.37210
2019-10-18,1043.37210
2019-10-21,1043.37210
2019-10-22,1043.37210
2019-10-23,1043.37210
2019-10-24,1043.37210
2019-10-25,1043.37210
2019-10-28,1043.37210
2019-10-29,1043.37210
2019-10-30,1043.37210
2019-10-31,1043.37210
2019-11-01,1043.37210
2019-11-03,1043.37210
2019-11-04,1043.37210
2019-11-05,1043.37210
2019-11-06,1043.37210
2019-11-07,1043.37210
2019-11-08,1043.37210
2019-11-10,1043.37210
2019-11-11,1043.37210
2019-11-12,1043.37210
2019-11-13,1043.37210
2019-11-14,1043.37210
2019-11-15,1043.37210
2019-11-17,1043.37210
2019-11-18,1043.37210
2019-11-19,1043.37210
2019-11-20,1043.37210
2019-11-21,1043.37210
2019-11-22,1043.37210
2019-11-24,1043.37210
2019-11-25,1043.37210
2019-11-26,1043.37210
2019-11-27,1043.37210
2019-11-28,1043.37210
2019-11-29,1043.37210
2019-12-01,1043.37210
2019-12-02,1043.37210
2019-12-03,1043.37210
2019-12-04,1043.37210
2019-12-05,1043.37210
2019-12-06,1043.37210
2019-12-08,1043.37210
2019-12-09,1043.37210
2019-12-10,1043.37210
2019-12-11,1043.37210
2019-12-12,1043.37210
2019-12-13,1043.37210
2019-12-15,1043.37210
2019-12-16,1043.37210
2019-12-17,1043.37210
2019-12-18,1043.37210
2019-12-19,1043.37210
2019-12-20,1043.37210
2019-12-22,1043.37210
2019-12-23,1043.37210
2019-12-24,1043.37210
2019-12-25,1043.37210
2019-12-26,1043.37210
2019-12-27,1043.37210
2019-12-28,1043.37210
2019-12-29,1043.37210
2019-12-30,1043.37210
2019-12-31,1043.37210
2020-01-01,1043.37210
2020-01-02,1043.37210
2020-01-03,1043.37210
2020-01-05,1043.37210
2020-01-06,1043.37210
2020-01-07,1043.37210
2020-01-08,1043.37210
2020-01-09,1043.37210
2020-01-10,1043.37210
2020-01-11,1043.37210
2020-01-12,1043.37210
2020-01-13,1043.37210
2020-01-14,1043.37210
2020-01-15,1043.37210
2020-01-16,1043.37210
2020-01-17,1043.37210
2020-01-19,1043.37210
2020-01-20,1043.37210
2020-01-21,1043.37210
2020-01-22,1043.37210
2020-01-23,1043.37210
2020-01-24,1043.37210
2020-01-25,1043.37210
2020-01-26,1043.37210
2020-01-27,1043.37210
2020-01-28,1043.37210
2020-01-29,1043.37210
2020-01-30,1043.37210
2020-01-31,1043.37210
2020-02-02,1043.37210
2020-02-03,1043.37210
2020-02-04,1043.37210
2020-02-05,1043.37210
2020-02-06,1043.37210
2020-02-07,1043.37210
2020-02-09,1043.37210
2020-02-10,1043.37210
2020-02-11,1043.37210
2020-02-12,1043.37210
2020-02-13,1043.37210
2020-02-14,1043.37210
2020-02-16,1043.37210
2020-02-17,1043.37210
2020-02-18,1043.37210
2020-02-19,1043.37210
2020-02-20,1043.37210
2020-02-23,1043.37210
2020-02-24,1043.37210
2020-02-25,1043.37210
2020-02-26,1043.37210
2020-02-27,1043.37210
2020-02-28,1043.37210
2020-03-01,1043.37210
2020-03-02,1043.37210
2020-03-03,1043.37210
2020-03-04,1043.37210
2020-03-05,1043.37210
2020-03-06,1043.37210
2020-03-08,1043.37210
2020-03-09,1043.37210
2020-03-10,1043.37210
2020-03-11,1043.37210
2020-03-12,1043.37210
2020-03-13,1043.37210
2020-03-15,1043.37210
2020-03-16,1043.37210
2020-03-17,1043.37210
2020-03-18,1043.37210
2020-03-19,1043.37210
2020-03-20,1043.37210
2020-03-22,1043.37210
2020-03-23,1043.37210
2020-03-24,1043.37210
2020-03-25,1043.37210
2020-03-26,1043.37210
2020-03-27,1043.37210
