Date,NAV
2006-04-01,1258.79880
2006-04-02,1259.00520
2006-04-03,1259.29820
2006-04-04,1259.55830
2006-04-05,1259.79240
2006-04-06,1259.99030
2006-04-07,1260.19220
2006-04-08,1260.39400
2006-04-09,1260.59580
2006-04-10,1260.82750
2006-04-11,1261.02130
2006-04-12,1261.21750
2006-04-13,1261.45420
2006-04-14,1261.64970
2006-04-15,1261.84560
2006-04-16,1262.04150
2006-04-17,1262.23680
2006-04-18,1262.45160
2006-04-19,1262.67110
2006-04-20,1262.90480
2006-04-21,1263.12690
2006-04-22,1263.33000
2006-04-23,1263.53300
2006-04-24,1263.75490
2006-04-25,1263.96060
2006-04-26,1264.16660
2006-04-27,1264.41990
2006-04-28,1264.62830
2006-04-29,1264.83680
2006-04-30,1265.04530
2006-05-01,1265.25380
2006-05-02,1265.46300
2006-05-03,1265.68800
2006-05-04,1265.89430
2006-05-05,1266.10170
2006-05-06,1266.30910
2006-05-07,1266.51650
2006-05-08,1266.71330
2006-05-09,1266.91180
2006-05-10,1267.10820
2006-05-11,1267.30290
2006-05-12,1267.49760
2006-05-13,1267.69240
2006-05-14,1267.88720
2006-05-15,1268.08400
2006-05-16,1268.28100
2006-05-17,1268.47810
2006-05-18,1268.67530
2006-05-19,1268.87220
2006-05-20,1269.06920
2006-05-21,1269.26610
2006-05-22,1269.46510
2006-05-23,1269.66260
2006-05-24,1269.86010
2006-05-25,1270.05770
2006-05-26,1270.25280
2006-05-27,1270.44770
2006-05-28,1270.64260
2006-05-29,1270.83890
2006-05-30,1271.03510
2006-05-31,1271.23050
2006-06-01,1271.33860
2006-06-02,1271.53710
2006-06-03,1271.73570
2006-06-04,1271.93430
2006-06-05,1272.09880
2006-06-06,1272.26700
2006-06-07,1272.46290
2006-06-08,1272.65910
2006-06-09,1272.83990
2006-06-10,1273.03990
2006-06-11,1273.23990
2006-06-12,1273.43910
2006-06-13,1273.63870
2006-06-14,1273.83860
2006-06-15,1274.03850
2006-06-16,1274.23910
2006-06-17,1274.43980
2006-06-18,1274.64050
2006-06-19,1274.84100
2006-06-20,1275.04320
2006-06-21,1275.24370
2006-06-22,1275.44400
2006-06-23,1275.61610
2006-06-24,1275.81690
2006-06-25,1276.01760
2006-06-26,1276.21760
2006-06-27,1276.41930
2006-06-28,1276.61930
2006-06-29,1276.82250
2006-06-30,1277.02720
2006-07-01,1277.23190
2006-07-02,1277.43660
2006-07-03,1277.64140
2006-07-04,1277.84610
2006-07-05,1278.05100
2006-07-06,1278.25580
2006-07-07,1278.45850
2006-07-08,1278.66120
2006-07-09,1278.86380
2006-07-10,1279.06670
2006-07-11,1279.26920
2006-07-12,1279.47230
2006-07-13,1279.67530
2006-07-14,1279.87770
2006-07-15,1280.08010
2006-07-16,1280.28250
2006-07-17,1280.48490
2006-07-18,1280.68700
2006-07-19,1280.88970
2006-07-20,1281.09500
2006-07-21,1281.29740
2006-07-22,1281.49980
2006-07-23,1281.70220
2006-07-24,1281.90490
2006-07-25,1282.10810
2006-07-26,1282.31410
2006-07-27,1282.52020
2006-07-28,1282.72560
2006-07-29,1282.93130
2006-07-30,1283.13700
2006-07-31,1283.34170
2006-08-01,1283.54880
2006-08-02,1283.75590
2006-08-03,1283.96300
2006-08-04,1284.16930
2006-08-05,1284.37550
2006-08-06,1284.58180
2006-08-07,1284.78860
2006-08-08,1284.99490
2006-08-09,1285.20160
2006-08-10,1285.40860
2006-08-11,1285.61380
2006-08-12,1285.81890
2006-08-13,1286.02410
2006-08-14,1286.22930
2006-08-15,1286.43450
2006-08-16,1286.63980
2006-08-17,1286.84570
2006-08-18,1287.05210
2006-08-19,1287.25850
2006-08-20,1287.46380
2006-08-21,1287.67180
2006-08-22,1287.88020
2006-08-23,1288.08840
2006-08-24,1288.29850
2006-08-25,1288.50600
2006-08-26,1288.71350
2006-08-27,1288.92100
2006-08-28,1289.12920
2006-08-29,1289.34140
2006-08-30,1289.55410
2006-08-31,1289.76630
2006-09-01,1289.98180
2006-09-02,1290.19740
2006-09-03,1290.41310
2006-09-04,1290.62870
2006-09-05,1290.84440
2006-09-06,1291.06130
2006-09-07,1291.27920
2006-09-08,1291.49710
2006-09-09,1291.71510
2006-09-10,1291.93300
2006-09-11,1292.15130
2006-09-12,1292.37050
2006-09-13,1292.59050
2006-09-14,1292.81080
2006-09-15,1293.03270
2006-09-16,1293.25480
2006-09-17,1293.47690
2006-09-18,1293.70210
2006-09-19,1293.92610
2006-09-20,1294.15640
2006-09-21,1294.38850
2006-09-22,1294.62110
2006-09-23,1294.85210
2006-09-24,1295.08320
2006-09-25,1295.31560
2006-09-26,1295.55020
2006-09-27,1295.78580
2006-09-28,1296.02080
2006-09-29,1296.26420
2006-09-30,1296.50770
2006-10-01,1296.75110
2006-10-02,1296.99460
2006-10-03,1297.23140
2006-10-04,1297.46970
2006-10-05,1297.70770
2006-10-06,1297.94740
2006-10-07,1298.18690
2006-10-08,1298.42650
2006-10-09,1298.66620
2006-10-10,1298.90550
2006-10-11,1299.14560
2006-10-12,1299.38580
2006-10-13,1299.62610
2006-10-14,1299.86630
2006-10-15,1300.10640
2006-10-16,1300.34510
2006-10-17,1300.58880
2006-10-18,1300.82400
2006-10-19,1301.06840
2006-10-20,1301.31620
2006-10-21,1301.56170
2006-10-22,1301.80720
2006-10-23,1302.06170
2006-10-24,1302.31700
2006-10-25,1302.57220
2006-10-26,1302.82650
2006-10-27,1303.07880
2006-10-28,1303.33000
2006-10-29,1303.58120
2006-10-30,1303.83630
2006-10-31,1304.10050
2006-11-01,1304.36420
2006-11-02,1304.62800
2006-11-03,1304.89180
2006-11-04,1305.15560
2006-11-05,1305.41940
2006-11-06,1305.67150
2006-11-07,1305.92480
2006-11-08,1306.17650
2006-11-09,1306.42500
2006-11-10,1306.67730
2006-11-11,1306.92990
2006-11-12,1307.18250
2006-11-13,1307.43490
2006-11-14,1307.69440
2006-11-15,1307.95460
2006-11-16,1308.21510
2006-11-17,1308.47600
2006-11-18,1308.73700
2006-11-19,1308.99810
2006-11-20,1309.26130
2006-11-21,1309.52090
2006-11-22,1309.77750
2006-11-23,1310.03110
2006-11-24,1310.28430
2006-11-25,1310.53780
2006-11-26,1310.79140
2006-11-27,1311.03870
2006-11-28,1311.28610
2006-11-29,1311.53270
2006-11-30,1311.78590
2006-12-01,1312.03810
2006-12-02,1312.29020
2006-12-03,1312.54230
2006-12-04,1312.79430
2006-12-05,1313.04630
2006-12-06,1313.29950
2006-12-07,1313.55280
2006-12-08,1313.80620
2006-12-09,1314.05970
2006-12-10,1314.31320
2006-12-11,1314.56280
2006-12-12,1314.82430
2006-12-13,1315.08890
2006-12-14,1315.34790
2006-12-15,1315.61250
2006-12-16,1315.88670
2006-12-17,1316.16090
2006-12-18,1316.43010
2006-12-19,1316.69560
2006-12-20,1316.96740
2006-12-21,1317.24050
2006-12-22,1317.51580
2006-12-23,1317.79680
2006-12-24,1318.07790
2006-12-25,1318.35890
2006-12-26,1318.64610
2006-12-27,1318.94200
2006-12-28,1319.23920
2006-12-29,1319.53430
2006-12-30,1319.82680
2006-12-31,1320.11930
2007-01-01,1320.41180
2007-01-02,1320.69860
2007-01-03,1320.97620
2007-01-04,1321.24830
2007-01-05,1321.52690
2007-01-06,1321.80110
2007-01-07,1322.07530
2007-01-08,1322.35440
2007-01-09,1322.63370
2007-01-10,1322.91280
2007-01-11,1323.19170
2007-01-12,1323.46900
2007-01-15,1324.30560
2007-01-16,1324.58190
2007-01-17,1324.85810
2007-01-18,1325.13680
2007-01-19,1325.41530
2007-01-20,1325.69240
2007-01-21,1325.97100
2007-01-22,1326.25050
2007-01-23,1326.52740
2007-01-24,1326.80500
2007-01-25,1327.08180
2007-01-26,1327.35940
2007-01-27,1327.63760
2007-01-28,1327.91580
2007-01-29,1328.18980
2007-01-30,1328.46560
2007-01-31,1328.74190
2007-02-01,1329.01820
2007-02-02,1329.29670
2007-02-03,1329.57640
2007-02-04,1329.85620
2007-02-05,1330.13410
2007-02-06,1330.40510
2007-02-07,1330.67850
2007-02-08,1330.94070
2007-02-09,1331.20700
2007-02-10,1331.47330
2007-02-11,1331.73970
2007-02-12,1332.00290
2007-02-13,1332.26680
2007-02-14,1332.53590
2007-02-15,1332.81550
2007-02-16,1333.09940
2007-02-17,1333.38290
2007-02-18,1333.66640
2007-02-19,1333.95240
2007-02-20,1334.24240
2007-02-21,1334.53150
2007-02-22,1334.80590
2007-02-23,1335.07640
2007-02-24,1335.34530
2007-02-25,1335.61420
2007-02-26,1335.88440
2007-02-27,1336.15250
2007-02-28,1336.42490
2007-03-01,1336.69710
2007-03-02,1336.97590
2007-03-03,1337.25520
2007-03-04,1337.53460
2007-03-05,1337.80440
2007-03-06,1338.07600
2007-03-07,1338.35020
2007-03-08,1338.62520
2007-03-09,1338.91010
2007-03-10,1339.19370
2007-03-11,1339.47740
2007-03-12,1339.76090
2007-03-13,1340.04380
2007-03-14,1340.32640
2007-03-15,1340.61680
2007-03-16,1340.93440
2007-03-17,1341.25790
2007-03-18,1341.58140
2007-03-19,1341.90500
2007-03-20,1342.25680
2007-03-21,1342.69750
2007-03-22,1343.04730
2007-03-23,1343.36110
2007-03-24,1343.69170
2007-03-25,1344.02230
2007-03-26,1344.35180
2007-03-27,1344.68140
2007-03-28,1345.02600
2007-03-29,1345.34530
2007-03-30,1345.78420
2007-03-31,1346.22340
2007-04-01,1346.66290
2007-04-02,1347.10260
2007-04-03,1347.42960
2007-04-04,1347.74090
2007-04-05,1348.04290
2007-04-06,1348.34500
2007-04-07,1348.64740
2007-04-08,1348.94980
2007-04-09,1349.24960
2007-04-10,1349.54650
2007-04-11,1349.83790
2007-04-12,1350.11720
2007-04-13,1350.41310
2007-04-14,1350.70900
2007-04-15,1351.00490
2007-04-16,1351.30520
2007-04-17,1351.62450
2007-04-18,1351.94030
2007-04-19,1352.25390
2007-04-20,1352.56820
2007-04-21,1352.88360
2007-04-22,1353.19890
2007-04-23,1353.51230
2007-04-24,1353.82550
2007-04-25,1354.13090
2007-04-26,1354.43730
2007-04-27,1354.77930
2007-04-28,1355.10490
2007-04-29,1355.43050
2007-04-30,1355.74700
2007-05-01,1356.06460
2007-05-02,1356.38230
2007-05-03,1356.69540
2007-05-04,1357.00330
2007-05-05,1357.30910
2007-05-06,1357.61490
2007-05-07,1357.91410
2007-05-08,1358.21100
2007-05-09,1358.50170
2007-05-10,1358.79450
2007-05-11,1359.08840
2007-05-12,1359.38460
2007-05-13,1359.68080
2007-05-14,1359.99130
2007-05-15,1360.30290
2007-05-16,1360.61330
2007-05-17,1360.92320
2007-05-18,1361.23250
2007-05-19,1361.54220
2007-05-20,1361.85180
2007-05-21,1362.15500
2007-05-22,1362.45330
2007-05-23,1362.75080
2007-05-24,1363.04940
2007-05-25,1363.35030
2007-05-26,1363.65290
2007-05-27,1363.95570
2007-05-28,1364.25290
2007-05-29,1364.54230
2007-05-30,1364.83120
2007-05-31,1365.11670
2007-06-01,1365.40230
2007-06-02,1365.68790
2007-06-03,1365.97320
2007-06-04,1366.25840
2007-06-05,1366.53750
2007-06-06,1366.81670
2007-06-07,1367.09540
2007-06-08,1367.37490
2007-06-09,1367.66010
2007-06-10,1367.94520
2007-06-11,1368.23170
2007-06-12,1368.52030
2007-06-13,1368.77630
2007-06-14,1369.04090
2007-06-15,1369.31400
2007-06-16,1369.58620
2007-06-17,1369.85850
2007-06-18,1370.13300
2007-06-19,1370.40740
2007-06-20,1370.67570
2007-06-21,1370.94220
2007-06-22,1371.21170
2007-06-23,1371.49160
2007-06-24,1371.77130
2007-06-25,1372.05900
2007-06-26,1372.34790
2007-06-27,1372.64140
2007-06-28,1372.94010
2007-06-29,1373.24050
2007-06-30,1373.53000
2007-07-01,1373.81950
2007-07-02,1374.10900
2007-07-03,1374.39650
2007-07-04,1374.67690
2007-07-05,1374.95670
2007-07-06,1375.23590
2007-07-07,1375.52340
2007-07-08,1375.81090
2007-07-09,1376.09330
2007-07-10,1376.37090
2007-07-11,1376.63670
2007-07-12,1376.90920
2007-07-13,1377.18240
2007-07-14,1377.45590
2007-07-15,1377.72940
2007-07-16,1378.00260
2007-07-17,1378.27570
2007-07-18,1378.54870
2007-07-19,1378.82170
2007-07-20,1379.09340
2007-07-21,1379.36620
2007-07-22,1379.63900
2007-07-23,1379.91090
2007-07-24,1380.18300
2007-07-25,1380.45450
2007-07-26,1380.71960
2007-07-27,1381.01060
2007-07-28,1381.30210
2007-07-29,1381.59360
2007-07-30,1381.87980
2007-07-31,1382.17220
2007-08-01,1382.46470
2007-08-02,1382.75660
2007-08-03,1383.04840
2007-08-04,1383.33990
2007-08-05,1383.63150
2007-08-06,1383.92370
2007-08-07,1384.20590
2007-08-08,1384.48660
2007-08-09,1384.76560
2007-08-10,1385.04540
2007-08-11,1385.32510
2007-08-12,1385.60480
2007-08-13,1385.88460
2007-08-14,1386.16840
2007-08-15,1386.45220
2007-08-16,1386.73600
2007-08-17,1387.01950
2007-08-18,1387.31550
2007-08-19,1387.61150
2007-08-20,1387.90740
2007-08-21,1388.18720
2007-08-22,1388.46730
2007-08-23,1388.74700
2007-08-24,1389.02870
2007-08-25,1389.31080
2007-08-26,1389.59300
2007-08-27,1389.87430
2007-08-28,1390.15540
2007-08-29,1390.43640
2007-08-30,1390.71830
2007-08-31,1391.00420
2007-09-01,1391.29000
2007-09-02,1391.57580
2007-09-03,1391.86490
2007-09-04,1392.14630
2007-09-05,1392.42740
2007-09-06,1392.70870
2007-09-07,1392.99010
2007-09-08,1393.27170
2007-09-09,1393.55340
2007-09-10,1393.82970
2007-09-11,1394.10650
2007-09-12,1394.38320
2007-09-13,1394.67240
2007-09-14,1394.96340
2007-09-15,1395.25450
2007-09-16,1395.54560
2007-09-17,1395.83640
2007-09-18,1396.12520
2007-09-19,1396.41540
2007-09-20,1396.70160
2007-09-21,1396.99520
2007-09-22,1397.29310
2007-09-23,1397.59110
2007-09-24,1397.88520
2007-09-25,1398.17150
2007-09-26,1398.45790
2007-09-27,1398.74890
2007-09-28,1399.05590
2007-09-29,1399.36290
2007-09-30,1399.66980
2007-10-01,1399.96440
2007-10-02,1400.25900
2007-10-03,1400.55120
2007-10-04,1400.84350
2007-10-05,1401.13210
2007-10-06,1401.42080
2007-10-07,1401.70940
2007-10-08,1402.00190
2007-10-09,1402.29430
2007-10-10,1402.58670
2007-10-11,1402.88430
2007-10-12,1403.18440
2007-10-13,1403.48590
2007-10-14,1403.78740
2007-10-15,1404.08730
2007-10-16,1404.38800
2007-10-17,1404.68880
2007-10-18,1404.98900
2007-10-19,1405.28920
2007-10-20,1405.58950
2007-10-21,1405.88970
2007-10-22,1406.18990
2007-10-23,1406.49010
2007-10-24,1406.79060
2007-10-25,1407.09110
2007-10-26,1407.39160
2007-10-27,1407.69210
2007-10-28,1407.99270
2007-10-29,1408.29320
2007-10-30,1408.59820
2007-10-31,1408.90350
2007-11-01,1409.21170
2007-11-02,1409.51840
2007-11-03,1409.82500
2007-11-04,1410.13160
2007-11-05,1410.43910
2007-11-06,1410.75450
2007-11-07,1411.06990
2007-11-08,1411.38510
2007-11-09,1411.70020
2007-11-10,1412.01540
2007-11-11,1412.33060
2007-11-12,1412.64630
2007-11-13,1412.96350
2007-11-14,1413.27900
2007-11-15,1413.59470
2007-11-16,1413.91030
2007-11-17,1414.22580
2007-11-18,1414.54130
2007-11-19,1414.85690
2007-11-20,1415.17220
2007-11-21,1415.48510
2007-11-22,1415.79120
2007-11-23,1416.09310
2007-11-24,1416.39500
2007-11-25,1416.69690
2007-11-26,1417.00330
2007-11-27,1417.31150
2007-11-28,1417.61960
2007-11-29,1417.92770
2007-11-30,1418.23490
2007-12-01,1418.54240
2007-12-02,1418.85000
2007-12-03,1419.15480
2007-12-04,1419.45950
2007-12-05,1419.75970
2007-12-06,1420.05480
2007-12-07,1420.34080
2007-12-08,1420.63970
2007-12-09,1420.93870
2007-12-10,1421.23860
2007-12-11,1421.53940
2007-12-12,1421.84320
2007-12-13,1422.15430
2007-12-14,1422.46230
2007-12-15,1422.76900
2007-12-16,1423.07560
2007-12-17,1423.38170
2007-12-18,1423.68530
2007-12-19,1423.98860
2007-12-20,1424.30230
2007-12-21,1424.61600
2007-12-22,1424.92140
2007-12-23,1425.22670
2007-12-24,1425.53430
2007-12-25,1425.84190
2007-12-26,1426.15450
2007-12-27,1426.46760
2007-12-28,1426.77770
2007-12-29,1427.08760
2007-12-30,1427.39750
2007-12-31,1427.70390
2008-01-01,1428.01120
2008-01-02,1428.31650
2008-01-03,1428.61970
2008-01-04,1428.92620
2008-01-05,1429.23450
2008-01-06,1429.54270
2008-01-07,1429.84410
2008-01-08,1430.14510
2008-01-09,1430.44630
2008-01-10,1430.74730
2008-01-11,1431.04840
2008-01-12,1431.34960
2008-01-13,1431.65090
2008-01-14,1431.95200
2008-01-15,1432.25300
2008-01-16,1432.55390
2008-01-17,1432.85330
2008-01-18,1433.15290
2008-01-19,1433.45250
2008-01-20,1433.75210
2008-01-21,1434.06920
2008-01-22,1434.38400
2008-01-23,1434.70140
2008-01-24,1435.01940
2008-01-25,1435.33730
2008-01-26,1435.65530
2008-01-27,1435.97330
2008-01-28,1436.29000
2008-01-29,1436.64530
2008-01-30,1436.98880
2008-01-31,1437.33230
2008-02-01,1437.67280
2008-02-02,1438.00230
2008-02-03,1438.33170
2008-02-04,1438.65880
2008-02-05,1438.99350
2008-02-06,1439.32510
2008-02-07,1439.64200
2008-02-08,1439.95900
2008-02-09,1440.27610
2008-02-10,1440.59320
2008-02-11,1440.90900
2008-02-12,1441.22470
2008-02-13,1441.54040
2008-02-14,1441.84750
2008-02-15,1442.15460
2008-02-16,1442.46260
2008-02-17,1442.77060
2008-02-18,1443.07940
2008-02-19,1443.39220
2008-02-20,1443.70450
2008-02-21,1444.01590
2008-02-22,1444.32740
2008-02-23,1444.64090
2008-02-24,1444.95450
2008-02-25,1445.26740
2008-02-26,1445.57790
2008-02-27,1445.89170
2008-02-28,1446.20100
2008-02-29,1446.49780
2008-03-01,1446.79670
2008-03-02,1447.09570
2008-03-03,1447.39760
2008-03-04,1447.70760
2008-03-05,1448.02650
2008-03-06,1448.33180
2008-03-07,1448.63630
2008-03-08,1448.94110
2008-03-09,1449.24580
2008-03-10,1449.54630
2008-03-11,1449.84000
2008-03-12,1450.15190
2008-03-13,1450.46700
2008-03-14,1450.78270
2008-03-15,1451.06640
2008-03-16,1451.38350
2008-03-17,1451.70140
2008-03-18,1452.01670
2008-03-19,1452.34170
2008-03-20,1452.66680
2008-03-21,1452.99190
2008-03-22,1453.31710
2008-03-23,1453.64220
2008-03-24,1453.96410
2008-03-25,1454.29800
2008-03-26,1454.63390
2008-03-27,1454.97040
2008-03-28,1455.31120
2008-03-29,1455.66090
2008-03-30,1456.01070
2008-03-31,1456.35910
2008-04-01,1456.70760
2008-04-02,1457.04910
2008-04-03,1457.38290
2008-04-04,1457.71620
2008-04-05,1458.04950
2008-04-06,1458.38280
2008-04-07,1458.71500
2008-04-08,1459.04590
2008-04-09,1459.37660
2008-04-10,1459.70660
2008-04-11,1460.03850
2008-04-12,1460.37330
2008-04-13,1460.70800
2008-04-14,1461.04270
2008-04-15,1461.37490
2008-04-16,1461.70710
2008-04-17,1462.04010
2008-04-18,1462.37310
2008-04-19,1462.70780
2008-04-20,1463.04250
2008-04-21,1463.37580
2008-04-22,1463.71150
2008-04-23,1464.04860
2008-04-24,1464.38530
2008-04-25,1464.75040
2008-04-26,1465.11540
2008-04-27,1465.48040
2008-04-28,1465.81430
2008-04-29,1466.07460
2008-04-30,1466.33320
2008-05-01,1466.59180
2008-05-02,1466.84880
2008-05-03,1467.10620
2008-05-04,1467.36370
2008-05-05,1467.61880
2008-05-06,1467.86280
2008-05-07,1468.18720
2008-05-08,1468.51170
2008-05-09,1468.83300
2008-05-10,1469.15890
2008-05-11,1469.48480
2008-05-12,1469.80830
2008-05-13,1470.13190
2008-05-14,1470.45560
2008-05-15,1470.78350
2008-05-16,1471.11650
2008-05-17,1471.44430
2008-05-18,1471.77200
2008-05-19,1472.09470
2008-05-20,1472.41410
2008-05-21,1472.73610
2008-05-22,1473.05520
2008-05-23,1473.37360
2008-05-24,1473.69860
2008-05-25,1474.02360
2008-05-26,1474.34940
2008-05-27,1474.67500
2008-05-28,1475.00330
2008-05-29,1475.33410
2008-05-30,1475.66490
2008-05-31,1475.99540
2008-06-01,1476.32590
2008-06-02,1476.65250
2008-06-03,1476.97000
2008-06-04,1477.28710
2008-06-05,1477.60510
2008-06-06,1477.92380
2008-06-07,1478.24740
2008-06-08,1478.57100
2008-06-09,1478.89580
2008-06-10,1479.22540
2008-06-11,1479.55410
2008-06-12,1479.88860
2008-06-13,1480.21870
2008-06-14,1480.55330
2008-06-15,1480.88790
2008-06-16,1481.21880
2008-06-17,1481.55220
2008-06-18,1481.88540
2008-06-19,1482.21860
2008-06-20,1482.54920
2008-06-21,1482.88410
2008-06-22,1483.21910
2008-06-23,1483.55470
2008-06-24,1483.89110
2008-06-25,1484.24200
2008-06-26,1484.59390
2008-06-27,1484.95020
2008-06-28,1485.30650
2008-06-29,1485.66290
2008-06-30,1486.02050
2008-07-01,1486.37820
2008-07-02,1486.73390
2008-07-03,1487.08900
2008-07-04,1487.44470
2008-07-05,1487.80240
2008-07-06,1488.16000
2008-07-07,1488.51740
2008-07-08,1488.87730
2008-07-09,1489.23430
2008-07-10,1489.59130
2008-07-11,1489.93630
2008-07-12,1490.28100
2008-07-13,1490.62570
2008-07-14,1490.97060
2008-07-15,1491.31520
2008-07-16,1491.65980
2008-07-17,1492.00430
2008-07-18,1492.34890
2008-07-19,1492.69550
2008-07-20,1493.04220
2008-07-21,1493.39230
2008-07-22,1493.74260
2008-07-23,1494.09350
2008-07-24,1494.44330
2008-07-25,1494.79130
2008-07-26,1495.13930
2008-07-27,1495.48730
2008-07-28,1495.83320
2008-07-29,1496.17740
2008-07-30,1496.52460
2008-07-31,1496.86690
2008-08-01,1497.19410
2008-08-02,1497.53650
2008-08-03,1497.87880
2008-08-04,1498.22550
2008-08-05,1498.57210
2008-08-06,1498.91830
2008-08-07,1499.27060
2008-08-08,1499.62370
2008-08-09,1499.97670
2008-08-10,1500.32970
2008-08-11,1500.68260
2008-08-12,1501.03570
2008-08-13,1501.38900
2008-08-14,1501.74230
2008-08-15,1502.09550
2008-08-16,1502.44880
2008-08-17,1502.80220
2008-08-18,1503.15580
2008-08-19,1503.50950
2008-08-20,1503.86340
2008-08-21,1504.21760
2008-08-22,1504.57130
2008-08-23,1504.92480
2008-08-24,1505.27830
2008-08-25,1505.63230
2008-08-26,1505.98480
2008-08-27,1506.33720
2008-08-28,1506.68410
2008-08-29,1507.02380
2008-08-30,1507.37790
2008-08-31,1507.73200
2008-09-01,1508.08710
2008-09-02,1508.44110
2008-09-03,1508.79510
2008-09-04,1509.14880
2008-09-05,1509.50280
2008-09-06,1509.85710
2008-09-07,1510.21140
2008-09-08,1510.56330
2008-09-09,1510.90160
2008-09-10,1511.25420
2008-09-11,1511.60900
2008-09-12,1511.93720
2008-09-13,1512.29810
2008-09-14,1512.65900
2008-09-15,1513.02750
2008-09-16,1513.40820
2008-09-17,1513.77460
2008-09-18,1514.14580
2008-09-19,1514.52390
2008-09-20,1514.89790
2008-09-21,1515.27180
2008-09-22,1515.65400
2008-09-23,1516.03910
2008-09-24,1516.42290
2008-09-25,1516.81660
2008-09-26,1517.21900
2008-09-27,1517.62190
2008-09-28,1518.02480
2008-09-29,1518.44120
2008-09-30,1518.85760
2008-10-01,1519.28870
2008-10-02,1519.71980
2008-10-03,1520.15620
2008-10-04,1520.58460
2008-10-05,1521.01310
2008-10-06,1521.43280
2008-10-07,1521.84950
2008-10-08,1522.27180
2008-10-09,1522.69420
2008-10-10,1523.16040
2008-10-11,1523.59370
2008-10-12,1524.02710
2008-10-13,1524.43830
2008-10-14,1524.85330
2008-10-15,1525.27690
2008-10-16,1525.69260
2008-10-17,1526.10830
2008-10-18,1526.52280
2008-10-19,1526.93730
2008-10-20,1527.35250
2008-10-21,1527.76780
2008-10-22,1528.18190
2008-10-23,1528.62810
2008-10-24,1529.06750
2008-10-25,1529.50700
2008-10-26,1529.94640
2008-10-27,1530.38400
2008-10-28,1530.82160
2008-10-29,1531.26020
2008-10-30,1531.69870
2008-10-31,1532.13760
2008-11-01,1532.57640
2008-11-02,1533.01530
2008-11-03,1533.45230
2008-11-04,1533.88990
2008-11-05,1534.32630
2008-11-06,1534.75420
2008-11-07,1535.16500
2008-11-08,1535.57580
2008-11-09,1535.98660
2008-11-10,1536.39770
2008-11-11,1536.81160
2008-11-12,1537.22550
2008-11-13,1537.63950
2008-11-14,1538.05290
2008-11-15,1538.46650
2008-11-16,1538.88020
2008-11-17,1539.29330
2008-11-18,1539.70230
2008-11-19,1540.11110
2008-11-20,1540.51890
2008-11-21,1540.92710
2008-11-22,1541.33540
2008-11-23,1541.74360
2008-11-24,1542.15180
2008-11-25,1542.56000
2008-11-26,1542.96820
2008-11-27,1543.37650
2008-11-28,1543.78490
2008-11-29,1544.19340
2008-11-30,1544.60190
2008-12-01,1545.00710
2008-12-02,1545.41190
2008-12-03,1545.81940
2008-12-04,1546.22440
2008-12-05,1546.62950
2008-12-06,1547.03430
2008-12-07,1547.43920
2008-12-08,1547.84100
2008-12-09,1548.24270
2008-12-10,1548.63180
2008-12-11,1549.02310
2008-12-12,1549.41630
2008-12-13,1549.81020
2008-12-14,1550.20410
2008-12-15,1550.60310
2008-12-16,1551.00310
2008-12-17,1551.40320
2008-12-18,1551.80320
2008-12-19,1552.20680
2008-12-20,1552.61030
2008-12-21,1553.01390
2008-12-22,1553.41480
2008-12-23,1553.81670
2008-12-24,1554.21180
2008-12-25,1554.60690
2008-12-26,1554.99970
2008-12-27,1555.39180
2008-12-28,1555.78390
2008-12-29,1556.19970
2008-12-30,1556.60760
2008-12-31,1557.01540
2009-01-01,1557.42330
2009-01-02,1557.83100
2009-01-03,1558.23880
2009-01-04,1558.64660
2009-01-05,1559.02110
2009-01-06,1559.40140
2009-01-07,1559.78170
2009-01-08,1560.16200
2009-01-09,1560.54390
2009-01-10,1560.92580
2009-01-11,1561.30770
2009-01-12,1561.69070
2009-01-13,1562.07540
2009-01-14,1562.47110
2009-01-15,1562.86690
2009-01-16,1563.26500
2009-01-17,1563.65210
2009-01-18,1564.03920
2009-01-19,1564.43210
2009-01-20,1564.82510
2009-01-21,1565.21670
2009-01-22,1565.95810
2009-01-23,1566.52280
2009-01-24,1566.92490
2009-01-25,1567.32700
2009-01-26,1567.72910
2009-01-27,1568.12930
2009-01-28,1568.51960
2009-01-29,1568.89680
2009-01-30,1569.25380
2009-01-31,1569.61090
2009-02-01,1569.96810
2009-02-02,1570.32550
2009-02-03,1570.68280
2009-02-04,1571.03650
2009-02-05,1571.38850
2009-02-06,1571.74040
2009-02-07,1572.09230
2009-02-08,1572.44420
2009-02-09,1572.79650
2009-02-10,1573.14900
2009-02-11,1573.50150
2009-02-12,1573.85440
2009-02-13,1574.22890
2009-02-14,1574.60340
2009-02-15,1574.97780
2009-02-16,1575.35150
2009-02-17,1575.69240
2009-02-18,1576.07680
2009-02-19,1576.46130
2009-02-20,1576.84580
2009-02-21,1577.23040
2009-02-22,1577.61500
2009-02-23,1577.99970
2009-02-24,1578.38390
2009-02-25,1578.76820
2009-02-26,1579.15130
2009-02-27,1579.53400
2009-02-28,1579.91670
2009-03-01,1580.29940
2009-03-02,1580.68260
2009-03-03,1581.06630
2009-03-04,1581.45010
2009-03-05,1581.81540
2009-03-06,1582.18050
2009-03-07,1582.54550
2009-03-08,1582.91050
2009-03-09,1583.33370
2009-03-10,1583.70510
2009-03-11,1584.07660
2009-03-12,1584.44510
2009-03-13,1584.81730
2009-03-14,1585.19200
2009-03-15,1585.56670
2009-03-16,1585.94470
2009-03-17,1586.31060
2009-03-18,1586.67660
2009-03-19,1587.04190
2009-03-20,1587.40710
2009-03-21,1587.76760
2009-03-22,1588.12810
2009-03-23,1588.49370
2009-03-24,1588.85470
2009-03-25,1589.20920
2009-03-26,1589.56690
2009-03-27,1589.92470
2009-03-28,1590.28270
2009-03-29,1590.64080
2009-03-30,1590.97280
2009-03-31,1591.30210
2009-04-01,1591.63140
2009-04-02,1591.96630
2009-04-03,1592.30120
2009-04-04,1592.63020
2009-04-05,1592.95930
2009-04-06,1593.29350
2009-04-07,1593.61860
2009-04-08,1593.94490
2009-04-09,1594.26860
2009-04-10,1594.59230
2009-04-11,1594.91600
2009-04-12,1595.23970
2009-04-13,1595.56240
2009-04-14,1595.88520
2009-04-15,1596.20910
2009-04-16,1596.53820
2009-04-17,1596.86740
2009-04-18,1597.19660
2009-04-19,1597.52580
2009-04-20,1597.85490
2009-04-21,1598.18300
2009-04-22,1598.49410
2009-04-23,1598.80290
2009-04-24,1599.11640
2009-04-25,1599.42980
2009-04-26,1599.74330
2009-04-27,1600.05690
2009-04-28,1600.37320
2009-04-29,1600.68950
2009-04-30,1601.00590
2009-05-01,1601.32220
2009-05-02,1601.63850
2009-05-03,1601.95490
2009-05-04,1602.27100
2009-05-05,1602.58760
2009-05-06,1602.90470
2009-05-07,1603.21900
2009-05-08,1603.53410
2009-05-09,1603.84910
2009-05-10,1604.16420
2009-05-11,1604.47920
2009-05-12,1604.79470
2009-05-13,1605.10720
2009-05-14,1605.41920
2009-05-15,1605.73100
2009-05-16,1606.04280
2009-05-17,1606.35450
2009-05-18,1606.66680
2009-05-19,1606.97920
2009-05-20,1607.28250
2009-05-21,1607.59750
2009-05-22,1607.91240
2009-05-23,1608.22730
2009-05-24,1608.54220
2009-05-25,1608.85710
2009-05-26,1609.17210
2009-05-27,1609.48400
2009-05-28,1609.79620
2009-05-29,1610.10850
2009-05-30,1610.42090
2009-05-31,1610.73320
2009-06-01,1611.03690
2009-06-02,1611.34070
2009-06-03,1611.64450
2009-06-04,1611.94820
2009-06-05,1612.25120
2009-06-06,1612.55430
2009-06-07,1612.85740
2009-06-08,1613.16110
2009-06-09,1613.45780
2009-06-10,1613.75070
2009-06-11,1614.04700
2009-06-12,1614.34060
2009-06-13,1614.63410
2009-06-14,1614.92770
2009-06-15,1615.20660
2009-06-16,1615.45370
2009-06-17,1615.72280
2009-06-18,1615.97180
2009-06-19,1616.24260
2009-06-20,1616.51360
2009-06-21,1616.78460
2009-06-22,1617.05630
2009-06-23,1617.32800
2009-06-24,1617.59950
2009-06-25,1617.91840
2009-06-26,1618.23830
2009-06-27,1618.55540
2009-06-28,1618.87260
2009-06-29,1619.19180
2009-06-30,1619.53100
2009-07-01,1619.87030
2009-07-02,1620.20970
2009-07-03,1620.54890
2009-07-04,1620.88800
2009-07-05,1621.22720
2009-07-06,1621.56610
2009-07-07,1621.84010
2009-07-08,1622.11830
2009-07-09,1622.39910
2009-07-10,1622.67990
2009-07-11,1622.96070
2009-07-12,1623.24140
2009-07-13,1623.52220
2009-07-14,1623.80300
2009-07-15,1624.08380
2009-07-16,1624.36500
2009-07-17,1624.64600
2009-07-18,1624.92710
2009-07-19,1625.20820
2009-07-20,1625.48930
2009-07-21,1625.77020
2009-07-22,1626.05120
2009-07-23,1626.33240
2009-07-24,1626.61350
2009-07-25,1626.89480
2009-07-26,1627.17600
2009-07-27,1627.46010
2009-07-28,1627.74540
2009-07-29,1628.03080
2009-07-30,1628.31520
2009-07-31,1628.59960
2009-08-01,1628.88410
2009-08-02,1629.16850
2009-08-03,1629.43290
2009-08-04,1629.68960
2009-08-05,1629.94630
2009-08-06,1630.19160
2009-08-07,1630.44600
2009-08-08,1630.70090
2009-08-09,1630.95570
2009-08-10,1631.21290
2009-08-11,1631.46980
2009-08-12,1631.72310
2009-08-13,1631.97650
2009-08-14,1632.22690
2009-08-15,1632.47720
2009-08-16,1632.72760
2009-08-17,1632.98200
2009-08-18,1633.23620
2009-08-19,1633.49040
2009-08-20,1633.74490
2009-08-21,1633.99940
2009-08-22,1634.25410
2009-08-23,1634.50880
2009-08-24,1634.76320
2009-08-25,1635.01860
2009-08-26,1635.27390
2009-08-27,1635.52780
2009-08-28,1635.77830
2009-08-29,1636.02900
2009-08-30,1636.27970
2009-08-31,1636.53750
2009-09-01,1636.79470
2009-09-02,1637.05120
2009-09-03,1637.28830
2009-09-04,1637.52140
2009-09-05,1637.77440
2009-09-06,1638.01210
2009-09-07,1638.24930
2009-09-08,1638.48630
2009-09-09,1638.72110
2009-09-10,1638.95790
2009-09-11,1639.18940
2009-09-12,1639.42100
2009-09-13,1639.65260
2009-09-14,1639.88530
2009-09-15,1640.11720
2009-09-16,1640.34930
2009-09-17,1640.56380
2009-09-18,1640.77800
2009-09-19,1641.00440
2009-09-20,1641.23070
2009-09-21,1641.44410
2009-09-22,1641.60910
2009-09-23,1641.77390
2009-09-24,1641.95410
2009-09-25,1642.13290
2009-09-26,1642.31300
2009-09-27,1642.49310
2009-09-28,1642.67330
2009-09-29,1642.85860
2009-09-30,1643.04400
2009-10-01,1643.21490
2009-10-02,1643.38590
2009-10-03,1643.55600
2009-10-04,1643.72610
2009-10-05,1643.89510
2009-10-06,1644.06020
2009-10-07,1644.22420
2009-10-08,1644.38460
2009-10-09,1644.54130
2009-10-10,1644.69930
2009-10-11,1644.85730
2009-10-12,1645.02680
2009-10-13,1645.19630
2009-10-14,1645.36670
2009-10-15,1645.53700
2009-10-16,1645.68390
2009-10-17,1645.97760
2009-10-19,1646.12450
2009-10-20,1646.26640
2009-10-21,1646.42830
2009-10-22,1646.62130
2009-10-23,1646.81360
2009-10-24,1647.00230
2009-10-25,1647.19100
2009-10-26,1647.38490
2009-10-27,1647.57720
2009-10-28,1647.76860
2009-10-29,1647.98360
2009-10-30,1648.19820
2009-10-31,1648.41290
2009-11-01,1648.62760
2009-11-02,1648.84230
2009-11-03,1649.05700
2009-11-04,1649.27230
2009-11-05,1649.48680
2009-11-06,1649.70080
2009-11-07,1649.91520
2009-11-08,1650.12960
2009-11-09,1650.34410
2009-11-10,1650.55900
2009-11-11,1650.77400
2009-11-12,1650.98890
2009-11-13,1651.20640
2009-11-14,1651.42400
2009-11-15,1651.64160
2009-11-16,1651.85890
2009-11-17,1652.07530
2009-11-18,1652.29230
2009-11-19,1652.50930
2009-11-20,1652.72640
2009-11-21,1652.94350
2009-11-22,1653.16060
2009-11-23,1653.37760
2009-11-24,1653.59420
2009-11-25,1653.81080
2009-11-26,1654.02830
2009-11-27,1654.24570
2009-11-28,1654.46320
2009-11-29,1654.68070
2009-11-30,1654.89550
2009-12-01,1655.11060
2009-12-02,1655.32560
2009-12-03,1655.54070
2009-12-04,1655.75600
2009-12-05,1655.97130
2009-12-06,1656.18660
2009-12-07,1656.40190
2009-12-08,1656.61730
2009-12-09,1656.83780
2009-12-10,1657.05820
2009-12-11,1657.27880
2009-12-12,1657.49950
2009-12-13,1657.72010
2009-12-14,1657.94080
2009-12-15,1658.16340
2009-12-16,1658.38620
2009-12-17,1658.60840
2009-12-18,1658.89770
2009-12-19,1659.12000
2009-12-20,1659.34230
2009-12-21,1659.54590
2009-12-22,1659.74950
2009-12-23,1659.94030
2009-12-24,1660.13920
2009-12-25,1660.33810
2009-12-26,1660.53660
2009-12-27,1660.73520
2009-12-28,1660.93370
2009-12-29,1661.12770
2009-12-30,1661.32650
2009-12-31,1661.53540
2010-01-01,1661.74210
2010-01-02,1661.94890
2010-01-03,1662.15560
2010-01-04,1662.35290
2010-01-05,1662.55740
2010-01-06,1662.76560
2010-01-07,1662.97630
2010-01-08,1663.18560
2010-01-09,1663.37790
2010-01-10,1663.57020
2010-01-11,1663.78010
2010-01-12,1663.98900
2010-01-13,1664.19800
2010-01-14,1664.40710
2010-01-15,1664.59910
2010-01-16,1664.79140
2010-01-17,1664.98360
2010-01-18,1665.17660
2010-01-19,1665.37380
2010-01-20,1665.57430
2010-01-21,1665.77540
2010-01-22,1665.97670
2010-01-23,1666.17790
2010-01-24,1666.37920
2010-01-25,1666.58040
2010-01-26,1666.78180
2010-01-27,1666.98350
2010-01-28,1667.16450
2010-01-29,1667.33790
2010-01-30,1667.51140
2010-01-31,1667.68490
2010-02-01,1667.86110
2010-02-02,1668.03790
2010-02-03,1668.21740
2010-02-04,1668.34590
2010-02-05,1668.54290
2010-02-06,1668.73940
2010-02-07,1668.93600
2010-02-08,1669.13340
2010-02-09,1669.32560
2010-02-10,1669.51760
2010-02-11,1669.70470
2010-02-12,1669.89190
2010-02-13,1670.08000
2010-02-14,1670.26810
2010-02-15,1670.45980
2010-02-16,1670.65160
2010-02-17,1670.84230
2010-02-18,1671.03300
2010-02-19,1671.22060
2010-02-20,1671.40780
2010-02-21,1671.59500
2010-02-22,1671.78300
2010-02-23,1671.96870
2010-02-24,1672.15430
2010-02-25,1672.31060
2010-02-26,1672.46560
2010-02-27,1672.62050
2010-02-28,1672.77550
2010-03-01,1672.93050
2010-03-02,1673.08950
2010-03-03,1673.27330
2010-03-04,1673.44770
2010-03-05,1673.62400
2010-03-06,1673.80090
2010-03-07,1673.97780
2010-03-08,1674.15510
2010-03-09,1674.33340
2010-03-10,1674.51950
2010-03-11,1674.70970
2010-03-12,1674.90030
2010-03-13,1675.09100
2010-03-14,1675.28170
2010-03-15,1675.47980
2010-03-16,1675.67800
2010-03-17,1675.87640
2010-03-18,1676.06920
2010-03-19,1676.26960
2010-03-20,1676.47020
2010-03-21,1676.67080
2010-03-22,1676.87330
2010-03-23,1677.08350
2010-03-24,1677.29380
2010-03-25,1677.50900
2010-03-26,1677.72780
2010-03-27,1677.94660
2010-03-28,1678.16540
2010-03-29,1678.39200
2010-03-30,1678.61960
2010-03-31,1678.84620
2010-04-01,1679.07270
2010-04-02,1679.29930
2010-04-03,1679.51640
2010-04-04,1679.73350
2010-04-05,1679.94590
2010-04-06,1680.15680
2010-04-07,1680.36570
2010-04-08,1680.57560
2010-04-09,1680.81300
2010-04-10,1681.05400
2010-04-11,1681.29500
2010-04-12,1681.53680
2010-04-13,1681.77860
2010-04-14,1682.02050
2010-04-15,1682.21050
2010-04-16,1682.39980
2010-04-17,1682.58970
2010-04-18,1682.77960
2010-04-19,1683.01980
2010-04-20,1683.26050
2010-04-21,1683.49460
2010-04-22,1683.72940
2010-04-23,1683.97090
2010-04-24,1684.21310
2010-04-25,1684.45520
2010-04-26,1684.64600
2010-04-27,1684.83790
2010-04-28,1685.02990
2010-04-29,1685.26240
2010-04-30,1685.49470
2010-05-01,1685.72690
2010-05-02,1685.95920
2010-05-03,1686.19450
2010-05-04,1686.43120
2010-05-05,1686.67060
2010-05-06,1686.91000
2010-05-07,1687.10430
2010-05-08,1687.29900
2010-05-09,1687.49370
2010-05-10,1687.71320
2010-05-11,1687.93350
2010-05-12,1688.16080
2010-05-13,1688.38170
2010-05-14,1688.60260
2010-05-15,1688.82340
2010-05-16,1689.04420
2010-05-17,1689.26500
2010-05-18,1689.48590
2010-05-19,1689.70440
2010-05-20,1689.91980
2010-05-21,1690.13330
2010-05-22,1690.34670
2010-05-23,1690.56020
2010-05-24,1690.78250
2010-05-25,1691.02070
2010-05-26,1691.25700
2010-05-27,1691.49350
2010-05-28,1691.72960
2010-05-29,1691.96480
2010-05-30,1692.19990
2010-05-31,1692.44280
2010-06-01,1692.69660
2010-06-02,1692.94740
2010-06-03,1693.19800
2010-06-04,1693.44510
2010-06-05,1693.69200
2010-06-06,1693.93890
2010-06-07,1694.18720
2010-06-08,1694.43410
2010-06-09,1694.67720
2010-06-10,1694.92120
2010-06-11,1695.16490
2010-06-12,1695.40870
2010-06-13,1695.65260
2010-06-14,1695.90170
2010-06-15,1696.14990
2010-06-16,1696.39840
2010-06-17,1696.64290
2010-06-18,1696.87900
2010-06-19,1697.14490
2010-06-20,1697.41090
2010-06-21,1697.65170
2010-06-22,1697.92110
2010-06-23,1698.20330
2010-06-24,1698.48570
2010-06-25,1698.73640
2010-06-26,1698.98710
2010-06-27,1699.23780
2010-06-28,1699.48450
2010-06-29,1699.73590
2010-06-30,1700.00000
2010-07-01,1700.26400
2010-07-02,1700.52710
2010-07-03,1700.79040
2010-07-04,1701.05380
2010-07-05,1701.31720
2010-07-06,1701.58110
2010-07-07,1701.84490
2010-07-08,1702.10860
2010-07-09,1702.37230
2010-07-10,1702.63600
2010-07-11,1702.89970
2010-07-12,1703.16360
2010-07-13,1703.42740
2010-07-14,1703.69100
2010-07-15,1703.95510
2010-07-16,1704.21890
2010-07-17,1704.48280
2010-07-18,1704.74670
2010-07-19,1705.01080
2010-07-20,1705.27490
2010-07-21,1705.53880
2010-07-22,1705.80280
2010-07-23,1706.06660
2010-07-24,1706.33040
2010-07-25,1706.59410
2010-07-26,1706.85780
2010-07-27,1707.12100
2010-07-28,1707.38360
2010-07-29,1707.64470
2010-07-30,1707.90500
2010-07-31,1708.16770
2010-08-01,1708.43090
2010-08-02,1708.69440
2010-08-03,1708.95750
2010-08-04,1709.21880
2010-08-05,1709.47890
2010-08-06,1709.73870
2010-08-07,1709.99920
2010-08-08,1710.25960
2010-08-09,1710.52120
2010-08-10,1710.78350
2010-08-11,1711.04660
2010-08-12,1711.30950
2010-08-13,1711.57140
2010-08-14,1711.83350
2010-08-15,1712.09560
2010-08-16,1712.35860
2010-08-17,1712.62150
2010-08-18,1712.88430
2010-08-19,1713.14710
2010-08-20,1713.40990
2010-08-21,1713.67240
2010-08-22,1713.93490
2010-08-23,1714.19710
2010-08-24,1714.45740
2010-08-25,1714.71690
2010-08-26,1714.97630
2010-08-27,1715.23540
2010-08-28,1715.49570
2010-08-29,1715.75600
2010-08-30,1716.01670
2010-08-31,1716.27750
2010-09-01,1716.53370
2010-09-02,1716.78450
2010-09-03,1717.03560
2010-09-04,1717.28690
2010-09-05,1717.53810
2010-09-06,1717.78920
2010-09-07,1718.05350
2010-09-08,1718.31210
2010-09-09,1718.59700
2010-09-10,1718.85710
2010-09-11,1719.11730
2010-09-12,1719.37740
2010-09-13,1719.64520
2010-09-14,1719.91570
2010-09-15,1720.19440
2010-09-16,1720.48030
2010-09-17,1720.77660
2010-09-18,1721.07290
2010-09-19,1721.36910
2010-09-20,1721.66900
2010-09-21,1721.96900
2010-09-22,1722.26930
2010-09-23,1722.57470
2010-09-24,1722.89000
2010-09-25,1723.20540
2010-09-26,1723.52090
2010-09-27,1723.83690
2010-09-28,1724.15980
2010-09-29,1724.48720
2010-09-30,1724.81460
2010-10-01,1725.13770
2010-10-02,1725.45990
2010-10-03,1725.78270
2010-10-04,1726.10590
2010-10-05,1726.42990
2010-10-06,1726.75360
2010-10-07,1727.07740
2010-10-08,1727.39410
2010-10-09,1727.71080
2010-10-10,1728.02760
2010-10-11,1728.34670
2010-10-12,1728.70740
2010-10-13,1729.02650
2010-10-14,1729.33750
2010-10-15,1729.65470
2010-10-16,1729.97370
2010-10-17,1730.29270
2010-10-18,1730.61730
2010-10-19,1730.94060
2010-10-20,1731.26390
2010-10-21,1731.58290
2010-10-22,1731.76650
2010-10-23,1732.08900
2010-10-24,1732.41150
2010-10-25,1732.58520
2010-10-26,1732.72870
2010-10-27,1732.80220
2010-10-28,1733.12580
2010-10-29,1733.45840
2010-10-30,1733.79110
2010-10-31,1734.12370
2010-11-01,1734.18490
2010-11-02,1734.25380
2010-11-03,1734.35110
2010-11-04,1734.66770
2010-11-05,1734.98420
2010-11-06,1735.30070
2010-11-07,1735.61720
2010-11-08,1735.95620
2010-11-09,1736.29440
2010-11-10,1736.63270
2010-11-11,1736.97080
2010-11-12,1737.30920
2010-11-13,1737.64760
2010-11-14,1737.98590
2010-11-15,1738.32480
2010-11-16,1738.66370
2010-11-17,1739.00260
2010-11-18,1739.34140
2010-11-19,1739.68030
2010-11-20,1740.01930
2010-11-21,1740.35820
2010-11-22,1740.69700
2010-11-23,1741.03190
2010-11-24,1741.37180
2010-11-25,1741.70470
2010-11-26,1742.04030
2010-11-27,1742.37610
2010-11-28,1742.71180
2010-11-29,1743.00090
2010-11-30,1743.33280
2010-12-01,1743.66400
2010-12-02,1743.99000
2010-12-03,1744.32250
2010-12-04,1744.65500
2010-12-05,1744.98750
2010-12-06,1745.32620
2010-12-07,1745.66800
2010-12-08,1746.00990
2010-12-09,1746.35160
2010-12-10,1746.71150
2010-12-11,1747.07150
2010-12-12,1747.43140
2010-12-13,1747.79150
2010-12-14,1748.15010
2010-12-15,1748.51730
2010-12-16,1748.90290
2010-12-17,1749.28850
2010-12-18,1749.67420
2010-12-19,1750.05980
2010-12-20,1750.44160
2010-12-21,1750.82670
2010-12-22,1751.20560
2010-12-23,1751.58470
2010-12-24,1751.97530
2010-12-25,1752.36780
2010-12-26,1752.76030
2010-12-27,1753.15140
2010-12-28,1753.54270
2010-12-29,1753.93190
2010-12-30,1754.32250
2010-12-31,1754.71610
2011-01-01,1755.10960
2011-01-02,1755.50320
2011-01-03,1755.89690
2011-01-04,1756.29060
2011-01-05,1756.68780
2011-01-06,1757.08160
2011-01-07,1757.44640
2011-01-08,1757.81120
2011-01-09,1758.17610
2011-01-10,1758.54090
2011-01-11,1758.90850
2011-01-12,1759.27620
2011-01-13,1759.64410
2011-01-14,1760.01240
2011-01-15,1760.38070
2011-01-16,1760.74890
2011-01-17,1761.11770
2011-01-18,1761.48630
2011-01-19,1761.85600
2011-01-20,1762.22570
2011-01-21,1762.60080
2011-01-22,1762.97600
2011-01-23,1763.35120
2011-01-24,1763.72510
2011-01-25,1764.10020
2011-01-26,1764.47540
2011-01-27,1764.85170
2011-01-28,1765.23230
2011-01-29,1765.61000
2011-01-30,1765.98760
2011-01-31,1766.36710
2011-02-01,1766.74560
2011-02-02,1767.12450
2011-02-03,1767.50370
2011-02-04,1767.88040
2011-02-05,1768.25710
2011-02-06,1768.63370
2011-02-07,1769.01030
2011-02-08,1769.38830
2011-02-09,1769.77930
2011-02-10,1770.21080
2011-02-11,1770.61960
2011-02-12,1771.02850
2011-02-13,1771.43730
2011-02-14,1771.84740
2011-02-15,1772.25810
2011-02-16,1772.66880
2011-02-17,1773.08130
2011-02-18,1773.49360
2011-02-19,1773.90600
2011-02-20,1774.31840
2011-02-21,1774.72970
2011-02-22,1775.14160
2011-02-23,1775.55360
2011-02-24,1775.95910
2011-02-25,1776.37690
2011-02-26,1776.79480
2011-02-27,1777.21270
2011-02-28,1777.63450
2011-03-01,1778.05600
2011-03-02,1778.47740
2011-03-03,1778.89690
2011-03-04,1779.33350
2011-03-05,1779.74330
2011-03-06,1780.15320
2011-03-07,1780.58060
2011-03-08,1781.00210
2011-03-09,1781.42340
2011-03-10,1781.84610
2011-03-11,1782.27580
2011-03-12,1782.70550
2011-03-13,1783.13520
2011-03-14,1783.55940
2011-03-15,1783.83050
2011-03-16,1784.26690
2011-03-17,1784.67510
2011-03-18,1785.12120
2011-03-19,1785.56730
2011-03-20,1786.01340
2011-03-21,1786.45270
2011-03-22,1786.88920
2011-03-23,1787.33560
2011-03-24,1787.78110
2011-03-25,1788.22940
2011-03-26,1788.67780
2011-03-27,1789.12610
2011-03-28,1789.58120
2011-03-29,1790.04320
2011-03-30,1790.55560
2011-03-31,1791.03200
2011-04-01,1791.49610
2011-04-02,1791.96020
2011-04-03,1792.42440
2011-04-04,1792.88850
2011-04-05,1793.87360
2011-04-06,1795.55890
2011-04-07,1796.02330
2011-04-08,1796.48350
2011-04-09,1796.94370
2011-04-10,1797.40390
2011-04-11,1797.86670
2011-04-12,1798.32960
2011-04-13,1798.79580
2011-04-14,1799.26210
2011-04-15,1799.72810
2011-04-16,1800.19440
2011-04-17,1800.66060
2011-04-18,1801.12020
2011-04-19,1801.57930
2011-04-20,1802.03340
2011-04-21,1802.48850
2011-04-22,1802.94370
2011-04-23,1803.39890
2011-04-24,1803.85410
2011-04-25,1804.31120
2011-04-26,1804.75280
2011-04-27,1805.20060
2011-04-28,1805.64910
2011-04-29,1806.10080
2011-04-30,1806.56620
2011-05-01,1807.03170
2011-05-02,1807.48470
2011-05-03,1807.93780
2011-05-04,1808.39640
2011-05-05,1808.85480
2011-05-06,1809.31120
2011-05-07,1809.76750
2011-05-08,1810.22400
2011-05-09,1810.68210
2011-05-10,1811.14030
2011-05-11,1811.59830
2011-05-12,1812.05410
2011-05-13,1812.44940
2011-05-14,1812.84470
2011-05-15,1813.24000
2011-05-16,1813.65690
2011-05-17,1814.07390
2011-05-18,1814.49120
2011-05-19,1814.90790
2011-05-20,1815.32690
2011-05-21,1815.74610
2011-05-22,1816.16520
2011-05-23,1816.58440
2011-05-24,1817.00430
2011-05-25,1817.42260
2011-05-26,1817.83970
2011-05-27,1818.25700
2011-05-28,1818.67420
2011-05-29,1819.09150
2011-05-30,1819.55720
2011-05-31,1819.96930
2011-06-01,1820.38160
2011-06-02,1820.80870
2011-06-03,1821.22730
2011-06-04,1821.64590
2011-06-05,1822.06450
2011-06-06,1822.48560
2011-06-07,1822.89770
2011-06-08,1823.32030
2011-06-09,1823.75620
2011-06-10,1824.20600
2011-06-11,1824.63670
2011-06-12,1825.06740
2011-06-13,1825.55690
2011-06-14,1825.96720
2011-06-15,1826.38840
2011-06-16,1826.86000
2011-06-17,1827.28810
2011-06-18,1827.71610
2011-06-19,1828.14410
2011-06-20,1828.57240
2011-06-21,1829.00640
2011-06-22,1829.44710
2011-06-23,1829.88800
2011-06-24,1830.33420
2011-06-25,1830.78040
2011-06-26,1831.22670
2011-06-27,1831.67260
2011-06-28,1832.13290
2011-06-29,1832.58530
2011-06-30,1833.03810
2011-07-01,1833.49090
2011-07-02,1833.94380
2011-07-03,1834.39660
2011-07-04,1834.85290
2011-07-05,1835.30110
2011-07-06,1835.74820
2011-07-07,1836.19520
2011-07-08,1836.64220
2011-07-09,1837.08920
2011-07-10,1837.53630
2011-07-11,1837.98470
2011-07-12,1838.47230
2011-07-13,1838.90750
2011-07-14,1839.34270
2011-07-15,1839.83200
2011-07-16,1840.27270
2011-07-17,1840.71340
2011-07-18,1841.15430
2011-07-19,1841.59920
2011-07-20,1842.04880
2011-07-21,1842.49840
2011-07-22,1842.94450
2011-07-23,1843.39060
2011-07-24,1843.83680
2011-07-25,1844.27890
2011-07-26,1844.72180
2011-07-27,1845.16570
2011-07-28,1845.60870
2011-07-29,1846.05370
2011-07-30,1846.49870
2011-07-31,1846.94370
2011-08-01,1847.38890
2011-08-02,1847.83290
2011-08-03,1848.27810
2011-08-04,1848.73270
2011-08-05,1849.17530
2011-08-06,1849.61810
2011-08-07,1850.06080
2011-08-08,1850.49660
2011-08-09,1850.94410
2011-08-10,1851.38300
2011-08-11,1851.86410
2011-08-12,1852.30940
2011-08-13,1852.74270
2011-08-14,1853.17600
2011-08-15,1853.60930
2011-08-16,1854.04280
2011-08-17,1854.47620
2011-08-18,1854.91260
2011-08-19,1855.34910
2011-08-20,1855.78560
2011-08-21,1856.22210
2011-08-22,1856.67530
2011-08-23,1857.10940
2011-08-24,1857.54790
2011-08-25,1857.99330
2011-08-26,1858.43080
2011-08-27,1858.86830
2011-08-28,1859.30580
2011-08-29,1859.74350
2011-08-30,1860.19620
2011-08-31,1860.63390
2011-09-01,1861.07170
2011-09-02,1861.50590
2011-09-03,1861.94010
2011-09-04,1862.37430
2011-09-05,1862.80910
2011-09-06,1863.24380
2011-09-07,1863.68000
2011-09-08,1864.11940
2011-09-09,1864.55810
2011-09-10,1864.99670
2011-09-11,1865.43540
2011-09-12,1865.87740
2011-09-13,1866.31690
2011-09-14,1866.75660
2011-09-15,1867.20360
2011-09-16,1867.65060
2011-09-17,1868.09760
2011-09-18,1868.54450
2011-09-19,1868.99350
2011-09-20,1869.44160
2011-09-21,1869.89290
2011-09-22,1870.34690
2011-09-23,1870.79560
2011-09-24,1871.24430
2011-09-25,1871.69300
2011-09-26,1872.14170
2011-09-27,1872.58960
2011-09-28,1873.05870
2011-09-29,1873.50870
2011-09-30,1873.95870
2011-10-01,1874.40870
2011-10-02,1874.85870
2011-10-03,1875.30550
2011-10-04,1875.75860
2011-10-05,1876.26480
2011-10-06,1876.70930
2011-10-07,1877.14960
2011-10-08,1877.59050
2011-10-09,1878.03140
2011-10-10,1878.47610
2011-10-11,1878.91990
2011-10-12,1879.36420
2011-10-13,1879.82900
2011-10-14,1880.27290
2011-10-15,1880.71690
2011-10-16,1881.16080
2011-10-17,1881.60480
2011-10-18,1882.04660
2011-10-19,1882.49090
2011-10-20,1882.93560
2011-10-21,1883.37980
2011-10-22,1883.82400
2011-10-23,1884.26810
2011-10-24,1884.71290
2011-10-25,1885.16100
2011-10-26,1885.60910
2011-10-27,1886.05720
2011-10-28,1886.50510
2011-10-29,1886.95300
2011-10-30,1887.40090
2011-10-31,1887.84880
2011-11-01,1888.29720
2011-11-02,1888.75290
2011-11-03,1889.21110
2011-11-04,1889.66650
2011-11-05,1890.11630
2011-11-06,1890.56600
2011-11-07,1891.01580
2011-11-08,1891.46580
2011-11-09,1891.91540
2011-11-10,1892.36510
2011-11-11,1892.81760
2011-11-12,1893.27020
2011-11-13,1893.72280
2011-11-14,1894.17510
2011-11-15,1894.62750
2011-11-16,1895.07990
2011-11-17,1895.53230
2011-11-18,1895.98430
2011-11-19,1896.43640
2011-11-20,1896.88840
2011-11-21,1897.34390
2011-11-22,1897.80120
2011-11-23,1898.25870
2011-11-24,1898.71600
2011-11-25,1899.17630
2011-11-26,1899.63630
2011-11-27,1900.09620
2011-11-28,1900.55650
2011-11-29,1901.01680
2011-11-30,1901.47700
2011-12-01,1901.93730
2011-12-02,1902.39280
2011-12-03,1902.84820
2011-12-04,1903.30370
2011-12-05,1903.76210
2011-12-06,1904.21960
2011-12-07,1904.68010
2011-12-08,1905.14060
2011-12-09,1905.60140
2011-12-10,1906.06110
2011-12-11,1906.52080
2011-12-12,1906.97960
2011-12-13,1907.44100
2011-12-14,1907.90310
2011-12-15,1908.37120
2011-12-16,1908.84340
2011-12-17,1909.31560
2011-12-18,1909.78780
2011-12-19,1910.26490
2011-12-20,1910.74560
2011-12-21,1911.22910
2011-12-22,1911.71990
2011-12-23,1912.21030
2011-12-24,1912.70070
2011-12-25,1913.19110
2011-12-26,1913.68020
2011-12-27,1914.17060
2011-12-28,1914.65570
2011-12-29,1915.14380
2011-12-30,1915.63140
2011-12-31,1916.11900
2012-01-01,1916.60670
2012-01-02,1917.09080
2012-01-03,1917.56890
2012-01-04,1918.05030
2012-01-05,1918.53690
2012-01-06,1919.02610
2012-01-07,1919.51160
2012-01-08,1919.99720
2012-01-09,1920.48280
2012-01-10,1920.95890
2012-01-11,1921.44160
2012-01-12,1921.92120
2012-01-13,1922.40220
2012-01-14,1922.88330
2012-01-15,1923.36430
2012-01-16,1923.84670
2012-01-17,1924.33510
2012-01-18,1924.82690
2012-01-19,1925.31810
2012-01-20,1925.80820
2012-01-21,1926.29820
2012-01-22,1926.78820
2012-01-23,1927.28220
2012-01-24,1927.77640
2012-01-25,1928.27340
2012-01-26,1928.76990
2012-01-27,1929.26660
2012-01-28,1929.76330
2012-01-29,1930.26000
2012-01-30,1930.76530
2012-01-31,1931.26020
2012-02-01,1931.76180
2012-02-02,1932.25320
2012-02-03,1932.74620
2012-02-04,1933.23690
2012-02-05,1933.72760
2012-02-06,1934.21590
2012-02-07,1934.70550
2012-02-08,1935.19490
2012-02-09,1935.72040
2012-02-10,1936.20860
2012-02-11,1936.69670
2012-02-12,1937.18480
2012-02-13,1937.67340
2012-02-14,1938.16000
2012-02-15,1938.64620
2012-02-16,1939.13250
2012-02-17,1939.62100
2012-02-18,1940.10960
2012-02-19,1940.59810
2012-02-20,1941.08670
2012-02-21,1941.58060
2012-02-22,1942.07740
2012-02-23,1942.57420
2012-02-24,1943.07080
2012-02-25,1943.56750
2012-02-26,1944.06420
2012-02-27,1944.55810
2012-02-28,1945.05210
2012-02-29,1945.55080
2012-03-01,1946.05020
2012-03-02,1946.54920
2012-03-03,1947.04820
2012-03-04,1947.54730
2012-03-05,1948.04250
2012-03-06,1948.54650
2012-03-07,1949.01360
2012-03-08,1949.52260
2012-03-09,1950.01630
2012-03-10,1950.51010
2012-03-11,1951.00380
2012-03-12,1951.50110
2012-03-13,1951.99940
2012-03-14,1952.51250
2012-03-15,1953.02660
2012-03-16,1953.54190
2012-03-17,1954.05710
2012-03-18,1954.57240
2012-03-19,1955.08780
2012-03-20,1955.60270
2012-03-21,1956.11530
2012-03-22,1956.63100
2012-03-23,1957.14670
2012-03-24,1957.66240
2012-03-25,1958.17810
2012-03-26,1958.68450
2012-03-27,1959.23680
2012-03-28,1959.79920
2012-03-29,1960.37770
2012-03-30,1960.93830
2012-03-31,1961.52460
2012-04-01,1962.11080
2012-04-02,1962.69700
2012-04-03,1963.26070
2012-04-04,1963.80110
2012-04-05,1964.34140
2012-04-06,1964.88170
2012-04-07,1965.42210
2012-04-08,1965.96240
2012-04-09,1966.51070
2012-04-10,1967.06030
2012-04-11,1967.61230
2012-04-12,1968.16680
2012-04-13,1968.72510
2012-04-14,1969.28340
2012-04-15,1969.84170
2012-04-16,1970.40020
2012-04-17,1970.95860
2012-04-18,1976.19860
2012-04-19,1976.63510
2012-04-20,1976.98490
2012-04-21,1977.46570
2012-04-22,1977.94640
2012-04-23,1978.00300
2012-04-24,1978.40690
2012-04-25,1978.98550
2012-04-26,1979.57960
2012-04-27,1980.06820
2012-04-28,1980.55510
2012-04-29,1981.04200
2012-04-30,1981.16850
2012-05-01,1981.66290
2012-05-02,1982.05350
2012-05-03,1982.55020
2012-05-04,1983.17200
2012-05-05,1983.64940
2012-05-06,1984.12680
2012-05-07,1984.64360
2012-05-08,1985.18940
2012-05-09,1985.66460
2012-05-10,1986.21160
2012-05-11,1986.73300
2012-05-12,1987.19150
2012-05-13,1987.65000
2012-05-14,1988.12260
2012-05-15,1988.80700
2012-05-16,1989.38770
2012-05-17,1989.93090
2012-05-18,1990.25950
2012-05-19,1990.70990
2012-05-20,1991.16030
2012-05-21,1991.56690
2012-05-22,1992.09660
2012-05-23,1992.61570
2012-05-24,1993.09900
2012-05-25,1993.49730
2012-05-26,1993.95140
2012-05-27,1994.40540
2012-05-28,1994.96370
2012-05-29,1995.38650
2012-05-30,1995.83190
2012-05-31,1996.36200
2012-06-01,1996.85270
2012-06-02,1997.29320
2012-06-03,1997.73360
2012-06-04,1998.11600
2012-06-05,1998.59470
2012-06-06,1999.03380
2012-06-07,1999.50130
2012-06-08,1999.98960
2012-06-09,2000.43950
2012-06-10,2000.88940
2012-06-11,2001.31770
2012-06-12,2001.80410
2012-06-13,2002.32910
2012-06-14,2002.78060
2012-06-15,2003.24220
2012-06-16,2003.66800
2012-06-17,2004.09370
2012-06-18,2004.36890
2012-06-19,2004.68500
2012-06-20,2005.16200
2012-06-21,2005.77520
2012-06-22,2006.31530
2012-06-23,2006.76550
2012-06-24,2007.21570
2012-06-25,2007.60450
2012-06-26,2008.07440
2012-06-27,2008.69940
2012-06-28,2009.16680
2012-06-29,2009.65090
2012-06-30,2010.12030
2012-07-01,2010.58970
2012-07-02,2011.05920
2012-07-03,2011.94070
2012-07-04,2012.19000
2012-07-05,2013.57740
2012-07-06,2013.57400
2012-07-07,2014.04740
2012-07-08,2014.52080
2012-07-09,2015.05040
2012-07-10,2015.35820
2012-07-11,2015.90270
2012-07-12,2016.38850
2012-07-13,2016.97480
2012-07-14,2017.42220
2012-07-15,2017.86980
2012-07-16,2018.19050
2012-07-17,2018.77970
2012-07-18,2019.22900
2012-07-19,2019.74640
2012-07-20,2020.19450
2012-07-21,2020.64240
2012-07-22,2021.09040
2012-07-23,2021.55020
2012-07-24,2021.99960
2012-07-25,2022.49840
2012-07-26,2022.88200
2012-07-27,2023.30040
2012-07-28,2023.74620
2012-07-29,2024.19200
2012-07-30,2024.47720
2012-07-31,2024.92280
2012-08-01,2025.50650
2012-08-02,2025.95310
2012-08-03,2026.44670
2012-08-04,2026.89400
2012-08-05,2027.34150
2012-08-06,2027.95990
2012-08-07,2028.37950
2012-08-08,2028.78310
2012-08-09,2029.23140
2012-08-10,2029.67060
2012-08-11,2030.12010
2012-08-12,2030.56960
2012-08-13,2031.02070
2012-08-14,2031.39300
2012-08-15,2031.84250
2012-08-16,2032.48530
2012-08-17,2032.94480
2012-08-18,2033.39190
2012-08-19,2033.83900
2012-08-20,2034.28610
2012-08-21,2034.70980
2012-08-22,2035.14710
2012-08-23,2035.64070
2012-08-24,2036.08440
2012-08-25,2036.51510
2012-08-26,2036.94570
2012-08-27,2037.38610
2012-08-28,2037.69970
2012-08-29,2038.18770
2012-08-30,2038.65890
2012-08-31,2039.20640
2012-09-01,2039.65490
2012-09-02,2040.10330
2012-09-03,2040.57250
2012-09-04,2041.05840
2012-09-05,2041.60050
2012-09-06,2041.89470
2012-09-07,2042.36600
2012-09-08,2042.79710
2012-09-09,2043.22810
2012-09-10,2043.61050
2012-09-11,2044.07890
2012-09-12,2044.46710
2012-09-13,2044.97460
2012-09-14,2045.57190
2012-09-15,2046.01990
2012-09-16,2046.46790
2012-09-17,2046.82620
2012-09-18,2047.27840
2012-09-19,2047.72970
2012-09-20,2048.17600
2012-09-21,2048.65440
2012-09-22,2049.10130
2012-09-23,2049.54820
2012-09-24,2049.97410
2012-09-25,2050.37470
2012-09-26,2050.82600
2012-09-27,2051.20400
2012-09-28,2051.71160
2012-09-29,2052.16220
2012-09-30,2052.61280
2012-10-01,2053.04310
2012-10-02,2053.49300
2012-10-03,2054.15620
2012-10-04,2054.81330
2012-10-05,2055.06750
2012-10-06,2055.47780
2012-10-07,2055.88820
2012-10-08,2056.27210
2012-10-09,2056.70570
2012-10-10,2057.16210
2012-10-11,2057.60110
2012-10-12,2058.04770
2012-10-13,2058.49350
2012-10-14,2058.93920
2012-10-15,2059.38650
2012-10-16,2059.82170
2012-10-17,2060.25270
2012-10-18,2060.67830
2012-10-19,2061.15430
2012-10-20,2061.60120
2012-10-21,2062.04810
2012-10-22,2062.48880
2012-10-23,2062.94630
2012-10-24,2063.39730
2012-10-25,2063.80710
2012-10-26,2064.26060
2012-10-27,2064.71400
2012-10-28,2065.16750
2012-10-29,2065.62610
2012-10-30,2066.07020
2012-10-31,2066.50880
2012-11-01,2066.97460
2012-11-02,2067.47130
2012-11-03,2068.06440
2012-11-04,2068.65720
2012-11-05,2069.11600
2012-11-06,2069.55660
2012-11-07,2069.99610
2012-11-08,2070.44740
2012-11-09,2070.89180
2012-11-10,2071.34650
2012-11-11,2071.80110
2012-11-12,2072.26050
2012-11-13,2072.71430
2012-11-14,2073.16810
2012-11-15,2073.62830
2012-11-16,2074.07630
2012-11-17,2074.52080
2012-11-18,2074.96520
2012-11-19,2075.41650
2012-11-20,2075.86880
2012-11-21,2076.32240
2012-11-22,2076.75800
2012-11-23,2077.20920
2012-11-24,2077.66540
2012-11-25,2078.12170
2012-11-26,2078.56060
2012-11-27,2078.97430
2012-11-28,2079.43020
2012-11-29,2079.89330
2012-11-30,2080.35470
2012-12-01,2080.80030
2012-12-02,2081.24580
2012-12-03,2081.69590
2012-12-04,2082.15810
2012-12-05,2082.60720
2012-12-06,2083.03560
2012-12-07,2083.46030
2012-12-08,2083.91570
2012-12-09,2084.37110
2012-12-10,2084.72070
2012-12-11,2085.13290
2012-12-12,2085.59120
2012-12-13,2086.16340
2012-12-14,2086.55990
2012-12-15,2087.01960
2012-12-16,2087.47920
2012-12-17,2087.98910
2012-12-18,2088.41220
2012-12-19,2088.84350
2012-12-20,2089.23780
2012-12-21,2089.76510
2012-12-22,2090.22950
2012-12-23,2090.69400
2012-12-24,2091.16120
2012-12-25,2091.62450
2012-12-26,2092.11460
2012-12-27,2092.56750
2012-12-28,2093.05230
2012-12-29,2093.52040
2012-12-30,2093.98860
2012-12-31,2094.46960
2013-01-01,2095.25460
2013-01-02,2095.79750
2013-01-03,2096.25500
2013-01-04,2096.78410
2013-01-05,2097.23860
2013-01-06,2097.69310
2013-01-07,2098.11540
2013-01-08,2098.60800
2013-01-09,2099.04740
2013-01-10,2099.49730
2013-01-11,2099.96330
2013-01-12,2100.41620
2013-01-13,2100.86920
2013-01-14,2101.32310
2013-01-15,2101.78560
2013-01-16,2102.22540
2013-01-17,2102.68690
2013-01-18,2103.17400
2013-01-19,2103.62670
2013-01-20,2104.07950
2013-01-21,2104.53030
2013-01-22,2105.00900
2013-01-23,2105.49520
2013-01-24,2105.95990
2013-01-25,2106.41180
2013-01-26,2106.86370
2013-01-27,2107.31560
2013-01-28,2107.76470
2013-01-29,2108.30950
2013-01-30,2108.90050
2013-01-31,2109.19870
2013-02-01,2109.65570
2013-02-02,2110.10140
2013-02-03,2110.54710
2013-02-04,2110.93700
2013-02-05,2111.38720
2013-02-06,2111.79590
2013-02-07,2112.25150
2013-02-08,2112.64380
2013-02-09,2113.09220
2013-02-10,2113.54070
2013-02-11,2113.97960
2013-02-12,2114.42090
2013-02-13,2114.85370
2013-02-14,2115.25640
2013-02-15,2115.70170
2013-02-16,2116.15420
2013-02-17,2116.60670
2013-02-18,2117.15520
2013-02-19,2117.60590
2013-02-20,2118.05070
2013-02-21,2118.49480
2013-02-22,2118.93590
2013-02-23,2119.38500
2013-02-24,2119.83420
2013-02-25,2120.28060
2013-02-26,2120.72360
2013-02-27,2121.17620
2013-02-28,2121.44950
2013-03-01,2121.93560
2013-03-02,2122.39390
2013-03-03,2122.85220
2013-03-04,2123.30390
2013-03-05,2123.85100
2013-03-06,2124.36130
2013-03-07,2125.10680
2013-03-08,2125.48260
2013-03-09,2125.95710
2013-03-10,2126.43170
2013-03-11,2126.90400
2013-03-12,2127.36180
2013-03-13,2128.14730
2013-03-14,2129.08930
2013-03-15,2129.60570
2013-03-16,2130.09210
2013-03-17,2130.57840
2013-03-18,2130.92560
2013-03-19,2131.56970
2013-03-20,2132.07350
2013-03-21,2132.69190
2013-03-22,2133.52590
2013-03-23,2134.02260
2013-03-24,2134.51920
2013-03-25,2134.92980
2013-03-26,2134.67860
2013-03-27,2135.19140
2013-03-28,2135.58240
2013-03-29,2136.10800
2013-03-30,2136.63360
2013-03-31,2137.15920
2013-04-01,2137.68480
2013-04-02,2140.85330
2013-04-03,2141.41330
2013-04-04,2142.01740
2013-04-05,2142.54330
2013-04-06,2142.96580
2013-04-07,2143.38840
2013-04-08,2143.60880
2013-04-09,2144.04970
2013-04-10,2144.49590
2013-04-11,2144.93610
2013-04-12,2145.40960
2013-04-13,2145.84580
2013-04-14,2146.28200
2013-04-15,2146.72800
2013-04-16,2147.13440
2013-04-17,2147.57890
2013-04-18,2147.99780
2013-04-19,2148.42690
2013-04-20,2148.85600
2013-04-21,2149.28510
2013-04-22,2149.65730
2013-04-23,2150.11890
2013-04-24,2150.56670
2013-04-25,2151.01450
2013-04-26,2151.45420
2013-04-27,2151.89770
2013-04-28,2152.34120
2013-04-29,2152.80780
2013-04-30,2153.19700
2013-05-01,2153.64670
2013-05-02,2154.14370
2013-05-03,2154.54550
2013-05-04,2154.99820
2013-05-05,2155.45100
2013-05-06,2155.99740
2013-05-07,2156.45300
2013-05-08,2156.89190
2013-05-09,2157.26630
2013-05-10,2157.73510
2013-05-11,2158.16950
2013-05-12,2158.60390
2013-05-13,2158.94660
2013-05-14,2159.40600
2013-05-15,2159.85480
2013-05-16,2160.28900
2013-05-17,2160.74110
2013-05-18,2161.17350
2013-05-19,2161.60590
2013-05-20,2162.00110
2013-05-21,2162.41960
2013-05-22,2162.79400
2013-05-23,2163.30640
2013-05-24,2163.76700
2013-05-25,2164.20100
2013-05-26,2164.63510
2013-05-27,2165.06930
2013-05-28,2165.51210
2013-05-29,2165.94400
2013-05-30,2166.39000
2013-05-31,2166.84260
2013-06-01,2167.26020
2013-06-02,2167.67780
2013-06-03,2168.10410
2013-06-04,2168.53950
2013-06-05,2168.95730
2013-06-06,2169.38470
2013-06-07,2169.81930
2013-06-08,2170.25390
2013-06-09,2170.68860
2013-06-10,2171.06230
2013-06-11,2171.44910
2013-06-12,2171.88400
2013-06-13,2172.29920
2013-06-14,2172.68540
2013-06-15,2173.09700
2013-06-16,2173.50870
2013-06-17,2173.96470
2013-06-18,2174.45670
2013-06-19,2175.16340
2013-06-20,2175.43210
2013-06-21,2175.83330
2013-06-22,2176.26970
2013-06-23,2176.70620
2013-06-24,2177.14670
2013-06-25,2177.54780
2013-06-26,2178.01830
2013-06-27,2178.51470
2013-06-28,2179.27500
2013-06-29,2179.71270
2013-06-30,2180.15050
2013-07-01,2180.58840
2013-07-02,2181.70900
2013-07-03,2182.42730
2013-07-04,2182.99590
2013-07-05,2183.41060
2013-07-06,2183.81490
2013-07-07,2184.21930
2013-07-08,2184.46710
2013-07-09,2184.95950
2013-07-10,2185.38730
2013-07-11,2185.77110
2013-07-12,2186.21940
2013-07-13,2186.64370
2013-07-14,2187.06800
2013-07-15,2187.49540
2013-07-16,2182.41680
2013-07-17,2183.83900
2013-07-18,2185.57090
2013-07-19,2186.21590
2013-07-20,2186.70450
2013-07-21,2187.19310
2013-07-22,2187.48900
2013-07-23,2186.69790
2013-07-24,2185.11070
2013-07-25,2185.48500
2013-07-26,2186.12360
2013-07-27,2186.71730
2013-07-28,2187.31090
2013-07-29,2187.90630
2013-07-30,2188.58820
2013-07-31,2189.16790
2013-08-01,2189.94380
2013-08-02,2191.17370
2013-08-03,2191.75840
2013-08-04,2192.34310
2013-08-05,2193.72070
2013-08-06,2193.92010
2013-08-07,2194.45840
2013-08-08,2195.18060
2013-08-09,2195.74440
2013-08-10,2196.30820
2013-08-11,2196.87200
2013-08-12,2196.45510
2013-08-13,2196.71380
2013-08-14,2197.76460
2013-08-15,2198.38790
2013-08-16,2198.93260
2013-08-17,2199.55890
2013-08-18,2200.18530
2013-08-19,2200.69380
2013-08-20,2201.34910
2013-08-21,2202.19520
2013-08-22,2202.89580
2013-08-23,2203.62770
2013-08-24,2204.22190
2013-08-25,2204.81630
2013-08-26,2205.38590
2013-08-27,2206.04490
2013-08-28,2206.68880
2013-08-29,2207.31310
2013-08-30,2207.89500
2013-08-31,2208.51500
2013-09-01,2209.13510
2013-09-02,2209.76370
2013-09-03,2210.39230
2013-09-04,2211.39490
2013-09-05,2212.37020
2013-09-06,2212.40520
2013-09-07,2212.97190
2013-09-08,2213.53860
2013-09-09,2214.10530
2013-09-10,2215.14760
2013-09-11,2215.77390
2013-09-12,2216.38040
2013-09-13,2216.86210
2013-09-14,2217.48610
2013-09-15,2218.11010
2013-09-16,2218.89950
2013-09-17,2219.41630
2013-09-18,2220.16770
2013-09-19,2221.75880
2013-09-20,2222.05810
2013-09-21,2222.64770
2013-09-22,2223.23730
2013-09-23,2224.57580
2013-09-24,2225.13460
2013-09-25,2226.03660
2013-09-26,2226.31970
2013-09-27,2227.16190
2013-09-28,2227.73870
2013-09-29,2228.31550
2013-09-30,2228.91420
2013-10-01,2229.61950
2013-10-02,2230.19210
2013-10-03,2230.92470
2013-10-04,2231.51330
2013-10-05,2232.05310
2013-10-06,2232.59290
2013-10-07,2233.22070
2013-10-08,2234.38330
2013-10-09,2234.88600
2013-10-10,2235.46930
2013-10-11,2236.01170
2013-10-12,2236.55010
2013-10-13,2237.08850
2013-10-14,2237.51740
2013-10-15,2238.21430
2013-10-16,2238.75040
2013-10-17,2239.33170
2013-10-18,2239.80790
2013-10-19,2240.32820
2013-10-20,2240.84860
2013-10-21,2241.38380
2013-10-22,2241.93970
2013-10-23,2242.45860
2013-10-24,2243.00030
2013-10-25,2243.49840
2013-10-26,2244.03460
2013-10-27,2244.57080
2013-10-28,2245.07850
2013-10-29,2245.77360
2013-10-30,2246.30460
2013-10-31,2246.83330
2013-11-01,2247.34070
2013-11-02,2247.85600
2013-11-03,2248.37160
2013-11-04,2248.88730
2013-11-05,2249.46210
2013-11-06,2249.96240
2013-11-07,2250.44550
2013-11-08,2250.87040
2013-11-09,2251.39420
2013-11-10,2251.91830
2013-11-11,2252.38600
2013-11-12,2252.92940
2013-11-13,2253.46760
2013-11-14,2253.98700
2013-11-15,2254.51070
2013-11-16,2255.03470
2013-11-17,2255.55900
2013-11-18,2256.08120
2013-11-19,2256.61380
2013-11-20,2257.14330
2013-11-21,2257.66920
2013-11-22,2258.20170
2013-11-23,2258.73020
2013-11-24,2259.25890
2013-11-25,2259.74860
2013-11-26,2260.29040
2013-11-27,2260.83690
2013-11-28,2261.37400
2013-11-29,2261.97150
2013-11-30,2262.45020
2013-12-01,2262.92900
2013-12-02,2263.46840
2013-12-03,2264.12630
2013-12-04,2264.67890
2013-12-05,2265.11680
2013-12-06,2265.56630
2013-12-07,2266.03610
2013-12-08,2266.50610
2013-12-09,2266.83230
2013-12-10,2267.27940
2013-12-11,2267.80400
2013-12-12,2268.45500
2013-12-13,2268.93350
2013-12-14,2269.33610
2013-12-15,2269.73900
2013-12-16,2269.99320
2013-12-17,2270.35910
2013-12-18,2270.71650
2013-12-19,2270.91870
2013-12-20,2271.45060
2013-12-21,2271.98030
2013-12-22,2272.51020
2013-12-23,2273.05170
2013-12-24,2273.67710
2013-12-25,2274.20290
2013-12-26,2274.60000
2013-12-27,2275.09070
2013-12-28,2275.62570
2013-12-29,2276.16080
2013-12-30,2276.70980
2013-12-31,2277.29980
2014-01-01,2277.91670
2014-01-02,2278.58080
2014-01-03,2279.06540
2014-01-04,2279.54770
2014-01-05,2280.03010
2014-01-06,2280.39490
2014-01-07,2280.79090
2014-01-08,2281.10540
2014-01-09,2281.59550
2014-01-10,2282.25430
2014-01-11,2282.75110
2014-01-12,2283.24810
2014-01-13,2283.74540
2014-01-14,2284.26390
2014-01-15,2284.71660
2014-01-16,2285.25240
2014-01-17,2285.75590
2014-01-18,2286.28720
2014-01-19,2286.81860
2014-01-20,2287.34290
2014-01-21,2287.99760
2014-01-22,2288.51160
2014-01-23,2289.05830
2014-01-24,2289.49780
2014-01-25,2289.98060
2014-01-26,2290.46360
2014-01-27,2290.95030
2014-01-28,2291.43410
2014-01-29,2291.91780
2014-01-30,2292.42020
2014-01-31,2292.98760
2014-02-01,2293.48370
2014-02-02,2293.97970
2014-02-03,2294.47370
2014-02-04,2294.98740
2014-02-05,2295.48550
2014-02-06,2295.98650
2014-02-07,2296.41350
2014-02-08,2296.92630
2014-02-09,2297.43920
2014-02-10,2297.84160
2014-02-11,2298.21040
2014-02-12,2298.73590
2014-02-13,2299.18600
2014-02-14,2299.75570
2014-02-15,2300.30310
2014-02-16,2300.85080
2014-02-17,2301.46330
2014-02-18,2302.09120
2014-02-19,2302.60080
2014-02-20,2303.07740
2014-02-21,2303.60000
2014-02-22,2304.10590
2014-02-23,2304.61200
2014-02-24,2305.13590
2014-02-25,2305.64440
2014-02-26,2306.14940
2014-02-27,2306.65170
2014-02-28,2307.32800
2014-03-01,2307.83880
2014-03-02,2308.34970
2014-03-03,2308.68770
2014-03-04,2309.01420
2014-03-05,2309.71050
2014-03-06,2310.15140
2014-03-07,2310.69450
2014-03-08,2311.18910
2014-03-09,2311.68390
2014-03-10,2312.09600
2014-03-11,2312.68740
2014-03-12,2313.41410
2014-03-13,2313.78130
2014-03-14,2314.52670
2014-03-15,2315.09290
2014-03-16,2315.65930
2014-03-17,2316.22600
2014-03-18,2316.72500
2014-03-19,2317.14760
2014-03-20,2317.70490
2014-03-21,2318.29420
2014-03-22,2318.82530
2014-03-23,2319.35650
2014-03-24,2320.16380
2014-03-25,2320.62320
2014-03-26,2321.05950
2014-03-27,2321.39910
2014-03-28,2321.36410
2014-03-29,2321.99020
2014-03-30,2322.61640
2014-03-31,2323.24270
2014-04-01,2323.86920
2014-04-02,2325.48350
2014-04-03,2326.05760
2014-04-04,2326.63380
2014-04-05,2327.13570
2014-04-06,2327.63770
2014-04-07,2328.26840
2014-04-08,2328.78470
2014-04-09,2329.29060
2014-04-10,2329.80650
2014-04-11,2330.29870
2014-04-12,2330.81530
2014-04-13,2331.33200
2014-04-14,2331.84880
2014-04-15,2332.34710
2014-04-16,2332.91690
2014-04-17,2333.36950
2014-04-18,2333.86440
2014-04-19,2334.35940
2014-04-20,2334.85460
2014-04-21,2335.54350
2014-04-22,2336.28000
2014-04-23,2336.97890
2014-04-24,2337.71820
2014-04-25,2338.46120
2014-04-26,2339.19150
2014-04-27,2339.92190
2014-04-28,2340.64730
2014-04-29,2341.20510
2014-04-30,2341.76140
2014-05-01,2342.30770
2014-05-02,2342.82820
2014-05-03,2343.32980
2014-05-04,2343.83150
2014-05-05,2344.33970
2014-05-06,2344.84710
2014-05-07,2345.35330
2014-05-08,2345.86600
2014-05-09,2346.38630
2014-05-10,2346.90670
2014-05-11,2347.42710
2014-05-12,2347.94090
2014-05-13,2348.47250
2014-05-14,2349.03070
2014-05-15,2349.58290
2014-05-16,2350.11780
2014-05-17,2350.61550
2014-05-18,2351.11320
2014-05-19,2351.61990
2014-05-20,2352.13830
2014-05-21,2352.65490
2014-05-22,2353.16590
2014-05-23,2353.67850
2014-05-24,2354.18450
2014-05-25,2354.69060
2014-05-26,2355.19410
2014-05-27,2355.70080
2014-05-28,2356.20820
2014-05-29,2356.71020
2014-05-30,2357.19670
2014-05-31,2357.67540
2014-06-01,2358.15410
2014-06-02,2358.66120
2014-06-03,2359.16230
2014-06-04,2359.66200
2014-06-05,2360.15350
2014-06-06,2360.66580
2014-06-07,2361.15990
2014-06-08,2361.65400
2014-06-09,2362.16600
2014-06-10,2362.69360
2014-06-11,2363.21120
2014-06-12,2363.71490
2014-06-13,2364.18730
2014-06-14,2364.66000
2014-06-15,2365.13270
2014-06-16,2365.68520
2014-06-17,2366.23590
2014-06-18,2366.75070
2014-06-19,2367.25360
2014-06-20,2367.74730
2014-06-21,2368.24140
2014-06-22,2368.73550
2014-06-23,2369.24510
2014-06-24,2369.75100
2014-06-25,2370.26320
2014-06-26,2370.78600
2014-06-27,2371.31700
2014-06-28,2371.84810
2014-06-29,2372.37930
2014-06-30,2372.95440
2014-07-01,2373.49080
2014-07-02,2374.01030
2014-07-03,2374.50970
2014-07-04,2375.00500
2014-07-05,2375.50030
2014-07-06,2375.99570
2014-07-07,2376.50960
2014-07-08,2377.04430
2014-07-09,2377.60700
2014-07-10,2378.17030
2014-07-11,2378.72440
2014-07-12,2379.27910
2014-07-13,2379.83380
2014-07-14,2380.37380
2014-07-15,2380.90280
2014-07-16,2381.44120
2014-07-17,2381.96530
2014-07-18,2382.48780
2014-07-19,2383.01040
2014-07-20,2383.53290
2014-07-21,2384.07480
2014-07-22,2384.64460
2014-07-23,2385.21250
2014-07-24,2385.78610
2014-07-25,2386.34260
2014-07-26,2386.89950
2014-07-27,2387.45630
2014-07-28,2388.02040
2014-07-29,2388.58460
2014-07-30,2389.11170
2014-07-31,2389.62790
2014-08-01,2390.14290
2014-08-02,2390.65800
2014-08-03,2391.17300
2014-08-04,2391.68170
2014-08-05,2392.16100
2014-08-06,2392.67260
2014-08-07,2393.20260
2014-08-08,2393.72240
2014-08-09,2394.24220
2014-08-10,2394.76200
2014-08-11,2395.31590
2014-08-12,2395.84340
2014-08-13,2396.36360
2014-08-14,2396.88260
2014-08-15,2397.40170
2014-08-16,2397.92070
2014-08-17,2398.43970
2014-08-18,2398.95880
2014-08-19,2399.48240
2014-08-20,2400.01290
2014-08-21,2400.52370
2014-08-22,2401.01990
2014-08-23,2401.51620
2014-08-24,2402.01240
2014-08-25,2402.52780
2014-08-26,2403.03450
2014-08-27,2403.54430
2014-08-28,2404.05700
2014-08-29,2404.56990
2014-08-30,2405.08280
2014-08-31,2405.59580
2014-09-01,2406.10120
2014-09-02,2406.57220
2014-09-03,2407.03460
2014-09-04,2407.50800
2014-09-05,2407.99190
2014-09-06,2408.47590
2014-09-07,2408.95970
2014-09-08,2409.47580
2014-09-09,2409.98900
2014-09-10,2410.50120
2014-09-11,2411.00230
2014-09-12,2411.50180
2014-09-13,2412.00130
2014-09-14,2412.50090
2014-09-15,2413.02150
2014-09-16,2413.55280
2014-09-17,2414.07240
2014-09-18,2414.58980
2014-09-19,2415.09330
2014-09-20,2415.59680
2014-09-21,2416.10040
2014-09-22,2416.61670
2014-09-23,2417.13270
2014-09-24,2417.64810
2014-09-25,2418.16390
2014-09-26,2418.67730
2014-09-27,2419.19100
2014-09-28,2419.70470
2014-09-29,2420.22200
2014-09-30,2420.74800
2014-10-01,2421.23830
2014-10-02,2421.72850
2014-10-03,2422.21890
2014-10-04,2422.70920
2014-10-05,2423.19950
2014-10-06,2423.68980
2014-10-07,2424.20140
2014-10-08,2424.70690
2014-10-09,2425.21530
2014-10-10,2425.72660
2014-10-11,2426.23810
2014-10-12,2426.74960
2014-10-13,2427.26010
2014-10-14,2427.77630
2014-10-15,2428.29250
2014-10-16,2428.81540
2014-10-17,2429.31450
2014-10-18,2429.81360
2014-10-19,2430.31280
2014-10-20,2430.83560
2014-10-21,2431.38590
2014-10-22,2431.94870
2014-10-23,2432.51160
2014-10-24,2433.07450
2014-10-25,2433.63740
2014-10-26,2434.20030
2014-10-27,2434.73070
2014-10-28,2435.26040
2014-10-29,2435.78400
2014-10-30,2436.30470
2014-10-31,2436.77960
2014-11-01,2437.25460
2014-11-02,2437.72950
2014-11-03,2438.23630
2014-11-04,2438.74310
2014-11-05,2439.24670
2014-11-06,2439.75030
2014-11-07,2440.25800
2014-11-08,2440.76570
2014-11-09,2441.27340
2014-11-10,2441.79140
2014-11-11,2442.31110
2014-11-12,2442.86250
2014-11-13,2443.39960
2014-11-14,2443.91030
2014-11-15,2444.42100
2014-11-16,2444.93160
2014-11-17,2445.46140
2014-11-18,2445.98770
2014-11-19,2446.51050
2014-11-20,2447.03080
2014-11-21,2447.54790
2014-11-22,2448.06510
2014-11-23,2448.58220
2014-11-24,2449.10390
2014-11-25,2449.63170
2014-11-26,2450.16020
2014-11-27,2450.68860
2014-11-28,2451.20410
2014-11-29,2451.71950
2014-11-30,2452.23490
2014-12-01,2452.76200
2014-12-02,2453.28520
2014-12-03,2453.80710
2014-12-04,2454.33020
2014-12-05,2454.85070
2014-12-06,2455.37130
2014-12-07,2455.89190
2014-12-08,2456.41600
2014-12-09,2456.94150
2014-12-10,2457.46950
2014-12-11,2457.99690
2014-12-12,2458.51600
2014-12-13,2459.03510
2014-12-14,2459.55410
2014-12-15,2460.09560
2014-12-16,2460.64820
2014-12-17,2461.23300
2014-12-18,2461.79830
2014-12-19,2462.35040
2014-12-20,2462.90250
2014-12-21,2463.45450
2014-12-22,2464.00550
2014-12-23,2464.54660
2014-12-24,2465.08110
2014-12-25,2465.61560
2014-12-26,2466.13820
2014-12-27,2466.66110
2014-12-28,2467.18390
2014-12-29,2467.72780
2014-12-30,2468.28050
2014-12-31,2468.86560
2015-01-01,2469.40520
2015-01-02,2469.93140
2015-01-03,2470.45750
2015-01-04,2470.98380
2015-01-05,2471.50970
2015-01-06,2472.04810
2015-01-07,2472.58060
2015-01-08,2473.11810
2015-01-09,2473.64470
2015-01-10,2474.17170
2015-01-11,2474.69880
2015-01-12,2475.23680
2015-01-13,2475.78340
2015-01-14,2476.33190
2015-01-15,2476.85850
2015-01-16,2477.38700
2015-01-17,2477.91550
2015-01-18,2478.44410
2015-01-19,2478.97320
2015-01-20,2479.50490
2015-01-21,2480.03710
2015-01-22,2480.55910
2015-01-23,2481.08010
2015-01-24,2481.60110
2015-01-25,2482.12220
2015-01-26,2482.64330
2015-01-27,2483.17140
2015-01-28,2483.70560
2015-01-29,2484.22250
2015-01-30,2484.73520
2015-01-31,2485.24790
2015-02-01,2485.76070
2015-02-02,2486.27900
2015-02-03,2486.78940
2015-02-04,2487.29940
2015-02-05,2487.80950
2015-02-06,2488.32410
2015-02-07,2488.83890
2015-02-08,2489.35380
2015-02-09,2489.88680
2015-02-10,2490.39350
2015-02-11,2490.90840
2015-02-12,2491.42970
2015-02-13,2491.94030
2015-02-14,2492.45090
2015-02-15,2492.96160
2015-02-16,2493.48490
2015-02-17,2494.00820
2015-02-18,2494.52940
2015-02-19,2495.05050
2015-02-20,2495.56650
2015-02-21,2496.08250
2015-02-22,2496.59850
2015-02-23,2497.12690
2015-02-24,2497.65250
2015-02-25,2498.17560
2015-02-26,2498.69950
2015-02-27,2499.21410
2015-02-28,2499.72870
2015-03-01,2500.24330
2015-03-02,2500.75660
2015-03-03,2501.25910
2015-03-04,2501.73670
2015-03-05,2502.19970
2015-03-06,2502.66270
2015-03-07,2503.12570
2015-03-08,2503.58870
2015-03-09,2504.08540
2015-03-10,2504.58610
2015-03-11,2505.09440
2015-03-12,2505.59950
2015-03-13,2506.10330
2015-03-14,2506.60750
2015-03-15,2507.11160
2015-03-16,2507.63940
2015-03-17,2508.15080
2015-03-18,2508.65500
2015-03-19,2509.15260
2015-03-20,2509.64320
2015-03-21,2510.13390
2015-03-22,2510.62460
2015-03-23,2511.12080
2015-03-24,2511.61550
2015-03-25,2512.11360
2015-03-26,2512.61240
2015-03-27,2513.12140
2015-03-28,2513.63040
2015-03-29,2514.13940
2015-03-30,2514.68130
2015-03-31,2515.32240
2015-04-01,2515.97040
2015-04-02,2516.61830
2015-04-03,2517.26630
2015-04-04,2517.91420
2015-04-05,2518.56220
2015-04-06,2519.04980
2015-04-07,2519.53690
2015-04-08,2520.03180
2015-04-09,2520.54130
2015-04-10,2521.04890
2015-04-11,2521.55660
2015-04-12,2522.06420
2015-04-13,2522.57260
2015-04-14,2523.08100
2015-04-15,2523.59840
2015-04-16,2524.12110
2015-04-17,2524.62620
2015-04-18,2525.13140
2015-04-19,2525.63660
2015-04-20,2526.15840
2015-04-21,2526.67820
2015-04-22,2527.18900
2015-04-23,2527.71120
2015-04-24,2528.24010
2015-04-25,2528.76900
2015-04-26,2529.29790
2015-04-27,2529.82440
2015-04-28,2530.35000
2015-04-29,2530.87860
2015-04-30,2531.40040
2015-05-01,2531.92220
2015-05-02,2532.44400
2015-05-03,2532.96580
2015-05-04,2533.48770
2015-05-05,2534.01060
2015-05-06,2534.51910
2015-05-07,2535.02870
2015-05-08,2535.54620
2015-05-09,2536.06380
2015-05-10,2536.58150
2015-05-11,2537.10570
2015-05-12,2537.62820
2015-05-13,2538.15070
2015-05-14,2538.67220
2015-05-15,2539.18390
2015-05-16,2539.69560
2015-05-17,2540.20730
2015-05-18,2540.73310
2015-05-19,2541.26130
2015-05-20,2541.78420
2015-05-21,2542.30460
2015-05-22,2542.82970
2015-05-23,2543.35480
2015-05-24,2543.87990
2015-05-25,2544.40660
2015-05-26,2544.93070
2015-05-27,2545.45760
2015-05-28,2545.98320
2015-05-29,2546.50850
2015-05-30,2547.03390
2015-05-31,2547.55920
2015-06-01,2548.07960
2015-06-02,2548.58640
2015-06-03,2549.07730
2015-06-04,2549.56360
2015-06-05,2550.05290
2015-06-06,2550.54220
2015-06-07,2551.03160
2015-06-08,2551.52700
2015-06-09,2552.02970
2015-06-10,2552.53800
2015-06-11,2553.03930
2015-06-12,2553.50020
2015-06-13,2553.96120
2015-06-14,2554.42210
2015-06-15,2554.91510
2015-06-16,2555.41300
2015-06-17,2555.91220
2015-06-18,2556.40590
2015-06-19,2556.90140
2015-06-20,2557.39680
2015-06-21,2557.89230
2015-06-22,2558.38760
2015-06-23,2558.88670
2015-06-24,2559.38450
2015-06-25,2559.88510
2015-06-26,2560.38170
2015-06-27,2560.87830
2015-06-28,2561.37490
2015-06-29,2561.87210
2015-06-30,2562.37410
2015-07-01,2562.86840
2015-07-02,2563.34990
2015-07-03,2563.83370
2015-07-04,2564.31750
2015-07-05,2564.80120
2015-07-06,2565.28480
2015-07-07,2565.77610
2015-07-08,2566.26980
2015-07-09,2566.76810
2015-07-10,2567.24660
2015-07-11,2567.72510
2015-07-12,2568.20360
2015-07-13,2568.69990
2015-07-14,2569.19970
2015-07-15,2569.69630
2015-07-16,2570.19300
2015-07-17,2570.69190
2015-07-18,2571.19080
2015-07-19,2571.68960
2015-07-20,2572.18860
2015-07-21,2572.68980
2015-07-22,2573.19110
2015-07-23,2573.68920
2015-07-24,2574.16090
2015-07-25,2574.63270
2015-07-26,2575.10440
2015-07-27,2575.60030
2015-07-28,2576.09870
2015-07-29,2576.59820
2015-07-30,2577.09900
2015-07-31,2577.58700
2015-08-01,2578.07510
2015-08-02,2578.56320
2015-08-03,2579.05440
2015-08-04,2579.54510
2015-08-05,2580.04270
2015-08-06,2580.54080
2015-08-07,2581.01120
2015-08-08,2581.48170
2015-08-09,2581.95210
2015-08-10,2582.44650
2015-08-11,2582.94310
2015-08-12,2583.44140
2015-08-13,2583.94100
2015-08-14,2584.43830
2015-08-15,2584.93560
2015-08-16,2585.43290
2015-08-17,2585.93350
2015-08-18,2586.43410
2015-08-19,2586.93390
2015-08-20,2587.43470
2015-08-21,2587.90200
2015-08-22,2588.36930
2015-08-23,2588.83650
2015-08-24,2589.34040
2015-08-25,2589.84410
2015-08-26,2590.34800
2015-08-27,2590.85260
2015-08-28,2591.35560
2015-08-29,2591.85860
2015-08-30,2592.36160
2015-08-31,2592.85680
2015-09-01,2593.19440
2015-09-02,2593.68470
2015-09-03,2594.18190
2015-09-04,2594.66680
2015-09-05,2595.14640
2015-09-06,2595.62610
2015-09-07,2596.12810
2015-09-08,2596.61420
2015-09-09,2597.11760
2015-09-10,2597.62090
2015-09-11,2598.11240
2015-09-12,2598.60920
2015-09-13,2599.10590
2015-09-14,2599.59040
2015-09-15,2600.10080
2015-09-16,2600.58970
2015-09-17,2601.09660
2015-09-18,2601.60300
2015-09-19,2602.10090
2015-09-20,2602.59880
2015-09-21,2603.10560
2015-09-22,2603.42400
2015-09-23,2603.92920
2015-09-24,2604.45350
2015-09-25,2604.96680
2015-09-26,2605.48080
2015-09-27,2605.99580
2015-09-28,2606.52000
2015-09-29,2607.72930
2015-09-30,2608.27060
2015-10-01,2608.78850
2015-10-02,2609.26150
2015-10-03,2609.73450
2015-10-04,2610.20820
2015-10-05,2610.65730
2015-10-06,2611.17520
2015-10-07,2611.65600
2015-10-08,2612.11290
2015-10-09,2612.58170
2015-10-10,2613.05900
2015-10-11,2613.53780
2015-10-12,2614.01740
2015-10-13,2614.47930
2015-10-14,2615.01450
2015-10-15,2615.49430
2015-10-16,2616.17410
2015-10-17,2616.63940
2015-10-18,2617.10460
2015-10-19,2617.26200
2015-10-20,2617.74910
2015-10-21,2618.23040
2015-10-22,2618.71160
2015-10-23,2619.47830
2015-10-24,2619.95310
2015-10-25,2620.42850
2015-10-26,2620.90770
2015-10-27,2621.36910
2015-10-28,2621.55210
2015-10-29,2622.03980
2015-10-30,2622.78600
2015-10-31,2623.25380
2015-11-01,2623.72160
2015-11-02,2624.06130
2015-11-03,2624.23980
2015-11-04,2624.63220
2015-11-05,2625.24860
2015-11-06,2625.95210
2015-11-07,2626.42400
2015-11-08,2626.89590
2015-11-09,2627.36650
2015-11-10,2627.97260
2015-11-11,2628.44150
2015-11-12,2628.91050
2015-11-13,2629.47840
2015-11-14,2629.94110
2015-11-15,2630.40390
2015-11-16,2630.52080
2015-11-17,2630.87730
2015-11-18,2631.36500
2015-11-19,2631.90930
2015-11-20,2632.85950
2015-11-21,2633.29300
2015-11-22,2633.72650
2015-11-23,2633.93050
2015-11-24,2634.49890
2015-11-25,2634.93720
2015-11-26,2635.28650
2015-11-27,2635.75680
2015-11-28,2636.22770
2015-11-29,2636.69800
2015-11-30,2637.12570
2015-12-01,2637.54810
2015-12-02,2638.03340
2015-12-03,2638.43480
2015-12-04,2639.28910
2015-12-05,2639.68540
2015-12-06,2640.08180
2015-12-07,2640.27650
2015-12-08,2640.76490
2015-12-09,2641.25520
2015-12-10,2641.43040
2015-12-11,2642.09200
2015-12-12,2642.53210
2015-12-13,2642.97260
2015-12-14,2643.33850
2015-12-15,2643.83750
2015-12-16,2644.33520
2015-12-17,2644.74900
2015-12-18,2645.69420
2015-12-19,2646.14750
2015-12-20,2646.60080
2015-12-21,2646.40360
2015-12-22,2646.89770
2015-12-23,2647.39190
2015-12-24,2647.88610
2015-12-25,2648.38030
2015-12-26,2648.87460
2015-12-27,2649.36880
2015-12-28,2649.86280
2015-12-29,2650.35710
2015-12-30,2650.75810
2015-12-31,2651.38470
2016-01-01,2652.47530
2016-01-02,2652.81910
2016-01-03,2653.16290
2016-01-04,2653.19140
2016-01-05,2653.68620
2016-01-06,2654.18080
2016-01-07,2654.28710
2016-01-08,2654.82860
2016-01-09,2655.29540
2016-01-10,2655.76220
2016-01-11,2656.19060
2016-01-12,2656.61500
2016-01-13,2657.10600
2016-01-14,2657.53390
2016-01-15,2658.02290
2016-01-16,2658.51190
2016-01-17,2659.00090
2016-01-18,2659.48990
2016-01-19,2659.89470
2016-01-20,2660.40420
2016-01-21,2660.90800
2016-01-22,2661.40060
2016-01-23,2661.89330
2016-01-24,2662.38600
2016-01-25,2662.87870
2016-01-26,2663.37140
2016-01-27,2663.74580
2016-01-28,2664.46230
2016-01-29,2664.93400
2016-01-30,2665.40570
2016-01-31,2665.87970
2016-02-01,2666.35140
2016-02-02,2666.78670
2016-02-03,2667.28780
2016-02-04,2667.30790
2016-02-05,2667.79530
2016-02-06,2668.28280
2016-02-07,2668.77020
2016-02-08,2669.09980
2016-02-09,2669.59030
2016-02-10,2670.08090
2016-02-11,2670.57140
2016-02-12,2671.54170
2016-02-13,2672.01320
2016-02-14,2672.48480
2016-02-15,2672.42620
2016-02-16,2673.10190
2016-02-17,2673.48020
2016-02-18,2673.97240
2016-02-19,2674.46580
2016-02-20,2674.95800
2016-02-21,2675.45150
2016-02-22,2675.98310
2016-02-23,2676.48800
2016-02-24,2676.99280
2016-02-25,2677.48000
2016-02-26,2677.96710
2016-02-27,2678.45430
2016-02-28,2678.94140
2016-02-29,2679.42860
2016-03-01,2679.89550
2016-03-02,2680.38550
2016-03-03,2680.99880
2016-03-04,2681.48270
2016-03-05,2681.96540
2016-03-06,2682.44940
2016-03-07,2682.93210
2016-03-08,2683.37420
2016-03-09,2683.87440
2016-03-10,2684.15040
2016-03-11,2684.64170
2016-03-12,2685.13300
2016-03-13,2685.62430
2016-03-14,2686.07510
2016-03-15,2686.56940
2016-03-16,2687.02970
2016-03-17,2687.64510
2016-03-18,2688.83370
2016-03-19,2689.28440
2016-03-20,2689.73510
2016-03-21,2690.00700
2016-03-22,2689.97690
2016-03-23,2691.18210
2016-03-24,2691.57290
2016-03-25,2691.96380
2016-03-26,2692.35460
2016-03-27,2692.74540
2016-03-28,2692.89990
2016-03-29,2693.40820
2016-03-30,2693.96660
2016-03-31,2694.26550
2016-04-01,2694.74650
2016-04-02,2695.22620
2016-04-03,2695.70730
2016-04-04,2696.18700
2016-04-05,2696.66890
2016-04-06,2697.21460
2016-04-07,2697.69100
2016-04-08,2698.16730
2016-04-09,2698.64370
2016-04-10,2699.12010
2016-04-11,2699.66470
2016-04-12,2700.14790
2016-04-13,2700.60940
2016-04-14,2701.07080
2016-04-15,2701.53230
2016-04-16,2701.99370
2016-04-17,2702.45510
2016-04-18,2702.91660
2016-04-19,2703.37800
2016-04-20,2703.83940
2016-04-21,2704.09310
2016-04-22,2704.55750
2016-04-23,2705.02190
2016-04-24,2705.48530
2016-04-25,2705.93940
2016-04-26,2706.36400
2016-04-27,2706.83080
2016-04-28,2707.25390
2016-04-29,2707.72720
2016-04-30,2708.20050
2016-05-01,2708.67510
2016-05-02,2709.10590
2016-05-03,2709.56090
2016-05-04,2710.26410
2016-05-05,2710.48990
2016-05-06,2710.94640
2016-05-07,2711.40280
2016-05-08,2711.85930
2016-05-09,2712.31570
2016-05-10,2712.66910
2016-05-11,2713.15360
2016-05-12,2713.60040
2016-05-13,2714.28680
2016-05-14,2714.51480
2016-05-15,2714.74290
2016-05-16,2714.89220
2016-05-17,2715.36740
2016-05-18,2715.84220
2016-05-19,2716.04220
2016-05-20,2716.60270
2016-05-21,2717.03220
2016-05-22,2717.46250
2016-05-23,2717.93740
2016-05-24,2718.39960
2016-05-25,2718.87550
2016-05-26,2719.18910
2016-05-27,2720.53880
2016-05-28,2720.59880
2016-05-29,2720.65890
2016-05-30,2721.13780
2016-05-31,2721.62540
2016-06-01,2722.10570
2016-06-02,2722.61110
2016-06-03,2723.16220
2016-06-04,2723.59450
2016-06-05,2724.02820
2016-06-06,2724.50350
2016-06-07,2724.97160
2016-06-08,2725.46250
2016-06-09,2725.81050
2016-06-10,2726.90750
2016-06-11,2727.06670
2016-06-12,2727.22600
2016-06-13,2727.73140
2016-06-14,2728.21470
2016-06-15,2728.65690
2016-06-16,2729.15230
2016-06-17,2730.37170
2016-06-18,2730.52790
2016-06-19,2730.68410
2016-06-20,2731.15640
2016-06-21,2731.55860
2016-06-22,2732.02430
2016-06-23,2732.54300
2016-06-24,2733.26690
2016-06-25,2733.58820
2016-06-26,2733.90790
2016-06-27,2734.01100
2016-06-28,2734.49250
2016-06-29,2735.11950
2016-06-30,2735.59240
2016-07-01,2737.02740
2016-07-02,2737.09400
2016-07-03,2737.16070
2016-07-04,2737.73720
2016-07-05,2738.55730
2016-07-06,2738.70440
2016-07-07,2739.18040
2016-07-08,2740.40210
2016-07-09,2740.55820
2016-07-10,2740.71440
2016-07-11,2741.06960
2016-07-12,2741.54820
2016-07-13,2741.81140
2016-07-14,2742.50230
2016-07-15,2743.01660
2016-07-16,2743.43650
2016-07-17,2743.85480
2016-07-18,2744.31920
2016-07-19,2744.78200
2016-07-20,2745.19150
2016-07-21,2745.55270
2016-07-22,2746.66100
2016-07-23,2746.85820
2016-07-24,2747.05530
2016-07-25,2747.52540
2016-07-26,2747.92330
2016-07-27,2748.27590
2016-07-28,2748.74540
2016-07-29,2749.21500
2016-07-30,2749.68430
2016-07-31,2750.15390
2016-08-01,2750.64420
2016-08-02,2750.98230
2016-08-03,2751.43860
2016-08-04,2751.89500
2016-08-05,2753.15010
2016-08-06,2753.19560
2016-08-07,2753.24120
2016-08-08,2753.52150
2016-08-09,2754.01980
2016-08-10,2754.48080
2016-08-11,2754.94180
2016-08-12,2756.71590
2016-08-13,2756.76140
2016-08-14,2756.80700
2016-08-15,2756.85250
2016-08-16,2757.30890
2016-08-17,2757.76530
2016-08-18,2758.22170
2016-08-19,2758.67810
2016-08-20,2759.13450
2016-08-21,2759.59090
2016-08-22,2759.98870
2016-08-23,2760.48100
2016-08-24,2760.97330
2016-08-25,2761.25370
2016-08-26,2761.72900
2016-08-27,2762.20430
2016-08-28,2762.68190
2016-08-29,2763.07970
2016-08-30,2763.57190
2016-08-31,2764.06730
2016-09-01,2764.12190
2016-09-02,2765.51870
2016-09-03,2765.57320
2016-09-04,2765.62770
2016-09-05,2765.68230
2016-09-06,2765.97170
2016-09-07,2766.47370
2016-09-08,2766.94640
2016-09-09,2767.41910
2016-09-10,2767.89180
2016-09-11,2768.36450
2016-09-12,2769.30810
2016-09-13,2769.36260
2016-09-14,2769.83300
2016-09-15,2770.38890
2016-09-16,2771.36070
2016-09-17,2771.41520
2016-09-18,2771.46980
2016-09-19,2771.94480
2016-09-20,2772.41990
2016-09-21,2773.02060
2016-09-22,2773.49150
2016-09-23,2773.96240
2016-09-24,2774.43320
2016-09-25,2774.90410
2016-09-26,2775.40230
2016-09-27,2775.90470
2016-09-28,2776.19450
2016-09-29,2776.69700
2016-09-30,2777.17020
2016-10-01,2777.64340
2016-10-02,2778.11660
2016-10-03,2778.58990
2016-10-04,2779.29920
2016-10-05,2779.80170
2016-10-06,2780.30400
2016-10-07,2780.75840
2016-10-08,2781.21280
2016-10-09,2781.66720
2016-10-10,2782.85220
2016-10-11,2782.90680
2016-10-12,2782.96140
2016-10-13,2783.41840
2016-10-14,2784.69510
2016-10-15,2784.74970
2016-10-16,2784.80430
2016-10-17,2785.25890
2016-10-18,2785.61940
2016-10-19,2786.12200
2016-10-20,2786.57900
2016-10-21,2787.85580
2016-10-22,2787.91030
2016-10-23,2787.96490
2016-10-24,2788.41250
2016-10-25,2788.78010
2016-10-26,2789.28260
2016-10-27,2789.33980
2016-10-28,2789.79930
2016-10-29,2790.25890
2016-10-30,2790.71840
2016-10-31,2791.17800
2016-11-01,2791.63750
2016-11-02,2792.05290
2016-11-03,2792.51290
2016-11-04,2793.55830
2016-11-05,2793.61560
2016-11-06,2793.67280
2016-11-07,2794.17860
2016-11-08,2794.68450
2016-11-09,2795.14930
2016-11-10,2795.71700
2016-11-11,2796.17300
2016-11-12,2796.62900
2016-11-13,2797.08500
2016-11-14,2797.54100
2016-11-15,2798.09220
2016-11-16,2798.59630
2016-11-17,2799.03650
2016-11-18,2799.47660
2016-11-19,2799.91680
2016-11-20,2800.35690
2016-11-21,2800.79710
2016-11-22,2801.23720
2016-11-23,2801.67980
2016-11-24,2802.12010
2016-11-25,2802.56270
2016-11-26,2803.00300
2016-11-27,2803.44560
2016-11-28,2803.88590
2016-11-29,2804.32850
2016-11-30,2804.76890
2016-12-01,2804.82270
2016-12-02,2805.25380
2016-12-03,2805.68500
2016-12-04,2806.11610
2016-12-05,2806.54730
2016-12-06,2806.97840
2016-12-07,2807.40960
2016-12-08,2807.84080
2016-12-09,2808.27200
2016-12-10,2808.70550
2016-12-11,2809.13670
2016-12-12,2809.57020
2016-12-13,2809.94950
2016-12-14,2810.38310
2016-12-15,2810.81660
2016-12-16,2811.25230
2016-12-17,2811.68800
2016-12-18,2812.12360
2016-12-19,2811.69650
2016-12-20,2812.16050
2016-12-21,2812.62440
2016-12-22,2813.08840
2016-12-23,2813.55480
2016-12-24,2814.02110
2016-12-25,2814.48740
2016-12-26,2814.95380
2016-12-27,2815.42010
2016-12-28,2815.88650
2016-12-29,2816.49540
2016-12-30,2817.94590
2016-12-31,2818.00440
2017-01-01,2818.06300
2017-01-02,2818.35730
2017-01-03,2818.86500
2017-01-04,2819.31720
2017-01-05,2819.76960
2017-01-06,2820.22190
2017-01-07,2820.67420
2017-01-08,2821.12650
2017-01-09,2821.57880
2017-01-10,2821.86850
2017-01-11,2822.33960
2017-01-12,2822.87830
2017-01-13,2823.32440
2017-01-14,2823.77050
2017-01-15,2824.21660
2017-01-16,2824.66040
2017-01-17,2825.09570
2017-01-18,2825.53970
2017-01-19,2825.59890
2017-01-20,2826.05190
2017-01-21,2826.50480
2017-01-22,2826.95780
2017-01-23,2827.41070
2017-01-24,2827.61180
2017-01-25,2828.59230
2017-01-26,2828.65160
2017-01-27,2829.08940
2017-01-28,2829.52710
2017-01-29,2829.96490
2017-01-30,2830.42610
2017-01-31,2830.78790
2017-02-01,2831.25160
2017-02-02,2831.71540
2017-02-03,2832.19590
2017-02-04,2832.63770
2017-02-05,2833.07960
2017-02-06,2833.50880
2017-02-07,2833.98400
2017-02-08,2834.44160
2017-02-09,2834.90820
2017-02-10,2835.37470
2017-02-11,2835.83870
2017-02-12,2836.30520
2017-02-13,2836.76940
2017-02-14,2837.23610
2017-02-15,2837.70450
2017-02-16,2838.17080
2017-02-17,2838.65910
2017-02-18,2839.10360
2017-02-19,2839.54570
2017-02-20,2840.01150
2017-02-21,2840.47480
2017-02-22,2840.94060
2017-02-23,2841.40400
2017-02-24,2841.86980
2017-02-25,2842.33310
2017-02-26,2842.79900
2017-02-27,2843.26500
2017-02-28,2843.65230
2017-03-01,2844.16650
2017-03-02,2843.81010
2017-03-03,2844.30730
2017-03-04,2844.73400
2017-03-05,2845.16310
2017-03-06,2845.61020
2017-03-07,2846.05990
2017-03-08,2846.77200
2017-03-09,2847.22090
2017-03-10,2849.08520
2017-03-11,2849.13010
2017-03-12,2849.17490
2017-03-13,2849.21980
2017-03-14,2849.65600
2017-03-15,2850.06250
2017-03-16,2850.49830
2017-03-17,2851.90880
2017-03-18,2851.93210
2017-03-19,2851.95540
2017-03-20,2852.37820
2017-03-21,2852.78940
2017-03-22,2853.08860
2017-03-23,2853.61220
2017-03-24,2854.91040
2017-03-25,2854.93370
2017-03-26,2854.95690
2017-03-27,2855.38640
2017-03-28,2855.81590
2017-03-29,2856.31500
2017-03-30,2856.84650
2017-03-31,2858.50670
2017-04-01,2858.50070
2017-04-02,2858.49470
2017-04-03,2858.88650
2017-04-04,2859.27840
2017-04-05,2859.67030
2017-04-06,2860.06220
2017-04-07,2860.45410
2017-04-08,2860.84600
2017-04-09,2861.24080
2017-04-10,2861.63280
2017-04-11,2862.02520
2017-04-12,2862.41810
2017-04-13,2863.76740
2017-04-14,2863.76140
2017-04-15,2863.75540
2017-04-16,2863.74930
2017-04-17,2864.21580
2017-04-18,2864.58610
2017-04-19,2865.11900
2017-04-20,2865.11330
2017-04-21,2865.55220
2017-04-22,2865.99110
2017-04-23,2866.42990
2017-04-24,2866.86880
2017-04-25,2867.30770
2017-04-26,2867.74660
2017-04-27,2868.18540
2017-04-28,2868.62450
2017-04-29,2869.06350
2017-04-30,2869.50250
2017-05-01,2869.94150
2017-05-02,2870.38050
2017-05-03,2870.81950
2017-05-04,2871.25850
2017-05-05,2871.69750
2017-05-06,2872.13650
2017-05-07,2872.57550
2017-05-08,2873.01450
2017-05-09,2873.57380
2017-05-10,2873.56820
2017-05-11,2874.10200
2017-05-12,2875.48550
2017-05-13,2875.47980
2017-05-14,2875.47410
2017-05-15,2875.94140
2017-05-16,2876.40880
2017-05-17,2876.87320
2017-05-18,2876.62700
2017-05-19,2877.10260
2017-05-20,2877.57830
2017-05-21,2878.05400
2017-05-22,2878.57040
2017-05-23,2878.85220
2017-05-24,2879.33070
2017-05-25,2879.80920
2017-05-26,2880.28760
2017-05-27,2880.76610
2017-05-28,2881.24450
2017-05-29,2881.66680
2017-05-30,2882.20290
2017-05-31,2882.68140
2017-06-01,2883.15990
2017-06-02,2883.63840
2017-06-03,2884.11690
2017-06-04,2884.59540
2017-06-05,2885.07380
2017-06-06,2885.55230
2017-06-07,2886.03080
2017-06-08,2886.50940
2017-06-09,2886.98790
2017-06-10,2887.46650
2017-06-11,2887.94500
2017-06-12,2888.42370
2017-06-13,2888.90250
2017-06-14,2889.38130
2017-06-15,2889.80390
2017-06-16,2891.18380
2017-06-17,2891.18470
2017-06-18,2891.18560
2017-06-19,2891.66730
2017-06-20,2892.14890
2017-06-21,2892.63060
2017-06-22,2893.11230
2017-06-23,2893.59390
2017-06-24,2894.07560
2017-06-25,2894.55730
2017-06-26,2895.03900
2017-06-27,2895.52070
2017-06-28,2896.00230
2017-06-29,2896.51100
2017-06-30,2896.98740
2017-07-01,2897.46380
2017-07-02,2897.94020
2017-07-03,2898.41410
2017-07-04,2898.76130
2017-07-05,2899.25210
2017-07-06,2899.74220
2017-07-07,2900.23260
2017-07-08,2900.72290
2017-07-09,2901.21330
2017-07-10,2901.70440
2017-07-11,2902.19620
2017-07-12,2902.68800
2017-07-13,2902.65320
2017-07-14,2903.12840
2017-07-15,2903.60360
2017-07-16,2904.07880
2017-07-17,2904.58230
2017-07-18,2904.86350
2017-07-19,2905.42240
2017-07-20,2905.90030
2017-07-21,2906.37830
2017-07-22,2906.85630
2017-07-23,2907.33420
2017-07-24,2907.81220
2017-07-25,2908.27910
2017-07-26,2908.75720
2017-07-27,2909.22970
2017-07-28,2910.65750
2017-07-29,2910.65440
2017-07-30,2910.65130
2017-07-31,2911.13260
2017-08-01,2911.61380
2017-08-02,2912.09510
2017-08-03,2912.09570
2017-08-04,2912.56090
2017-08-05,2913.02610
2017-08-06,2913.49130
2017-08-07,2913.95660
2017-08-08,2914.42180
2017-08-09,2914.88700
2017-08-10,2915.35230
2017-08-11,2915.81750
2017-08-12,2916.28280
2017-08-13,2916.74800
2017-08-14,2917.56540
2017-08-15,2917.56600
2017-08-16,2918.45990
2017-08-17,2918.46050
2017-08-18,2918.92860
2017-08-19,2919.39670
2017-08-20,2919.86490
2017-08-21,2920.32170
2017-08-22,2920.78990
2017-08-23,2921.25260
2017-08-24,2921.72110
2017-08-25,2922.18950
2017-08-26,2922.65800
2017-08-27,2923.12640
2017-08-28,2923.59490
2017-08-29,2924.06340
2017-08-30,2924.53180
2017-08-31,2925.00950
2017-09-01,2925.47510
2017-09-02,2925.94080
2017-09-03,2926.40640
2017-09-04,2926.94080
2017-09-05,2927.39790
2017-09-06,2927.85510
2017-09-07,2928.33310
2017-09-08,2929.64170
2017-09-09,2929.64230
2017-09-10,2929.64280
2017-09-11,2930.09990
2017-09-12,2930.54000
2017-09-13,2931.00570
2017-09-14,2931.46000
2017-09-15,2931.92850
2017-09-16,2932.39700
2017-09-17,2932.86260
2017-09-18,2932.73460
2017-09-19,2933.15400
2017-09-20,2933.60180
2017-09-21,2934.07230
2017-09-22,2934.54280
2017-09-23,2935.01340
2017-09-24,2935.48390
2017-09-25,2935.95440
2017-09-26,2936.43790
2017-09-27,2936.86020
2017-09-28,2937.36840
2017-09-29,2937.83900
2017-09-30,2938.30960
2017-10-01,2938.78020
2017-10-02,2939.25080
2017-10-03,2939.72150
2017-10-04,2940.19220
2017-10-05,2940.66290
2017-10-06,2942.08220
2017-10-07,2942.08460
2017-10-08,2942.08710
2017-10-09,2942.50960
2017-10-10,2942.99160
2017-10-11,2943.47570
2017-10-12,2944.01240
2017-10-13,2945.40040
2017-10-14,2945.40290
2017-10-15,2945.40540
2017-10-16,2945.86190
2017-10-17,2946.20200
2017-10-18,2948.54650
2017-10-19,2948.54890
2017-10-20,2948.55140
2017-10-21,2948.55380
2017-10-22,2948.55630
2017-10-23,2949.01850
2017-10-24,2949.48070
2017-10-25,2949.94010
2017-10-26,2949.94710
2017-10-27,2950.41400
2017-10-28,2950.88080
2017-10-29,2951.34760
2017-10-30,2951.81730
2017-10-31,2952.28410
2017-11-01,2952.75590
2017-11-02,2953.22280
2017-11-03,2953.69260
2017-11-04,2954.15950
2017-11-05,2954.62930
2017-11-06,2955.09620
2017-11-07,2955.56600
2017-11-08,2956.13060
2017-11-09,2956.59490
2017-11-10,2957.05920
2017-11-11,2957.52350
2017-11-12,2957.98780
2017-11-13,2958.45210
2017-11-14,2958.91640
2017-11-15,2959.38070
2017-11-16,2959.84500
2017-11-17,2961.08020
2017-11-18,2961.08540
2017-11-19,2961.09050
2017-11-20,2961.56060
2017-11-21,2962.03060
2017-11-22,2962.50070
2017-11-23,2962.97080
2017-11-24,2963.44080
2017-11-25,2963.91380
2017-11-26,2964.38390
2017-11-27,2964.85680
2017-11-28,2965.32690
2017-11-29,2965.79990
2017-11-30,2966.27000
2017-12-01,2966.74290
2017-12-02,2967.21300
2017-12-03,2967.68590
2017-12-04,2968.15600
2017-12-05,2968.62900
2017-12-06,2969.09910
2017-12-07,2969.10920
2017-12-08,2969.58920
2017-12-09,2970.07010
2017-12-10,2970.55090
2017-12-11,2971.03070
2017-12-12,2971.51050
2017-12-13,2971.99210
2017-12-14,2972.47390
2017-12-15,2972.95560
2017-12-16,2973.43730
2017-12-17,2973.91900
2017-12-18,2974.40080
2017-12-19,2974.88250
2017-12-20,2974.73130
2017-12-21,2975.73530
2017-12-22,2976.21700
2017-12-23,2976.69880
2017-12-24,2977.18050
2017-12-25,2977.66230
2017-12-26,2978.14160
2017-12-27,2978.62380
2017-12-28,2978.93980
2017-12-29,2980.31340
2017-12-30,2980.32010
2017-12-31,2980.32670
2018-01-01,2980.81460
2018-01-02,2981.30250
2018-01-03,2981.79040
2018-01-04,2982.47090
2018-01-05,2982.95060
2018-01-06,2983.43030
2018-01-07,2983.91000
2018-01-08,2984.38960
2018-01-09,2984.98460
2018-01-10,2985.39150
2018-01-11,2985.86440
2018-01-12,2986.34010
2018-01-13,2986.81290
2018-01-14,2987.28860
2018-01-15,2987.76150
2018-01-16,2988.23720
2018-01-17,2988.71020
2018-01-18,2989.18590
2018-01-19,2989.65890
2018-01-20,2990.13460
2018-01-21,2990.60760
2018-01-22,2991.08330
2018-01-23,2991.54190
2018-01-24,2991.97830
2018-01-25,2992.46070
2018-01-26,2992.94300
2018-01-27,2993.42530
2018-01-28,2993.90770
2018-01-29,2994.39000
2018-01-30,2994.88070
2018-01-31,2995.36840
2018-02-01,2995.38340
2018-02-02,2995.85690
2018-02-03,2996.33050
2018-02-04,2996.80400
2018-02-05,2997.27760
2018-02-06,2997.75120
2018-02-07,2998.22470
2018-02-08,2998.70110
2018-02-09,2999.17460
2018-02-10,2999.65100
2018-02-11,3000.12460
2018-02-12,3000.60380
2018-02-13,3001.08020
2018-02-14,3001.55940
2018-02-15,3002.03760
2018-02-16,3002.51540
2018-02-17,3002.99040
2018-02-18,3003.46820
2018-02-19,3003.94320
2018-02-20,3004.42100
2018-02-21,3004.89600
2018-02-22,3005.37380
2018-02-23,3005.84950
2018-02-24,3006.32800
2018-02-25,3006.80360
2018-02-26,3007.22300
2018-02-27,3007.70420
2018-02-28,3008.18540
2018-03-01,3008.66650
2018-03-02,3009.14770
2018-03-03,3009.62890
2018-03-04,3010.11290
2018-03-05,3010.59410
2018-03-06,3011.14060
2018-03-07,3011.61910
2018-03-08,3012.09760
2018-03-09,3012.57620
2018-03-10,3013.05470
2018-03-11,3013.53330
2018-03-12,3014.01110
2018-03-13,3014.48900
2018-03-14,3014.96690
2018-03-15,3015.44470
2018-03-16,3015.92260
2018-03-17,3016.40050
2018-03-18,3016.87830
2018-03-19,3017.35620
2018-03-20,3017.83410
2018-03-21,3018.31230
2018-03-22,3018.25530
2018-03-23,3019.57670
2018-03-24,3019.58500
2018-03-25,3019.59330
2018-03-26,3020.13590
2018-03-27,3020.70140
2018-03-28,3023.37090
2018-03-29,3023.37920
2018-03-30,3023.38750
2018-03-31,3023.39570
2018-04-01,3023.40400
2018-04-02,3023.41230
2018-04-03,3023.89540
2018-04-04,3024.37850
2018-04-05,3025.05770
2018-04-06,3026.43640
2018-04-07,3026.44170
2018-04-08,3026.44710
2018-04-09,3026.91020
2018-04-10,3027.43590
2018-04-11,3027.89330
2018-04-12,3028.35070
2018-04-13,3028.80810
2018-04-14,3029.26560
2018-04-15,3029.72300
2018-04-16,3030.17760
2018-04-17,3030.63500
2018-04-18,3031.08960
2018-04-19,3031.08130
2018-04-20,3031.08570
2018-04-21,3031.09010
2018-04-22,3031.09450
2018-04-23,3031.50460
2018-04-24,3031.96990
2018-04-25,3032.44580
2018-04-26,3032.45050
2018-04-27,3032.41990
2018-04-28,3032.44580
2018-04-29,3032.47160
2018-04-30,3032.49750
2018-05-01,3032.52340
2018-05-02,3032.91720
2018-05-03,3033.31100
2018-05-04,3033.75040
2018-05-05,3034.18970
2018-05-06,3034.62910
2018-05-07,3035.09630
2018-05-08,3035.57260
2018-05-09,3036.04900
2018-05-10,3036.37420
2018-05-11,3036.85730
2018-05-12,3037.34050
2018-05-13,3037.82370
2018-05-14,3038.38130
2018-05-15,3038.86030
2018-05-16,3039.33900
2018-05-17,3039.76990
2018-05-18,3040.31970
2018-05-19,3040.76140
2018-05-20,3041.20310
2018-05-21,3041.68350
2018-05-22,3042.16270
2018-05-23,3042.64190
2018-05-24,3043.13960
2018-05-25,3043.61790
2018-05-26,3044.09620
2018-05-27,3044.57450
2018-05-28,3045.05300
2018-05-29,3045.53170
2018-05-30,3046.00380
2018-05-31,3046.01600
2018-06-01,3046.50700
2018-06-02,3046.99760
2018-06-03,3047.48860
2018-06-04,3047.59520
2018-06-05,3048.00040
2018-06-06,3048.51360
2018-06-07,3048.93470
2018-06-08,3049.43670
2018-06-09,3049.93860
2018-06-10,3050.44060
2018-06-11,3050.94230
2018-06-12,3051.44420
2018-06-13,3051.94600
2018-06-14,3052.41180
2018-06-15,3052.91640
2018-06-16,3053.42110
2018-06-17,3053.92530
2018-06-18,3054.42990
2018-06-19,3054.88990
2018-06-20,3055.48100
2018-06-21,3055.99680
2018-06-22,3056.49060
2018-06-23,3056.98450
2018-06-24,3057.47840
2018-06-25,3057.98550
2018-06-26,3058.47550
2018-06-27,3058.99210
2018-06-28,3059.50490
2018-06-29,3060.18180
2018-06-30,3060.59890
2018-07-01,3061.01600
2018-07-02,3061.54120
2018-07-03,3062.04920
2018-07-04,3062.65950
2018-07-05,3063.16300
2018-07-06,3063.66640
2018-07-07,3064.16980
2018-07-08,3064.67320
2018-07-09,3065.17670
2018-07-10,3065.66630
2018-07-11,3066.12340
2018-07-12,3066.55640
2018-07-13,3067.23490
2018-07-14,3067.65210
2018-07-15,3068.06930
2018-07-16,3068.57800
2018-07-17,3069.11410
2018-07-18,3069.63350
2018-07-19,3070.10400
2018-07-20,3070.73470
2018-07-21,3071.13100
2018-07-22,3071.52970
2018-07-23,3072.08630
2018-07-24,3072.60780
2018-07-25,3073.05850
2018-07-26,3073.18930
2018-07-27,3074.62090
2018-07-28,3074.66580
2018-07-29,3074.71050
2018-07-30,3075.26960
2018-07-31,3075.80210
2018-08-01,3076.29670
2018-08-02,3076.81070
2018-08-03,3077.78470
2018-08-04,3077.89590
2018-08-05,3078.00720
2018-08-06,3078.54160
2018-08-07,3079.30380
2018-08-08,3079.82730
2018-08-09,3080.32560
2018-08-10,3081.62050
2018-08-11,3081.61200
2018-08-12,3081.60360
2018-08-13,3082.15290
2018-08-14,3082.69280
2018-08-15,3083.20450
2018-08-16,3085.28510
2018-08-17,3085.27660
2018-08-18,3085.26820
2018-08-19,3085.25970
2018-08-20,3085.78560
2018-08-21,3086.78040
2018-08-22,3086.77190
2018-08-23,3087.29310
2018-08-24,3088.87110
2018-08-25,3088.86270
2018-08-26,3088.85420
2018-08-27,3089.37480
2018-08-28,3089.91600
2018-08-29,3090.46450
2018-08-30,3090.96730
2018-08-31,3092.55510
2018-09-01,3092.54660
2018-09-02,3092.53820
2018-09-03,3093.09910
2018-09-04,3093.62830
2018-09-05,3094.18040
2018-09-06,3094.70060
2018-09-07,3096.19080
2018-09-08,3096.20260
2018-09-09,3096.21440
2018-09-10,3096.74370
2018-09-11,3097.21120
2018-09-12,3098.24860
2018-09-13,3098.26040
2018-09-14,3099.85900
2018-09-16,3099.84200
2018-09-17,3100.38190
2018-09-18,3100.91820
2018-09-20,3100.85970
2018-09-23,3102.45860
2018-09-24,3102.93500
2018-09-25,3103.42930
2018-09-26,3104.06500
2018-09-27,3104.56390
2018-09-28,3106.29620
2018-09-30,3106.27920
2018-10-01,3107.40520
2018-10-02,3107.41740
2018-10-03,3107.96450
2018-10-04,3108.56290
2018-10-05,3109.10910
2018-10-07,3110.20140
2018-10-08,3110.84030
2018-10-09,3111.39490
2018-10-10,3111.93670
2018-10-11,3112.57160
2018-10-14,3113.93920
2018-10-15,3114.43890
2018-10-16,3114.98860
2018-10-18,3116.05240
2018-10-19,3117.61030
2018-10-21,3117.63380
2018-10-22,3118.18650
2018-10-23,3118.72190
2018-10-24,3119.27740
2018-10-25,3119.29530
2018-10-28,3120.90560
2018-10-29,3121.37300
2018-10-30,3121.91020
2018-10-31,3123.24540
2018-11-01,3123.77770
2018-11-02,3124.29670
2018-11-04,3125.33460
2018-11-05,3125.85060
2018-11-08,3127.40810
2018-11-11,3128.96540
2018-11-12,3129.48690
2018-11-13,3130.00850
2018-11-14,3130.52810
2018-11-15,3131.04400
2018-11-16,3132.59010
2018-11-18,3132.58650
2018-11-19,3133.10820
2018-11-20,3133.62990
2018-11-21,3134.15170
2018-11-25,3136.23840
2018-11-26,3136.79290
2018-11-27,3137.21430
2018-11-28,3137.82480
2018-11-29,3138.38910
2018-11-30,3138.90440
2018-12-02,3139.93490
2018-12-03,3140.43800
2018-12-04,3140.99000
2018-12-05,3141.47780
2018-12-06,3141.99320
2018-12-09,3143.53910
2018-12-10,3144.05440
2018-12-11,3144.55740
2018-12-12,3145.08190
2018-12-13,3145.60330
2018-12-14,3145.59000
2018-12-16,3145.54520
2018-12-17,3146.06960
2018-12-18,3146.59400
2018-12-19,3147.11850
2018-12-20,3147.58490
2018-12-21,3149.18570
2018-12-23,3149.14080
2018-12-24,3150.20400
2018-12-25,3150.18160
2018-12-26,3150.70900
2018-12-27,3151.23640
2018-12-28,3152.56650
2018-12-30,3152.50600
2018-12-31,3153.04870
2019-01-01,3154.19610
2019-01-02,3154.71870
2019-01-03,3155.24130
2019-01-04,3155.78220
2019-01-06,3156.80340
2019-01-07,3157.51280
2019-01-08,3158.02890
2019-01-09,3158.54420
2019-01-10,3159.02200
2019-01-11,3160.56910
2019-01-13,3160.53240
2019-01-14,3161.05190
2019-01-15,3161.65480
2019-01-16,3162.17110
2019-01-17,3162.68750
2019-01-18,3163.22770
2019-01-20,3164.23650
2019-01-21,3164.75280
2019-01-22,3165.11940
2019-01-23,3165.64480
2019-01-24,3166.22560
2019-01-25,3167.94210
2019-01-27,3167.88140
2019-01-28,3168.39160
2019-01-29,3168.90180
2019-01-30,3169.41200
2019-01-31,3169.92220
2019-02-01,3171.42660
2019-02-03,3171.38950
2019-02-04,3171.93440
2019-02-05,3172.44320
2019-02-06,3172.96820
2019-02-07,3173.49230
2019-02-08,3173.36970
2019-02-10,3173.33230
2019-02-11,3173.70790
2019-02-12,3174.27070
2019-02-13,3174.83080
2019-02-14,3175.38470
2019-02-15,3176.92880
2019-02-17,3176.89120
2019-02-18,3177.91570
2019-02-19,3177.89680
2019-02-20,3178.44350
2019-02-21,3178.79450
2019-02-22,3180.28670
2019-02-24,3180.24890
2019-02-25,3180.85770
2019-02-26,3181.32180
2019-02-27,3181.79810
2019-02-28,3182.33550
2019-03-01,3184.46950
2019-03-04,3184.41280
2019-03-05,3184.99720
2019-03-06,3185.49490
2019-03-07,3185.95580
2019-03-08,3187.53670
2019-03-10,3187.49880
2019-03-11,3188.00560
2019-03-12,3188.53390
2019-03-13,3189.05900
2019-03-14,3189.52920
2019-03-15,3190.04520
2019-03-17,3191.08030
2019-03-18,3191.07980
2019-03-19,3191.42340
2019-03-20,3192.28540
2019-03-21,3192.28480
2019-03-22,3192.66700
2019-03-24,3193.43130
2019-03-25,3193.81340
2019-03-26,3194.19560
2019-03-27,3194.66380
2019-03-28,3195.09730
2019-03-29,3195.59130
2019-03-31,3196.58150
2019-04-01,3197.07560
2019-04-02,3197.58060
2019-04-03,3198.30950
2019-04-04,3198.81680
2019-04-05,3199.44340
2019-04-07,3200.21150
2019-04-08,3200.74700
2019-04-09,3201.24600
2019-04-10,3201.74500
2019-04-11,3202.24390
2019-04-12,3203.32050
2019-04-14,3203.50940
2019-04-15,3204.03830
2019-04-16,3204.54370
2019-04-17,3205.04900
2019-04-18,3205.55430
2019-04-19,3206.05970
2019-04-21,3207.07030
2019-04-22,3207.57560
2019-04-23,3208.06510
2019-04-24,3208.57040
2019-04-25,3209.09280
2019-04-26,3209.59760
2019-04-29,3211.11190
2019-04-30,3211.66020
2019-05-01,3212.12040
2019-05-02,3212.62490
2019-05-03,3213.13400
2019-05-05,3214.15240
2019-05-06,3214.66420
2019-05-07,3215.17330
2019-05-08,3215.68620
2019-05-09,3216.19540
2019-05-10,3216.70720
2019-05-12,3217.72810
2019-05-13,3218.23720
2019-05-14,3218.75410
2019-05-15,3219.26270
2019-05-16,3219.26070
2019-05-17,3220.72710
2019-05-19,3220.75440
2019-05-20,3221.21260
2019-05-21,3221.72780
2019-05-22,3222.20650
2019-05-23,3222.69880
2019-05-24,3224.16880
2019-05-25,3224.17120
2019-05-26,3224.17370
2019-05-27,3224.67990
2019-05-28,3225.13600
2019-05-29,3225.63560
2019-05-30,3226.27650
2019-05-31,3227.57050
2019-06-02,3227.66510
2019-06-03,3228.25900
2019-06-04,3228.80150
2019-06-05,3229.24300
2019-06-06,3229.72720
2019-06-07,3231.12400
2019-06-09,3231.21230
2019-06-10,3231.68030
2019-06-11,3232.17620
2019-06-12,3232.64250
2019-06-13,3232.71200
2019-06-14,3233.18100
2019-06-16,3234.11910
2019-06-17,3234.55550
2019-06-18,3234.98180
2019-06-19,3235.38120
2019-06-20,3236.01600
2019-06-21,3237.42300
2019-06-22,3237.42300
2019-06-23,3237.42300
2019-06-24,3237.86570
2019-06-25,3238.33810
2019-06-26,3238.81060
2019-06-27,3239.20580
2019-06-28,3240.60480
2019-06-30,3240.67690
2019-07-01,3241.11790
2019-07-02,3241.52170
2019-07-03,3242.06820
2019-07-04,3242.53510
2019-07-05,3243.87940
2019-07-07,3243.95280
2019-07-08,3244.39770
2019-07-09,3244.86010
2019-07-10,3245.33750
2019-07-11,3245.37360
2019-07-12,3245.82720
2019-07-14,3246.73420
2019-07-15,3247.18770
2019-07-16,3247.64130
2019-07-17,3248.09480
2019-07-18,3248.54830
2019-07-19,3250.05910
2019-07-21,3250.04870
2019-07-22,3250.47030
2019-07-23,3250.89200
2019-07-24,3251.31370
2019-07-25,3251.73540
2019-07-26,3252.15700
2019-07-27,3252.57870
2019-07-28,3253.00040
2019-07-29,3253.69720
2019-07-30,3254.11840
2019-07-31,3253.44150
2019-08-01,3254.79670
2019-08-02,3255.23050
2019-08-04,3256.09800
2019-08-05,3256.53170
2019-08-06,3256.96550
2019-08-07,3257.39930
2019-08-08,3257.83310
2019-08-09,3258.26690
2019-08-10,3258.69760
2019-08-12,3259.56200
2019-08-13,3259.99580
2019-08-14,3260.27670
2019-08-15,3260.24550
2019-08-16,3261.66940
2019-08-17,3261.63820
2019-08-18,3261.60710
2019-08-19,3262.18220
2019-08-20,3262.60030
2019-08-21,3263.06220
2019-08-22,3263.36490
2019-08-23,3264.82310
2019-08-24,3264.79190
2019-08-25,3264.76070
2019-08-26,3265.08830
2019-08-27,3265.51840
2019-08-28,3265.94840
2019-08-29,3266.37850
2019-08-30,3268.28890
2019-09-02,3268.19510
2019-09-03,3268.45660
2019-09-04,3268.96400
2019-09-05,3269.41000
2019-09-06,3269.83680
2019-09-08,3270.69050
2019-09-09,3271.11410
2019-09-10,3271.54090
2019-09-11,3271.94550
2019-09-12,3272.37540
2019-09-13,3272.80540
2019-09-14,3273.23540
2019-09-15,3273.66540
2019-09-16,3273.63410
2019-09-17,3274.03490
2019-09-18,3274.43580
2019-09-19,3274.83670
2019-09-20,3275.23750
2019-09-22,3276.03920
2019-09-23,3276.44000
2019-09-24,3276.84090
2019-09-25,3276.97880
2019-09-26,3277.40500
2019-09-27,3277.83440
2019-09-29,3278.69000
2019-09-30,3279.13800
2019-10-01,3280.30470
2019-10-02,3280.27330
2019-10-03,3280.70500
2019-10-04,3282.14890
2019-10-06,3282.08620
2019-10-07,3282.51130
2019-10-08,3282.93320
2019-10-09,3283.35840
2019-10-10,3283.75090
2019-10-11,3285.14590
2019-10-13,3285.08310
2019-10-14,3285.49510
2019-10-15,3285.91380
2019-10-16,3286.31610
2019-10-17,3286.24380
2019-10-18,3286.60920
2019-10-21,3287.70540
2019-10-22,3288.07070
2019-10-23,3288.43610
2019-10-24,3288.80150
2019-10-25,3289.16690
2019-10-28,3290.25710
2019-10-29,3290.67500
2019-10-30,3290.99080
2019-10-31,3291.35320
2019-11-01,3291.71560
2019-11-03,3292.44050
2019-11-04,3292.77660
2019-11-05,3293.14490
2019-11-06,3293.50430
2019-11-07,3293.86680
2019-11-08,3294.23670
2019-11-10,3294.97650
2019-11-11,3295.74840
2019-11-12,3295.71690
2019-11-13,3296.08390
2019-11-14,3296.04870
2019-11-15,3296.44600
2019-11-17,3297.24060
2019-11-18,3297.59010
2019-11-19,3297.98740
2019-11-20,3298.47580
2019-11-21,3298.86990
2019-11-22,3299.26400
2019-11-24,3300.05210
2019-11-25,3300.44620
2019-11-26,3300.84020
2019-11-27,3301.23430
2019-11-28,3301.62830
2019-11-29,3302.02230
2019-12-01,3302.81040
2019-12-02,3303.20760
2019-12-03,3303.60160
2019-12-04,3304.05920
2019-12-05,3304.41830
2019-12-06,3304.80910
2019-12-08,3305.59070
2019-12-09,3305.98150
2019-12-10,3306.37550
2019-12-11,3306.76630
2019-12-12,3306.73110
2019-12-13,3307.92280
2019-12-15,3307.95180
2019-12-16,3307.76090
2019-12-17,3308.17880
2019-12-18,3308.57710
2019-12-19,3309.12860
2019-12-20,3310.08960
2019-12-22,3310.12310
2019-12-23,3310.52130
2019-12-24,3311.56370
2019-12-25,3311.58040
2019-12-26,3311.89450
2019-12-27,3312.27800
2019-12-28,3312.66160
2019-12-29,3313.04510
2019-12-30,3313.49320
2019-12-31,3313.77290
2020-01-01,3314.46400
2020-01-02,3315.15220
2020-01-03,3316.03400
2020-01-05,3316.04920
2020-01-06,3316.42150
2020-01-07,3316.79380
2020-01-08,3317.00620
2020-01-09,3317.46260
2020-01-10,3318.43970
2020-01-11,3318.44730
2020-01-12,3318.45490
2020-01-13,3318.65320
2020-01-14,3318.93830
2020-01-15,3319.49710
2020-01-16,3319.84980
2020-01-17,3321.04110
2020-01-19,3321.05240
2020-01-20,3321.43870
2020-01-21,3321.83650
2020-01-22,3322.22830
2020-01-23,3322.54290
2020-01-24,3323.65040
2020-01-25,3323.60590
2020-01-26,3323.56140
2020-01-27,3323.94190
2020-01-28,3324.30160
2020-01-29,3324.67330
2020-01-30,3324.66740
2020-01-31,3325.03010
2020-02-02,3325.75560
2020-02-03,3325.92210
2020-02-04,3326.29380
2020-02-05,3326.66540
2020-02-06,3327.03700
2020-02-07,3327.40860
2020-02-09,3328.14890
2020-02-10,3328.52050
2020-02-11,3328.88910
2020-02-12,3329.26070
2020-02-13,3329.76800
2020-02-14,3330.97100
2020-02-16,3330.88180
2020-02-17,3331.24450
2020-02-18,3331.61710
2020-02-19,3331.98970
2020-02-20,3332.36230
2020-02-23,3333.47710
2020-02-24,3333.79490
2020-02-25,3334.17050
2020-02-26,3334.54920
2020-02-27,3334.89130
2020-02-28,3335.27300
2020-03-01,3336.03950
2020-03-02,3336.42730
2020-03-03,3336.80890
2020-03-04,3337.18760
2020-03-05,3337.06880
2020-03-06,3338.25440
2020-03-08,3338.16500
2020-03-09,3338.96280
2020-03-10,3338.91810
2020-03-11,3339.29980
2020-03-12,3339.69060
2020-03-13,3340.36050
2020-03-15,3340.84560
2020-03-16,3341.23130
2020-03-17,3341.18650
2020-03-18,3341.14180
2020-03-19,3341.09710
2020-03-20,3341.05230
2020-03-22,3340.96290
2020-03-23,3340.91820
2020-03-24,3340.87340
2020-03-25,3340.82870
2020-03-26,3340.78400
2020-03-27,3340.73930
