Date,NAV
2006-04-01,1024.21400
2006-04-02,1024.38190
2006-04-03,1024.62000
2006-04-04,1024.83080
2006-04-05,1025.02100
2006-04-06,1025.18200
2006-04-07,1025.34610
2006-04-08,1025.51100
2006-04-09,1025.67500
2006-04-10,1025.86320
2006-04-11,1026.02090
2006-04-12,1026.18030
2006-04-13,1026.37260
2006-04-14,1026.53150
2006-04-15,1026.69070
2006-04-16,1026.84990
2006-04-17,1027.00870
2006-04-18,1027.18330
2006-04-19,1027.36160
2006-04-20,1027.55150
2006-04-21,1027.73210
2006-04-22,1027.89710
2006-04-23,1028.06220
2006-04-24,1028.24370
2006-04-25,1028.41090
2006-04-26,1028.57840
2006-04-27,1024.47760
2006-04-28,1024.64610
2006-04-29,1024.81470
2006-04-30,1024.98330
2006-05-01,1025.15200
2006-05-02,1025.32140
2006-05-03,1025.50340
2006-05-04,1025.67020
2006-05-05,1025.83810
2006-05-06,1026.00610
2006-05-07,1026.17400
2006-05-08,1026.31980
2006-05-09,1026.48040
2006-05-10,1026.63920
2006-05-11,1026.79660
2006-05-12,1026.95410
2006-05-13,1027.11170
2006-05-14,1027.26930
2006-05-15,1027.42850
2006-05-16,1027.58850
2006-05-17,1027.74940
2006-05-18,1027.90890
2006-05-19,1028.06900
2006-05-20,1028.21740
2006-05-21,1028.37670
2006-05-22,1028.53760
2006-05-23,1028.69750
2006-05-24,1028.85730
2006-05-25,1024.51110
2006-05-26,1024.67000
2006-05-27,1024.82700
2006-05-28,1024.98390
2006-05-29,1025.14200
2006-05-30,1025.30010
2006-05-31,1025.45770
2006-06-01,1025.54490
2006-06-02,1025.70500
2006-06-03,1025.86520
2006-06-04,1026.02530
2006-06-05,1026.15800
2006-06-06,1026.29450
2006-06-07,1026.45240
2006-06-08,1026.61060
2006-06-09,1026.75660
2006-06-10,1026.91790
2006-06-11,1027.07930
2006-06-12,1027.24000
2006-06-13,1027.40100
2006-06-14,1027.56220
2006-06-15,1027.72360
2006-06-16,1027.88540
2006-06-17,1028.04730
2006-06-18,1028.20920
2006-06-19,1028.37090
2006-06-20,1028.53410
2006-06-21,1028.69590
2006-06-22,1028.77390
2006-06-23,1028.91270
2006-06-24,1029.07460
2006-06-25,1029.23660
2006-06-26,1029.39790
2006-06-27,1029.56060
2006-06-28,1029.72190
2006-06-29,1024.54030
2006-06-30,1024.70360
2006-07-01,1024.86780
2006-07-02,1025.03210
2006-07-03,1025.19640
2006-07-04,1025.36070
2006-07-05,1025.52510
2006-07-06,1025.68940
2006-07-07,1025.85200
2006-07-08,1026.01470
2006-07-09,1026.17750
2006-07-10,1026.34020
2006-07-11,1026.50280
2006-07-12,1026.66580
2006-07-13,1026.82870
2006-07-14,1026.99100
2006-07-15,1027.15340
2006-07-16,1027.31590
2006-07-17,1027.47830
2006-07-18,1027.64060
2006-07-19,1027.80340
2006-07-20,1027.96800
2006-07-21,1028.13050
2006-07-22,1028.29290
2006-07-23,1028.45530
2006-07-24,1028.61800
2006-07-25,1028.78110
2006-07-26,1028.94630
2006-07-27,1024.58890
2006-07-28,1024.75310
2006-07-29,1024.91740
2006-07-30,1025.08170
2006-07-31,1025.24550
2006-08-01,1025.41090
2006-08-02,1025.57630
2006-08-03,1025.74180
2006-08-04,1025.90660
2006-08-05,1026.07140
2006-08-06,1026.23620
2006-08-07,1026.40140
2006-08-08,1026.56620
2006-08-09,1026.73140
2006-08-10,1026.89670
2006-08-11,1027.06060
2006-08-12,1027.22450
2006-08-13,1027.38850
2006-08-14,1027.55230
2006-08-15,1027.71620
2006-08-16,1027.88020
2006-08-17,1028.04480
2006-08-18,1028.20980
2006-08-19,1028.37460
2006-08-20,1028.53870
2006-08-21,1028.70490
2006-08-22,1028.87140
2006-08-23,1029.03770
2006-08-24,1029.20570
2006-08-25,1029.37150
2006-08-26,1029.53720
2006-08-27,1029.70300
2006-08-28,1029.86770
2006-08-29,1030.03720
2006-08-30,1030.20710
2006-08-31,1024.63260
2006-09-01,1024.80340
2006-09-02,1024.97460
2006-09-03,1025.14590
2006-09-04,1025.31730
2006-09-05,1025.48860
2006-09-06,1025.66090
2006-09-07,1025.83400
2006-09-08,1026.00710
2006-09-09,1026.18030
2006-09-10,1026.35340
2006-09-11,1026.52680
2006-09-12,1026.70090
2006-09-13,1026.87570
2006-09-14,1027.05070
2006-09-15,1027.22700
2006-09-16,1027.40340
2006-09-17,1027.57990
2006-09-18,1027.75880
2006-09-19,1027.93670
2006-09-20,1028.11970
2006-09-21,1028.30410
2006-09-22,1028.48890
2006-09-23,1028.67240
2006-09-24,1028.85590
2006-09-25,1029.04010
2006-09-26,1029.22650
2006-09-27,1029.41370
2006-09-28,1024.65370
2006-09-29,1024.84640
2006-09-30,1025.03890
2006-10-01,1025.23140
2006-10-02,1025.42390
2006-10-03,1025.61110
2006-10-04,1025.79960
2006-10-05,1025.98770
2006-10-06,1026.17710
2006-10-07,1026.36650
2006-10-08,1026.55590
2006-10-09,1026.74550
2006-10-10,1026.93450
2006-10-11,1027.12430
2006-10-12,1027.31420
2006-10-13,1027.50420
2006-10-14,1027.69400
2006-10-15,1027.88390
2006-10-16,1028.07260
2006-10-17,1028.26520
2006-10-18,1028.45110
2006-10-19,1028.64440
2006-10-20,1028.84030
2006-10-21,1029.03440
2006-10-22,1029.22850
2006-10-23,1029.42970
2006-10-24,1029.63160
2006-10-25,1029.83330
2006-10-26,1024.67780
2006-10-27,1024.87590
2006-10-28,1025.07350
2006-10-29,1025.27110
2006-10-30,1025.47180
2006-10-31,1025.67930
2006-11-01,1025.88670
2006-11-02,1026.09410
2006-11-03,1026.30170
2006-11-04,1026.50910
2006-11-05,1026.71650
2006-11-06,1026.91480
2006-11-07,1027.11420
2006-11-08,1027.31220
2006-11-09,1027.50760
2006-11-10,1027.70610
2006-11-11,1027.90470
2006-11-12,1028.10340
2006-11-13,1028.30220
2006-11-14,1028.50630
2006-11-15,1028.71100
2006-11-16,1028.91590
2006-11-17,1029.12200
2006-11-18,1029.32730
2006-11-19,1029.53260
2006-11-20,1029.73970
2006-11-21,1029.94380
2006-11-22,1030.14570
2006-11-23,1030.34520
2006-11-24,1030.54430
2006-11-25,1030.74370
2006-11-26,1030.94310
2006-11-27,1031.13760
2006-11-28,1031.33220
2006-11-29,1031.45230
2006-11-30,1024.71230
2006-12-01,1024.90900
2006-12-02,1025.10600
2006-12-03,1025.30300
2006-12-04,1025.49970
2006-12-05,1025.69650
2006-12-06,1025.89620
2006-12-07,1026.09400
2006-12-08,1026.29190
2006-12-09,1026.49000
2006-12-10,1026.68800
2006-12-11,1026.88290
2006-12-12,1027.08720
2006-12-13,1027.29390
2006-12-14,1027.49630
2006-12-15,1027.70310
2006-12-16,1027.91720
2006-12-17,1028.13150
2006-12-18,1028.34170
2006-12-19,1028.54920
2006-12-20,1028.76150
2006-12-21,1028.97340
2006-12-22,1029.18850
2006-12-23,1029.40800
2006-12-24,1029.62750
2006-12-25,1029.84710
2006-12-26,1030.07150
2006-12-27,1030.30270
2006-12-28,1024.73170
2006-12-29,1024.96100
2006-12-30,1025.18810
2006-12-31,1025.41540
2007-01-01,1025.64260
2007-01-02,1025.86530
2007-01-03,1026.08100
2007-01-04,1026.29230
2007-01-05,1026.50880
2007-01-06,1026.72170
2007-01-07,1026.93460
2007-01-08,1027.15150
2007-01-09,1027.36890
2007-01-10,1027.58560
2007-01-11,1027.80230
2007-01-12,1028.01770
2007-01-15,1028.66800
2007-01-16,1028.88260
2007-01-17,1029.09720
2007-01-18,1029.31370
2007-01-19,1029.53010
2007-01-20,1029.74530
2007-01-21,1029.96170
2007-01-22,1030.17880
2007-01-23,1030.39390
2007-01-24,1030.60950
2007-01-25,1024.75750
2007-01-26,1024.97270
2007-01-27,1025.18750
2007-01-28,1025.40240
2007-01-29,1025.61400
2007-01-30,1025.82670
2007-01-31,1026.04000
2007-02-01,1026.25330
2007-02-02,1026.46810
2007-02-03,1026.68410
2007-02-04,1026.90000
2007-02-05,1027.11570
2007-02-06,1027.32490
2007-02-07,1027.52010
2007-02-08,1027.72260
2007-02-09,1027.92720
2007-02-10,1028.13290
2007-02-11,1028.33850
2007-02-12,1028.54190
2007-02-13,1028.74570
2007-02-14,1028.95350
2007-02-15,1029.16940
2007-02-16,1029.38860
2007-02-17,1029.60750
2007-02-18,1029.82640
2007-02-19,1030.04730
2007-02-20,1030.27120
2007-02-21,1030.49430
2007-02-22,1024.82470
2007-02-23,1025.03220
2007-02-24,1025.23870
2007-02-25,1025.44510
2007-02-26,1025.65230
2007-02-27,1025.85810
2007-02-28,1026.06730
2007-03-01,1026.27630
2007-03-02,1026.49020
2007-03-03,1026.70470
2007-03-04,1026.91910
2007-03-05,1027.12630
2007-03-06,1027.33480
2007-03-07,1027.54530
2007-03-08,1027.75650
2007-03-09,1027.97510
2007-03-10,1028.19280
2007-03-11,1028.41060
2007-03-12,1028.62830
2007-03-13,1028.84550
2007-03-14,1029.06240
2007-03-15,1029.28530
2007-03-16,1029.52910
2007-03-17,1029.77750
2007-03-18,1030.02590
2007-03-19,1030.27440
2007-03-20,1030.54450
2007-03-21,1030.88270
2007-03-22,1031.15130
2007-03-23,1031.39230
2007-03-24,1031.64610
2007-03-25,1031.89990
2007-03-26,1032.15290
2007-03-27,1032.40600
2007-03-28,1032.67050
2007-03-29,1024.86570
2007-03-30,1025.20020
2007-03-31,1025.53480
2007-04-01,1025.86960
2007-04-02,1026.20460
2007-04-03,1026.45370
2007-04-04,1026.69090
2007-04-05,1026.92100
2007-04-06,1027.15100
2007-04-07,1027.38130
2007-04-08,1027.61160
2007-04-09,1027.83980
2007-04-10,1028.06600
2007-04-11,1028.28790
2007-04-12,1028.50050
2007-04-13,1028.72590
2007-04-14,1028.95120
2007-04-15,1029.17660
2007-04-16,1029.40530
2007-04-17,1029.64850
2007-04-18,1029.88900
2007-04-19,1030.12790
2007-04-20,1030.36740
2007-04-21,1030.60760
2007-04-22,1030.84780
2007-04-23,1031.08680
2007-04-24,1031.32530
2007-04-25,1031.55800
2007-04-26,1024.88560
2007-04-27,1025.14420
2007-04-28,1025.39060
2007-04-29,1025.63690
2007-04-30,1025.87730
2007-05-01,1026.11770
2007-05-02,1026.35800
2007-05-03,1026.59490
2007-05-04,1026.82720
2007-05-05,1027.05840
2007-05-06,1027.28960
2007-05-07,1027.51440
2007-05-08,1027.73910
2007-05-09,1027.95910
2007-05-10,1028.18060
2007-05-11,1028.40290
2007-05-12,1028.62700
2007-05-13,1028.85110
2007-05-14,1029.08590
2007-05-15,1029.32170
2007-05-16,1029.55680
2007-05-17,1029.79130
2007-05-18,1030.02530
2007-05-19,1030.25960
2007-05-20,1030.49390
2007-05-21,1030.72330
2007-05-22,1030.94910
2007-05-23,1031.17410
2007-05-24,1031.40000
2007-05-25,1031.62760
2007-05-26,1031.85660
2007-05-27,1032.08570
2007-05-28,1032.31050
2007-05-29,1032.52950
2007-05-30,1032.74790
2007-05-31,1024.95590
2007-06-01,1025.25760
2007-06-02,1025.47210
2007-06-03,1025.68630
2007-06-04,1025.90050
2007-06-05,1026.11010
2007-06-06,1026.31970
2007-06-07,1026.52900
2007-06-08,1026.73880
2007-06-09,1026.95290
2007-06-10,1027.16700
2007-06-11,1027.38210
2007-06-12,1027.59870
2007-06-13,1027.79100
2007-06-14,1027.98970
2007-06-15,1028.19470
2007-06-16,1028.39920
2007-06-17,1028.60360
2007-06-18,1028.80970
2007-06-19,1029.01580
2007-06-20,1029.21730
2007-06-21,1029.41750
2007-06-22,1029.61980
2007-06-23,1029.82990
2007-06-24,1030.04000
2007-06-25,1030.25600
2007-06-26,1030.47300
2007-06-27,1030.69330
2007-06-28,1024.98500
2007-06-29,1025.20920
2007-06-30,1025.42540
2007-07-01,1025.64150
2007-07-02,1025.85770
2007-07-03,1026.07230
2007-07-04,1026.28150
2007-07-05,1026.49030
2007-07-06,1026.69870
2007-07-07,1026.91320
2007-07-08,1027.12780
2007-07-09,1027.33860
2007-07-10,1027.54570
2007-07-11,1027.74410
2007-07-12,1027.94750
2007-07-13,1028.15130
2007-07-14,1028.35550
2007-07-15,1028.55960
2007-07-16,1028.76350
2007-07-17,1028.96730
2007-07-18,1029.17090
2007-07-19,1029.37470
2007-07-20,1029.57750
2007-07-21,1029.78110
2007-07-22,1029.98470
2007-07-23,1030.18760
2007-07-24,1030.39060
2007-07-25,1030.59340
2007-07-26,1025.00240
2007-07-27,1025.21780
2007-07-28,1025.43340
2007-07-29,1025.64910
2007-07-30,1025.86080
2007-07-31,1026.07720
2007-08-01,1026.29340
2007-08-02,1026.50950
2007-08-03,1026.72600
2007-08-04,1026.94240
2007-08-05,1027.15880
2007-08-06,1027.37570
2007-08-07,1027.58520
2007-08-08,1027.79350
2007-08-09,1028.00070
2007-08-10,1028.20830
2007-08-11,1028.41590
2007-08-12,1028.62340
2007-08-13,1028.83100
2007-08-14,1029.04170
2007-08-15,1029.25230
2007-08-16,1029.46290
2007-08-17,1029.67330
2007-08-18,1029.89300
2007-08-19,1030.11270
2007-08-20,1030.33240
2007-08-21,1030.54020
2007-08-22,1030.74800
2007-08-23,1030.95560
2007-08-24,1031.16470
2007-08-25,1031.37400
2007-08-26,1031.58340
2007-08-27,1031.79220
2007-08-28,1032.00080
2007-08-29,1032.20930
2007-08-30,1025.00470
2007-08-31,1025.21500
2007-09-01,1025.42550
2007-09-02,1025.63610
2007-09-03,1025.84920
2007-09-04,1026.05650
2007-09-05,1026.26380
2007-09-06,1026.47100
2007-09-07,1026.67830
2007-09-08,1026.88580
2007-09-09,1027.09340
2007-09-10,1027.29700
2007-09-11,1027.50090
2007-09-12,1027.70480
2007-09-13,1027.91790
2007-09-14,1028.13220
2007-09-15,1028.34670
2007-09-16,1028.56120
2007-09-17,1028.77540
2007-09-18,1028.98820
2007-09-19,1029.20210
2007-09-20,1029.41290
2007-09-21,1029.62920
2007-09-22,1029.84870
2007-09-23,1030.06830
2007-09-24,1030.28500
2007-09-25,1030.49590
2007-09-26,1030.70700
2007-09-27,1025.00240
2007-09-28,1025.22720
2007-09-29,1025.45220
2007-09-30,1025.67720
2007-10-01,1025.89290
2007-10-02,1026.10880
2007-10-03,1026.32280
2007-10-04,1026.53680
2007-10-05,1026.74820
2007-10-06,1026.95960
2007-10-07,1027.17100
2007-10-08,1027.38520
2007-10-09,1027.59930
2007-10-10,1027.81340
2007-10-11,1028.03140
2007-10-12,1028.25110
2007-10-13,1028.47190
2007-10-14,1028.69270
2007-10-15,1028.91240
2007-10-16,1029.13260
2007-10-17,1029.35290
2007-10-18,1029.57270
2007-10-19,1029.79260
2007-10-20,1030.01250
2007-10-21,1030.23240
2007-10-22,1030.45220
2007-10-23,1030.67210
2007-10-24,1030.89220
2007-10-25,1025.00240
2007-10-26,1025.22150
2007-10-27,1025.44030
2007-10-28,1025.65910
2007-10-29,1025.87790
2007-10-30,1026.10000
2007-10-31,1026.32240
2007-11-01,1026.54580
2007-11-02,1026.76790
2007-11-03,1026.99020
2007-11-04,1027.21250
2007-11-05,1027.43540
2007-11-06,1027.66360
2007-11-07,1027.89150
2007-11-08,1028.11940
2007-11-09,1028.34730
2007-11-10,1028.57530
2007-11-11,1028.80320
2007-11-12,1029.03150
2007-11-13,1029.26250
2007-11-14,1029.49210
2007-11-15,1029.72190
2007-11-16,1029.95160
2007-11-17,1030.18120
2007-11-18,1030.41080
2007-11-19,1030.64040
2007-11-20,1030.86980
2007-11-21,1031.09770
2007-11-22,1031.32050
2007-11-23,1031.54030
2007-11-24,1031.76000
2007-11-25,1031.97980
2007-11-26,1032.20270
2007-11-27,1032.42710
2007-11-28,1032.65140
2007-11-29,1025.00240
2007-11-30,1025.22430
2007-12-01,1025.44650
2007-12-02,1025.66870
2007-12-03,1025.88880
2007-12-04,1026.10890
2007-12-05,1026.32580
2007-12-06,1026.53890
2007-12-07,1026.74550
2007-12-08,1026.96160
2007-12-09,1027.17770
2007-12-10,1027.39430
2007-12-11,1027.61160
2007-12-12,1027.83110
2007-12-13,1028.05600
2007-12-14,1028.27860
2007-12-15,1028.50020
2007-12-16,1028.72170
2007-12-17,1028.94270
2007-12-18,1029.16200
2007-12-19,1029.38120
2007-12-20,1029.60800
2007-12-21,1029.83480
2007-12-22,1030.05550
2007-12-23,1030.27610
2007-12-24,1030.49840
2007-12-25,1030.72080
2007-12-26,1030.94670
2007-12-27,1025.00240
2007-12-28,1025.22510
2007-12-29,1025.44770
2007-12-30,1025.67040
2007-12-31,1025.89020
2008-01-01,1026.11090
2008-01-02,1026.33020
2008-01-03,1026.54810
2008-01-04,1026.76820
2008-01-05,1026.98960
2008-01-06,1027.21110
2008-01-07,1027.42760
2008-01-08,1027.64400
2008-01-09,1027.86030
2008-01-10,1028.07660
2008-01-11,1028.29300
2008-01-12,1028.50940
2008-01-13,1028.72580
2008-01-14,1028.94220
2008-01-15,1029.15840
2008-01-16,1029.37460
2008-01-17,1029.58980
2008-01-18,1029.80500
2008-01-19,1030.02030
2008-01-20,1030.23550
2008-01-21,1030.46330
2008-01-22,1030.68940
2008-01-23,1030.91730
2008-01-24,1031.14570
2008-01-25,1031.37420
2008-01-26,1031.60260
2008-01-27,1031.83110
2008-01-28,1032.05860
2008-01-29,1032.31380
2008-01-30,1032.56030
2008-01-31,1025.00240
2008-02-01,1025.24480
2008-02-02,1025.47940
2008-02-03,1025.71400
2008-02-04,1025.94700
2008-02-05,1026.18530
2008-02-06,1026.42140
2008-02-07,1026.64740
2008-02-08,1026.87340
2008-02-09,1027.09940
2008-02-10,1027.32550
2008-02-11,1027.55070
2008-02-12,1027.77590
2008-02-13,1028.00100
2008-02-14,1028.21990
2008-02-15,1028.43890
2008-02-16,1028.65850
2008-02-17,1028.87820
2008-02-18,1029.09830
2008-02-19,1029.32140
2008-02-20,1029.54410
2008-02-21,1029.76620
2008-02-22,1029.98830
2008-02-23,1030.21190
2008-02-24,1030.43560
2008-02-25,1030.65870
2008-02-26,1030.88010
2008-02-27,1031.10370
2008-02-28,1031.32440
2008-02-29,1031.53600
2008-03-01,1025.00240
2008-03-02,1025.21420
2008-03-03,1025.42790
2008-03-04,1025.64750
2008-03-05,1025.87340
2008-03-06,1026.08960
2008-03-07,1026.30540
2008-03-08,1026.52130
2008-03-09,1026.73720
2008-03-10,1026.95000
2008-03-11,1027.15800
2008-03-12,1027.37890
2008-03-13,1027.60200
2008-03-14,1027.82540
2008-03-15,1028.02640
2008-03-16,1028.25110
2008-03-17,1028.47640
2008-03-18,1028.69960
2008-03-19,1028.92990
2008-03-20,1029.16020
2008-03-21,1029.39050
2008-03-22,1029.62090
2008-03-23,1029.85120
2008-03-24,1030.07930
2008-03-25,1030.31570
2008-03-26,1030.55360
2008-03-27,1030.79200
2008-03-28,1031.03330
2008-03-29,1025.00240
2008-03-30,1025.24880
2008-03-31,1025.49410
2008-04-01,1025.73950
2008-04-02,1025.97980
2008-04-03,1026.21470
2008-04-04,1026.44940
2008-04-05,1026.68390
2008-04-06,1026.91850
2008-04-07,1027.15220
2008-04-08,1027.38510
2008-04-09,1027.61780
2008-04-10,1027.85020
2008-04-11,1028.08380
2008-04-12,1028.31930
2008-04-13,1028.55490
2008-04-14,1028.79040
2008-04-15,1029.02420
2008-04-16,1029.25800
2008-04-17,1029.49240
2008-04-18,1029.72670
2008-04-19,1029.96220
2008-04-20,1030.19780
2008-04-21,1030.43220
2008-04-22,1030.66870
2008-04-23,1030.90590
2008-04-24,1031.14290
2008-04-25,1031.39980
2008-04-26,1025.00240
2008-04-27,1025.25740
2008-04-28,1025.49080
2008-04-29,1025.67120
2008-04-30,1025.85230
2008-05-01,1026.03330
2008-05-02,1026.21160
2008-05-03,1026.39010
2008-05-04,1026.56860
2008-05-05,1026.74550
2008-05-06,1026.91620
2008-05-07,1027.14300
2008-05-08,1027.36980
2008-05-09,1027.59440
2008-05-10,1027.82230
2008-05-11,1028.05010
2008-05-12,1028.27640
2008-05-13,1028.50260
2008-05-14,1028.72890
2008-05-15,1028.95820
2008-05-16,1029.19110
2008-05-17,1029.42020
2008-05-18,1029.64940
2008-05-19,1029.87500
2008-05-20,1030.09820
2008-05-21,1030.32340
2008-05-22,1030.54650
2008-05-23,1030.76910
2008-05-24,1030.99640
2008-05-25,1031.22360
2008-05-26,1031.45140
2008-05-27,1031.67900
2008-05-28,1031.90860
2008-05-29,1032.13990
2008-05-30,1032.37120
2008-05-31,1025.00240
2008-06-01,1025.23180
2008-06-02,1025.45810
2008-06-03,1025.67840
2008-06-04,1025.89850
2008-06-05,1026.11910
2008-06-06,1026.34030
2008-06-07,1026.56490
2008-06-08,1026.78950
2008-06-09,1027.01480
2008-06-10,1027.24350
2008-06-11,1027.47160
2008-06-12,1027.70390
2008-06-13,1027.93290
2008-06-14,1028.16530
2008-06-15,1028.39770
2008-06-16,1028.62730
2008-06-17,1028.85860
2008-06-18,1029.08980
2008-06-19,1029.32110
2008-06-20,1029.55050
2008-06-21,1029.78300
2008-06-22,1030.01550
2008-06-23,1030.24840
2008-06-24,1030.48180
2008-06-25,1030.72550
2008-06-26,1030.96980
2008-06-27,1031.21590
2008-06-28,1025.00240
2008-06-29,1025.24710
2008-06-30,1025.49350
2008-07-01,1025.74000
2008-07-02,1025.98400
2008-07-03,1026.22750
2008-07-04,1026.47160
2008-07-05,1026.71840
2008-07-06,1026.96520
2008-07-07,1027.21180
2008-07-08,1027.46020
2008-07-09,1027.70660
2008-07-10,1027.95300
2008-07-11,1028.19100
2008-07-12,1028.42890
2008-07-13,1028.66670
2008-07-14,1028.90480
2008-07-15,1029.14260
2008-07-16,1029.38040
2008-07-17,1029.61820
2008-07-18,1029.85590
2008-07-19,1030.09520
2008-07-20,1030.33440
2008-07-21,1030.57600
2008-07-22,1030.81770
2008-07-23,1031.05990
2008-07-24,1031.30130
2008-07-25,1031.54150
2008-07-26,1025.00240
2008-07-27,1025.24090
2008-07-28,1025.47810
2008-07-29,1025.71410
2008-07-30,1025.95210
2008-07-31,1026.18670
2008-08-01,1026.41090
2008-08-02,1026.64560
2008-08-03,1026.88030
2008-08-04,1027.11800
2008-08-05,1027.35560
2008-08-06,1027.59290
2008-08-07,1027.83440
2008-08-08,1028.07650
2008-08-09,1028.31850
2008-08-10,1028.56050
2008-08-11,1028.80240
2008-08-12,1029.04450
2008-08-13,1029.28680
2008-08-14,1029.52890
2008-08-15,1029.77110
2008-08-16,1030.01330
2008-08-17,1030.25560
2008-08-18,1030.49800
2008-08-19,1030.74040
2008-08-20,1030.98300
2008-08-21,1031.22580
2008-08-22,1031.46830
2008-08-23,1031.71070
2008-08-24,1031.95300
2008-08-25,1032.19570
2008-08-26,1032.43740
2008-08-27,1032.67900
2008-08-28,1032.91660
2008-08-29,1033.14930
2008-08-30,1025.00240
2008-08-31,1025.24340
2008-09-01,1025.48480
2008-09-02,1025.72550
2008-09-03,1025.96630
2008-09-04,1026.20680
2008-09-05,1026.44750
2008-09-06,1026.68840
2008-09-07,1026.92930
2008-09-08,1027.16860
2008-09-09,1027.39870
2008-09-10,1027.63840
2008-09-11,1027.87970
2008-09-12,1028.10260
2008-09-13,1028.34800
2008-09-14,1028.59340
2008-09-15,1028.84400
2008-09-16,1029.10280
2008-09-17,1029.35200
2008-09-18,1029.60450
2008-09-19,1029.86150
2008-09-20,1030.11580
2008-09-21,1030.37010
2008-09-22,1030.62990
2008-09-23,1030.89180
2008-09-24,1031.15270
2008-09-25,1031.42040
2008-09-26,1031.69400
2008-09-27,1025.00240
2008-09-28,1025.27460
2008-09-29,1025.55590
2008-09-30,1025.83710
2008-10-01,1026.12810
2008-10-02,1026.41930
2008-10-03,1026.71400
2008-10-04,1027.00340
2008-10-05,1027.29280
2008-10-06,1027.57620
2008-10-07,1027.85760
2008-10-08,1028.14290
2008-10-09,1028.42810
2008-10-10,1028.74300
2008-10-11,1029.03540
2008-10-12,1029.32790
2008-10-13,1029.60560
2008-10-14,1029.88590
2008-10-15,1030.17180
2008-10-16,1030.45240
2008-10-17,1030.73290
2008-10-18,1031.01260
2008-10-19,1031.29240
2008-10-20,1031.57260
2008-10-21,1031.85280
2008-10-22,1032.13220
2008-10-23,1032.43310
2008-10-24,1032.72760
2008-10-25,1025.00240
2008-10-26,1025.29490
2008-10-27,1025.58590
2008-10-28,1025.87690
2008-10-29,1026.17080
2008-10-30,1026.46470
2008-10-31,1026.75880
2008-11-01,1027.05290
2008-11-02,1027.34700
2008-11-03,1027.63770
2008-11-04,1027.92870
2008-11-05,1028.21890
2008-11-06,1028.50340
2008-11-07,1028.77840
2008-11-08,1029.05330
2008-11-09,1029.32830
2008-11-10,1029.60350
2008-11-11,1029.88060
2008-11-12,1030.15780
2008-11-13,1030.43490
2008-11-14,1030.71170
2008-11-15,1030.98870
2008-11-16,1031.26570
2008-11-17,1031.54230
2008-11-18,1031.81620
2008-11-19,1032.08990
2008-11-20,1032.36290
2008-11-21,1032.63620
2008-11-22,1032.90960
2008-11-23,1033.18290
2008-11-24,1033.45630
2008-11-25,1033.72960
2008-11-26,1034.00290
2008-11-27,1034.27620
2008-11-28,1034.54980
2008-11-29,1025.00240
2008-11-30,1025.27330
2008-12-01,1025.54200
2008-12-02,1025.81050
2008-12-03,1026.08080
2008-12-04,1026.34940
2008-12-05,1026.61800
2008-12-06,1026.88650
2008-12-07,1027.15500
2008-12-08,1027.42150
2008-12-09,1027.68790
2008-12-10,1027.94600
2008-12-11,1028.20550
2008-12-12,1028.46630
2008-12-13,1028.72760
2008-12-14,1028.98880
2008-12-15,1029.25350
2008-12-16,1029.51870
2008-12-17,1029.78410
2008-12-18,1030.04940
2008-12-19,1030.31700
2008-12-20,1030.58470
2008-12-21,1030.85230
2008-12-22,1031.11820
2008-12-23,1031.38480
2008-12-24,1031.64680
2008-12-25,1031.90880
2008-12-26,1032.16930
2008-12-27,1025.00240
2008-12-28,1025.26070
2008-12-29,1025.53440
2008-12-30,1025.80290
2008-12-31,1026.07140
2009-01-01,1026.33990
2009-01-02,1026.60830
2009-01-03,1026.87680
2009-01-04,1027.14520
2009-01-05,1027.39180
2009-01-06,1027.64220
2009-01-07,1027.89260
2009-01-08,1028.14300
2009-01-09,1028.39450
2009-01-10,1028.64600
2009-01-11,1028.89750
2009-01-12,1029.14960
2009-01-13,1029.40290
2009-01-14,1029.66340
2009-01-15,1029.92400
2009-01-16,1030.18610
2009-01-17,1030.44100
2009-01-18,1030.69580
2009-01-19,1030.95450
2009-01-20,1031.21330
2009-01-21,1031.47100
2009-01-22,1031.95940
2009-01-23,1032.33120
2009-01-24,1032.59590
2009-01-25,1032.86050
2009-01-26,1033.12520
2009-01-27,1033.38860
2009-01-28,1033.64520
2009-01-29,1033.89320
2009-01-30,1034.12660
2009-01-31,1025.00240
2009-02-01,1025.23350
2009-02-02,1025.46510
2009-02-03,1025.69660
2009-02-04,1025.92530
2009-02-05,1026.15340
2009-02-06,1026.38150
2009-02-07,1026.60950
2009-02-08,1026.83750
2009-02-09,1027.06570
2009-02-10,1027.29410
2009-02-11,1027.52260
2009-02-12,1027.75130
2009-02-13,1027.99530
2009-02-14,1028.23940
2009-02-15,1028.48350
2009-02-16,1028.72700
2009-02-17,1028.94910
2009-02-18,1029.19980
2009-02-19,1029.45060
2009-02-20,1029.70140
2009-02-21,1029.95230
2009-02-22,1030.20320
2009-02-23,1030.45410
2009-02-24,1030.70470
2009-02-25,1030.95540
2009-02-26,1031.20530
2009-02-27,1031.45490
2009-02-28,1025.00240
2009-03-01,1025.25060
2009-03-02,1025.49890
2009-03-03,1025.74760
2009-03-04,1025.99630
2009-03-05,1026.23310
2009-03-06,1026.46970
2009-03-07,1026.70620
2009-03-08,1026.94270
2009-03-09,1027.21700
2009-03-10,1027.45770
2009-03-11,1027.69840
2009-03-12,1027.93720
2009-03-13,1028.17840
2009-03-14,1028.42120
2009-03-15,1028.66400
2009-03-16,1028.90900
2009-03-17,1029.14610
2009-03-18,1029.38320
2009-03-19,1029.62000
2009-03-20,1029.85660
2009-03-21,1030.09020
2009-03-22,1030.32380
2009-03-23,1030.56070
2009-03-24,1030.79460
2009-03-25,1031.02720
2009-03-26,1031.25840
2009-03-27,1025.00240
2009-03-28,1025.23300
2009-03-29,1025.46350
2009-03-30,1025.67730
2009-03-31,1025.88890
2009-04-01,1026.10060
2009-04-02,1026.31580
2009-04-03,1026.53100
2009-04-04,1026.74240
2009-04-05,1026.95380
2009-04-06,1027.16850
2009-04-07,1027.37740
2009-04-08,1027.58710
2009-04-09,1027.79510
2009-04-10,1028.00300
2009-04-11,1028.21100
2009-04-12,1028.41890
2009-04-13,1028.62630
2009-04-14,1028.83360
2009-04-15,1029.04170
2009-04-16,1029.25320
2009-04-17,1029.46470
2009-04-18,1029.67620
2009-04-19,1029.88770
2009-04-20,1030.09910
2009-04-21,1030.31000
2009-04-22,1030.50540
2009-04-23,1030.70340
2009-04-24,1030.90450
2009-04-25,1025.00240
2009-04-26,1025.20190
2009-04-27,1025.40190
2009-04-28,1025.59940
2009-04-29,1025.79700
2009-04-30,1025.99450
2009-05-01,1026.19200
2009-05-02,1026.38950
2009-05-03,1026.58710
2009-05-04,1026.78450
2009-05-05,1026.98210
2009-05-06,1027.18030
2009-05-07,1027.38040
2009-05-08,1027.58090
2009-05-09,1027.78140
2009-05-10,1027.98190
2009-05-11,1028.18240
2009-05-12,1028.38320
2009-05-13,1028.58240
2009-05-14,1028.78140
2009-05-15,1028.98020
2009-05-16,1029.17900
2009-05-17,1029.37770
2009-05-18,1029.57690
2009-05-19,1029.77600
2009-05-20,1029.96940
2009-05-21,1030.17040
2009-05-22,1030.37090
2009-05-23,1030.57170
2009-05-24,1030.77250
2009-05-25,1030.97330
2009-05-26,1031.17410
2009-05-27,1031.37300
2009-05-28,1031.57190
2009-05-29,1031.77060
2009-05-30,1025.00240
2009-05-31,1025.19990
2009-06-01,1025.39220
2009-06-02,1025.58460
2009-06-03,1025.77700
2009-06-04,1025.96930
2009-06-05,1026.16120
2009-06-06,1026.35310
2009-06-07,1026.54510
2009-06-08,1026.73720
2009-06-09,1026.92510
2009-06-10,1027.11060
2009-06-11,1027.29840
2009-06-12,1027.48420
2009-06-13,1027.67010
2009-06-14,1027.85600
2009-06-15,1028.03260
2009-06-16,1028.18920
2009-06-17,1028.35970
2009-06-18,1028.51750
2009-06-19,1028.68920
2009-06-20,1028.86100
2009-06-21,1029.03270
2009-06-22,1029.20500
2009-06-23,1029.37720
2009-06-24,1029.54940
2009-06-25,1029.75010
2009-06-26,1029.95150
2009-06-27,1025.00240
2009-06-28,1025.20070
2009-06-29,1025.40010
2009-06-30,1025.61000
2009-07-01,1025.82000
2009-07-02,1026.03010
2009-07-03,1026.23990
2009-07-04,1026.44980
2009-07-05,1026.65960
2009-07-06,1026.86930
2009-07-07,1027.04220
2009-07-08,1027.21790
2009-07-09,1027.39500
2009-07-10,1027.57240
2009-07-11,1027.74950
2009-07-12,1027.92660
2009-07-13,1028.10380
2009-07-14,1028.28090
2009-07-15,1028.45810
2009-07-16,1028.63550
2009-07-17,1028.81260
2009-07-18,1028.99000
2009-07-19,1029.16730
2009-07-20,1029.34460
2009-07-21,1029.52190
2009-07-22,1029.69930
2009-07-23,1029.87660
2009-07-24,1030.05400
2009-07-25,1025.00240
2009-07-26,1025.17910
2009-07-27,1025.35750
2009-07-28,1025.53640
2009-07-29,1025.71550
2009-07-30,1025.89400
2009-07-31,1026.07260
2009-08-01,1026.25110
2009-08-02,1026.42970
2009-08-03,1026.59550
2009-08-04,1026.75660
2009-08-05,1026.91770
2009-08-06,1027.07160
2009-08-07,1027.23120
2009-08-08,1027.39110
2009-08-09,1027.55100
2009-08-10,1027.71240
2009-08-11,1027.87360
2009-08-12,1028.03250
2009-08-13,1028.19150
2009-08-14,1028.34850
2009-08-15,1028.50560
2009-08-16,1028.66270
2009-08-17,1028.82230
2009-08-18,1028.98170
2009-08-19,1029.14120
2009-08-20,1029.30080
2009-08-21,1029.46050
2009-08-22,1029.62030
2009-08-23,1029.78000
2009-08-24,1029.93960
2009-08-25,1030.09990
2009-08-26,1030.26000
2009-08-27,1030.41930
2009-08-28,1030.57640
2009-08-29,1025.00240
2009-08-30,1025.15900
2009-08-31,1025.31980
2009-09-01,1025.48030
2009-09-02,1025.64040
2009-09-03,1025.78840
2009-09-04,1025.93390
2009-09-05,1026.09180
2009-09-06,1026.24020
2009-09-07,1026.38820
2009-09-08,1026.53610
2009-09-09,1026.68250
2009-09-10,1026.83040
2009-09-11,1026.97500
2009-09-12,1027.11950
2009-09-13,1027.26410
2009-09-14,1027.40930
2009-09-15,1027.55410
2009-09-16,1027.69900
2009-09-17,1027.83290
2009-09-18,1027.96670
2009-09-19,1028.10820
2009-09-20,1028.24960
2009-09-21,1028.38300
2009-09-22,1028.48620
2009-09-23,1028.58920
2009-09-24,1028.70190
2009-09-25,1028.81370
2009-09-26,1025.00240
2009-09-27,1025.11450
2009-09-28,1025.22670
2009-09-29,1025.34220
2009-09-30,1025.45690
2009-10-01,1025.56340
2009-10-02,1025.66990
2009-10-03,1025.77580
2009-10-04,1025.88180
2009-10-05,1025.98720
2009-10-06,1026.09000
2009-10-07,1026.19180
2009-10-08,1026.29170
2009-10-09,1026.38940
2009-10-10,1026.48790
2009-10-11,1026.58640
2009-10-12,1026.69210
2009-10-13,1026.79780
2009-10-14,1026.90400
2009-10-15,1027.01020
2009-10-16,1027.10190
2009-10-17,1027.28520
2009-10-19,1027.37690
2009-10-20,1027.46550
2009-10-21,1027.56660
2009-10-22,1027.68700
2009-10-23,1027.80700
2009-10-24,1027.92440
2009-10-25,1028.04180
2009-10-26,1028.16240
2009-10-27,1028.28200
2009-10-28,1028.40110
2009-10-29,1028.53340
2009-10-30,1028.66560
2009-10-31,1025.00240
2009-11-01,1025.13370
2009-11-02,1025.26540
2009-11-03,1025.39710
2009-11-04,1025.52930
2009-11-05,1025.66140
2009-11-06,1025.79190
2009-11-07,1025.92250
2009-11-08,1026.05320
2009-11-09,1026.18400
2009-11-10,1026.31500
2009-11-11,1026.44600
2009-11-12,1026.57700
2009-11-13,1026.70930
2009-11-14,1026.84170
2009-11-15,1026.97400
2009-11-16,1027.10630
2009-11-17,1027.23790
2009-11-18,1027.36990
2009-11-19,1027.50190
2009-11-20,1027.63390
2009-11-21,1027.76600
2009-11-22,1027.89800
2009-11-23,1028.03010
2009-11-24,1028.16180
2009-11-25,1028.29350
2009-11-26,1028.42560
2009-11-27,1028.55790
2009-11-28,1025.00240
2009-11-29,1025.13370
2009-11-30,1025.26400
2009-12-01,1025.39430
2009-12-02,1025.52470
2009-12-03,1025.65520
2009-12-04,1025.78560
2009-12-05,1025.91610
2009-12-06,1026.04660
2009-12-07,1026.17710
2009-12-08,1026.30760
2009-12-09,1026.44140
2009-12-10,1026.57500
2009-12-11,1026.70880
2009-12-12,1026.84260
2009-12-13,1026.97640
2009-12-14,1027.11000
2009-12-15,1027.24490
2009-12-16,1027.37980
2009-12-17,1027.51450
2009-12-18,1027.69070
2009-12-19,1027.82560
2009-12-20,1027.96040
2009-12-21,1028.08380
2009-12-22,1028.20730
2009-12-23,1028.32260
2009-12-24,1028.44290
2009-12-25,1025.00240
2009-12-26,1025.12200
2009-12-27,1025.24170
2009-12-28,1025.36130
2009-12-29,1025.47830
2009-12-30,1025.59810
2009-12-31,1025.72410
2010-01-01,1025.84880
2010-01-02,1025.97360
2010-01-03,1026.09840
2010-01-04,1026.21750
2010-01-05,1026.34090
2010-01-06,1026.46670
2010-01-07,1026.59410
2010-01-08,1026.72070
2010-01-09,1026.83680
2010-01-10,1026.95290
2010-01-11,1027.08020
2010-01-12,1027.20660
2010-01-13,1027.33340
2010-01-14,1027.46000
2010-01-15,1027.57590
2010-01-16,1027.69200
2010-01-17,1027.80820
2010-01-18,1027.92490
2010-01-19,1028.04410
2010-01-20,1028.16570
2010-01-21,1028.28720
2010-01-22,1028.40840
2010-01-23,1028.53000
2010-01-24,1028.65160
2010-01-25,1028.77320
2010-01-26,1028.89490
2010-01-27,1029.01680
2010-01-28,1029.12850
2010-01-29,1029.23540
2010-01-30,1025.00240
2010-01-31,1025.10900
2010-02-01,1025.21730
2010-02-02,1025.32590
2010-02-03,1025.43600
2010-02-04,1025.51480
2010-02-05,1025.63380
2010-02-06,1025.75290
2010-02-07,1025.87200
2010-02-08,1025.99150
2010-02-09,1026.10790
2010-02-10,1026.22430
2010-02-11,1026.33760
2010-02-12,1026.45080
2010-02-13,1026.56470
2010-02-14,1026.67850
2010-02-15,1026.79450
2010-02-16,1026.91070
2010-02-17,1027.02610
2010-02-18,1027.14160
2010-02-19,1027.25550
2010-02-20,1027.36910
2010-02-21,1027.48270
2010-02-22,1027.59680
2010-02-23,1027.70950
2010-02-24,1027.82230
2010-02-25,1027.91800
2010-02-26,1028.01290
2010-02-27,1025.00240
2010-02-28,1025.09730
2010-03-01,1025.19190
2010-03-02,1025.28890
2010-03-03,1025.39980
2010-03-04,1025.50530
2010-03-05,1025.61200
2010-03-06,1025.71900
2010-03-07,1025.82600
2010-03-08,1025.93320
2010-03-09,1026.04110
2010-03-10,1026.15340
2010-03-11,1026.26820
2010-03-12,1026.38330
2010-03-13,1026.49840
2010-03-14,1026.61350
2010-03-15,1026.73300
2010-03-16,1026.85270
2010-03-17,1026.97260
2010-03-18,1027.08900
2010-03-19,1027.21010
2010-03-20,1027.33130
2010-03-21,1027.45250
2010-03-22,1027.57490
2010-03-23,1027.70200
2010-03-24,1027.82910
2010-03-25,1027.95930
2010-03-26,1028.09150
2010-03-27,1025.00240
2010-03-28,1025.13460
2010-03-29,1025.27130
2010-03-30,1025.40860
2010-03-31,1025.54700
2010-04-01,1025.68540
2010-04-02,1025.82380
2010-04-03,1025.95640
2010-04-04,1026.08900
2010-04-05,1026.21870
2010-04-06,1026.34770
2010-04-07,1026.47520
2010-04-08,1026.60350
2010-04-09,1026.75070
2010-04-10,1026.89790
2010-04-11,1027.04510
2010-04-12,1027.19280
2010-04-13,1027.34050
2010-04-14,1027.48820
2010-04-15,1027.60430
2010-04-16,1027.72000
2010-04-17,1027.83600
2010-04-18,1027.95200
2010-04-19,1028.09900
2010-04-20,1028.24600
2010-04-21,1028.38900
2010-04-22,1028.53250
2010-04-23,1028.68000
2010-04-24,1025.00240
2010-04-25,1025.14990
2010-04-26,1025.26600
2010-04-27,1025.38270
2010-04-28,1025.49960
2010-04-29,1025.64100
2010-04-30,1025.78240
2010-05-01,1025.92380
2010-05-02,1026.06510
2010-05-03,1026.20910
2010-05-04,1026.35310
2010-05-05,1026.49890
2010-05-06,1026.64470
2010-05-07,1026.76300
2010-05-08,1026.88150
2010-05-09,1027.00000
2010-05-10,1027.13350
2010-05-11,1027.26760
2010-05-12,1027.40590
2010-05-13,1027.54050
2010-05-14,1027.67490
2010-05-15,1027.80930
2010-05-16,1027.94360
2010-05-17,1028.07790
2010-05-18,1028.21240
2010-05-19,1028.34540
2010-05-20,1028.47650
2010-05-21,1028.60640
2010-05-22,1028.73630
2010-05-23,1028.86620
2010-05-24,1029.00150
2010-05-25,1029.14650
2010-05-26,1029.29030
2010-05-27,1029.43430
2010-05-28,1029.57800
2010-05-29,1025.00240
2010-05-30,1025.14520
2010-05-31,1025.29230
2010-06-01,1025.44610
2010-06-02,1025.59810
2010-06-03,1025.75000
2010-06-04,1025.89960
2010-06-05,1026.05120
2010-06-06,1026.20080
2010-06-07,1026.35130
2010-06-08,1026.50090
2010-06-09,1026.64830
2010-06-10,1026.79610
2010-06-11,1026.94370
2010-06-12,1027.09140
2010-06-13,1027.23910
2010-06-14,1027.39010
2010-06-15,1027.54050
2010-06-16,1027.69100
2010-06-17,1027.83920
2010-06-18,1027.98230
2010-06-19,1028.14340
2010-06-20,1028.30450
2010-06-21,1028.45030
2010-06-22,1028.61350
2010-06-23,1028.78450
2010-06-24,1028.95550
2010-06-25,1029.10710
2010-06-26,1025.00240
2010-06-27,1025.15380
2010-06-28,1025.30230
2010-06-29,1025.45400
2010-06-30,1025.61340
2010-07-01,1025.77270
2010-07-02,1025.93130
2010-07-03,1026.09020
2010-07-04,1026.24910
2010-07-05,1026.40800
2010-07-06,1026.56720
2010-07-07,1026.72640
2010-07-08,1026.88550
2010-07-09,1027.04460
2010-07-10,1027.20370
2010-07-11,1027.36280
2010-07-12,1027.52200
2010-07-13,1027.68120
2010-07-14,1027.84020
2010-07-15,1027.99960
2010-07-16,1028.15850
2010-07-17,1028.31770
2010-07-18,1028.47700
2010-07-19,1028.63630
2010-07-20,1028.79560
2010-07-21,1028.95480
2010-07-22,1029.11400
2010-07-23,1029.27320
2010-07-24,1029.43230
2010-07-25,1029.59140
2010-07-26,1029.75050
2010-07-27,1029.90900
2010-07-28,1030.06740
2010-07-29,1030.22500
2010-07-30,1030.38170
2010-07-31,1025.00240
2010-08-01,1025.16020
2010-08-02,1025.31840
2010-08-03,1025.47620
2010-08-04,1025.63300
2010-08-05,1025.78910
2010-08-06,1025.94480
2010-08-07,1026.10110
2010-08-08,1026.25740
2010-08-09,1026.41420
2010-08-10,1026.57130
2010-08-11,1026.72920
2010-08-12,1026.88700
2010-08-13,1027.04410
2010-08-14,1027.20140
2010-08-15,1027.35870
2010-08-16,1027.51660
2010-08-17,1027.67440
2010-08-18,1027.83170
2010-08-19,1027.98940
2010-08-20,1028.14700
2010-08-21,1028.30450
2010-08-22,1028.46200
2010-08-23,1028.61930
2010-08-24,1028.77580
2010-08-25,1028.93140
2010-08-26,1029.08700
2010-08-27,1029.24250
2010-08-28,1025.00240
2010-08-29,1025.15830
2010-08-30,1025.31410
2010-08-31,1025.46990
2010-09-01,1025.62310
2010-09-02,1025.77280
2010-09-03,1025.92290
2010-09-04,1026.07300
2010-09-05,1026.22310
2010-09-06,1026.37320
2010-09-07,1026.53100
2010-09-08,1026.68570
2010-09-09,1026.85590
2010-09-10,1027.01140
2010-09-11,1027.16680
2010-09-12,1027.32230
2010-09-13,1027.48210
2010-09-14,1027.64370
2010-09-15,1027.81020
2010-09-16,1027.98120
2010-09-17,1028.15820
2010-09-18,1028.33520
2010-09-19,1028.51230
2010-09-20,1028.69160
2010-09-21,1028.87080
2010-09-22,1029.05020
2010-09-23,1029.23270
2010-09-24,1029.42110
2010-09-25,1025.00240
2010-09-26,1025.18960
2010-09-27,1025.37750
2010-09-28,1025.37750
2010-09-29,1025.76400
2010-09-30,1025.95870
2010-10-01,1026.15090
2010-10-02,1026.34280
2010-10-03,1026.53470
2010-10-04,1026.72700
2010-10-05,1026.91950
2010-10-06,1027.11230
2010-10-07,1027.30490
2010-10-08,1027.49330
2010-10-09,1027.68170
2010-10-10,1027.87010
2010-10-11,1028.06000
2010-10-12,1028.27460
2010-10-13,1028.46440
2010-10-14,1028.64940
2010-10-15,1028.83800
2010-10-16,1029.02780
2010-10-17,1029.21760
2010-10-18,1029.41070
2010-10-19,1029.60280
2010-10-20,1029.79510
2010-10-21,1029.98480
2010-10-22,1030.09410
2010-10-23,1030.28590
2010-10-24,1030.47770
2010-10-25,1030.58110
2010-10-26,1030.66640
2010-10-27,1030.71010
2010-10-28,1030.90260
2010-10-29,1031.10050
2010-10-30,1025.00240
2010-10-31,1025.19930
2010-11-01,1025.23550
2010-11-02,1025.27630
2010-11-03,1025.33380
2010-11-04,1025.52100
2010-11-05,1025.70810
2010-11-06,1025.89520
2010-11-07,1026.08230
2010-11-08,1026.28270
2010-11-09,1026.48260
2010-11-10,1026.68260
2010-11-11,1026.88250
2010-11-12,1027.08260
2010-11-13,1027.28260
2010-11-14,1027.48260
2010-11-15,1027.68300
2010-11-16,1027.88330
2010-11-17,1028.08360
2010-11-18,1028.28390
2010-11-19,1028.48430
2010-11-20,1028.68470
2010-11-21,1028.88510
2010-11-22,1029.08540
2010-11-23,1029.28340
2010-11-24,1029.48440
2010-11-25,1029.68120
2010-11-26,1029.87970
2010-11-27,1025.00420
2010-11-28,1025.20190
2010-11-29,1025.37200
2010-11-30,1025.56720
2010-12-01,1025.76200
2010-12-02,1025.95410
2010-12-03,1026.14970
2010-12-04,1026.34530
2010-12-05,1026.54090
2010-12-06,1026.74010
2010-12-07,1026.94120
2010-12-08,1027.14230
2010-12-09,1027.34330
2010-12-10,1027.55510
2010-12-11,1027.76690
2010-12-12,1027.97860
2010-12-13,1028.19050
2010-12-14,1028.40140
2010-12-15,1028.61750
2010-12-16,1028.84430
2010-12-17,1029.07120
2010-12-18,1029.29800
2010-12-19,1029.52490
2010-12-20,1029.74760
2010-12-21,1029.97220
2010-12-22,1030.19330
2010-12-23,1030.41440
2010-12-24,1030.64320
2010-12-25,1025.00420
2010-12-26,1025.23280
2010-12-27,1025.46050
2010-12-28,1025.68840
2010-12-29,1025.91500
2010-12-30,1026.14240
2010-12-31,1026.37150
2011-01-01,1026.60070
2011-01-02,1026.82980
2011-01-03,1027.05900
2011-01-04,1027.28810
2011-01-05,1027.51940
2011-01-06,1027.74870
2011-01-07,1027.96140
2011-01-08,1028.17400
2011-01-09,1028.38670
2011-01-10,1028.59940
2011-01-11,1028.81370
2011-01-12,1029.02810
2011-01-13,1029.24250
2011-01-14,1029.45720
2011-01-15,1029.67200
2011-01-16,1029.88670
2011-01-17,1030.10160
2011-01-18,1030.31650
2011-01-19,1030.53210
2011-01-20,1030.74770
2011-01-21,1030.96650
2011-01-22,1031.18530
2011-01-23,1031.40410
2011-01-24,1031.62210
2011-01-25,1031.84090
2011-01-26,1032.05950
2011-01-27,1032.27890
2011-01-28,1032.50090
2011-01-29,1025.00530
2011-01-30,1025.22340
2011-01-31,1025.44310
2011-02-01,1025.66210
2011-02-02,1025.88150
2011-02-03,1026.10090
2011-02-04,1026.31890
2011-02-05,1026.53680
2011-02-06,1026.75480
2011-02-07,1026.97270
2011-02-08,1027.19140
2011-02-09,1027.41720
2011-02-10,1027.66650
2011-02-11,1027.90200
2011-02-12,1028.13750
2011-02-13,1028.37300
2011-02-14,1028.60910
2011-02-15,1028.84570
2011-02-16,1029.08240
2011-02-17,1029.31990
2011-02-18,1029.55740
2011-02-19,1029.79490
2011-02-20,1030.03250
2011-02-21,1030.26940
2011-02-22,1030.50670
2011-02-23,1030.74400
2011-02-24,1030.97760
2011-02-25,1031.21850
2011-02-26,1025.00530
2011-02-27,1025.24430
2011-02-28,1025.48590
2011-03-01,1025.72730
2011-03-02,1025.96880
2011-03-03,1026.20910
2011-03-04,1026.45940
2011-03-05,1026.69420
2011-03-06,1026.92900
2011-03-07,1027.17400
2011-03-08,1027.41560
2011-03-09,1027.65710
2011-03-10,1027.89960
2011-03-11,1028.14590
2011-03-12,1028.39220
2011-03-13,1028.63860
2011-03-14,1028.88180
2011-03-15,1029.03700
2011-03-16,1029.28750
2011-03-17,1029.52180
2011-03-18,1029.77770
2011-03-19,1030.03360
2011-03-20,1030.28950
2011-03-21,1030.54160
2011-03-22,1030.79210
2011-03-23,1031.04780
2011-03-24,1031.30300
2011-03-25,1031.55980
2011-03-26,1025.05000
2011-03-27,1025.30490
2011-03-28,1025.56400
2011-03-29,1025.82690
2011-03-30,1026.11820
2011-03-31,1026.38890
2011-04-01,1026.65250
2011-04-02,1026.91620
2011-04-03,1027.17990
2011-04-04,1027.44350
2011-04-05,1027.99650
2011-04-06,1028.93940
2011-04-07,1029.19920
2011-04-08,1029.45650
2011-04-09,1029.71380
2011-04-10,1029.97110
2011-04-11,1030.22990
2011-04-12,1030.48880
2011-04-13,1030.74930
2011-04-14,1031.00980
2011-04-15,1031.27030
2011-04-16,1031.53080
2011-04-17,1031.79140
2011-04-18,1032.04840
2011-04-19,1032.30540
2011-04-20,1032.55960
2011-04-21,1032.81440
2011-04-22,1033.06930
2011-04-23,1033.32420
2011-04-24,1033.57910
2011-04-25,1033.83500
2011-04-26,1034.08270
2011-04-27,1034.33400
2011-04-28,1034.58570
2011-04-29,1034.83920
2011-04-30,1025.05000
2011-05-01,1025.30830
2011-05-02,1025.55990
2011-05-03,1025.81140
2011-05-04,1026.06580
2011-05-05,1026.32020
2011-05-06,1026.57330
2011-05-07,1026.82650
2011-05-08,1027.07970
2011-05-09,1027.33390
2011-05-10,1027.58800
2011-05-11,1027.84220
2011-05-12,1028.09520
2011-05-13,1028.31920
2011-05-14,1028.54310
2011-05-15,1028.76710
2011-05-16,1029.00330
2011-05-17,1029.23950
2011-05-18,1029.47600
2011-05-19,1029.71200
2011-05-20,1029.94950
2011-05-21,1030.18690
2011-05-22,1030.42440
2011-05-23,1030.66190
2011-05-24,1030.89980
2011-05-25,1031.13680
2011-05-26,1031.37320
2011-05-27,1031.60970
2011-05-28,1025.05000
2011-05-29,1025.28490
2011-05-30,1025.54710
2011-05-31,1025.77910
2011-06-01,1026.01110
2011-06-02,1026.25150
2011-06-03,1026.48710
2011-06-04,1026.72270
2011-06-05,1026.95830
2011-06-06,1027.19530
2011-06-07,1027.42730
2011-06-08,1027.66510
2011-06-09,1027.91050
2011-06-10,1028.16370
2011-06-11,1028.40610
2011-06-12,1028.64850
2011-06-13,1028.92410
2011-06-14,1029.15510
2011-06-15,1029.39220
2011-06-16,1029.65780
2011-06-17,1029.89880
2011-06-18,1030.13970
2011-06-19,1030.38070
2011-06-20,1030.62180
2011-06-21,1030.86620
2011-06-22,1031.11440
2011-06-23,1031.36260
2011-06-24,1031.61390
2011-06-25,1025.07070
2011-06-26,1025.32030
2011-06-27,1025.56970
2011-06-28,1025.82720
2011-06-29,1026.07970
2011-06-30,1026.33260
2011-07-01,1026.58550
2011-07-02,1026.83830
2011-07-03,1027.09120
2011-07-04,1027.34600
2011-07-05,1027.59620
2011-07-06,1027.84590
2011-07-07,1028.09550
2011-07-08,1028.34510
2011-07-09,1028.59470
2011-07-10,1028.84440
2011-07-11,1029.09480
2011-07-12,1029.36710
2011-07-13,1029.61020
2011-07-14,1029.85330
2011-07-15,1030.12670
2011-07-16,1030.37290
2011-07-17,1030.61910
2011-07-18,1030.86530
2011-07-19,1031.11390
2011-07-20,1031.36500
2011-07-21,1031.61620
2011-07-22,1031.86540
2011-07-23,1032.11460
2011-07-24,1032.36380
2011-07-25,1032.61080
2011-07-26,1032.85800
2011-07-27,1033.10600
2011-07-28,1033.35340
2011-07-29,1033.60200
2011-07-30,1025.07070
2011-07-31,1025.31750
2011-08-01,1025.56410
2011-08-02,1025.81000
2011-08-03,1026.05660
2011-08-04,1026.30840
2011-08-05,1026.55360
2011-08-06,1026.79880
2011-08-07,1027.04400
2011-08-08,1027.28530
2011-08-09,1027.53310
2011-08-10,1027.77620
2011-08-11,1028.04270
2011-08-12,1028.28930
2011-08-13,1028.52930
2011-08-14,1028.76930
2011-08-15,1029.00920
2011-08-16,1029.24930
2011-08-17,1029.48930
2011-08-18,1029.73100
2011-08-19,1029.97270
2011-08-20,1030.21450
2011-08-21,1030.45620
2011-08-22,1030.70720
2011-08-23,1030.94770
2011-08-24,1031.19050
2011-08-25,1031.43720
2011-08-26,1031.67970
2011-08-27,1025.07080
2011-08-28,1025.31210
2011-08-29,1025.55290
2011-08-30,1025.80200
2011-08-31,1026.04280
2011-09-01,1026.28360
2011-09-02,1026.52250
2011-09-03,1026.76130
2011-09-04,1027.00020
2011-09-05,1027.23940
2011-09-06,1027.47850
2011-09-07,1027.71850
2011-09-08,1027.96020
2011-09-09,1028.20160
2011-09-10,1028.44290
2011-09-11,1028.68420
2011-09-12,1028.92740
2011-09-13,1029.16920
2011-09-14,1029.41110
2011-09-15,1029.65700
2011-09-16,1029.90290
2011-09-17,1030.14880
2011-09-18,1030.39480
2011-09-19,1030.64180
2011-09-20,1030.88830
2011-09-21,1031.13680
2011-09-22,1031.38680
2011-09-23,1031.63390
2011-09-24,1025.07080
2011-09-25,1025.31700
2011-09-26,1025.56250
2011-09-27,1025.80760
2011-09-28,1026.06450
2011-09-29,1026.31080
2011-09-30,1026.55700
2011-10-01,1026.80330
2011-10-02,1027.04960
2011-10-03,1027.29410
2011-10-04,1027.54210
2011-10-05,1027.81920
2011-10-06,1028.06240
2011-10-07,1028.30340
2011-10-08,1028.54470
2011-10-09,1028.78600
2011-10-10,1029.02930
2011-10-11,1029.27220
2011-10-12,1029.51540
2011-10-13,1029.76980
2011-10-14,1030.01280
2011-10-15,1030.25570
2011-10-16,1030.49870
2011-10-17,1030.74170
2011-10-18,1030.98350
2011-10-19,1031.22650
2011-10-20,1031.46990
2011-10-21,1031.71300
2011-10-22,1031.95610
2011-10-23,1032.19920
2011-10-24,1032.44260
2011-10-25,1032.68780
2011-10-26,1032.93250
2011-10-27,1033.17770
2011-10-28,1033.42250
2011-10-29,1025.07080
2011-10-30,1025.31450
2011-10-31,1025.55760
2011-11-01,1025.80100
2011-11-02,1026.04860
2011-11-03,1026.29730
2011-11-04,1026.54440
2011-11-05,1026.78850
2011-11-06,1027.03260
2011-11-07,1027.27660
2011-11-08,1027.52080
2011-11-09,1027.76490
2011-11-10,1028.00890
2011-11-11,1028.25460
2011-11-12,1028.50030
2011-11-13,1028.74590
2011-11-14,1028.99150
2011-11-15,1029.23710
2011-11-16,1029.48270
2011-11-17,1029.72830
2011-11-18,1029.97370
2011-11-19,1030.21910
2011-11-20,1030.46450
2011-11-21,1030.71180
2011-11-22,1030.96020
2011-11-23,1031.20860
2011-11-24,1031.45700
2011-11-25,1031.70700
2011-11-26,1027.13670
2011-11-27,1027.38540
2011-11-28,1027.63420
2011-11-29,1027.88300
2011-11-30,1028.13180
2011-12-01,1028.38050
2011-12-02,1028.62660
2011-12-03,1028.87260
2011-12-04,1029.11860
2011-12-05,1029.36630
2011-12-06,1029.61340
2011-12-07,1029.86220
2011-12-08,1030.11090
2011-12-09,1030.35980
2011-12-10,1030.60820
2011-12-11,1030.85650
2011-12-12,1031.10430
2011-12-13,1031.35360
2011-12-14,1031.60320
2011-12-15,1031.85610
2011-12-16,1032.11130
2011-12-17,1032.36640
2011-12-18,1032.62160
2011-12-19,1032.87960
2011-12-20,1033.13950
2011-12-21,1033.40090
2011-12-22,1033.66620
2011-12-23,1033.93140
2011-12-24,1034.19660
2011-12-25,1034.46180
2011-12-26,1034.72620
2011-12-27,1034.99130
2011-12-28,1035.25360
2011-12-29,1035.51710
2011-12-30,1035.78020
2011-12-31,1027.14860
2012-01-01,1027.40950
2012-01-02,1027.66850
2012-01-03,1027.92450
2012-01-04,1028.18220
2012-01-05,1028.44280
2012-01-06,1028.70470
2012-01-07,1028.96470
2012-01-08,1029.22470
2012-01-09,1029.48470
2012-01-10,1029.73980
2012-01-11,1029.99840
2012-01-12,1030.25540
2012-01-13,1030.51310
2012-01-14,1030.77090
2012-01-15,1031.02860
2012-01-16,1031.28700
2012-01-17,1031.54880
2012-01-18,1031.81240
2012-01-19,1032.07570
2012-01-20,1032.33840
2012-01-21,1032.60110
2012-01-22,1032.86380
2012-01-23,1033.12860
2012-01-24,1033.39350
2012-01-25,1033.65990
2012-01-26,1033.92600
2012-01-27,1034.19230
2012-01-28,1027.14840
2012-01-29,1027.41270
2012-01-30,1027.68170
2012-01-31,1027.94500
2012-02-01,1028.21200
2012-02-02,1028.47340
2012-02-03,1028.73580
2012-02-04,1028.99690
2012-02-05,1029.25800
2012-02-06,1029.51790
2012-02-07,1029.77840
2012-02-08,1030.03880
2012-02-09,1030.31850
2012-02-10,1030.57820
2012-02-11,1030.83800
2012-02-12,1031.09770
2012-02-13,1031.35770
2012-02-14,1031.61660
2012-02-15,1031.87530
2012-02-16,1032.13410
2012-02-17,1032.39410
2012-02-18,1032.65400
2012-02-19,1032.91400
2012-02-20,1033.17400
2012-02-21,1033.43680
2012-02-22,1033.70120
2012-02-23,1033.96550
2012-02-24,1034.22980
2012-02-25,1027.16630
2012-02-26,1027.42870
2012-02-27,1027.68970
2012-02-28,1027.95070
2012-02-29,1028.21410
2012-03-01,1028.47800
2012-03-02,1028.74170
2012-03-03,1029.00530
2012-03-04,1029.26900
2012-03-05,1029.53070
2012-03-06,1029.79700
2012-03-07,1030.04380
2012-03-08,1030.31280
2012-03-09,1030.57370
2012-03-10,1030.83460
2012-03-11,1031.09550
2012-03-12,1031.35820
2012-03-13,1031.62150
2012-03-14,1031.89260
2012-03-15,1032.16420
2012-03-16,1032.43650
2012-03-17,1032.70870
2012-03-18,1032.98100
2012-03-19,1033.25330
2012-03-20,1033.52530
2012-03-21,1033.79620
2012-03-22,1034.06860
2012-03-23,1034.34110
2012-03-24,1034.61350
2012-03-25,1034.88600
2012-03-26,1035.15360
2012-03-27,1035.44630
2012-03-28,1035.74340
2012-03-29,1036.04900
2012-03-30,1036.34530
2012-03-31,1027.37610
2012-04-01,1027.67660
2012-04-02,1027.98370
2012-04-03,1028.27880
2012-04-04,1028.56170
2012-04-05,1028.84460
2012-04-06,1029.12750
2012-04-07,1029.41040
2012-04-08,1029.69340
2012-04-09,1029.98040
2012-04-10,1030.26820
2012-04-11,1030.55720
2012-04-12,1030.84760
2012-04-13,1031.13990
2012-04-14,1031.43220
2012-04-15,1031.72440
2012-04-16,1032.01670
2012-04-17,1032.30910
2012-04-18,1035.05350
2012-04-19,1035.28210
2012-04-20,1035.46530
2012-04-21,1035.71700
2012-04-22,1035.96880
2012-04-23,1035.99840
2012-04-24,1036.21000
2012-04-25,1036.51310
2012-04-26,1036.82610
2012-04-27,1037.08210
2012-04-28,1029.74340
2012-04-29,1029.99270
2012-04-30,1030.05850
2012-05-01,1030.31550
2012-05-02,1030.51860
2012-05-03,1030.77690
2012-05-04,1031.09990
2012-05-05,1031.34790
2012-05-06,1031.59580
2012-05-07,1031.86420
2012-05-08,1032.14770
2012-05-09,1032.39450
2012-05-10,1032.67860
2012-05-11,1032.94950
2012-05-12,1033.18760
2012-05-13,1033.42570
2012-05-14,1033.67110
2012-05-15,1034.02670
2012-05-16,1034.32840
2012-05-17,1034.61050
2012-05-18,1034.78140
2012-05-19,1035.01530
2012-05-20,1035.24920
2012-05-21,1035.46060
2012-05-22,1035.73570
2012-05-23,1036.00530
2012-05-24,1036.25630
2012-05-25,1036.46340
2012-05-26,1029.89850
2012-05-27,1030.14180
2012-05-28,1030.42990
2012-05-29,1030.64830
2012-05-30,1030.87820
2012-05-31,1031.15180
2012-06-01,1031.40500
2012-06-02,1031.63250
2012-06-03,1031.86000
2012-06-04,1032.05750
2012-06-05,1032.30450
2012-06-06,1032.53130
2012-06-07,1032.77250
2012-06-08,1033.02450
2012-06-09,1033.25670
2012-06-10,1033.48890
2012-06-11,1033.71010
2012-06-12,1033.96110
2012-06-13,1034.23200
2012-06-14,1034.46490
2012-06-15,1034.70300
2012-06-16,1034.92290
2012-06-17,1035.14280
2012-06-18,1035.28490
2012-06-19,1035.44820
2012-06-20,1035.69430
2012-06-21,1036.01070
2012-06-22,1036.28940
2012-06-23,1036.52170
2012-06-24,1036.75400
2012-06-25,1036.95480
2012-06-26,1037.19420
2012-06-27,1037.51680
2012-06-28,1037.75790
2012-06-29,1038.00750
2012-06-30,1030.15970
2012-07-01,1030.40160
2012-07-02,1030.64170
2012-07-03,1031.09300
2012-07-04,1031.22080
2012-07-05,1031.93100
2012-07-06,1031.92930
2012-07-07,1032.17190
2012-07-08,1032.41450
2012-07-09,1032.68440
2012-07-10,1032.84210
2012-07-11,1033.12040
2012-07-12,1033.36870
2012-07-13,1033.66840
2012-07-14,1033.89760
2012-07-15,1034.12680
2012-07-16,1034.29120
2012-07-17,1034.59240
2012-07-18,1034.82210
2012-07-19,1035.08650
2012-07-20,1035.31570
2012-07-21,1035.54490
2012-07-22,1035.77420
2012-07-23,1036.00910
2012-07-24,1036.23880
2012-07-25,1036.49370
2012-07-26,1036.69130
2012-07-27,1036.90570
2012-07-28,1031.63510
2012-07-29,1031.86220
2012-07-30,1032.00760
2012-07-31,1032.23470
2012-08-01,1032.53160
2012-08-02,1032.75930
2012-08-03,1033.01020
2012-08-04,1033.23810
2012-08-05,1033.46610
2012-08-06,1033.78070
2012-08-07,1033.99460
2012-08-08,1034.20030
2012-08-09,1034.42850
2012-08-10,1034.65240
2012-08-11,1034.88150
2012-08-12,1035.11060
2012-08-13,1035.34010
2012-08-14,1035.52980
2012-08-15,1035.75880
2012-08-16,1036.08590
2012-08-17,1036.31940
2012-08-18,1036.54730
2012-08-19,1036.77520
2012-08-20,1037.00320
2012-08-21,1037.21920
2012-08-22,1037.44210
2012-08-23,1037.69300
2012-08-24,1037.91920
2012-08-25,1038.13870
2012-08-26,1038.35830
2012-08-27,1038.58280
2012-08-28,1038.74340
2012-08-29,1038.99150
2012-08-30,1039.23100
2012-08-31,1039.50940
2012-09-01,1031.64920
2012-09-02,1031.87720
2012-09-03,1032.11380
2012-09-04,1032.35900
2012-09-05,1032.63260
2012-09-06,1032.78140
2012-09-07,1033.01920
2012-09-08,1033.23660
2012-09-09,1033.45400
2012-09-10,1033.64740
2012-09-11,1033.88370
2012-09-12,1034.08000
2012-09-13,1034.33600
2012-09-14,1034.63740
2012-09-15,1034.86400
2012-09-16,1035.09060
2012-09-17,1035.27180
2012-09-18,1035.50020
2012-09-19,1035.72850
2012-09-20,1035.95420
2012-09-21,1036.19550
2012-09-22,1036.42160
2012-09-23,1036.64760
2012-09-24,1036.86310
2012-09-25,1037.06570
2012-09-26,1037.29140
2012-09-27,1037.48260
2012-09-28,1037.73870
2012-09-29,1031.66840
2012-09-30,1031.89950
2012-10-01,1032.11580
2012-10-02,1032.34190
2012-10-03,1032.67460
2012-10-04,1033.00420
2012-10-05,1033.13200
2012-10-06,1033.33820
2012-10-07,1033.54450
2012-10-08,1033.73750
2012-10-09,1033.95540
2012-10-10,1034.18460
2012-10-11,1034.40520
2012-10-12,1034.62970
2012-10-13,1034.85380
2012-10-14,1035.07780
2012-10-15,1035.30260
2012-10-16,1035.52140
2012-10-17,1035.73810
2012-10-18,1035.95200
2012-10-19,1036.19000
2012-10-20,1036.41470
2012-10-21,1036.63930
2012-10-22,1036.86080
2012-10-23,1037.09080
2012-10-24,1037.31760
2012-10-25,1037.52360
2012-10-26,1031.93770
2012-10-27,1032.15700
2012-10-28,1032.38370
2012-10-29,1032.61250
2012-10-30,1032.83450
2012-10-31,1033.05370
2012-11-01,1033.28520
2012-11-02,1033.53200
2012-11-03,1033.82710
2012-11-04,1034.12200
2012-11-05,1034.35120
2012-11-06,1034.57150
2012-11-07,1034.79120
2012-11-08,1035.01680
2012-11-09,1035.23900
2012-11-10,1035.46620
2012-11-11,1035.69350
2012-11-12,1035.92290
2012-11-13,1036.14980
2012-11-14,1036.37660
2012-11-15,1036.60660
2012-11-16,1036.83060
2012-11-17,1037.05280
2012-11-18,1037.27500
2012-11-19,1037.50050
2012-11-20,1037.72660
2012-11-21,1037.95340
2012-11-22,1038.17110
2012-11-23,1038.39670
2012-11-24,1038.62470
2012-11-25,1038.85280
2012-11-26,1039.07220
2012-11-27,1039.27910
2012-11-28,1039.50700
2012-11-29,1039.73740
2012-11-30,1039.96710
2012-12-01,1031.98570
2012-12-02,1032.20800
2012-12-03,1032.43130
2012-12-04,1032.66020
2012-12-05,1032.88290
2012-12-06,1033.09540
2012-12-07,1033.30600
2012-12-08,1033.53190
2012-12-09,1033.75780
2012-12-10,1033.93110
2012-12-11,1034.13560
2012-12-12,1034.36290
2012-12-13,1034.64570
2012-12-14,1034.84230
2012-12-15,1035.07030
2012-12-16,1035.29830
2012-12-17,1035.55020
2012-12-18,1035.76000
2012-12-19,1035.97390
2012-12-20,1036.16950
2012-12-21,1036.43000
2012-12-22,1036.66030
2012-12-23,1036.89070
2012-12-24,1037.12140
2012-12-25,1037.35120
2012-12-26,1037.59330
2012-12-27,1037.81790
2012-12-28,1038.05740
2012-12-29,1032.20390
2012-12-30,1032.43570
2012-12-31,1032.67190
2013-01-01,1033.05780
2013-01-02,1033.32440
2013-01-03,1033.54990
2013-01-04,1033.80970
2013-01-05,1034.03380
2013-01-06,1034.25790
2013-01-07,1034.46610
2013-01-08,1034.70780
2013-01-09,1034.92440
2013-01-10,1035.14630
2013-01-11,1035.37490
2013-01-12,1035.59830
2013-01-13,1035.82160
2013-01-14,1036.04540
2013-01-15,1036.27340
2013-01-16,1036.49020
2013-01-17,1036.71770
2013-01-18,1036.95770
2013-01-19,1037.18100
2013-01-20,1037.40420
2013-01-21,1037.62640
2013-01-22,1037.86230
2013-01-23,1038.10200
2013-01-24,1038.33110
2013-01-25,1032.56580
2013-01-26,1032.78890
2013-01-27,1033.01040
2013-01-28,1033.23060
2013-01-29,1033.49760
2013-01-30,1033.78730
2013-01-31,1033.93410
2013-02-01,1034.15800
2013-02-02,1034.37650
2013-02-03,1034.59500
2013-02-04,1034.78610
2013-02-05,1035.00680
2013-02-06,1035.20710
2013-02-07,1035.43050
2013-02-08,1035.62280
2013-02-09,1035.84260
2013-02-10,1036.06240
2013-02-11,1036.27760
2013-02-12,1036.49390
2013-02-13,1036.70610
2013-02-14,1036.90350
2013-02-15,1037.12180
2013-02-16,1037.34360
2013-02-17,1037.56550
2013-02-18,1037.83430
2013-02-19,1038.05530
2013-02-20,1038.27330
2013-02-21,1038.49100
2013-02-22,1038.70730
2013-02-23,1032.70430
2013-02-24,1032.92970
2013-02-25,1033.14730
2013-02-26,1033.36320
2013-02-27,1033.58370
2013-02-28,1033.71690
2013-03-01,1033.95380
2013-03-02,1034.17700
2013-03-03,1034.40040
2013-03-04,1034.62050
2013-03-05,1034.88710
2013-03-06,1035.13580
2013-03-07,1035.49910
2013-03-08,1035.68220
2013-03-09,1035.91350
2013-03-10,1036.14470
2013-03-11,1036.37480
2013-03-12,1036.59780
2013-03-13,1036.98060
2013-03-14,1037.43950
2013-03-15,1037.69110
2013-03-16,1037.92810
2013-03-17,1038.16510
2013-03-18,1038.33420
2013-03-19,1038.64810
2013-03-20,1038.89350
2013-03-21,1039.19480
2013-03-22,1039.60120
2013-03-23,1039.84320
2013-03-24,1040.08520
2013-03-25,1040.28530
2013-03-26,1040.16290
2013-03-27,1040.41270
2013-03-28,1040.60330
2013-03-29,1033.67650
2013-03-30,1033.93230
2013-03-31,1034.18710
2013-04-01,1034.44140
2013-04-02,1035.97470
2013-04-03,1036.24570
2013-04-04,1036.53810
2013-04-05,1036.79260
2013-04-06,1036.99710
2013-04-07,1037.20150
2013-04-08,1037.30820
2013-04-09,1037.52160
2013-04-10,1037.73750
2013-04-11,1037.95060
2013-04-12,1038.17970
2013-04-13,1038.39080
2013-04-14,1038.60190
2013-04-15,1038.81780
2013-04-16,1039.01450
2013-04-17,1039.22960
2013-04-18,1039.43230
2013-04-19,1039.64000
2013-04-20,1039.84770
2013-04-21,1040.05530
2013-04-22,1040.23540
2013-04-23,1040.45870
2013-04-24,1040.67550
2013-04-25,1040.89210
2013-04-26,1041.10490
2013-04-27,1035.11250
2013-04-28,1035.32410
2013-04-29,1035.54860
2013-04-30,1035.73570
2013-05-01,1035.95200
2013-05-02,1036.19110
2013-05-03,1036.38440
2013-05-04,1036.60210
2013-05-05,1036.81990
2013-05-06,1037.08280
2013-05-07,1037.30190
2013-05-08,1037.51300
2013-05-09,1037.69320
2013-05-10,1037.91870
2013-05-11,1038.12760
2013-05-12,1038.33650
2013-05-13,1038.50140
2013-05-14,1038.72240
2013-05-15,1038.93830
2013-05-16,1039.14720
2013-05-17,1039.36470
2013-05-18,1039.57270
2013-05-19,1039.78070
2013-05-20,1039.97080
2013-05-21,1040.17210
2013-05-22,1040.35220
2013-05-23,1040.59870
2013-05-24,1040.82030
2013-05-25,1041.02910
2013-05-26,1041.23790
2013-05-27,1041.44680
2013-05-28,1041.65980
2013-05-29,1041.86760
2013-05-30,1042.08220
2013-05-31,1042.30000
2013-06-01,1035.37660
2013-06-02,1035.57940
2013-06-03,1035.78300
2013-06-04,1035.99110
2013-06-05,1036.19070
2013-06-06,1036.39490
2013-06-07,1036.60260
2013-06-08,1036.81030
2013-06-09,1037.01810
2013-06-10,1037.19650
2013-06-11,1037.38140
2013-06-12,1037.58920
2013-06-13,1037.78760
2013-06-14,1037.97360
2013-06-15,1038.17040
2013-06-16,1038.36710
2013-06-17,1038.58510
2013-06-18,1038.82040
2013-06-19,1039.15820
2013-06-20,1039.28660
2013-06-21,1039.47840
2013-06-22,1039.68700
2013-06-23,1039.89570
2013-06-24,1040.10630
2013-06-25,1040.29800
2013-06-26,1040.52300
2013-06-27,1040.76020
2013-06-28,1041.12360
2013-06-29,1035.40550
2013-06-30,1035.61780
2013-07-01,1035.82590
2013-07-02,1036.35840
2013-07-03,1036.69970
2013-07-04,1036.96990
2013-07-05,1037.16710
2013-07-06,1037.35930
2013-07-07,1037.55140
2013-07-08,1037.66930
2013-07-09,1037.90330
2013-07-10,1038.10660
2013-07-11,1038.28910
2013-07-12,1038.50210
2013-07-13,1038.70380
2013-07-14,1038.90550
2013-07-15,1039.10870
2013-07-16,1036.69630
2013-07-17,1037.37200
2013-07-18,1038.19490
2013-07-19,1038.50140
2013-07-20,1038.73370
2013-07-21,1038.96590
2013-07-22,1039.10660
2013-07-23,1038.73090
2013-07-24,1037.97700
2013-07-25,1038.15490
2013-07-26,1038.45840
2013-07-27,1037.40520
2013-07-28,1037.67970
2013-07-29,1037.96230
2013-07-30,1038.28590
2013-07-31,1038.56100
2013-08-01,1038.92920
2013-08-02,1039.51270
2013-08-03,1039.79030
2013-08-04,1040.06790
2013-08-05,1040.72150
2013-08-06,1040.81620
2013-08-07,1041.07160
2013-08-08,1041.41440
2013-08-09,1041.68200
2013-08-10,1041.94960
2013-08-11,1042.21720
2013-08-12,1042.01950
2013-08-13,1042.14240
2013-08-14,1042.64100
2013-08-15,1042.93700
2013-08-16,1043.19550
2013-08-17,1043.49280
2013-08-18,1043.79020
2013-08-19,1044.03150
2013-08-20,1044.34260
2013-08-21,1044.74410
2013-08-22,1045.07670
2013-08-23,1045.42410
2013-08-24,1045.70620
2013-08-25,1045.98820
2013-08-26,1046.25860
2013-08-27,1046.57150
2013-08-28,1046.87720
2013-08-29,1047.17350
2013-08-30,1047.44970
2013-08-31,1039.58280
2013-09-01,1039.85210
2013-09-02,1040.14820
2013-09-03,1040.44420
2013-09-04,1040.91640
2013-09-05,1041.37570
2013-09-06,1041.39220
2013-09-07,1041.65910
2013-09-08,1041.92600
2013-09-09,1042.19290
2013-09-10,1042.68380
2013-09-11,1042.97870
2013-09-12,1043.26440
2013-09-13,1043.49120
2013-09-14,1043.78510
2013-09-15,1044.07900
2013-09-16,1044.45080
2013-09-17,1044.69420
2013-09-18,1045.04820
2013-09-19,1045.79740
2013-09-20,1045.93840
2013-09-21,1046.21600
2013-09-22,1046.49370
2013-09-23,1047.12400
2013-09-24,1047.38720
2013-09-25,1047.81210
2013-09-26,1047.94550
2013-09-27,1048.34220
2013-09-28,1041.58160
2013-09-29,1041.84740
2013-09-30,1042.12750
2013-10-01,1042.45750
2013-10-02,1042.72540
2013-10-03,1043.06820
2013-10-04,1043.34370
2013-10-05,1043.59620
2013-10-06,1043.84880
2013-10-07,1044.14260
2013-10-08,1044.69320
2013-10-09,1044.92830
2013-10-10,1045.20130
2013-10-11,1045.45510
2013-10-12,1045.70690
2013-10-13,1045.95880
2013-10-14,1046.15940
2013-10-15,1046.48560
2013-10-16,1046.73640
2013-10-17,1047.00840
2013-10-18,1047.23120
2013-10-19,1047.47460
2013-10-20,1047.71810
2013-10-21,1047.96850
2013-10-22,1048.22870
2013-10-23,1048.47140
2013-10-24,1048.72480
2013-10-25,1048.95780
2013-10-26,1042.67760
2013-10-27,1042.91620
2013-10-28,1043.15220
2013-10-29,1043.47530
2013-10-30,1043.72220
2013-10-31,1043.96800
2013-11-01,1044.20390
2013-11-02,1044.44350
2013-11-03,1044.68310
2013-11-04,1044.92290
2013-11-05,1045.19020
2013-11-06,1045.42290
2013-11-07,1045.64750
2013-11-08,1045.84510
2013-11-09,1046.08860
2013-11-10,1046.33230
2013-11-11,1046.54220
2013-11-12,1046.79480
2013-11-13,1047.04490
2013-11-14,1047.28620
2013-11-15,1047.52960
2013-11-16,1047.77310
2013-11-17,1048.01670
2013-11-18,1048.25940
2013-11-19,1048.50690
2013-11-20,1048.75310
2013-11-21,1048.99740
2013-11-22,1049.24490
2013-11-23,1049.49050
2013-11-24,1049.73620
2013-11-25,1049.96390
2013-11-26,1050.21570
2013-11-27,1050.46980
2013-11-28,1050.71950
2013-11-29,1050.99720
2013-11-30,1042.71410
2013-12-01,1042.93540
2013-12-02,1043.18410
2013-12-03,1043.48740
2013-12-04,1043.74220
2013-12-05,1043.94410
2013-12-06,1044.15130
2013-12-07,1044.36800
2013-12-08,1044.58470
2013-12-09,1044.73510
2013-12-10,1044.94120
2013-12-11,1045.18310
2013-12-12,1045.48330
2013-12-13,1045.69960
2013-12-14,1045.88520
2013-12-15,1046.07100
2013-12-16,1046.18820
2013-12-17,1046.35690
2013-12-18,1046.52170
2013-12-19,1046.61500
2013-12-20,1046.86020
2013-12-21,1047.10450
2013-12-22,1047.34870
2013-12-23,1047.59840
2013-12-24,1047.88680
2013-12-25,1048.12920
2013-12-26,1048.31220
2013-12-27,1048.53850
2013-12-28,1043.08950
2013-12-29,1043.33630
2013-12-30,1043.58800
2013-12-31,1043.85860
2014-01-01,1044.14150
2014-01-02,1044.44610
2014-01-03,1044.66850
2014-01-04,1044.88970
2014-01-05,1045.11090
2014-01-06,1045.27820
2014-01-07,1045.45980
2014-01-08,1045.60410
2014-01-09,1045.82880
2014-01-10,1046.13090
2014-01-11,1046.35870
2014-01-12,1046.58660
2014-01-13,1046.81470
2014-01-14,1047.05240
2014-01-15,1047.26000
2014-01-16,1047.50570
2014-01-17,1047.73660
2014-01-18,1047.98020
2014-01-19,1048.22400
2014-01-20,1048.46430
2014-01-21,1048.76460
2014-01-22,1049.00050
2014-01-23,1049.25130
2014-01-24,1049.45280
2014-01-25,1049.67430
2014-01-26,1049.89570
2014-01-27,1050.11900
2014-01-28,1050.34080
2014-01-29,1050.56270
2014-01-30,1050.79300
2014-01-31,1051.05340
2014-02-01,1043.50070
2014-02-02,1043.71930
2014-02-03,1043.94420
2014-02-04,1044.17820
2014-02-05,1044.40490
2014-02-06,1044.63290
2014-02-07,1044.82730
2014-02-08,1045.06090
2014-02-09,1045.29450
2014-02-10,1045.47780
2014-02-11,1045.64560
2014-02-12,1045.88490
2014-02-13,1046.08980
2014-02-14,1046.34930
2014-02-15,1046.59850
2014-02-16,1046.84780
2014-02-17,1047.12670
2014-02-18,1047.41270
2014-02-19,1047.64470
2014-02-20,1047.86170
2014-02-21,1048.09970
2014-02-22,1048.33000
2014-02-23,1048.56040
2014-02-24,1048.79900
2014-02-25,1049.03070
2014-02-26,1049.26060
2014-02-27,1049.48930
2014-02-28,1049.79730
2014-03-01,1043.86710
2014-03-02,1044.09010
2014-03-03,1044.24320
2014-03-04,1044.39100
2014-03-05,1044.70620
2014-03-06,1044.90580
2014-03-07,1045.15180
2014-03-08,1045.37560
2014-03-09,1045.59960
2014-03-10,1045.78610
2014-03-11,1046.05390
2014-03-12,1046.38290
2014-03-13,1046.54920
2014-03-14,1046.88660
2014-03-15,1047.14300
2014-03-16,1047.39950
2014-03-17,1047.65620
2014-03-18,1047.88200
2014-03-19,1048.07330
2014-03-20,1048.32560
2014-03-21,1048.59250
2014-03-22,1048.83290
2014-03-23,1049.07330
2014-03-24,1049.43880
2014-03-25,1049.64680
2014-03-26,1049.84430
2014-03-27,1049.99810
2014-03-28,1049.98250
2014-03-29,1044.45530
2014-03-30,1044.75570
2014-03-31,1045.03780
2014-04-01,1045.32000
2014-04-02,1046.04650
2014-04-03,1046.30490
2014-04-04,1046.56430
2014-04-05,1046.79020
2014-04-06,1047.01620
2014-04-07,1047.30010
2014-04-08,1047.53260
2014-04-09,1047.76030
2014-04-10,1047.99260
2014-04-11,1048.21420
2014-04-12,1048.44680
2014-04-13,1048.67940
2014-04-14,1048.91200
2014-04-15,1049.13640
2014-04-16,1049.39290
2014-04-17,1049.59660
2014-04-18,1049.81950
2014-04-19,1050.04230
2014-04-20,1050.26530
2014-04-21,1050.57540
2014-04-22,1050.90690
2014-04-23,1051.22150
2014-04-24,1051.55430
2014-04-25,1051.88870
2014-04-26,1045.10640
2014-04-27,1045.43330
2014-04-28,1045.75760
2014-04-29,1046.00700
2014-04-30,1046.25580
2014-05-01,1046.50010
2014-05-02,1046.73300
2014-05-03,1046.95730
2014-05-04,1047.18170
2014-05-05,1047.40900
2014-05-06,1047.63590
2014-05-07,1047.86210
2014-05-08,1048.09110
2014-05-09,1048.32360
2014-05-10,1048.55620
2014-05-11,1048.78870
2014-05-12,1049.01830
2014-05-13,1049.25580
2014-05-14,1049.50530
2014-05-15,1049.75210
2014-05-16,1049.99110
2014-05-17,1050.21350
2014-05-18,1050.43590
2014-05-19,1050.66240
2014-05-20,1050.89400
2014-05-21,1051.12490
2014-05-22,1051.35330
2014-05-23,1051.58250
2014-05-24,1051.80860
2014-05-25,1052.03480
2014-05-26,1052.25980
2014-05-27,1052.48630
2014-05-28,1052.71300
2014-05-29,1052.93740
2014-05-30,1053.15490
2014-05-31,1045.20810
2014-06-01,1045.41070
2014-06-02,1045.63550
2014-06-03,1045.85770
2014-06-04,1046.07930
2014-06-05,1046.29730
2014-06-06,1046.52460
2014-06-07,1046.74370
2014-06-08,1046.96280
2014-06-09,1047.18990
2014-06-10,1047.42390
2014-06-11,1047.65340
2014-06-12,1047.87680
2014-06-13,1048.08630
2014-06-14,1048.29600
2014-06-15,1048.50560
2014-06-16,1048.75060
2014-06-17,1048.99480
2014-06-18,1049.22310
2014-06-19,1049.44610
2014-06-20,1049.66510
2014-06-21,1049.88440
2014-06-22,1050.10360
2014-06-23,1050.32960
2014-06-24,1050.55400
2014-06-25,1050.78110
2014-06-26,1051.01300
2014-06-27,1051.24850
2014-06-28,1045.23240
2014-06-29,1045.43290
2014-06-30,1045.68600
2014-07-01,1045.92250
2014-07-02,1046.15150
2014-07-03,1046.37170
2014-07-04,1046.59000
2014-07-05,1046.80840
2014-07-06,1047.02680
2014-07-07,1047.25340
2014-07-08,1047.48910
2014-07-09,1047.73720
2014-07-10,1047.98550
2014-07-11,1048.22980
2014-07-12,1048.47430
2014-07-13,1048.71890
2014-07-14,1048.95700
2014-07-15,1049.19020
2014-07-16,1049.42750
2014-07-17,1049.65860
2014-07-18,1049.88900
2014-07-19,1050.11940
2014-07-20,1050.34980
2014-07-21,1050.58870
2014-07-22,1050.83990
2014-07-23,1051.09020
2014-07-24,1051.34310
2014-07-25,1051.58840
2014-07-26,1045.25890
2014-07-27,1045.49160
2014-07-28,1045.73880
2014-07-29,1045.98590
2014-07-30,1046.21690
2014-07-31,1046.44300
2014-08-01,1046.66870
2014-08-02,1046.89430
2014-08-03,1047.12000
2014-08-04,1047.34290
2014-08-05,1047.55290
2014-08-06,1047.77700
2014-08-07,1048.00930
2014-08-08,1048.23700
2014-08-09,1048.46470
2014-08-10,1048.69250
2014-08-11,1048.93520
2014-08-12,1049.16630
2014-08-13,1049.39420
2014-08-14,1049.62180
2014-08-15,1049.84940
2014-08-16,1050.07700
2014-08-17,1050.30460
2014-08-18,1050.53210
2014-08-19,1050.76160
2014-08-20,1050.99400
2014-08-21,1051.21790
2014-08-22,1051.43530
2014-08-23,1051.65270
2014-08-24,1051.87020
2014-08-25,1052.09600
2014-08-26,1052.31810
2014-08-27,1052.54140
2014-08-28,1052.76610
2014-08-29,1045.28140
2014-08-30,1045.48010
2014-08-31,1045.70320
2014-09-01,1045.92310
2014-09-02,1046.12800
2014-09-03,1046.32910
2014-09-04,1046.53500
2014-09-05,1046.74550
2014-09-06,1046.95600
2014-09-07,1047.16650
2014-09-08,1047.39100
2014-09-09,1047.61420
2014-09-10,1047.83700
2014-09-11,1048.05500
2014-09-12,1048.27240
2014-09-13,1048.48980
2014-09-14,1048.70720
2014-09-15,1048.93370
2014-09-16,1049.16480
2014-09-17,1049.39090
2014-09-18,1049.61600
2014-09-19,1049.83510
2014-09-20,1050.05420
2014-09-21,1050.27330
2014-09-22,1050.49790
2014-09-23,1050.72240
2014-09-24,1050.94660
2014-09-25,1051.17100
2014-09-26,1051.39440
2014-09-27,1045.30430
2014-09-28,1045.50620
2014-09-29,1045.72990
2014-09-30,1045.95740
2014-10-01,1046.16940
2014-10-02,1046.38150
2014-10-03,1046.59350
2014-10-04,1046.80560
2014-10-05,1047.01770
2014-10-06,1047.22970
2014-10-07,1047.45090
2014-10-08,1047.66950
2014-10-09,1047.88940
2014-10-10,1048.11060
2014-10-11,1048.33180
2014-10-12,1048.55300
2014-10-13,1048.77380
2014-10-14,1048.99700
2014-10-15,1049.22030
2014-10-16,1049.44640
2014-10-17,1049.66230
2014-10-18,1049.87820
2014-10-19,1050.09410
2014-10-20,1050.32020
2014-10-21,1050.55820
2014-10-22,1050.80160
2014-10-23,1051.04500
2014-10-24,1051.28840
2014-10-25,1051.53180
2014-10-26,1051.77530
2014-10-27,1052.00470
2014-10-28,1052.23380
2014-10-29,1052.46020
2014-10-30,1052.68540
2014-10-31,1052.89090
2014-11-01,1045.33690
2014-11-02,1045.55000
2014-11-03,1045.76750
2014-11-04,1045.98510
2014-11-05,1046.20130
2014-11-06,1046.41750
2014-11-07,1046.63550
2014-11-08,1046.85350
2014-11-09,1047.07140
2014-11-10,1047.29380
2014-11-11,1047.51690
2014-11-12,1047.75360
2014-11-13,1047.98410
2014-11-14,1048.20330
2014-11-15,1048.42260
2014-11-16,1048.64180
2014-11-17,1048.86920
2014-11-18,1049.09510
2014-11-19,1049.31960
2014-11-20,1049.54290
2014-11-21,1049.76490
2014-11-22,1049.98690
2014-11-23,1050.20890
2014-11-24,1050.43290
2014-11-25,1050.65950
2014-11-26,1050.88630
2014-11-27,1051.11320
2014-11-28,1051.33450
2014-11-29,1045.37610
2014-11-30,1045.60980
2014-12-01,1045.83480
2014-12-02,1046.05800
2014-12-03,1046.28070
2014-12-04,1046.50390
2014-12-05,1046.72610
2014-12-06,1046.94830
2014-12-07,1047.17050
2014-12-08,1047.39420
2014-12-09,1047.61850
2014-12-10,1047.84380
2014-12-11,1048.06890
2014-12-12,1048.29050
2014-12-13,1048.51200
2014-12-14,1048.73340
2014-12-15,1048.96430
2014-12-16,1049.20000
2014-12-17,1049.44940
2014-12-18,1049.69050
2014-12-19,1049.92590
2014-12-20,1050.16110
2014-12-21,1050.39650
2014-12-22,1050.63150
2014-12-23,1050.86230
2014-12-24,1051.09020
2014-12-25,1051.31810
2014-12-26,1051.54110
2014-12-27,1045.42090
2014-12-28,1045.63010
2014-12-29,1045.86070
2014-12-30,1046.09490
2014-12-31,1046.34290
2015-01-01,1046.57170
2015-01-02,1046.79480
2015-01-03,1047.01790
2015-01-04,1047.24100
2015-01-05,1047.46400
2015-01-06,1047.69230
2015-01-07,1047.91810
2015-01-08,1048.14600
2015-01-09,1048.36930
2015-01-10,1048.59280
2015-01-11,1048.81620
2015-01-12,1049.04430
2015-01-13,1049.27610
2015-01-14,1049.50870
2015-01-15,1049.73200
2015-01-16,1049.95610
2015-01-17,1050.18020
2015-01-18,1050.40430
2015-01-19,1050.62860
2015-01-20,1050.85410
2015-01-21,1051.07970
2015-01-22,1051.30110
2015-01-23,1051.52200
2015-01-24,1051.74290
2015-01-25,1051.96390
2015-01-26,1052.18480
2015-01-27,1052.40870
2015-01-28,1052.63520
2015-01-29,1052.85440
2015-01-30,1053.07200
2015-01-31,1045.44650
2015-02-01,1045.68600
2015-02-02,1045.90420
2015-02-03,1046.11910
2015-02-04,1046.33370
2015-02-05,1046.54840
2015-02-06,1046.76500
2015-02-07,1046.98170
2015-02-08,1047.19840
2015-02-09,1047.42270
2015-02-10,1047.63600
2015-02-11,1047.85270
2015-02-12,1048.07220
2015-02-13,1048.28710
2015-02-14,1048.50200
2015-02-15,1048.71690
2015-02-16,1048.93720
2015-02-17,1049.15740
2015-02-18,1049.37680
2015-02-19,1049.59620
2015-02-20,1049.81330
2015-02-21,1050.03050
2015-02-22,1050.24770
2015-02-23,1050.47010
2015-02-24,1050.69140
2015-02-25,1050.91160
2015-02-26,1051.13200
2015-02-27,1051.34860
2015-02-28,1045.48800
2015-03-01,1045.72210
2015-03-02,1045.93700
2015-03-03,1046.14730
2015-03-04,1046.34720
2015-03-05,1046.54090
2015-03-06,1046.73470
2015-03-07,1046.92850
2015-03-08,1047.12230
2015-03-09,1047.33010
2015-03-10,1047.53970
2015-03-11,1047.75240
2015-03-12,1047.96380
2015-03-13,1048.17460
2015-03-14,1048.38560
2015-03-15,1048.59660
2015-03-16,1048.81740
2015-03-17,1049.03150
2015-03-18,1049.24240
2015-03-19,1049.45070
2015-03-20,1049.65600
2015-03-21,1049.86140
2015-03-22,1050.06670
2015-03-23,1050.27550
2015-03-24,1050.48450
2015-03-25,1050.69500
2015-03-26,1050.90540
2015-03-27,1051.12040
2015-03-28,1046.10170
2015-03-29,1046.15490
2015-03-30,1046.38250
2015-03-31,1046.65140
2015-04-01,1046.92400
2015-04-02,1047.19660
2015-04-03,1047.46930
2015-04-04,1047.74190
2015-04-05,1048.01450
2015-04-06,1048.22050
2015-04-07,1048.42610
2015-04-08,1048.63500
2015-04-09,1048.84990
2015-04-10,1049.06410
2015-04-11,1049.27820
2015-04-12,1049.49240
2015-04-13,1049.70690
2015-04-14,1049.92140
2015-04-15,1050.13970
2015-04-16,1050.36010
2015-04-17,1050.57320
2015-04-18,1050.78620
2015-04-19,1050.99930
2015-04-20,1051.21940
2015-04-21,1051.43840
2015-04-22,1051.65360
2015-04-23,1051.87370
2015-04-24,1052.09680
2015-04-25,1046.36090
2015-04-26,1046.92280
2015-04-27,1047.14360
2015-04-28,1047.36400
2015-04-29,1047.58550
2015-04-30,1047.80630
2015-05-01,1048.02710
2015-05-02,1048.24790
2015-05-03,1048.46860
2015-05-04,1048.68940
2015-05-05,1048.90870
2015-05-06,1049.12210
2015-05-07,1049.33580
2015-05-08,1049.55320
2015-05-09,1049.77070
2015-05-10,1049.98810
2015-05-11,1050.20780
2015-05-12,1050.42710
2015-05-13,1050.64640
2015-05-14,1050.86530
2015-05-15,1051.08010
2015-05-16,1051.29500
2015-05-17,1051.50980
2015-05-18,1051.73020
2015-05-19,1051.95180
2015-05-20,1052.17110
2015-05-21,1052.38920
2015-05-22,1052.60960
2015-05-23,1052.83010
2015-05-24,1053.05050
2015-05-25,1053.27120
2015-05-26,1053.49130
2015-05-27,1053.71240
2015-05-28,1053.93280
2015-05-29,1054.15320
2015-05-30,1046.95250
2015-05-31,1047.40400
2015-06-01,1047.62080
2015-06-02,1047.83200
2015-06-03,1048.03660
2015-06-04,1048.23930
2015-06-05,1048.44350
2015-06-06,1048.64770
2015-06-07,1048.85190
2015-06-08,1049.05830
2015-06-09,1049.26810
2015-06-10,1049.48010
2015-06-11,1049.68910
2015-06-12,1049.88150
2015-06-13,1050.07390
2015-06-14,1050.26620
2015-06-15,1050.47190
2015-06-16,1050.67950
2015-06-17,1050.88770
2015-06-18,1051.09340
2015-06-19,1051.29990
2015-06-20,1051.50630
2015-06-21,1051.71270
2015-06-22,1051.91910
2015-06-23,1052.12740
2015-06-24,1052.33490
2015-06-25,1052.54360
2015-06-26,1052.75070
2015-06-27,1047.78800
2015-06-28,1047.80720
2015-06-29,1048.01360
2015-06-30,1048.22190
2015-07-01,1048.42680
2015-07-02,1048.62660
2015-07-03,1048.82740
2015-07-04,1049.02830
2015-07-05,1049.22920
2015-07-06,1049.42970
2015-07-07,1049.63360
2015-07-08,1049.83850
2015-07-09,1050.04530
2015-07-10,1050.24390
2015-07-11,1050.44260
2015-07-12,1050.64130
2015-07-13,1050.84730
2015-07-14,1051.05450
2015-07-15,1051.26050
2015-07-16,1051.46650
2015-07-17,1051.67330
2015-07-18,1051.88040
2015-07-19,1052.08760
2015-07-20,1052.29470
2015-07-21,1052.50260
2015-07-22,1052.71040
2015-07-23,1052.91720
2015-07-24,1053.11300
2015-07-25,1053.30870
2015-07-26,1053.50440
2015-07-27,1053.71300
2015-07-28,1053.91980
2015-07-29,1054.12690
2015-07-30,1054.33480
2015-07-31,1054.53750
2015-08-01,1054.74030
2015-08-02,1054.94300
2015-08-03,1055.14680
2015-08-04,1055.35060
2015-08-05,1055.55700
2015-08-06,1055.76380
2015-08-07,1055.95920
2015-08-08,1056.15450
2015-08-09,1056.34990
2015-08-10,1056.55480
2015-08-11,1056.76090
2015-08-12,1056.96730
2015-08-13,1057.17440
2015-08-14,1057.38040
2015-08-15,1057.58650
2015-08-16,1057.79250
2015-08-17,1058.00040
2015-08-18,1058.20820
2015-08-19,1058.41570
2015-08-20,1058.62360
2015-08-21,1058.81750
2015-08-22,1059.01140
2015-08-23,1059.20530
2015-08-24,1059.41430
2015-08-25,1059.62330
2015-08-26,1059.83220
2015-08-27,1060.04160
2015-08-28,1060.25020
2015-08-29,1060.45880
2015-08-30,1060.66740
2015-08-31,1060.87310
2015-09-01,1061.01430
2015-09-02,1061.21780
2015-09-03,1061.42420
2015-09-04,1061.62550
2015-09-05,1061.82450
2015-09-06,1062.02350
2015-09-07,1062.23180
2015-09-08,1062.43340
2015-09-09,1062.64200
2015-09-10,1062.85060
2015-09-11,1063.05450
2015-09-12,1063.26050
2015-09-13,1063.46650
2015-09-14,1063.66740
2015-09-15,1063.87900
2015-09-16,1064.08170
2015-09-17,1064.29180
2015-09-18,1064.50180
2015-09-19,1064.70820
2015-09-20,1064.91460
2015-09-21,1065.12470
2015-09-22,1065.25750
2015-09-23,1065.46730
2015-09-24,1065.68470
2015-09-25,1065.89770
2015-09-26,1066.11070
2015-09-27,1066.32410
2015-09-28,1066.54420
2015-09-29,1067.04450
2015-09-30,1067.27150
2015-10-01,1067.48860
2015-10-02,1067.68540
2015-10-03,1067.88230
2015-10-04,1068.07950
2015-10-05,1068.26640
2015-10-06,1068.48340
2015-10-07,1068.68360
2015-10-08,1068.87380
2015-10-09,1069.06880
2015-10-10,1069.26710
2015-10-11,1069.46620
2015-10-12,1069.66560
2015-10-13,1069.85760
2015-10-14,1070.08130
2015-10-15,1070.28070
2015-10-16,1070.56360
2015-10-17,1070.75720
2015-10-18,1070.95070
2015-10-19,1071.01800
2015-10-20,1071.22040
2015-10-21,1071.42050
2015-10-22,1071.62070
2015-10-23,1071.93930
2015-10-24,1072.13690
2015-10-25,1072.33440
2015-10-26,1072.53380
2015-10-27,1072.72550
2015-10-28,1072.80320
2015-10-29,1073.00590
2015-10-30,1073.31570
2015-10-31,1073.50990
2015-11-01,1073.70420
2015-11-02,1073.84580
2015-11-03,1073.92160
2015-11-04,1074.08500
2015-11-05,1074.34140
2015-11-06,1074.63390
2015-11-07,1074.83000
2015-11-08,1075.02610
2015-11-09,1075.22150
2015-11-10,1075.47390
2015-11-11,1075.66850
2015-11-12,1075.86310
2015-11-13,1076.09970
2015-11-14,1076.29180
2015-11-15,1076.48380
2015-11-16,1076.53460
2015-11-17,1076.68360
2015-11-18,1076.88630
2015-11-19,1077.11410
2015-11-20,1077.50810
2015-11-21,1077.68870
2015-11-22,1077.86940
2015-11-23,1077.95580
2015-11-24,1078.19350
2015-11-25,1078.37600
2015-11-26,1078.52170
2015-11-27,1078.71710
2015-11-28,1078.91240
2015-11-29,1079.10780
2015-11-30,1079.28550
2015-12-01,1079.46100
2015-12-02,1079.66230
2015-12-03,1079.82970
2015-12-04,1080.18360
2015-12-05,1080.34880
2015-12-06,1080.51400
2015-12-07,1080.59640
2015-12-08,1080.80280
2015-12-09,1081.00630
2015-12-10,1081.08060
2015-12-11,1081.35610
2015-12-12,1081.53940
2015-12-13,1081.72260
2015-12-14,1081.87530
2015-12-15,1082.08240
2015-12-16,1082.29140
2015-12-17,1082.46360
2015-12-18,1082.85470
2015-12-19,1083.04300
2015-12-20,1083.23140
2015-12-21,1083.15380
2015-12-22,1083.35910
2015-12-23,1083.56480
2015-12-24,1083.77040
2015-12-25,1083.97610
2015-12-26,1084.18180
2015-12-27,1084.38740
2015-12-28,1084.59270
2015-12-29,1084.79840
2015-12-30,1084.96540
2015-12-31,1085.22630
2016-01-01,1085.67730
2016-01-02,1085.82120
2016-01-03,1085.96500
2016-01-04,1085.97980
2016-01-05,1086.18690
2016-01-06,1086.39660
2016-01-07,1086.44330
2016-01-08,1086.66920
2016-01-09,1086.86350
2016-01-10,1087.05780
2016-01-11,1087.23620
2016-01-12,1087.41280
2016-01-13,1087.61700
2016-01-14,1087.79510
2016-01-15,1087.99820
2016-01-16,1088.20130
2016-01-17,1088.40430
2016-01-18,1088.60740
2016-01-19,1088.77630
2016-01-20,1088.98790
2016-01-21,1089.19980
2016-01-22,1089.40430
2016-01-23,1089.60890
2016-01-24,1089.81350
2016-01-25,1090.01800
2016-01-26,1090.22260
2016-01-27,1090.37860
2016-01-28,1090.67620
2016-01-29,1090.87230
2016-01-30,1091.06840
2016-01-31,1091.26560
2016-02-01,1091.46170
2016-02-02,1091.64280
2016-02-03,1091.85470
2016-02-04,1091.86570
2016-02-05,1092.06840
2016-02-06,1092.27120
2016-02-07,1092.47390
2016-02-08,1092.61180
2016-02-09,1092.81570
2016-02-10,1093.01950
2016-02-11,1093.22330
2016-02-12,1093.62470
2016-02-13,1093.82080
2016-02-14,1094.01690
2016-02-15,1093.99600
2016-02-16,1094.27700
2016-02-17,1094.43490
2016-02-18,1094.63940
2016-02-19,1094.84440
2016-02-20,1095.04890
2016-02-21,1095.25390
2016-02-22,1095.47570
2016-02-23,1095.68540
2016-02-24,1095.89510
2016-02-25,1096.09750
2016-02-26,1096.29990
2016-02-27,1096.50220
2016-02-28,1096.70460
2016-02-29,1096.90690
2016-03-01,1097.10080
2016-03-02,1097.30460
2016-03-03,1097.56030
2016-03-04,1097.76160
2016-03-05,1097.96250
2016-03-06,1098.16370
2016-03-07,1098.36460
2016-03-08,1098.54890
2016-03-09,1098.75680
2016-03-10,1098.87270
2016-03-11,1099.07690
2016-03-12,1099.28110
2016-03-13,1099.48530
2016-03-14,1099.67290
2016-03-15,1099.87820
2016-03-16,1100.06950
2016-03-17,1100.32560
2016-03-18,1100.81680
2016-03-19,1101.00440
2016-03-20,1101.19210
2016-03-21,1101.30650
2016-03-22,1101.30830
2016-03-23,1101.80650
2016-03-24,1101.96950
2016-03-25,1102.13250
2016-03-26,1102.29540
2016-03-27,1102.45840
2016-03-28,1102.52500
2016-03-29,1102.73620
2016-03-30,1102.96950
2016-03-31,1103.09490
2016-04-01,1103.29510
2016-04-02,1103.49450
2016-04-03,1103.69460
2016-04-04,1103.89400
2016-04-05,1104.09420
2016-04-06,1104.32230
2016-04-07,1104.52020
2016-04-08,1104.71820
2016-04-09,1104.91610
2016-04-10,1105.11410
2016-04-11,1105.34140
2016-04-12,1105.54270
2016-04-13,1105.73440
2016-04-14,1105.92600
2016-04-15,1106.11770
2016-04-16,1106.30940
2016-04-17,1106.50110
2016-04-18,1106.69280
2016-04-19,1106.88450
2016-04-20,1107.07620
2016-04-21,1107.18320
2016-04-22,1107.37670
2016-04-23,1107.57030
2016-04-24,1107.76310
2016-04-25,1107.95220
2016-04-26,1108.12910
2016-04-27,1108.32340
2016-04-28,1108.49960
2016-04-29,1108.69650
2016-04-30,1108.89330
2016-05-01,1109.09090
2016-05-02,1109.27040
2016-05-03,1109.45990
2016-05-04,1109.75240
2016-05-05,1109.84810
2016-05-06,1110.03830
2016-05-07,1110.22850
2016-05-08,1110.41870
2016-05-09,1110.60890
2016-05-10,1110.75680
2016-05-11,1110.95840
2016-05-12,1111.14420
2016-05-13,1111.43080
2016-05-14,1111.52720
2016-05-15,1111.62360
2016-05-16,1111.68800
2016-05-17,1111.88590
2016-05-18,1112.08390
2016-05-19,1112.16890
2016-05-20,1112.40430
2016-05-21,1112.58350
2016-05-22,1112.76310
2016-05-23,1112.96060
2016-05-24,1113.15310
2016-05-25,1113.35140
2016-05-26,1113.48310
2016-05-27,1114.04160
2016-05-28,1114.06920
2016-05-29,1114.09680
2016-05-30,1114.29580
2016-05-31,1114.50000
2016-06-01,1114.69980
2016-06-02,1114.91240
2016-06-03,1115.14390
2016-06-04,1115.32380
2016-06-05,1115.50440
2016-06-06,1115.70200
2016-06-07,1115.89660
2016-06-08,1116.10230
2016-06-09,1116.24760
2016-06-10,1116.70270
2016-06-11,1116.77120
2016-06-12,1116.83960
2016-06-13,1117.05220
2016-06-14,1117.25790
2016-06-15,1117.44190
2016-06-16,1117.65120
2016-06-17,1118.15640
2016-06-18,1118.22330
2016-06-19,1118.29030
2016-06-20,1118.48680
2016-06-21,1118.65450
2016-06-22,1118.84840
2016-06-23,1119.06660
2016-06-24,1119.36870
2016-06-25,1119.50330
2016-06-26,1119.63720
2016-06-27,1119.68250
2016-06-28,1119.88670
2016-06-29,1120.14900
2016-06-30,1120.34550
2016-07-01,1120.93860
2016-07-02,1120.96870
2016-07-03,1120.99890
2016-07-04,1121.24060
2016-07-05,1121.58200
2016-07-06,1121.64530
2016-07-07,1121.84440
2016-07-08,1122.35060
2016-07-09,1122.41800
2016-07-10,1122.48530
2016-07-11,1122.63390
2016-07-12,1122.83300
2016-07-13,1122.94370
2016-07-14,1123.23220
2016-07-15,1123.44850
2016-07-16,1123.62330
2016-07-17,1123.79760
2016-07-18,1123.99120
2016-07-19,1124.18400
2016-07-20,1124.35500
2016-07-21,1124.50630
2016-07-22,1124.96620
2016-07-23,1125.05000
2016-07-24,1125.13390
2016-07-25,1125.32970
2016-07-26,1125.49600
2016-07-27,1125.64350
2016-07-28,1125.83920
2016-07-29,1126.03500
2016-07-30,1126.23030
2016-07-31,1126.42600
2016-08-01,1126.63390
2016-08-02,1126.77590
2016-08-03,1126.96580
2016-08-04,1127.15560
2016-08-05,1127.67480
2016-08-06,1127.69650
2016-08-07,1127.71820
2016-08-08,1127.83590
2016-08-09,1128.04600
2016-08-10,1128.23770
2016-08-11,1128.42940
2016-08-12,1129.16110
2016-08-13,1129.18290
2016-08-14,1129.20460
2016-08-15,1129.22630
2016-08-16,1129.41610
2016-08-17,1129.60600
2016-08-18,1129.79580
2016-08-19,1129.98570
2016-08-20,1130.17550
2016-08-21,1130.36530
2016-08-22,1130.53380
2016-08-23,1130.74030
2016-08-24,1130.94670
2016-08-25,1131.06440
2016-08-26,1131.26200
2016-08-27,1131.45950
2016-08-28,1131.65820
2016-08-29,1131.82410
2016-08-30,1132.03050
2016-08-31,1132.24100
2016-09-01,1132.26640
2016-09-02,1132.84360
2016-09-03,1132.86900
2016-09-04,1132.89440
2016-09-05,1132.91980
2016-09-06,1133.04160
2016-09-07,1133.25200
2016-09-08,1133.44890
2016-09-09,1133.64570
2016-09-10,1133.84250
2016-09-11,1134.03940
2016-09-12,1134.43080
2016-09-13,1134.45620
2016-09-14,1134.65190
2016-09-15,1134.88480
2016-09-16,1135.28810
2016-09-17,1135.31350
2016-09-18,1135.33890
2016-09-19,1135.53680
2016-09-20,1135.73470
2016-09-21,1135.98570
2016-09-22,1136.18140
2016-09-23,1136.37710
2016-09-24,1136.57280
2016-09-25,1136.76860
2016-09-26,1136.97900
2016-09-27,1137.18980
2016-09-28,1137.31160
2016-09-29,1137.52240
2016-09-30,1137.71930
2016-10-01,1137.91610
2016-10-02,1138.11300
2016-10-03,1138.30980
2016-10-04,1138.60520
2016-10-05,1138.81600
2016-10-06,1139.02690
2016-10-07,1139.21600
2016-10-08,1139.40510
2016-10-09,1139.59420
2016-10-10,1140.08430
2016-10-11,1140.10960
2016-10-12,1140.13500
2016-10-13,1140.32520
2016-10-14,1140.85320
2016-10-15,1140.87860
2016-10-16,1140.90400
2016-10-17,1141.09310
2016-10-18,1141.24360
2016-10-19,1141.45440
2016-10-20,1141.64460
2016-10-21,1142.17260
2016-10-22,1142.19790
2016-10-23,1142.22330
2016-10-24,1142.40950
2016-10-25,1142.56290
2016-10-26,1142.77370
2016-10-27,1142.80020
2016-10-28,1142.99190
2016-10-29,1143.18360
2016-10-30,1143.37530
2016-10-31,1143.56700
2016-11-01,1143.75860
2016-11-02,1143.93190
2016-11-03,1144.12360
2016-11-04,1144.55670
2016-11-05,1144.58310
2016-11-06,1144.60960
2016-11-07,1144.82190
2016-11-08,1145.03420
2016-11-09,1145.22770
2016-11-10,1145.46500
2016-11-11,1145.65490
2016-11-12,1145.84470
2016-11-13,1146.03460
2016-11-14,1146.22440
2016-11-15,1146.45510
2016-11-16,1146.66670
2016-11-17,1146.84990
2016-11-18,1147.03310
2016-11-19,1147.21630
2016-11-20,1147.39960
2016-11-21,1147.58280
2016-11-22,1147.76600
2016-11-23,1147.95030
2016-11-24,1148.13360
2016-11-25,1148.31790
2016-11-26,1148.50110
2016-11-27,1148.68540
2016-11-28,1148.86870
2016-11-29,1149.05300
2016-11-30,1149.23620
2016-12-01,1149.26120
2016-12-02,1149.44110
2016-12-03,1149.62100
2016-12-04,1149.80100
2016-12-05,1149.98090
2016-12-06,1150.16080
2016-12-07,1150.34070
2016-12-08,1150.52060
2016-12-09,1150.70050
2016-12-10,1150.88150
2016-12-11,1151.06140
2016-12-12,1151.24250
2016-12-13,1151.40100
2016-12-14,1151.58200
2016-12-15,1151.76310
2016-12-16,1151.94480
2016-12-17,1152.12660
2016-12-18,1152.30830
2016-12-19,1152.13650
2016-12-20,1152.32970
2016-12-21,1152.52280
2016-12-22,1152.71600
2016-12-23,1152.91020
2016-12-24,1153.10450
2016-12-25,1153.29870
2016-12-26,1153.49300
2016-12-27,1153.68730
2016-12-28,1153.88150
2016-12-29,1154.13610
2016-12-30,1154.73550
2016-12-31,1154.76270
2017-01-01,1154.78990
2017-01-02,1154.91350
2017-01-03,1155.12660
2017-01-04,1155.31490
2017-01-05,1155.50330
2017-01-06,1155.69170
2017-01-07,1155.88010
2017-01-08,1156.06840
2017-01-09,1156.25680
2017-01-10,1156.37860
2017-01-11,1156.57470
2017-01-12,1156.80100
2017-01-13,1156.98680
2017-01-14,1157.17260
2017-01-15,1157.35840
2017-01-16,1157.54340
2017-01-17,1157.72480
2017-01-18,1157.90990
2017-01-19,1157.93710
2017-01-20,1158.12550
2017-01-21,1158.31380
2017-01-22,1158.50220
2017-01-23,1158.69060
2017-01-24,1158.77630
2017-01-25,1159.18360
2017-01-26,1159.21120
2017-01-27,1159.39370
2017-01-28,1159.57620
2017-01-29,1159.75860
2017-01-30,1159.95070
2017-01-31,1160.10230
2017-02-01,1160.29540
2017-02-02,1160.48860
2017-02-03,1160.69060
2017-02-04,1160.87490
2017-02-05,1161.05920
2017-02-06,1161.23840
2017-02-07,1161.43640
2017-02-08,1161.62690
2017-02-09,1161.82120
2017-02-10,1162.01550
2017-02-11,1162.20860
2017-02-12,1162.40290
2017-02-13,1162.59640
2017-02-14,1162.79100
2017-02-15,1162.98640
2017-02-16,1163.18100
2017-02-17,1163.38740
2017-02-18,1163.57280
2017-02-19,1163.75750
2017-02-20,1163.95180
2017-02-21,1164.14500
2017-02-22,1164.33920
2017-02-23,1164.53240
2017-02-24,1164.72660
2017-02-25,1164.91980
2017-02-26,1165.11410
2017-02-27,1165.30830
2017-02-28,1165.47060
2017-03-01,1165.68760
2017-03-02,1165.54490
2017-03-03,1165.75460
2017-03-04,1165.93270
2017-03-05,1166.11180
2017-03-06,1166.29840
2017-03-07,1166.48570
2017-03-08,1166.78330
2017-03-09,1166.97060
2017-03-10,1167.74060
2017-03-11,1167.76230
2017-03-12,1167.78400
2017-03-13,1167.80570
2017-03-14,1167.98790
2017-03-15,1168.15780
2017-03-16,1168.33960
2017-03-17,1168.92380
2017-03-18,1168.93670
2017-03-19,1168.94960
2017-03-20,1169.12620
2017-03-21,1169.29800
2017-03-22,1169.42380
2017-03-23,1169.64460
2017-03-24,1170.18290
2017-03-25,1170.19570
2017-03-26,1170.20860
2017-03-27,1170.38780
2017-03-28,1170.56700
2017-03-29,1170.77780
2017-03-30,1171.00260
2017-03-31,1171.69020
2017-04-01,1171.69090
2017-04-02,1171.69170
2017-04-03,1171.85580
2017-04-04,1172.01990
2017-04-05,1172.18400
2017-04-06,1172.34810
2017-04-07,1172.51210
2017-04-08,1172.67620
2017-04-09,1172.84140
2017-04-10,1173.00550
2017-04-11,1173.16920
2017-04-12,1173.33330
2017-04-13,1173.89330
2017-04-14,1173.89400
2017-04-15,1173.89480
2017-04-16,1173.89550
2017-04-17,1174.08980
2017-04-18,1174.24470
2017-04-19,1174.46980
2017-04-20,1174.47060
2017-04-21,1174.65340
2017-04-22,1174.83630
2017-04-23,1175.01910
2017-04-24,1175.20200
2017-04-25,1175.38480
2017-04-26,1175.56770
2017-04-27,1175.75060
2017-04-28,1175.93340
2017-04-29,1176.11630
2017-04-30,1176.29910
2017-05-01,1176.48200
2017-05-02,1176.66480
2017-05-03,1176.84770
2017-05-04,1177.03050
2017-05-05,1177.21340
2017-05-06,1177.39620
2017-05-07,1177.57910
2017-05-08,1177.76200
2017-05-09,1177.99820
2017-05-10,1177.99890
2017-05-11,1178.22440
2017-05-12,1178.79840
2017-05-13,1178.79910
2017-05-14,1178.79990
2017-05-15,1178.99450
2017-05-16,1179.18910
2017-05-17,1179.38260
2017-05-18,1179.28510
2017-05-19,1179.48340
2017-05-20,1179.68180
2017-05-21,1179.88010
2017-05-22,1180.09860
2017-05-23,1180.21740
2017-05-24,1180.41690
2017-05-25,1180.61630
2017-05-26,1180.81570
2017-05-27,1181.01510
2017-05-28,1181.21450
2017-05-29,1181.39070
2017-05-30,1181.61740
2017-05-31,1181.81680
2017-06-01,1182.01620
2017-06-02,1182.21560
2017-06-03,1182.41500
2017-06-04,1182.61440
2017-06-05,1182.81380
2017-06-06,1183.01320
2017-06-07,1183.21270
2017-06-08,1183.41210
2017-06-09,1183.61150
2017-06-10,1183.81090
2017-06-11,1184.01030
2017-06-12,1184.20970
2017-06-13,1184.40950
2017-06-14,1184.60930
2017-06-15,1184.78590
2017-06-16,1185.35870
2017-06-17,1185.36240
2017-06-18,1185.36610
2017-06-19,1185.56700
2017-06-20,1185.76780
2017-06-21,1185.96870
2017-06-22,1186.16960
2017-06-23,1186.37050
2017-06-24,1186.57140
2017-06-25,1186.77230
2017-06-26,1186.97310
2017-06-27,1187.17400
2017-06-28,1187.37490
2017-06-29,1187.59050
2017-06-30,1187.78920
2017-07-01,1187.98790
2017-07-02,1188.18650
2017-07-03,1188.38410
2017-07-04,1188.52980
2017-07-05,1188.73440
2017-07-06,1188.93890
2017-07-07,1189.14350
2017-07-08,1189.34810
2017-07-09,1189.55260
2017-07-10,1189.75750
2017-07-11,1189.96280
2017-07-12,1190.16810
2017-07-13,1190.15710
2017-07-14,1190.35500
2017-07-15,1190.55300
2017-07-16,1190.75090
2017-07-17,1190.96430
2017-07-18,1191.08280
2017-07-19,1191.31900
2017-07-20,1191.51800
2017-07-21,1191.71710
2017-07-22,1191.91610
2017-07-23,1192.11520
2017-07-24,1192.31420
2017-07-25,1192.50880
2017-07-26,1192.70790
2017-07-27,1192.90290
2017-07-28,1193.49520
2017-07-29,1193.49710
2017-07-30,1193.49890
2017-07-31,1193.69900
2017-08-01,1193.89920
2017-08-02,1194.09930
2017-08-03,1194.10300
2017-08-04,1194.29730
2017-08-05,1194.49150
2017-08-06,1194.68580
2017-08-07,1194.88010
2017-08-08,1195.07430
2017-08-09,1195.26860
2017-08-10,1195.46280
2017-08-11,1195.65710
2017-08-12,1195.85140
2017-08-13,1196.04560
2017-08-14,1196.38820
2017-08-15,1196.39180
2017-08-16,1196.76560
2017-08-17,1196.76930
2017-08-18,1196.96470
2017-08-19,1197.16000
2017-08-20,1197.35540
2017-08-21,1197.54600
2017-08-22,1197.74140
2017-08-23,1197.93450
2017-08-24,1198.12990
2017-08-25,1198.32520
2017-08-26,1198.52060
2017-08-27,1198.71600
2017-08-28,1198.91130
2017-08-29,1199.10670
2017-08-30,1199.30210
2017-08-31,1199.50520
2017-09-01,1199.69940
2017-09-02,1199.89370
2017-09-03,1200.08790
2017-09-04,1200.31420
2017-09-05,1200.50480
2017-09-06,1200.69570
2017-09-07,1200.89740
2017-09-08,1201.44150
2017-09-09,1201.44520
2017-09-10,1201.44890
2017-09-11,1201.63980
2017-09-12,1201.82380
2017-09-13,1202.01840
2017-09-14,1202.20820
2017-09-15,1202.40400
2017-09-16,1202.59970
2017-09-17,1202.79430
2017-09-18,1202.74540
2017-09-19,1202.92090
2017-09-20,1203.10820
2017-09-21,1203.30460
2017-09-22,1203.50110
2017-09-23,1203.69760
2017-09-24,1203.89400
2017-09-25,1204.09050
2017-09-26,1204.29470
2017-09-27,1204.47130
2017-09-28,1204.68730
2017-09-29,1204.88370
2017-09-30,1205.08020
2017-10-01,1205.27670
2017-10-02,1205.47310
2017-10-03,1205.66960
2017-10-04,1205.86610
2017-10-05,1206.06250
2017-10-06,1206.65190
2017-10-07,1206.65640
2017-10-08,1206.66080
2017-10-09,1206.83740
2017-10-10,1207.03860
2017-10-11,1207.24320
2017-10-12,1207.47090
2017-10-13,1208.04780
2017-10-14,1208.05220
2017-10-15,1208.05670
2017-10-16,1208.24720
2017-10-17,1208.39040
2017-10-18,1209.35950
2017-10-19,1209.36390
2017-10-20,1209.36830
2017-10-21,1209.37270
2017-10-22,1209.37710
2017-10-23,1209.57030
2017-10-24,1209.76340
2017-10-25,1209.95510
2017-10-26,1209.96140
2017-10-27,1210.15640
2017-10-28,1210.35140
2017-10-29,1210.54640
2017-10-30,1210.74250
2017-10-31,1210.93750
2017-11-01,1211.13430
2017-11-02,1211.32930
2017-11-03,1211.52540
2017-11-04,1211.72040
2017-11-05,1211.91650
2017-11-06,1212.11150
2017-11-07,1212.30760
2017-11-08,1212.54640
2017-11-09,1212.74030
2017-11-10,1212.93410
2017-11-11,1213.12800
2017-11-12,1213.32190
2017-11-13,1213.51580
2017-11-14,1213.70970
2017-11-15,1213.90360
2017-11-16,1214.09750
2017-11-17,1214.61180
2017-11-18,1214.61740
2017-11-19,1214.62290
2017-11-20,1214.81940
2017-11-21,1215.01580
2017-11-22,1215.21230
2017-11-23,1215.40880
2017-11-24,1215.60520
2017-11-25,1215.80280
2017-11-26,1215.99930
2017-11-27,1216.19680
2017-11-28,1216.39330
2017-11-29,1216.59090
2017-11-30,1216.78730
2017-12-01,1216.98490
2017-12-02,1217.18140
2017-12-03,1217.37900
2017-12-04,1217.57540
2017-12-05,1217.77300
2017-12-06,1217.96950
2017-12-07,1217.97680
2017-12-08,1218.17730
2017-12-09,1218.37790
2017-12-10,1218.57840
2017-12-11,1218.77850
2017-12-12,1218.97870
2017-12-13,1219.17950
2017-12-14,1219.38040
2017-12-15,1219.58130
2017-12-16,1219.78220
2017-12-17,1219.98310
2017-12-18,1220.18400
2017-12-19,1220.38480
2017-12-20,1220.32600
2017-12-21,1220.74500
2017-12-22,1220.94590
2017-12-23,1221.14680
2017-12-24,1221.34770
2017-12-25,1221.54860
2017-12-26,1221.74870
2017-12-27,1221.95000
2017-12-28,1222.08310
2017-12-29,1222.65420
2017-12-30,1222.66040
2017-12-31,1222.66670
2018-01-01,1222.87010
2018-01-02,1223.07360
2018-01-03,1223.27700
2018-01-04,1223.56360
2018-01-05,1223.76420
2018-01-06,1223.96470
2018-01-07,1224.16520
2018-01-08,1224.36570
2018-01-09,1224.61740
2018-01-10,1224.78770
2018-01-11,1224.98490
2018-01-12,1225.18320
2018-01-13,1225.38040
2018-01-14,1225.57870
2018-01-15,1225.77590
2018-01-16,1225.97420
2018-01-17,1226.17140
2018-01-18,1226.36980
2018-01-19,1226.56700
2018-01-20,1226.76530
2018-01-21,1226.96250
2018-01-22,1227.16080
2018-01-23,1227.35210
2018-01-24,1227.53460
2018-01-25,1227.73580
2018-01-26,1227.93710
2018-01-27,1228.13830
2018-01-28,1228.33960
2018-01-29,1228.54080
2018-01-30,1228.74580
2018-01-31,1228.94960
2018-02-01,1228.95920
2018-02-02,1229.15710
2018-02-03,1229.35500
2018-02-04,1229.55300
2018-02-05,1229.75090
2018-02-06,1229.94890
2018-02-07,1230.14680
2018-02-08,1230.34580
2018-02-09,1230.54380
2018-02-10,1230.74280
2018-02-11,1230.94080
2018-02-12,1231.14090
2018-02-13,1231.34000
2018-02-14,1231.54010
2018-02-15,1231.73990
2018-02-16,1231.93970
2018-02-17,1232.13830
2018-02-18,1232.33810
2018-02-19,1232.53680
2018-02-20,1232.73660
2018-02-21,1232.93520
2018-02-22,1233.13500
2018-02-23,1233.33370
2018-02-24,1233.53350
2018-02-25,1233.73220
2018-02-26,1233.90770
2018-02-27,1234.10850
2018-02-28,1234.30940
2018-03-01,1234.51030
2018-03-02,1234.71120
2018-03-03,1234.91210
2018-03-04,1235.11410
2018-03-05,1235.31490
2018-03-06,1235.54270
2018-03-07,1235.74250
2018-03-08,1235.94220
2018-03-09,1236.14200
2018-03-10,1236.34180
2018-03-11,1236.54160
2018-03-12,1236.74140
2018-03-13,1236.94110
2018-03-14,1237.14090
2018-03-15,1237.34070
2018-03-16,1237.54050
2018-03-17,1237.74030
2018-03-18,1237.94000
2018-03-19,1238.13980
2018-03-20,1238.33960
2018-03-21,1238.53940
2018-03-22,1238.51910
2018-03-23,1239.06480
2018-03-24,1239.07140
2018-03-25,1239.07800
2018-03-26,1239.30390
2018-03-27,1239.53940
2018-03-28,1240.63800
2018-03-29,1240.64460
2018-03-30,1240.65120
2018-03-31,1240.65780
2018-04-01,1240.66450
2018-04-02,1240.67110
2018-04-03,1240.87270
2018-04-04,1241.07430
2018-04-05,1241.35650
2018-04-06,1241.92570
2018-04-07,1241.93120
2018-04-08,1241.93670
2018-04-09,1242.13020
2018-04-10,1242.34920
2018-04-11,1242.54010
2018-04-12,1242.73110
2018-04-13,1242.92200
2018-04-14,1243.11300
2018-04-15,1243.30390
2018-04-16,1243.49370
2018-04-17,1243.68470
2018-04-18,1243.87450
2018-04-19,1243.87450
2018-04-20,1243.87970
2018-04-21,1243.88480
2018-04-22,1243.89000
2018-04-23,1244.06180
2018-04-24,1244.25640
2018-04-25,1244.45510
2018-04-26,1244.46030
2018-04-27,1244.45110
2018-04-28,1244.46500
2018-04-29,1244.47900
2018-04-30,1244.49300
2018-05-01,1244.50700
2018-05-02,1244.67220
2018-05-03,1244.83740
2018-05-04,1245.02100
2018-05-05,1245.20460
2018-05-06,1245.38820
2018-05-07,1245.58310
2018-05-08,1245.78220
2018-05-09,1245.98120
2018-05-10,1246.11810
2018-05-11,1246.31970
2018-05-12,1246.52130
2018-05-13,1246.72300
2018-05-14,1246.95510
2018-05-15,1247.15490
2018-05-16,1247.35470
2018-05-17,1247.53460
2018-05-18,1247.76380
2018-05-19,1247.94850
2018-05-20,1248.13320
2018-05-21,1248.33370
2018-05-22,1248.53380
2018-05-23,1248.73400
2018-05-24,1248.94150
2018-05-25,1249.14130
2018-05-26,1249.34110
2018-05-27,1249.54080
2018-05-28,1249.74060
2018-05-29,1249.94040
2018-05-30,1250.13760
2018-05-31,1250.14610
2018-06-01,1250.35100
2018-06-02,1250.55590
2018-06-03,1250.76090
2018-06-04,1250.80790
2018-06-05,1250.97790
2018-06-06,1251.19210
2018-06-07,1251.36790
2018-06-08,1251.57730
2018-06-09,1251.78660
2018-06-10,1251.99600
2018-06-11,1252.20490
2018-06-12,1252.41430
2018-06-13,1252.62330
2018-06-14,1252.81790
2018-06-15,1253.02870
2018-06-16,1253.23950
2018-06-17,1253.45000
2018-06-18,1253.66080
2018-06-19,1253.85320
2018-06-20,1254.09930
2018-06-21,1254.31460
2018-06-22,1254.52100
2018-06-23,1254.72740
2018-06-24,1254.93380
2018-06-25,1255.14530
2018-06-26,1255.34990
2018-06-27,1255.56550
2018-06-28,1255.77920
2018-06-29,1256.06030
2018-06-30,1256.23510
2018-07-01,1256.40990
2018-07-02,1256.62880
2018-07-03,1256.84070
2018-07-04,1257.09460
2018-07-05,1257.30460
2018-07-06,1257.51470
2018-07-07,1257.72480
2018-07-08,1257.93490
2018-07-09,1258.14500
2018-07-10,1258.34920
2018-07-11,1258.54010
2018-07-12,1258.72110
2018-07-13,1259.00330
2018-07-14,1259.17810
2018-07-15,1259.35280
2018-07-16,1259.56510
2018-07-17,1259.78880
2018-07-18,1260.00550
2018-07-19,1260.20240
2018-07-20,1260.46950
2018-07-21,1260.64050
2018-07-22,1260.81270
2018-07-23,1261.03500
2018-07-24,1261.25240
2018-07-25,1261.44080
2018-07-26,1261.49780
2018-07-27,1262.09380
2018-07-28,1262.11550
2018-07-29,1262.13720
2018-07-30,1262.37490
2018-07-31,1262.59680
2018-08-01,1262.80320
2018-08-02,1263.01770
2018-08-03,1263.42570
2018-08-04,1263.47460
2018-08-05,1263.52350
2018-08-06,1263.74610
2018-08-07,1264.06730
2018-08-08,1264.28550
2018-08-09,1264.49340
2018-08-10,1265.03350
2018-08-11,1265.03350
2018-08-12,1265.03350
2018-08-13,1265.26230
2018-08-14,1265.48750
2018-08-15,1265.70090
2018-08-16,1266.56330
2018-08-17,1266.56330
2018-08-18,1266.56330
2018-08-19,1266.56330
2018-08-20,1266.78260
2018-08-21,1267.19940
2018-08-22,1267.19940
2018-08-23,1267.41690
2018-08-24,1268.07280
2018-08-25,1268.07280
2018-08-26,1268.07280
2018-08-27,1268.29030
2018-08-28,1268.51620
2018-08-29,1268.74800
2018-08-30,1268.95810
2018-08-31,1269.61850
2018-09-01,1269.61850
2018-09-02,1269.61880
2018-09-03,1269.85760
2018-09-04,1270.07840
2018-09-05,1270.31350
2018-09-06,1270.53050
2018-09-07,1271.15080
2018-09-08,1271.15930
2018-09-09,1271.16780
2018-09-10,1271.38850
2018-09-11,1271.58390
2018-09-12,1272.01840
2018-09-13,1272.02690
2018-09-14,1272.69170
2018-09-16,1272.69170
2018-09-17,1272.91690
2018-09-18,1273.14050
2018-09-20,1273.12360
2018-09-23,1273.79510
2018-09-24,1273.99410
2018-09-25,1274.20050
2018-09-26,1274.46980
2018-09-27,1274.67810
2018-09-28,1275.39770
2018-09-30,1275.39770
2018-10-01,1275.86870
2018-10-02,1275.87710
2018-10-03,1276.10520
2018-10-04,1276.35950
2018-10-05,1276.58720
2018-10-07,1277.04270
2018-10-08,1277.31350
2018-10-09,1277.54930
2018-10-10,1277.77520
2018-10-11,1278.04420
2018-10-14,1278.62100
2018-10-15,1278.82970
2018-10-16,1279.05890
2018-10-18,1279.50770
2018-10-19,1280.15600
2018-10-21,1280.17220
2018-10-22,1280.40250
2018-10-23,1280.62580
2018-10-24,1280.85720
2018-10-25,1280.86830
2018-10-28,1281.53380
2018-10-29,1281.72700
2018-10-30,1281.94890
2018-10-31,1282.50040
2018-11-01,1282.72040
2018-11-02,1282.93490
2018-11-04,1283.36390
2018-11-05,1283.57690
2018-11-08,1284.22040
2018-11-11,1284.86390
2018-11-12,1285.07950
2018-11-13,1285.29510
2018-11-14,1285.50990
2018-11-15,1285.72330
2018-11-16,1286.36170
2018-11-18,1286.36310
2018-11-19,1286.57870
2018-11-20,1286.79430
2018-11-21,1287.00990
2018-11-25,1287.87230
2018-11-26,1288.10150
2018-11-27,1288.27590
2018-11-28,1288.53020
2018-11-29,1288.76310
2018-11-30,1288.97610
2018-12-02,1289.40210
2018-12-03,1289.61040
2018-12-04,1289.83850
2018-12-05,1290.04050
2018-12-06,1290.25350
2018-12-09,1290.89260
2018-12-10,1291.10560
2018-12-11,1291.31380
2018-12-12,1291.53090
2018-12-13,1291.74650
2018-12-14,1291.74250
2018-12-16,1291.72700
2018-12-17,1291.94410
2018-12-18,1292.16110
2018-12-19,1292.37820
2018-12-20,1292.57140
2018-12-21,1293.23250
2018-12-23,1293.21710
2018-12-24,1293.65750
2018-12-25,1293.64970
2018-12-26,1293.86790
2018-12-27,1294.08610
2018-12-28,1294.63580
2018-12-30,1294.61370
2018-12-31,1294.83770
2019-01-01,1295.31240
2019-01-02,1295.52830
2019-01-03,1295.74430
2019-01-04,1295.96760
2019-01-06,1296.38930
2019-01-07,1296.68400
2019-01-08,1296.89740
2019-01-09,1297.11040
2019-01-10,1297.30790
2019-01-11,1297.94670
2019-01-13,1297.93410
2019-01-14,1298.14860
2019-01-15,1298.39960
2019-01-16,1298.61300
2019-01-17,1298.82630
2019-01-18,1299.04930
2019-01-20,1299.46580
2019-01-21,1299.67920
2019-01-22,1299.83110
2019-01-23,1300.04820
2019-01-24,1300.29030
2019-01-25,1300.99890
2019-01-27,1300.97680
2019-01-28,1301.18800
2019-01-29,1301.39920
2019-01-30,1301.61040
2019-01-31,1301.82160
2019-02-01,1302.44300
2019-02-03,1302.43120
2019-02-04,1302.65670
2019-02-05,1302.86720
2019-02-06,1303.08430
2019-02-07,1303.30100
2019-02-08,1303.25240
2019-02-10,1303.24030
2019-02-11,1303.39590
2019-02-12,1303.63060
2019-02-13,1303.86420
2019-02-14,1304.09490
2019-02-15,1304.73250
2019-02-17,1304.72000
2019-02-18,1305.14420
2019-02-19,1305.13800
2019-02-20,1305.36390
2019-02-21,1305.50920
2019-02-22,1306.12550
2019-02-24,1306.11300
2019-02-25,1306.36640
2019-02-26,1306.55850
2019-02-27,1306.75530
2019-02-28,1306.97760
2019-03-01,1307.85720
2019-03-04,1307.83850
2019-03-05,1308.08200
2019-03-06,1308.28770
2019-03-07,1308.47830
2019-03-08,1309.13100
2019-03-10,1309.11850
2019-03-11,1309.32780
2019-03-12,1309.54600
2019-03-13,1309.76310
2019-03-14,1309.95770
2019-03-15,1310.17110
2019-03-17,1310.59900
2019-03-18,1310.60040
2019-03-19,1310.74360
2019-03-20,1311.10150
2019-03-21,1311.10300
2019-03-22,1311.26200
2019-03-24,1311.57980
2019-03-25,1311.73880
2019-03-26,1311.89770
2019-03-27,1312.09200
2019-03-28,1312.27190
2019-03-29,1312.47650
2019-03-31,1312.88670
2019-04-01,1313.09120
2019-04-02,1313.30020
2019-04-03,1313.60300
2019-04-04,1313.81270
2019-04-05,1314.07360
2019-04-07,1314.39220
2019-04-08,1314.61550
2019-04-09,1314.82230
2019-04-10,1315.02910
2019-04-11,1315.23580
2019-04-12,1315.68180
2019-04-14,1315.76270
2019-04-15,1315.98160
2019-04-16,1316.19060
2019-04-17,1316.39960
2019-04-18,1316.60850
2019-04-19,1316.81750
2019-04-21,1317.23550
2019-04-22,1317.44440
2019-04-23,1317.64720
2019-04-24,1317.85610
2019-04-25,1318.07210
2019-04-26,1318.28110
2019-04-29,1318.90800
2019-04-30,1319.13470
2019-05-01,1319.32520
2019-05-02,1319.53380
2019-05-03,1319.74470
2019-05-05,1320.16630
2019-05-06,1320.37820
2019-05-07,1320.58900
2019-05-08,1320.80130
2019-05-09,1321.01210
2019-05-10,1321.22410
2019-05-12,1321.64680
2019-05-13,1321.85760
2019-05-14,1322.07140
2019-05-15,1322.28180
2019-05-16,1322.28260
2019-05-17,1322.88850
2019-05-19,1322.90320
2019-05-20,1323.09310
2019-05-21,1323.30610
2019-05-22,1323.50440
2019-05-23,1323.70820
2019-05-24,1324.31570
2019-05-25,1324.31820
2019-05-26,1324.32080
2019-05-27,1324.53020
2019-05-28,1324.71890
2019-05-29,1324.92570
2019-05-30,1325.19280
2019-05-31,1325.72810
2019-06-02,1325.77010
2019-06-03,1326.01770
2019-06-04,1326.24430
2019-06-05,1326.42720
2019-06-06,1326.62770
2019-06-07,1327.20490
2019-06-09,1327.24470
2019-06-10,1327.43890
2019-06-11,1327.64460
2019-06-12,1327.83810
2019-06-13,1327.86830
2019-06-14,1328.06250
2019-06-16,1328.45110
2019-06-17,1328.63210
2019-06-18,1328.80910
2019-06-19,1328.97500
2019-06-20,1329.23950
2019-06-21,1329.82120
2019-06-22,1329.82300
2019-06-23,1329.82490
2019-06-24,1330.00810
2019-06-25,1330.20350
2019-06-26,1330.39880
2019-06-27,1330.56250
2019-06-28,1331.14090
2019-06-30,1331.17400
2019-07-01,1331.35690
2019-07-02,1331.52430
2019-07-03,1331.75240
2019-07-04,1331.94590
2019-07-05,1332.50180
2019-07-07,1332.53570
2019-07-08,1332.72000
2019-07-09,1332.91170
2019-07-10,1333.10960
2019-07-11,1333.12580
2019-07-12,1333.31380
2019-07-14,1333.68980
2019-07-15,1333.87790
2019-07-16,1334.06590
2019-07-17,1334.25390
2019-07-18,1334.44190
2019-07-19,1335.06620
2019-07-21,1335.06550
2019-07-22,1335.24060
2019-07-23,1335.41570
2019-07-24,1335.59090
2019-07-25,1335.76600
2019-07-26,1335.94110
2019-07-27,1336.11630
2019-07-28,1336.29140
2019-07-29,1336.58170
2019-07-30,1336.75640
2019-07-31,1336.48010
2019-08-01,1337.04080
2019-08-02,1337.22080
2019-08-04,1337.58060
2019-08-05,1337.76050
2019-08-06,1337.94040
2019-08-07,1338.12030
2019-08-08,1338.30020
2019-08-09,1338.48010
2019-08-10,1338.65890
2019-08-12,1339.01770
2019-08-13,1339.19760
2019-08-14,1339.31490
2019-08-15,1339.30390
2019-08-16,1339.89260
2019-08-17,1339.88150
2019-08-18,1339.87050
2019-08-19,1340.11040
2019-08-20,1340.28370
2019-08-21,1340.47500
2019-08-22,1340.60080
2019-08-23,1341.20350
2019-08-24,1341.19240
2019-08-25,1341.18140
2019-08-26,1341.31750
2019-08-27,1341.49600
2019-08-28,1341.67440
2019-08-29,1341.85280
2019-08-30,1342.64160
2019-09-02,1342.60850
2019-09-03,1342.71740
2019-09-04,1342.92970
2019-09-05,1343.11440
2019-09-06,1343.29140
2019-09-08,1343.64530
2019-09-09,1343.82120
2019-09-10,1343.99820
2019-09-11,1344.16370
2019-09-12,1344.34220
2019-09-13,1344.52060
2019-09-14,1344.69900
2019-09-15,1344.87750
2019-09-16,1344.86640
2019-09-17,1345.03270
2019-09-18,1345.19900
2019-09-19,1345.36530
2019-09-20,1345.53160
2019-09-22,1345.86420
2019-09-23,1346.03050
2019-09-24,1346.19680
2019-09-25,1346.25530
2019-09-26,1346.43230
2019-09-27,1346.61070
2019-09-29,1346.96620
2019-09-30,1347.15230
2019-10-01,1347.63580
2019-10-02,1347.62470
2019-10-03,1347.80430
2019-10-04,1348.40180
2019-10-06,1348.37970
2019-10-07,1348.55630
2019-10-08,1348.73180
2019-10-09,1348.90840
2019-10-10,1349.07170
2019-10-11,1349.64900
2019-10-13,1349.62690
2019-10-14,1349.79840
2019-10-15,1349.97240
2019-10-16,1350.13980
2019-10-17,1350.11180
2019-10-18,1350.26380
2019-10-21,1350.71960
2019-10-22,1350.87160
2019-10-23,1351.02350
2019-10-24,1351.17550
2019-10-25,1351.32740
2019-10-28,1351.78110
2019-10-29,1351.95470
2019-10-30,1352.08650
2019-10-31,1352.23730
2019-11-01,1352.38820
2019-11-03,1352.68980
2019-11-04,1352.82970
2019-11-05,1352.98270
2019-11-06,1353.13210
2019-11-07,1353.28290
2019-11-08,1353.43670
2019-11-10,1353.74430
2019-11-11,1354.06550
2019-11-12,1354.05450
2019-11-13,1354.20710
2019-11-14,1354.19610
2019-11-15,1354.36280
2019-11-17,1354.69610
2019-11-18,1354.84330
2019-11-19,1355.00990
2019-11-20,1355.21450
2019-11-21,1355.38010
2019-11-22,1355.54560
2019-11-24,1355.87670
2019-11-25,1356.04230
2019-11-26,1356.20790
2019-11-27,1356.37340
2019-11-28,1356.53900
2019-11-29,1356.70460
2019-12-01,1357.03570
2019-12-02,1357.20240
2019-12-03,1357.36790
2019-12-04,1357.55960
2019-12-05,1357.71080
2019-12-06,1357.87490
2019-12-08,1358.20310
2019-12-09,1358.36720
2019-12-10,1358.53270
2019-12-11,1358.69680
2019-12-12,1358.68580
2019-12-13,1359.17950
2019-12-15,1359.19870
2019-12-16,1359.12360
2019-12-17,1359.29870
2019-12-18,1359.46580
2019-12-19,1359.69650
2019-12-20,1360.09530
2019-12-22,1360.11590
2019-12-23,1360.28290
2019-12-24,1360.71520
2019-12-25,1360.72550
2019-12-26,1360.85800
2019-12-27,1361.01910
2019-12-28,1361.18030
2019-12-29,1361.34140
2019-12-30,1361.52910
2019-12-31,1361.64750
2020-01-01,1361.93560
2020-01-02,1362.22260
2020-01-03,1362.58900
2020-01-05,1362.60230
2020-01-06,1362.75900
2020-01-07,1362.91570
2020-01-08,1363.00660
2020-01-09,1363.19790
2020-01-10,1363.60340
2020-01-11,1363.61000
2020-01-12,1363.61660
2020-01-13,1363.70160
2020-01-14,1363.82230
2020-01-15,1364.05590
2020-01-16,1364.20460
2020-01-17,1364.69790
2020-01-19,1364.70970
2020-01-20,1364.87200
2020-01-21,1365.03900
2020-01-22,1365.20350
2020-01-23,1365.33630
2020-01-24,1365.79510
2020-01-25,1365.78040
2020-01-26,1365.76560
2020-01-27,1365.92570
2020-01-28,1366.07690
2020-01-29,1366.23330
2020-01-30,1366.23440
2020-01-31,1366.38700
2020-02-02,1366.69240
2020-02-03,1366.76450
2020-02-04,1366.92090
2020-02-05,1367.07730
2020-02-06,1367.23360
2020-02-07,1367.39000
2020-02-09,1367.70130
2020-02-10,1367.85760
2020-02-11,1368.01250
2020-02-12,1368.16890
2020-02-13,1368.38120
2020-02-14,1368.87930
2020-02-16,1368.84990
2020-02-17,1369.00260
2020-02-18,1369.15930
2020-02-19,1369.31600
2020-02-20,1369.47280
2020-02-23,1369.94150
2020-02-24,1370.07540
2020-02-25,1370.23330
2020-02-26,1370.39220
2020-02-27,1370.53640
2020-02-28,1370.69680
2020-03-01,1371.01880
2020-03-02,1371.18180
2020-03-03,1371.34220
2020-03-04,1371.50110
2020-03-05,1371.45580
2020-03-06,1371.94700
2020-03-08,1371.91760
2020-03-09,1372.24940
2020-03-10,1372.23470
2020-03-11,1372.39510
2020-03-12,1372.55920
2020-03-13,1372.83850
2020-03-15,1373.04490
2020-03-16,1373.20680
2020-03-17,1373.19210
2020-03-18,1373.17730
2020-03-19,1373.16260
2020-03-20,1373.14790
2020-03-22,1373.11850
2020-03-23,1373.10380
2020-03-24,1373.08900
2020-03-25,1373.07430
2020-03-26,1373.05960
2020-03-27,1373.04490
