Date,NAV
2006-04-01,1024.09910
2006-04-02,1024.26690
2006-04-03,1024.50500
2006-04-04,1024.71640
2006-04-05,1024.90660
2006-04-06,1025.06750
2006-04-07,1024.15390
2006-04-08,1024.31760
2006-04-09,1024.48140
2006-04-10,1024.66940
2006-04-11,1024.82690
2006-04-12,1024.98610
2006-04-13,1024.19640
2006-04-14,1024.35500
2006-04-15,1024.51380
2006-04-16,1024.67270
2006-04-17,1024.83110
2006-04-18,1025.00530
2006-04-19,1025.18330
2006-04-20,1024.40770
2006-04-21,1024.58770
2006-04-22,1024.75230
2006-04-23,1024.91680
2006-04-24,1025.09650
2006-04-25,1025.26320
2006-04-26,1025.43020
2006-04-27,1024.44300
2006-04-28,1024.61740
2006-04-29,1024.78600
2006-04-30,1024.95470
2006-05-01,1025.12330
2006-05-02,1025.29260
2006-05-03,1025.47460
2006-05-04,1024.44580
2006-05-05,1024.61340
2006-05-06,1024.78100
2006-05-07,1024.94860
2006-05-08,1025.10750
2006-05-09,1025.26790
2006-05-10,1025.42660
2006-05-11,1024.46170
2006-05-12,1024.61880
2006-05-13,1024.77600
2006-05-14,1024.93330
2006-05-15,1025.09210
2006-05-16,1025.25110
2006-05-17,1025.41010
2006-05-18,1024.46730
2006-05-19,1024.62600
2006-05-20,1024.78480
2006-05-21,1024.94360
2006-05-22,1025.10400
2006-05-23,1025.26320
2006-05-24,1025.42250
2006-05-25,1024.33770
2006-05-26,1024.49480
2006-05-27,1024.65180
2006-05-28,1024.80870
2006-05-29,1024.96680
2006-05-30,1025.12470
2006-05-31,1025.28230
2006-06-01,1024.35170
2006-06-02,1024.51150
2006-06-03,1024.67150
2006-06-04,1024.83150
2006-06-05,1024.96400
2006-06-06,1025.09950
2006-06-07,1025.25730
2006-06-08,1024.35260
2006-06-09,1024.49820
2006-06-10,1024.65920
2006-06-11,1024.82020
2006-06-12,1024.98050
2006-06-13,1025.14120
2006-06-14,1025.30210
2006-06-15,1024.36420
2006-06-16,1024.52560
2006-06-17,1024.68700
2006-06-18,1024.84840
2006-06-19,1025.00960
2006-06-20,1025.17220
2006-06-21,1025.33340
2006-06-22,1024.37220
2006-06-23,1024.51050
2006-06-24,1024.67170
2006-06-25,1024.83300
2006-06-26,1024.99360
2006-06-27,1025.15560
2006-06-28,1025.31600
2006-06-29,1024.38240
2006-06-30,1024.54660
2006-07-01,1024.71080
2006-07-02,1024.87510
2006-07-03,1025.03940
2006-07-04,1025.20370
2006-07-05,1025.36800
2006-07-06,1024.39350
2006-07-07,1024.55590
2006-07-08,1024.71830
2006-07-09,1024.88080
2006-07-10,1025.04330
2006-07-11,1025.20570
2006-07-12,1025.36850
2006-07-13,1024.40530
2006-07-14,1024.56730
2006-07-15,1024.72940
2006-07-16,1024.89140
2006-07-17,1025.05350
2006-07-18,1025.21520
2006-07-19,1025.37750
2006-07-20,1024.41260
2006-07-21,1024.57440
2006-07-22,1024.73620
2006-07-23,1024.89810
2006-07-24,1025.06010
2006-07-25,1025.22270
2006-07-26,1025.38740
2006-07-27,1024.42470
2006-07-28,1024.58880
2006-07-29,1024.75310
2006-07-30,1024.91740
2006-07-31,1025.08090
2006-08-01,1025.24630
2006-08-02,1025.41180
2006-08-03,1024.43700
2006-08-04,1024.60160
2006-08-05,1024.76620
2006-08-06,1024.93080
2006-08-07,1025.09580
2006-08-08,1025.26040
2006-08-09,1025.42540
2006-08-10,1024.44700
2006-08-11,1024.61060
2006-08-12,1024.77410
2006-08-13,1024.93760
2006-08-14,1025.10080
2006-08-15,1025.26430
2006-08-16,1025.42800
2006-08-17,1024.45320
2006-08-18,1024.61750
2006-08-19,1024.78180
2006-08-20,1024.94530
2006-08-21,1025.11090
2006-08-22,1025.27680
2006-08-23,1025.44250
2006-08-24,1024.45960
2006-08-25,1024.62460
2006-08-26,1024.78960
2006-08-27,1024.95460
2006-08-28,1025.12020
2006-08-29,1025.28890
2006-08-30,1025.45800
2006-08-31,1024.46590
2006-09-01,1024.63710
2006-09-02,1024.80820
2006-09-03,1024.97950
2006-09-04,1025.15080
2006-09-05,1025.32220
2006-09-06,1025.49440
2006-09-07,1024.47120
2006-09-08,1024.64400
2006-09-09,1024.81700
2006-09-10,1024.98990
2006-09-11,1025.16300
2006-09-12,1025.33690
2006-09-13,1025.51150
2006-09-14,1024.47710
2006-09-15,1024.65290
2006-09-16,1024.82890
2006-09-17,1025.00490
2006-09-18,1025.18330
2006-09-19,1025.36080
2006-09-20,1025.54330
2006-09-21,1024.48030
2006-09-22,1024.66440
2006-09-23,1024.84720
2006-09-24,1025.03010
2006-09-25,1025.21410
2006-09-26,1025.39970
2006-09-27,1025.58620
2006-09-28,1024.49070
2006-09-29,1024.68320
2006-09-30,1024.87570
2006-10-01,1025.06810
2006-10-02,1025.26060
2006-10-03,1025.44780
2006-10-04,1025.63620
2006-10-05,1024.49720
2006-10-06,1024.68630
2006-10-07,1024.87540
2006-10-08,1025.06460
2006-10-09,1025.25390
2006-10-10,1025.44280
2006-10-11,1025.63230
2006-10-12,1024.50310
2006-10-13,1024.69250
2006-10-14,1024.88190
2006-10-15,1025.07130
2006-10-16,1025.25960
2006-10-17,1025.45180
2006-10-18,1025.63720
2006-10-19,1024.50540
2006-10-20,1024.70050
2006-10-21,1024.89380
2006-10-22,1025.08710
2006-10-23,1025.28760
2006-10-24,1025.48860
2006-10-25,1025.68960
2006-10-26,1024.51290
2006-10-27,1024.71100
2006-10-28,1024.90870
2006-10-29,1025.10640
2006-10-30,1025.30720
2006-10-31,1025.51480
2006-11-01,1025.72240
2006-11-02,1024.54530
2006-11-03,1024.75240
2006-11-04,1024.95970
2006-11-05,1025.16700
2006-11-06,1025.36530
2006-11-07,1025.56440
2006-11-08,1025.76230
2006-11-09,1024.56100
2006-11-10,1024.75900
2006-11-11,1024.95690
2006-11-12,1025.15520
2006-11-13,1025.35330
2006-11-14,1025.55700
2006-11-15,1025.76120
2006-11-16,1024.56920
2006-11-17,1024.77400
2006-11-18,1024.97840
2006-11-19,1025.18300
2006-11-20,1025.38900
2006-11-21,1025.59250
2006-11-22,1025.79370
2006-11-23,1024.57870
2006-11-24,1024.77690
2006-11-25,1024.97540
2006-11-26,1025.17390
2006-11-27,1025.36750
2006-11-28,1025.56130
2006-11-29,1025.75430
2006-11-30,1024.58720
2006-12-01,1024.78410
2006-12-02,1024.98110
2006-12-03,1025.17820
2006-12-04,1025.37510
2006-12-05,1025.57200
2006-12-06,1025.76980
2006-12-07,1024.59460
2006-12-08,1024.79240
2006-12-09,1024.99050
2006-12-10,1025.18850
2006-12-11,1025.38340
2006-12-12,1025.58720
2006-12-13,1025.79380
2006-12-14,1024.59910
2006-12-15,1024.80580
2006-12-16,1025.01970
2006-12-17,1025.23350
2006-12-18,1025.44340
2006-12-19,1025.65030
2006-12-20,1025.86230
2006-12-21,1024.59750
2006-12-22,1024.81190
2006-12-23,1025.03080
2006-12-24,1025.24970
2006-12-25,1025.46850
2006-12-26,1025.69200
2006-12-27,1025.92220
2006-12-28,1020.22680
2006-12-29,1020.45540
2006-12-30,1020.68210
2006-12-31,1020.90870
2007-01-01,1021.13540
2007-01-02,1021.35760
2007-01-03,1021.57270
2007-01-04,1024.61160
2007-01-05,1024.82810
2007-01-06,1025.04080
2007-01-07,1025.25380
2007-01-08,1025.47070
2007-01-09,1025.68770
2007-01-10,1025.90470
2007-01-11,1024.61800
2007-01-12,1024.83290
2007-01-15,1025.48200
2007-01-16,1025.69640
2007-01-17,1025.91080
2007-01-18,1024.62180
2007-01-19,1024.83830
2007-01-20,1025.05220
2007-01-21,1025.26870
2007-01-22,1025.48520
2007-01-23,1025.69900
2007-01-24,1025.91410
2007-01-25,1024.63250
2007-01-26,1024.84620
2007-01-27,1025.06130
2007-01-28,1025.27640
2007-01-29,1025.48830
2007-01-30,1025.70130
2007-01-31,1025.91490
2007-02-01,1026.12850
2007-02-02,1024.66660
2007-02-03,1024.88320
2007-02-04,1025.09920
2007-02-05,1025.31490
2007-02-06,1025.52390
2007-02-07,1025.73500
2007-02-08,1024.70820
2007-02-09,1024.91300
2007-02-10,1025.10970
2007-02-11,1025.30640
2007-02-12,1025.50940
2007-02-13,1025.71270
2007-02-14,1025.92050
2007-02-15,1024.71040
2007-02-16,1024.92920
2007-02-17,1025.14750
2007-02-18,1025.36580
2007-02-19,1025.58610
2007-02-20,1025.80950
2007-02-21,1026.03210
2007-02-22,1024.71710
2007-02-23,1024.92470
2007-02-24,1025.13140
2007-02-25,1025.33820
2007-02-26,1025.54580
2007-02-27,1025.75190
2007-02-28,1025.96150
2007-03-01,1024.72310
2007-03-02,1024.93700
2007-03-03,1025.15150
2007-03-04,1025.36600
2007-03-05,1025.57330
2007-03-06,1025.78180
2007-03-07,1025.99240
2007-03-08,1024.72900
2007-03-09,1024.94700
2007-03-10,1025.16450
2007-03-11,1025.38210
2007-03-12,1025.59950
2007-03-13,1025.81650
2007-03-14,1026.03320
2007-03-15,1024.73570
2007-03-16,1024.97850
2007-03-17,1025.22630
2007-03-18,1025.47400
2007-03-19,1025.72180
2007-03-20,1025.99120
2007-03-21,1026.32860
2007-03-22,1024.74140
2007-03-23,1024.98210
2007-03-24,1025.23380
2007-03-25,1025.48660
2007-03-26,1025.73800
2007-03-27,1025.99000
2007-03-28,1026.25290
2007-03-29,1024.74740
2007-03-30,1025.08220
2007-03-31,1025.41670
2007-04-01,1025.75140
2007-04-02,1026.08630
2007-04-03,1026.33500
2007-04-04,1026.57180
2007-04-05,1024.75320
2007-04-06,1024.98390
2007-04-07,1025.21350
2007-04-08,1025.44310
2007-04-09,1025.67060
2007-04-10,1025.89600
2007-04-11,1026.11710
2007-04-12,1024.75340
2007-04-13,1024.97860
2007-04-14,1025.20280
2007-04-15,1025.42710
2007-04-16,1025.65470
2007-04-17,1025.91110
2007-04-18,1026.15050
2007-04-19,1024.75920
2007-04-20,1024.99630
2007-04-21,1025.23500
2007-04-22,1025.47370
2007-04-23,1025.71110
2007-04-24,1025.94810
2007-04-25,1026.17930
2007-04-26,1024.76510
2007-04-27,1025.02410
2007-04-28,1025.27010
2007-04-29,1025.51620
2007-04-30,1025.75640
2007-05-01,1025.99640
2007-05-02,1026.23640
2007-05-03,1024.79620
2007-05-04,1025.02820
2007-05-05,1025.25870
2007-05-06,1025.48900
2007-05-07,1025.71110
2007-05-08,1025.93490
2007-05-09,1026.15400
2007-05-10,1024.83100
2007-05-11,1025.05070
2007-05-12,1025.27370
2007-05-13,1025.49660
2007-05-14,1025.73030
2007-05-15,1025.96500
2007-05-16,1026.19870
2007-05-17,1024.86800
2007-05-18,1025.10140
2007-05-19,1025.33420
2007-05-20,1025.56700
2007-05-21,1025.79490
2007-05-22,1026.01920
2007-05-23,1026.24270
2007-05-24,1024.87410
2007-05-25,1025.10050
2007-05-26,1025.32830
2007-05-27,1025.55550
2007-05-28,1025.77850
2007-05-29,1025.99500
2007-05-30,1026.21180
2007-05-31,1024.88030
2007-06-01,1025.09470
2007-06-02,1025.30870
2007-06-03,1025.52240
2007-06-04,1025.73610
2007-06-05,1025.94510
2007-06-06,1026.15460
2007-06-07,1024.88630
2007-06-08,1025.09720
2007-06-09,1025.31050
2007-06-10,1025.52390
2007-06-11,1025.73820
2007-06-12,1025.95410
2007-06-13,1026.14550
2007-06-14,1024.89230
2007-06-15,1025.09620
2007-06-16,1025.29960
2007-06-17,1025.50300
2007-06-18,1025.70800
2007-06-19,1025.91290
2007-06-20,1026.11330
2007-06-21,1024.89820
2007-06-22,1025.09840
2007-06-23,1025.30710
2007-06-24,1025.51580
2007-06-25,1025.73040
2007-06-26,1025.94660
2007-06-27,1026.16560
2007-06-28,1024.90610
2007-06-29,1025.13170
2007-06-30,1025.34740
2007-07-01,1025.56310
2007-07-02,1025.77870
2007-07-03,1025.99290
2007-07-04,1026.20170
2007-07-05,1024.91160
2007-07-06,1025.11840
2007-07-07,1025.33220
2007-07-08,1025.54600
2007-07-09,1025.75570
2007-07-10,1025.96180
2007-07-11,1026.16050
2007-07-12,1024.91840
2007-07-13,1025.12170
2007-07-14,1025.31350
2007-07-15,1025.51630
2007-07-16,1025.71890
2007-07-17,1025.92140
2007-07-18,1026.12390
2007-07-19,1024.92380
2007-07-20,1025.12510
2007-07-21,1025.32710
2007-07-22,1025.52910
2007-07-23,1025.73050
2007-07-24,1025.93220
2007-07-25,1026.13370
2007-07-26,1024.92410
2007-07-27,1025.13910
2007-07-28,1025.35450
2007-07-29,1025.56990
2007-07-30,1025.78140
2007-07-31,1025.99750
2007-08-01,1026.21350
2007-08-02,1024.92410
2007-08-03,1025.14020
2007-08-04,1025.35600
2007-08-05,1025.57180
2007-08-06,1025.78820
2007-08-07,1025.99700
2007-08-08,1026.20470
2007-08-09,1024.92410
2007-08-10,1025.13090
2007-08-11,1025.33750
2007-08-12,1025.54420
2007-08-13,1025.75100
2007-08-14,1025.96060
2007-08-15,1026.17040
2007-08-16,1024.92410
2007-08-17,1025.13300
2007-08-18,1025.35160
2007-08-19,1025.57010
2007-08-20,1025.77970
2007-08-21,1025.98620
2007-08-22,1026.19280
2007-08-23,1024.92410
2007-08-24,1025.13290
2007-08-25,1025.33870
2007-08-26,1025.54650
2007-08-27,1025.75360
2007-08-28,1025.95980
2007-08-29,1026.16680
2007-08-30,1024.92640
2007-08-31,1025.13470
2007-09-01,1025.34490
2007-09-02,1025.55510
2007-09-03,1025.76770
2007-09-04,1025.97460
2007-09-05,1026.18120
2007-09-06,1024.92410
2007-09-07,1025.12950
2007-09-08,1025.33650
2007-09-09,1025.54270
2007-09-10,1025.74560
2007-09-11,1025.94730
2007-09-12,1026.14800
2007-09-13,1024.92410
2007-09-14,1025.13720
2007-09-15,1025.34910
2007-09-16,1025.56110
2007-09-17,1025.77290
2007-09-18,1025.98320
2007-09-19,1026.19460
2007-09-20,1024.92410
2007-09-21,1025.14100
2007-09-22,1025.35710
2007-09-23,1025.57330
2007-09-24,1025.78390
2007-09-25,1025.99380
2007-09-26,1026.19680
2007-09-27,1024.92410
2007-09-28,1025.15580
2007-09-29,1025.37870
2007-09-30,1025.60170
2007-10-01,1025.81510
2007-10-02,1026.02880
2007-10-03,1026.24260
2007-10-04,1024.92410
2007-10-05,1025.13550
2007-10-06,1025.34430
2007-10-07,1025.55320
2007-10-08,1025.76480
2007-10-09,1025.97640
2007-10-10,1026.18810
2007-10-11,1024.92410
2007-10-12,1025.14430
2007-10-13,1025.36250
2007-10-14,1025.58080
2007-10-15,1025.79790
2007-10-16,1026.01750
2007-10-17,1026.23530
2007-10-18,1024.92410
2007-10-19,1025.14370
2007-10-20,1025.36020
2007-10-21,1025.57740
2007-10-22,1025.79440
2007-10-23,1026.01170
2007-10-24,1026.22900
2007-10-25,1024.92410
2007-10-26,1025.14290
2007-10-27,1025.36000
2007-10-28,1025.57710
2007-10-29,1025.79360
2007-10-30,1026.01570
2007-10-31,1026.23800
2007-11-01,1024.92410
2007-11-02,1025.14260
2007-11-03,1025.36170
2007-11-04,1025.58080
2007-11-05,1025.80040
2007-11-06,1026.02520
2007-11-07,1026.25020
2007-11-08,1024.92410
2007-11-09,1025.15020
2007-11-10,1025.37270
2007-11-11,1025.59510
2007-11-12,1025.81800
2007-11-13,1026.04340
2007-11-14,1026.26770
2007-11-15,1024.92410
2007-11-16,1025.15290
2007-11-17,1025.37680
2007-11-18,1025.60070
2007-11-19,1025.82430
2007-11-20,1026.05250
2007-11-21,1026.27540
2007-11-22,1024.92410
2007-11-23,1025.13900
2007-11-24,1025.35240
2007-11-25,1025.56580
2007-11-26,1025.78250
2007-11-27,1026.00080
2007-11-28,1026.21870
2007-11-29,1024.92410
2007-11-30,1025.13560
2007-12-01,1025.35300
2007-12-02,1025.57040
2007-12-03,1025.78570
2007-12-04,1026.00610
2007-12-05,1026.22300
2007-12-06,1024.92410
2007-12-07,1025.12980
2007-12-08,1025.34540
2007-12-09,1025.56110
2007-12-10,1025.77730
2007-12-11,1025.99420
2007-12-12,1026.21360
2007-12-13,1024.92410
2007-12-14,1025.14390
2007-12-15,1025.36390
2007-12-16,1025.58400
2007-12-17,1025.80370
2007-12-18,1026.02160
2007-12-19,1026.23930
2007-12-20,1024.92410
2007-12-21,1025.14950
2007-12-22,1025.36830
2007-12-23,1025.58720
2007-12-24,1025.80760
2007-12-25,1026.02810
2007-12-26,1026.25230
2007-12-27,1024.92410
2007-12-28,1025.14570
2007-12-29,1025.36750
2007-12-30,1025.58940
2007-12-31,1025.80870
2008-01-01,1026.02860
2008-01-02,1026.24700
2008-01-03,1024.92410
2008-01-04,1025.14320
2008-01-05,1025.36350
2008-01-06,1025.58380
2008-01-07,1025.79910
2008-01-08,1026.01420
2008-01-09,1026.22930
2008-01-10,1024.92410
2008-01-11,1025.14100
2008-01-12,1025.35600
2008-01-13,1025.57090
2008-01-14,1025.78580
2008-01-15,1026.00060
2008-01-16,1026.21530
2008-01-17,1024.92410
2008-01-18,1025.13930
2008-01-19,1025.35270
2008-01-20,1025.56620
2008-01-21,1025.79260
2008-01-22,1026.01710
2008-01-23,1026.24350
2008-01-24,1024.92410
2008-01-25,1025.14990
2008-01-26,1025.37640
2008-01-27,1025.60290
2008-01-28,1025.82840
2008-01-29,1026.08150
2008-01-30,1026.32600
2008-01-31,1024.92410
2008-02-01,1025.16770
2008-02-02,1025.40170
2008-02-03,1025.63570
2008-02-04,1025.86810
2008-02-05,1026.10580
2008-02-06,1026.34130
2008-02-07,1024.92410
2008-02-08,1025.15090
2008-02-09,1025.36730
2008-02-10,1025.59240
2008-02-11,1025.81660
2008-02-12,1026.04070
2008-02-13,1026.26480
2008-02-14,1026.48270
2008-02-15,1026.70070
2008-02-16,1024.92410
2008-02-17,1025.14270
2008-02-18,1025.36140
2008-02-19,1025.58310
2008-02-20,1025.80430
2008-02-21,1026.02490
2008-02-22,1026.24560
2008-02-23,1024.92410
2008-02-24,1025.14770
2008-02-25,1025.36900
2008-02-26,1025.58880
2008-02-27,1025.80980
2008-02-28,1026.02860
2008-02-29,1026.23850
2008-03-01,1024.92410
2008-03-02,1025.13340
2008-03-03,1025.34650
2008-03-04,1025.56580
2008-03-05,1025.79120
2008-03-06,1026.00680
2008-03-07,1026.22190
2008-03-08,1024.92410
2008-03-09,1025.13990
2008-03-10,1025.35170
2008-03-11,1025.55930
2008-03-12,1025.77080
2008-03-13,1025.99290
2008-03-14,1026.21540
2008-03-15,1024.92410
2008-03-16,1025.14680
2008-03-17,1025.37070
2008-03-18,1025.59260
2008-03-19,1025.82160
2008-03-20,1026.05070
2008-03-21,1026.27970
2008-03-22,1024.92410
2008-03-23,1025.15210
2008-03-24,1025.37840
2008-03-25,1025.61320
2008-03-26,1025.84940
2008-03-27,1026.08610
2008-03-28,1026.32570
2008-03-29,1024.92410
2008-03-30,1025.16920
2008-03-31,1025.41400
2008-04-01,1025.65880
2008-04-02,1025.89860
2008-04-03,1026.13290
2008-04-04,1026.36680
2008-04-05,1024.92410
2008-04-06,1025.15770
2008-04-07,1025.38830
2008-04-08,1025.61790
2008-04-09,1025.84730
2008-04-10,1026.07630
2008-04-11,1026.30660
2008-04-12,1024.92410
2008-04-13,1025.15600
2008-04-14,1025.38800
2008-04-15,1025.61810
2008-04-16,1025.84830
2008-04-17,1026.07900
2008-04-18,1024.92410
2008-04-19,1025.15770
2008-04-20,1025.38930
2008-04-21,1025.62000
2008-04-22,1025.85230
2008-04-23,1026.08550
2008-04-24,1026.31860
2008-04-25,1026.57190
2008-04-26,1024.92410
2008-04-27,1025.17780
2008-04-28,1025.40830
2008-04-29,1025.58450
2008-04-30,1025.76170
2008-05-01,1025.93480
2008-05-02,1026.10500
2008-05-03,1024.92410
2008-05-04,1025.09060
2008-05-05,1025.25920
2008-05-06,1025.42170
2008-05-07,1025.64020
2008-05-08,1025.85870
2008-05-09,1026.07500
2008-05-10,1024.92410
2008-05-11,1025.14590
2008-05-12,1025.36340
2008-05-13,1025.58090
2008-05-14,1025.79860
2008-05-15,1026.01910
2008-05-16,1026.24320
2008-05-17,1024.92410
2008-05-18,1025.14550
2008-05-19,1025.36210
2008-05-20,1025.57640
2008-05-21,1025.79250
2008-05-22,1026.00660
2008-05-23,1026.22020
2008-05-24,1024.92410
2008-05-25,1025.14270
2008-05-26,1025.36120
2008-05-27,1025.57940
2008-05-28,1025.79960
2008-05-29,1026.02150
2008-05-30,1026.24340
2008-05-31,1024.92410
2008-06-01,1025.15020
2008-06-02,1025.36880
2008-06-03,1025.58120
2008-06-04,1025.79330
2008-06-05,1026.00590
2008-06-06,1026.21910
2008-06-07,1024.92410
2008-06-08,1025.14150
2008-06-09,1025.35850
2008-06-10,1025.57890
2008-06-11,1025.79860
2008-06-12,1026.02260
2008-06-13,1026.24330
2008-06-14,1024.92410
2008-06-15,1025.15640
2008-06-16,1025.37730
2008-06-17,1025.60000
2008-06-18,1025.82250
2008-06-19,1026.04500
2008-06-20,1026.26580
2008-06-21,1024.92410
2008-06-22,1025.14880
2008-06-23,1025.37260
2008-06-24,1025.59700
2008-06-25,1025.83160
2008-06-26,1026.06680
2008-06-27,1026.30380
2008-06-28,1024.92410
2008-06-29,1025.16720
2008-06-30,1025.40560
2008-07-01,1025.64420
2008-07-02,1025.88020
2008-07-03,1026.11580
2008-07-04,1026.35180
2008-07-05,1024.92410
2008-07-06,1025.17340
2008-07-07,1025.41180
2008-07-08,1025.65180
2008-07-09,1025.88980
2008-07-10,1026.12780
2008-07-11,1026.35750
2008-07-12,1024.92410
2008-07-13,1025.16290
2008-07-14,1025.39220
2008-07-15,1025.62130
2008-07-16,1025.85030
2008-07-17,1026.07930
2008-07-18,1026.30840
2008-07-19,1024.92410
2008-07-20,1025.14690
2008-07-21,1025.37940
2008-07-22,1025.61200
2008-07-23,1025.84500
2008-07-24,1026.07710
2008-07-25,1026.30810
2008-07-26,1024.92410
2008-07-27,1025.14900
2008-07-28,1025.37810
2008-07-29,1025.60610
2008-07-30,1025.83610
2008-07-31,1026.06280
2008-08-01,1026.27900
2008-08-02,1024.92410
2008-08-03,1025.15470
2008-08-04,1025.38400
2008-08-05,1025.61330
2008-08-06,1025.84230
2008-08-07,1026.07550
2008-08-08,1026.30920
2008-08-09,1024.92410
2008-08-10,1025.15690
2008-08-11,1025.39010
2008-08-12,1025.62340
2008-08-13,1025.85690
2008-08-14,1026.09030
2008-08-15,1024.92410
2008-08-16,1025.16320
2008-08-17,1025.39640
2008-08-18,1025.62980
2008-08-19,1025.86320
2008-08-20,1026.09680
2008-08-21,1026.33050
2008-08-22,1026.56400
2008-08-23,1024.92410
2008-08-24,1025.16310
2008-08-25,1025.39630
2008-08-26,1025.62850
2008-08-27,1025.86060
2008-08-28,1026.08870
2008-08-29,1026.31200
2008-08-30,1024.92410
2008-08-31,1025.16230
2008-09-01,1025.39580
2008-09-02,1025.62870
2008-09-03,1025.86150
2008-09-04,1026.09410
2008-09-05,1026.32690
2008-09-06,1024.92410
2008-09-07,1025.15760
2008-09-08,1025.38860
2008-09-09,1025.61040
2008-09-10,1025.84190
2008-09-11,1026.07490
2008-09-12,1026.28950
2008-09-13,1024.92410
2008-09-14,1025.15530
2008-09-15,1025.39720
2008-09-16,1025.64740
2008-09-17,1025.88780
2008-09-18,1026.13160
2008-09-19,1026.38000
2008-09-20,1024.92410
2008-09-21,1025.17160
2008-09-22,1025.42230
2008-09-23,1025.67500
2008-09-24,1025.92060
2008-09-25,1026.17300
2008-09-26,1026.43120
2008-09-27,1024.92410
2008-09-28,1025.19640
2008-09-29,1025.46360
2008-09-30,1025.73080
2008-10-01,1026.00790
2008-10-02,1026.28510
2008-10-03,1026.56580
2008-10-04,1024.92410
2008-10-05,1025.20830
2008-10-06,1025.47720
2008-10-07,1025.74410
2008-10-08,1026.01480
2008-10-09,1026.28550
2008-10-10,1026.58580
2008-10-11,1024.92410
2008-10-12,1025.21440
2008-10-13,1025.47700
2008-10-14,1025.74230
2008-10-15,1026.01320
2008-10-16,1026.27860
2008-10-17,1026.54410
2008-10-18,1024.92410
2008-10-19,1025.20670
2008-10-20,1025.47140
2008-10-21,1025.73600
2008-10-22,1025.99990
2008-10-23,1026.28510
2008-10-24,1026.56400
2008-10-25,1024.92410
2008-10-26,1025.20410
2008-10-27,1025.48120
2008-10-28,1025.75840
2008-10-29,1026.03830
2008-10-30,1026.31830
2008-10-31,1026.59850
2008-11-01,1024.92410
2008-11-02,1025.20440
2008-11-03,1025.48060
2008-11-04,1025.75710
2008-11-05,1026.03290
2008-11-06,1026.30290
2008-11-07,1026.56330
2008-11-08,1024.92410
2008-11-09,1025.18990
2008-11-10,1025.45010
2008-11-11,1025.71220
2008-11-12,1025.97430
2008-11-13,1026.23640
2008-11-14,1026.49810
2008-11-15,1024.92410
2008-11-16,1025.19040
2008-11-17,1025.45140
2008-11-18,1025.70980
2008-11-19,1025.96800
2008-11-20,1026.22550
2008-11-21,1026.48330
2008-11-22,1024.92410
2008-11-23,1025.17440
2008-11-24,1025.43180
2008-11-25,1025.68910
2008-11-26,1025.94640
2008-11-27,1026.20370
2008-11-28,1026.46120
2008-11-29,1024.92410
2008-11-30,1025.18820
2008-12-01,1025.44310
2008-12-02,1025.69770
2008-12-03,1025.95410
2008-12-04,1026.20880
2008-12-05,1026.46350
2008-12-06,1024.92410
2008-12-07,1025.18660
2008-12-08,1025.43870
2008-12-09,1025.69080
2008-12-10,1025.93460
2008-12-11,1026.17970
2008-12-12,1026.43340
2008-12-13,1024.92410
2008-12-14,1025.18030
2008-12-15,1025.43770
2008-12-16,1025.69870
2008-12-17,1025.96060
2008-12-18,1026.22240
2008-12-19,1026.48660
2008-12-20,1024.92410
2008-12-21,1025.18880
2008-12-22,1025.45070
2008-12-23,1025.71330
2008-12-24,1025.97140
2008-12-25,1026.22950
2008-12-26,1026.48600
2008-12-27,1024.92410
2008-12-28,1025.18140
2008-12-29,1025.45250
2008-12-30,1025.71910
2008-12-31,1025.98460
2009-01-01,1026.25010
2009-01-02,1026.51550
2009-01-03,1024.92410
2009-01-04,1025.19150
2009-01-05,1025.43460
2009-01-06,1025.68160
2009-01-07,1025.92850
2009-01-08,1026.17550
2009-01-09,1026.42340
2009-01-10,1024.92410
2009-01-11,1025.17350
2009-01-12,1025.42180
2009-01-13,1025.67110
2009-01-14,1025.92780
2009-01-15,1026.18440
2009-01-16,1026.44260
2009-01-17,1024.92410
2009-01-18,1025.17560
2009-01-19,1025.42990
2009-01-20,1025.68430
2009-01-21,1025.93780
2009-01-22,1026.42050
2009-01-23,1026.78740
2009-01-24,1024.92410
2009-01-25,1025.18220
2009-01-26,1025.44190
2009-01-27,1025.70040
2009-01-28,1025.95210
2009-01-29,1026.19530
2009-01-30,1026.42400
2009-01-31,1024.92410
2009-02-01,1025.15490
2009-02-02,1025.38350
2009-02-03,1025.61210
2009-02-04,1025.83780
2009-02-05,1026.06290
2009-02-06,1026.28870
2009-02-07,1024.92410
2009-02-08,1025.15070
2009-02-09,1025.37670
2009-02-10,1025.60290
2009-02-11,1025.82910
2009-02-12,1026.05550
2009-02-13,1026.29830
2009-02-14,1024.92410
2009-02-15,1025.16530
2009-02-16,1025.40640
2009-02-17,1025.62620
2009-02-18,1025.87440
2009-02-19,1026.12270
2009-02-20,1026.37100
2009-02-21,1024.92410
2009-02-22,1025.17360
2009-02-23,1025.42160
2009-02-24,1025.66940
2009-02-25,1025.91710
2009-02-26,1026.16420
2009-02-27,1026.41090
2009-02-28,1024.92410
2009-03-01,1025.17030
2009-03-02,1025.41690
2009-03-03,1025.66400
2009-03-04,1025.91100
2009-03-05,1026.14600
2009-03-06,1026.38090
2009-03-07,1024.92410
2009-03-08,1025.16030
2009-03-09,1025.43240
2009-03-10,1025.67110
2009-03-11,1025.90970
2009-03-12,1026.14650
2009-03-13,1026.38560
2009-03-14,1024.92410
2009-03-15,1025.16510
2009-03-16,1025.40760
2009-03-17,1025.64230
2009-03-18,1025.87700
2009-03-19,1026.11130
2009-03-20,1026.34540
2009-03-21,1024.92410
2009-03-22,1025.15510
2009-03-23,1025.38920
2009-03-24,1025.62030
2009-03-25,1025.84740
2009-03-26,1026.07640
2009-03-27,1024.92410
2009-03-28,1025.15280
2009-03-29,1025.38170
2009-03-30,1025.59370
2009-03-31,1025.80370
2009-04-01,1026.01370
2009-04-02,1026.22720
2009-04-03,1024.92410
2009-04-04,1025.13340
2009-04-05,1025.34280
2009-04-06,1025.55560
2009-04-07,1025.76250
2009-04-08,1025.97020
2009-04-09,1026.17620
2009-04-10,1024.92410
2009-04-11,1025.12940
2009-04-12,1025.33510
2009-04-13,1025.54020
2009-04-14,1025.74530
2009-04-15,1025.95110
2009-04-16,1026.16030
2009-04-17,1026.36950
2009-04-18,1024.92410
2009-04-19,1025.13300
2009-04-20,1025.34180
2009-04-21,1025.55000
2009-04-22,1025.74860
2009-04-23,1025.94570
2009-04-24,1026.14590
2009-04-25,1024.92410
2009-04-26,1025.12340
2009-04-27,1025.32330
2009-04-28,1025.52090
2009-04-29,1025.71840
2009-04-30,1024.92410
2009-05-01,1025.12130
2009-05-02,1025.31860
2009-05-03,1025.51590
2009-05-04,1025.71320
2009-05-05,1025.91060
2009-05-06,1026.10850
2009-05-07,1026.30850
2009-05-08,1026.50870
2009-05-09,1024.92410
2009-05-10,1025.12800
2009-05-11,1025.32790
2009-05-12,1025.52810
2009-05-13,1025.72680
2009-05-14,1025.92520
2009-05-15,1026.12350
2009-05-16,1024.92410
2009-05-17,1025.12260
2009-05-18,1025.32090
2009-05-19,1025.51920
2009-05-20,1025.71190
2009-05-21,1025.91180
2009-05-22,1026.11180
2009-05-23,1024.92410
2009-05-24,1025.12210
2009-05-25,1025.32190
2009-05-26,1025.52160
2009-05-27,1025.71940
2009-05-28,1025.91740
2009-05-29,1026.11550
2009-05-30,1024.92410
2009-05-31,1025.12250
2009-06-01,1025.31490
2009-06-02,1025.50730
2009-06-03,1025.69960
2009-06-04,1025.89210
2009-06-05,1026.08390
2009-06-06,1024.92410
2009-06-07,1025.11550
2009-06-08,1025.30750
2009-06-09,1025.49520
2009-06-10,1025.68040
2009-06-11,1025.86780
2009-06-12,1026.05340
2009-06-13,1024.92410
2009-06-14,1025.11200
2009-06-15,1025.28810
2009-06-16,1025.44420
2009-06-17,1025.61430
2009-06-18,1025.77170
2009-06-19,1025.94300
2009-06-20,1024.92410
2009-06-21,1025.09580
2009-06-22,1025.26740
2009-06-23,1025.43900
2009-06-24,1025.61040
2009-06-25,1025.81050
2009-06-26,1026.01110
2009-06-27,1024.92410
2009-06-28,1025.12300
2009-06-29,1025.32220
2009-06-30,1025.53210
2009-07-01,1025.74210
2009-07-02,1025.95200
2009-07-03,1026.16190
2009-07-04,1024.92410
2009-07-05,1025.13310
2009-07-06,1025.34250
2009-07-07,1025.51510
2009-07-08,1025.69030
2009-07-09,1025.86730
2009-07-10,1026.04420
2009-07-11,1024.92410
2009-07-12,1025.10180
2009-07-13,1025.27850
2009-07-14,1025.45510
2009-07-15,1025.63180
2009-07-16,1025.80870
2009-07-17,1025.98540
2009-07-18,1024.92410
2009-07-19,1025.10070
2009-07-20,1025.27800
2009-07-21,1025.45450
2009-07-22,1025.63110
2009-07-23,1025.80780
2009-07-24,1025.98440
2009-07-25,1024.92410
2009-07-26,1025.10050
2009-07-27,1025.27880
2009-07-28,1025.45780
2009-07-29,1025.63690
2009-07-30,1025.81550
2009-07-31,1025.99390
2009-08-01,1024.92410
2009-08-02,1025.10470
2009-08-03,1025.27030
2009-08-04,1025.43120
2009-08-05,1025.59200
2009-08-06,1025.74580
2009-08-07,1025.90510
2009-08-08,1024.92410
2009-08-09,1025.08390
2009-08-10,1025.24480
2009-08-11,1025.40560
2009-08-12,1025.56420
2009-08-13,1025.72280
2009-08-14,1025.87950
2009-08-15,1024.92410
2009-08-16,1025.08060
2009-08-17,1025.23960
2009-08-18,1025.39850
2009-08-19,1025.55740
2009-08-20,1025.71640
2009-08-21,1025.87550
2009-08-22,1024.92410
2009-08-23,1025.08280
2009-08-24,1025.24160
2009-08-25,1025.40110
2009-08-26,1025.56050
2009-08-27,1025.71900
2009-08-28,1025.87540
2009-08-29,1024.92410
2009-08-30,1025.07880
2009-08-31,1025.23960
2009-09-01,1025.40010
2009-09-02,1025.56010
2009-09-03,1025.70800
2009-09-04,1025.85350
2009-09-05,1024.92410
2009-09-06,1025.07370
2009-09-07,1025.22160
2009-09-08,1025.36940
2009-09-09,1025.51580
2009-09-10,1025.66350
2009-09-11,1025.80780
2009-09-12,1024.92410
2009-09-13,1025.06970
2009-09-14,1025.21460
2009-09-15,1025.35910
2009-09-16,1025.50360
2009-09-17,1025.63730
2009-09-18,1025.77080
2009-09-19,1024.92410
2009-09-20,1025.06590
2009-09-21,1025.19890
2009-09-22,1025.30160
2009-09-23,1025.40440
2009-09-24,1025.51670
2009-09-25,1025.62810
2009-09-26,1024.92410
2009-09-27,1025.03930
2009-09-28,1025.15150
2009-09-29,1025.26690
2009-09-30,1025.38240
2009-10-01,1025.48880
2009-10-02,1024.92410
2009-10-03,1025.03320
2009-10-04,1025.13900
2009-10-05,1025.24430
2009-10-06,1025.34720
2009-10-07,1025.44920
2009-10-08,1025.54910
2009-10-09,1025.64670
2009-10-10,1024.92410
2009-10-11,1025.02310
2009-10-12,1025.12860
2009-10-13,1025.23420
2009-10-14,1025.34020
2009-10-15,1025.44620
2009-10-16,1025.53760
2009-10-17,1025.01400
2009-10-19,1025.10550
2009-10-20,1025.19390
2009-10-21,1025.29470
2009-10-22,1025.41480
2009-10-23,1025.53460
2009-10-24,1024.92410
2009-10-25,1025.04360
2009-10-26,1025.16380
2009-10-27,1025.28310
2009-10-28,1025.40180
2009-10-29,1025.53370
2009-10-30,1025.66680
2009-10-31,1024.92410
2009-11-01,1025.05360
2009-11-02,1025.18530
2009-11-03,1025.31710
2009-11-04,1025.44920
2009-11-05,1025.58120
2009-11-06,1025.71170
2009-11-07,1024.92410
2009-11-08,1025.05590
2009-11-09,1025.18660
2009-11-10,1025.31650
2009-11-11,1025.44740
2009-11-12,1025.57820
2009-11-13,1025.71040
2009-11-14,1024.92410
2009-11-15,1025.05880
2009-11-16,1025.19060
2009-11-17,1025.32200
2009-11-18,1025.45380
2009-11-19,1025.58550
2009-11-20,1025.71730
2009-11-21,1024.92410
2009-11-22,1025.05590
2009-11-23,1025.18760
2009-11-24,1025.31890
2009-11-25,1025.45030
2009-11-26,1025.58220
2009-11-27,1025.71410
2009-11-28,1024.92410
2009-11-29,1025.05920
2009-11-30,1025.18940
2009-12-01,1025.31970
2009-12-02,1025.45000
2009-12-03,1025.58040
2009-12-04,1025.71090
2009-12-05,1024.92410
2009-12-06,1025.05730
2009-12-07,1025.18760
2009-12-08,1025.31810
2009-12-09,1025.45170
2009-12-10,1025.58520
2009-12-11,1025.71880
2009-12-12,1024.92410
2009-12-13,1025.05200
2009-12-14,1025.18550
2009-12-15,1025.32020
2009-12-16,1025.45510
2009-12-17,1025.58950
2009-12-18,1025.76540
2009-12-19,1024.92410
2009-12-20,1025.06120
2009-12-21,1025.18400
2009-12-22,1025.30680
2009-12-23,1025.42180
2009-12-24,1025.54180
2009-12-25,1024.92410
2009-12-26,1025.04820
2009-12-27,1025.16780
2009-12-28,1025.28750
2009-12-29,1025.40440
2009-12-30,1025.52430
2009-12-31,1025.65050
2010-01-01,1025.77520
2010-01-02,1024.92410
2010-01-03,1025.05220
2010-01-04,1025.16980
2010-01-05,1025.29300
2010-01-06,1025.41870
2010-01-07,1025.54590
2010-01-08,1025.67240
2010-01-09,1024.92410
2010-01-10,1025.04100
2010-01-11,1025.16780
2010-01-12,1025.29400
2010-01-13,1025.42030
2010-01-14,1025.54660
2010-01-15,1025.66240
2010-01-16,1024.92410
2010-01-17,1025.04070
2010-01-18,1025.15690
2010-01-19,1025.27580
2010-01-20,1025.39660
2010-01-21,1025.51780
2010-01-22,1025.63910
2010-01-23,1024.92410
2010-01-24,1025.04970
2010-01-25,1025.17090
2010-01-26,1025.29220
2010-01-27,1025.41370
2010-01-28,1025.52490
2010-01-29,1025.63150
2010-01-30,1024.92410
2010-01-31,1025.03270
2010-02-01,1025.14090
2010-02-02,1025.24950
2010-02-03,1025.35980
2010-02-04,1025.43880
2010-02-05,1025.55780
2010-02-06,1024.92410
2010-02-07,1025.04370
2010-02-08,1025.16150
2010-02-09,1025.27780
2010-02-10,1025.39260
2010-02-11,1025.50580
2010-02-12,1024.92410
2010-02-13,1025.03760
2010-02-14,1025.15130
2010-02-15,1025.26710
2010-02-16,1025.38310
2010-02-17,1025.49840
2010-02-18,1025.61370
2010-02-19,1025.72740
2010-02-20,1024.92410
2010-02-21,1025.03750
2010-02-22,1025.15130
2010-02-23,1025.26370
2010-02-24,1025.37620
2010-02-25,1025.47160
2010-02-26,1025.56620
2010-02-27,1024.92410
2010-02-28,1025.01880
2010-03-01,1025.11340
2010-03-02,1025.21050
2010-03-03,1025.32140
2010-03-04,1025.42680
2010-03-05,1025.53350
2010-03-06,1024.92410
2010-03-07,1025.03100
2010-03-08,1025.13810
2010-03-09,1025.24590
2010-03-10,1025.35810
2010-03-11,1025.47290
2010-03-12,1025.58790
2010-03-13,1024.92410
2010-03-14,1025.03910
2010-03-15,1025.15860
2010-03-16,1025.27810
2010-03-17,1025.39780
2010-03-18,1025.51410
2010-03-19,1025.63490
2010-03-20,1024.92410
2010-03-21,1025.04530
2010-03-22,1025.16740
2010-03-23,1025.29420
2010-03-24,1025.42100
2010-03-25,1025.55090
2010-03-26,1025.68300
2010-03-27,1024.92410
2010-03-28,1025.05600
2010-03-29,1025.19270
2010-03-30,1025.33010
2010-03-31,1025.46840
2010-04-01,1024.92410
2010-04-02,1025.06250
2010-04-03,1025.19500
2010-04-04,1025.32760
2010-04-05,1025.45720
2010-04-06,1025.58590
2010-04-07,1025.71340
2010-04-08,1025.84150
2010-04-09,1025.98860
2010-04-10,1024.92410
2010-04-11,1025.07090
2010-04-12,1025.21830
2010-04-13,1025.36580
2010-04-14,1025.51320
2010-04-15,1025.62910
2010-04-16,1025.74450
2010-04-17,1024.92410
2010-04-18,1025.04000
2010-04-19,1025.18630
2010-04-20,1025.33290
2010-04-21,1025.47550
2010-04-22,1025.61860
2010-04-23,1025.76570
2010-04-24,1024.92410
2010-04-25,1025.07160
2010-04-26,1025.18770
2010-04-27,1025.30420
2010-04-28,1025.42110
2010-04-29,1025.56250
2010-04-30,1025.70390
2010-05-01,1024.92410
2010-05-02,1025.06550
2010-05-03,1025.20930
2010-05-04,1025.35320
2010-05-05,1025.49920
2010-05-06,1025.64480
2010-05-07,1025.76300
2010-05-08,1024.92410
2010-05-09,1025.04340
2010-05-10,1025.17670
2010-05-11,1025.31050
2010-05-12,1025.44870
2010-05-13,1025.58290
2010-05-14,1025.71700
2010-05-15,1024.92410
2010-05-16,1025.05980
2010-05-17,1025.19380
2010-05-18,1025.32790
2010-05-19,1025.46060
2010-05-20,1025.59130
2010-05-21,1025.72090
2010-05-22,1024.92410
2010-05-23,1025.05520
2010-05-24,1025.19000
2010-05-25,1025.33440
2010-05-26,1025.47640
2010-05-27,1025.61980
2010-05-28,1025.76300
2010-05-29,1024.92410
2010-05-30,1025.06800
2010-05-31,1025.21510
2010-06-01,1025.36890
2010-06-02,1025.52080
2010-06-03,1025.67260
2010-06-04,1025.82220
2010-06-05,1024.92410
2010-06-06,1025.07000
2010-06-07,1025.22030
2010-06-08,1025.36960
2010-06-09,1025.51690
2010-06-10,1025.66460
2010-06-11,1025.81210
2010-06-12,1024.92410
2010-06-13,1025.07570
2010-06-14,1025.22630
2010-06-15,1025.37640
2010-06-16,1025.52660
2010-06-17,1025.67440
2010-06-18,1025.81720
2010-06-19,1024.92410
2010-06-20,1025.08670
2010-06-21,1025.23210
2010-06-22,1025.39480
2010-06-23,1025.56530
2010-06-24,1025.73580
2010-06-25,1025.88720
2010-06-26,1024.92410
2010-06-27,1025.07710
2010-06-28,1025.22590
2010-06-29,1025.37760
2010-06-30,1025.53690
2010-07-01,1025.69620
2010-07-02,1025.85490
2010-07-03,1024.92410
2010-07-04,1025.08410
2010-07-05,1025.24280
2010-07-06,1025.40190
2010-07-07,1025.56080
2010-07-08,1025.71980
2010-07-09,1025.87870
2010-07-10,1024.92410
2010-07-11,1025.08570
2010-07-12,1025.24450
2010-07-13,1025.40330
2010-07-14,1025.56200
2010-07-15,1025.72100
2010-07-16,1025.87980
2010-07-17,1024.92410
2010-07-18,1025.08690
2010-07-19,1025.24570
2010-07-20,1025.40450
2010-07-21,1025.56320
2010-07-22,1025.72190
2010-07-23,1025.88060
2010-07-24,1024.92410
2010-07-25,1025.08760
2010-07-26,1025.24600
2010-07-27,1025.40410
2010-07-28,1025.56180
2010-07-29,1025.71870
2010-07-30,1025.87500
2010-07-31,1024.92410
2010-08-01,1025.08280
2010-08-02,1025.24100
2010-08-03,1025.39880
2010-08-04,1025.55560
2010-08-05,1025.71170
2010-08-06,1025.86760
2010-08-07,1024.92410
2010-08-08,1025.07930
2010-08-09,1025.23610
2010-08-10,1025.39330
2010-08-11,1025.55110
2010-08-12,1025.70870
2010-08-13,1025.86560
2010-08-14,1024.92410
2010-08-15,1025.07990
2010-08-16,1025.23740
2010-08-17,1025.39480
2010-08-18,1025.55210
2010-08-19,1025.70940
2010-08-20,1025.86680
2010-08-21,1024.92400
2010-08-22,1025.08150
2010-08-23,1025.23830
2010-08-24,1025.39400
2010-08-25,1025.54910
2010-08-26,1025.70560
2010-08-27,1025.86060
2010-08-28,1024.92410
2010-08-29,1025.07930
2010-08-30,1025.23510
2010-08-31,1025.39090
2010-09-01,1025.54400
2010-09-02,1025.69390
2010-09-03,1025.84390
2010-09-04,1024.92420
2010-09-05,1025.07560
2010-09-06,1025.22550
2010-09-07,1025.38330
2010-09-08,1025.53770
2010-09-09,1025.70770
2010-09-10,1024.92410
2010-09-11,1025.08190
2010-09-12,1025.23700
2010-09-13,1025.39670
2010-09-14,1025.55790
2010-09-15,1025.72410
2010-09-16,1025.89460
2010-09-17,1026.07120
2010-09-18,1024.92410
2010-09-19,1025.10480
2010-09-20,1025.28340
2010-09-21,1025.46200
2010-09-22,1025.64090
2010-09-23,1025.82280
2010-09-24,1026.01050
2010-09-25,1024.92410
2010-09-26,1025.11440
2010-09-27,1025.30240
2010-09-28,1025.30240
2010-09-29,1025.68920
2010-09-30,1025.88390
2010-10-01,1026.07600
2010-10-02,1024.92410
2010-10-03,1025.11510
2010-10-04,1025.30710
2010-10-05,1025.49940
2010-10-06,1025.69170
2010-10-07,1025.88410
2010-10-08,1026.07220
2010-10-09,1024.92410
2010-10-10,1025.11260
2010-10-11,1025.30190
2010-10-12,1025.51590
2010-10-13,1025.70520
2010-10-14,1025.89130
2010-10-15,1026.07940
2010-10-16,1024.92410
2010-10-17,1025.11230
2010-10-18,1025.30470
2010-10-19,1025.49610
2010-10-20,1025.68760
2010-10-21,1025.87660
2010-10-22,1025.98540
2010-10-23,1024.92410
2010-10-24,1025.11450
2010-10-25,1025.21730
2010-10-26,1025.30180
2010-10-27,1025.34530
2010-10-28,1025.53660
2010-10-29,1025.73340
2010-10-30,1024.92410
2010-10-31,1025.11930
2010-11-01,1025.15550
2010-11-02,1025.19620
2010-11-03,1025.25370
2010-11-04,1025.44080
2010-11-05,1024.92410
2010-11-06,1025.11180
2010-11-07,1025.29880
2010-11-08,1025.49900
2010-11-09,1025.69880
2010-11-10,1025.89860
2010-11-11,1026.09840
2010-11-12,1026.29830
2010-11-13,1024.92410
2010-11-14,1025.12390
2010-11-15,1025.32390
2010-11-16,1025.52370
2010-11-17,1025.72360
2010-11-18,1025.92340
2010-11-19,1026.12330
2010-11-20,1024.92410
2010-11-21,1025.12400
2010-11-22,1025.32290
2010-11-23,1025.52020
2010-11-24,1025.72050
2010-11-25,1025.91660
2010-11-26,1026.11440
2010-11-27,1024.92590
2010-11-28,1025.12230
2010-11-29,1025.29230
2010-11-30,1025.48750
2010-12-01,1025.68230
2010-12-02,1025.87410
2010-12-03,1026.06970
2010-12-04,1024.92590
2010-12-05,1025.12260
2010-12-06,1025.32160
2010-12-07,1025.52230
2010-12-08,1025.72320
2010-12-09,1025.92390
2010-12-10,1026.13540
2010-12-11,1024.92590
2010-12-12,1025.13840
2010-12-13,1025.34960
2010-12-14,1025.56000
2010-12-15,1025.77540
2010-12-16,1026.00170
2010-12-17,1024.92590
2010-12-18,1025.15130
2010-12-19,1025.37720
2010-12-20,1025.59900
2010-12-21,1025.82270
2010-12-22,1026.04290
2010-12-23,1026.26320
2010-12-24,1026.49100
2010-12-25,1024.92590
2010-12-26,1025.15450
2010-12-27,1025.38220
2010-12-28,1025.61010
2010-12-29,1025.83670
2010-12-30,1026.06410
2010-12-31,1026.29320
2011-01-01,1024.92590
2011-01-02,1025.15480
2011-01-03,1025.38370
2011-01-04,1025.61250
2011-01-05,1025.84330
2011-01-06,1026.07230
2011-01-07,1026.28470
2011-01-08,1024.92590
2011-01-09,1025.13820
2011-01-10,1025.35020
2011-01-11,1025.56390
2011-01-12,1025.77760
2011-01-13,1025.99140
2011-01-14,1026.20540
2011-01-15,1024.92590
2011-01-16,1025.14000
2011-01-17,1025.35400
2011-01-18,1025.56790
2011-01-19,1025.78250
2011-01-20,1025.99710
2011-01-21,1026.21490
2011-01-22,1025.14370
2011-01-23,1025.36150
2011-01-24,1025.57830
2011-01-25,1025.79580
2011-01-26,1026.01340
2011-01-27,1026.23150
2011-01-28,1026.45220
2011-01-29,1024.92700
2011-01-30,1025.14570
2011-01-31,1025.36530
2011-02-01,1025.58430
2011-02-02,1025.80360
2011-02-03,1026.02250
2011-02-04,1026.24050
2011-02-05,1024.92700
2011-02-06,1025.14490
2011-02-07,1025.36250
2011-02-08,1025.58080
2011-02-09,1025.80620
2011-02-10,1026.05510
2011-02-11,1026.29030
2011-02-12,1024.92690
2011-02-13,1025.16070
2011-02-14,1025.39610
2011-02-15,1025.63190
2011-02-16,1025.86780
2011-02-17,1026.10470
2011-02-18,1026.34150
2011-02-19,1024.92700
2011-02-20,1025.16370
2011-02-21,1025.39950
2011-02-22,1025.63560
2011-02-23,1025.87180
2011-02-24,1026.10430
2011-02-25,1026.34400
2011-02-26,1024.92700
2011-02-27,1025.16610
2011-02-28,1025.40770
2011-03-01,1025.64910
2011-03-02,1025.89050
2011-03-03,1026.13080
2011-03-04,1026.38100
2011-03-05,1024.92700
2011-03-06,1025.16130
2011-03-07,1025.40580
2011-03-08,1025.64700
2011-03-09,1025.88810
2011-03-10,1026.12990
2011-03-11,1026.37580
2011-03-12,1024.92710
2011-03-13,1025.17230
2011-03-14,1025.41460
2011-03-15,1025.56940
2011-03-16,1025.81900
2011-03-17,1026.05250
2011-03-18,1026.30760
2011-03-19,1024.93290
2011-03-20,1025.18880
2011-03-21,1025.43960
2011-03-22,1025.68880
2011-03-23,1025.94330
2011-03-24,1026.19720
2011-03-25,1026.45280
2011-03-26,1024.95790
2011-03-27,1025.21470
2011-03-28,1025.47380
2011-03-29,1025.73660
2011-03-30,1026.02790
2011-03-31,1026.29860
2011-04-01,1024.95790
2011-04-02,1025.22050
2011-04-03,1025.48370
2011-04-04,1025.74700
2011-04-05,1026.29890
2011-04-06,1027.24030
2011-04-07,1027.49960
2011-04-08,1027.75640
2011-04-09,1024.95790
2011-04-10,1025.21220
2011-04-11,1025.47020
2011-04-12,1025.72780
2011-04-13,1025.98710
2011-04-14,1026.24650
2011-04-15,1026.50570
2011-04-16,1024.95790
2011-04-17,1025.21650
2011-04-18,1025.47190
2011-04-19,1025.72730
2011-04-20,1025.97980
2011-04-21,1026.23310
2011-04-22,1024.95800
2011-04-23,1025.21140
2011-04-24,1025.46430
2011-04-25,1025.71820
2011-04-26,1025.96410
2011-04-27,1026.21340
2011-04-28,1026.46320
2011-04-29,1026.71460
2011-04-30,1024.95810
2011-05-01,1025.21730
2011-05-02,1025.46880
2011-05-03,1025.72040
2011-05-04,1025.97470
2011-05-05,1026.22910
2011-05-06,1026.48220
2011-05-07,1024.95810
2011-05-08,1025.21190
2011-05-09,1025.46570
2011-05-10,1025.71940
2011-05-11,1025.97310
2011-05-12,1026.22570
2011-05-13,1026.44920
2011-05-14,1024.95810
2011-05-15,1025.18160
2011-05-16,1025.41700
2011-05-17,1025.65240
2011-05-18,1025.88800
2011-05-19,1026.12320
2011-05-20,1026.35990
2011-05-21,1024.95810
2011-05-22,1025.19450
2011-05-23,1025.43090
2011-05-24,1025.66750
2011-05-25,1025.90330
2011-05-26,1026.13850
2011-05-27,1026.37340
2011-05-28,1024.95810
2011-05-29,1025.19400
2011-05-30,1025.45610
2011-05-31,1025.68810
2011-06-01,1025.92010
2011-06-02,1026.16040
2011-06-03,1026.39600
2011-06-04,1024.95810
2011-06-05,1025.19240
2011-06-06,1025.42900
2011-06-07,1025.66050
2011-06-08,1025.89800
2011-06-09,1026.14290
2011-06-10,1026.39570
2011-06-11,1024.95810
2011-06-12,1025.19880
2011-06-13,1025.47340
2011-06-14,1025.70360
2011-06-15,1025.93990
2011-06-16,1026.20460
2011-06-17,1026.44480
2011-06-18,1024.95810
2011-06-19,1025.19880
2011-06-20,1025.43860
2011-06-21,1025.68180
2011-06-22,1025.92870
2011-06-23,1026.17570
2011-06-24,1026.42570
2011-06-25,1024.95810
2011-06-26,1025.20840
2011-06-27,1025.45780
2011-06-28,1025.71530
2011-06-29,1025.96780
2011-06-30,1026.22070
2011-07-01,1024.95810
2011-07-02,1025.20890
2011-07-03,1025.46140
2011-07-04,1025.71580
2011-07-05,1025.96570
2011-07-06,1026.21500
2011-07-07,1026.46410
2011-07-08,1026.71340
2011-07-09,1024.95810
2011-07-10,1025.20710
2011-07-11,1025.45660
2011-07-12,1025.72800
2011-07-13,1025.97030
2011-07-14,1026.21250
2011-07-15,1026.48490
2011-07-16,1024.95810
2011-07-17,1025.20330
2011-07-18,1025.44830
2011-07-19,1025.69550
2011-07-20,1025.94530
2011-07-21,1026.19510
2011-07-22,1026.44310
2011-07-23,1024.95810
2011-07-24,1025.20450
2011-07-25,1025.44980
2011-07-26,1025.69550
2011-07-27,1025.94170
2011-07-28,1026.18750
2011-07-29,1026.43440
2011-07-30,1024.95810
2011-07-31,1025.20260
2011-08-01,1025.44920
2011-08-02,1025.69500
2011-08-03,1025.94160
2011-08-04,1026.19330
2011-08-05,1026.43850
2011-08-06,1024.95810
2011-08-07,1025.20150
2011-08-08,1025.44240
2011-08-09,1025.68980
2011-08-10,1025.93240
2011-08-11,1026.19850
2011-08-12,1026.44480
2011-08-13,1024.95810
2011-08-14,1025.19570
2011-08-15,1025.43480
2011-08-16,1025.67430
2011-08-17,1025.91350
2011-08-18,1026.15430
2011-08-19,1024.95810
2011-08-20,1025.19820
2011-08-21,1025.43880
2011-08-22,1025.68860
2011-08-23,1025.92780
2011-08-24,1026.16940
2011-08-25,1026.41490
2011-08-26,1026.65600
2011-08-27,1024.95810
2011-08-28,1025.20080
2011-08-29,1025.44160
2011-08-30,1025.69060
2011-08-31,1025.93140
2011-09-01,1026.17220
2011-09-02,1026.41100
2011-09-03,1024.95810
2011-09-04,1025.19520
2011-09-05,1025.43390
2011-09-06,1025.67260
2011-09-07,1025.91220
2011-09-08,1026.15350
2011-09-09,1026.39440
2011-09-10,1024.95820
2011-09-11,1025.19930
2011-09-12,1025.44160
2011-09-13,1025.68260
2011-09-14,1025.92370
2011-09-15,1026.16870
2011-09-16,1026.41380
2011-09-17,1024.95880
2011-09-18,1025.20260
2011-09-19,1025.44840
2011-09-20,1025.69370
2011-09-21,1025.94090
2011-09-22,1026.18950
2011-09-23,1026.43550
2011-09-24,1024.95880
2011-09-25,1025.20440
2011-09-26,1025.44990
2011-09-27,1025.69500
2011-09-28,1025.95180
2011-09-29,1026.19800
2011-09-30,1024.95880
2011-10-01,1025.20590
2011-10-02,1025.45180
2011-10-03,1025.69590
2011-10-04,1025.94350
2011-10-05,1026.22010
2011-10-06,1026.46300
2011-10-07,1026.70360
2011-10-08,1024.95890
2011-10-09,1025.19770
2011-10-10,1025.44030
2011-10-11,1025.68230
2011-10-12,1025.92470
2011-10-13,1026.17810
2011-10-14,1026.42030
2011-10-15,1024.95890
2011-10-16,1025.20100
2011-10-17,1025.44280
2011-10-18,1025.68330
2011-10-19,1025.92520
2011-10-20,1026.16740
2011-10-21,1026.40920
2011-10-22,1024.95890
2011-10-23,1025.19950
2011-10-24,1025.44120
2011-10-25,1025.68480
2011-10-26,1025.92840
2011-10-27,1026.17200
2011-10-28,1026.41540
2011-10-29,1024.95890
2011-10-30,1025.20000
2011-10-31,1025.44300
2011-11-01,1025.68640
2011-11-02,1025.93420
2011-11-03,1026.18290
2011-11-04,1026.43000
2011-11-05,1025.37000
2011-11-06,1025.61380
2011-11-07,1025.85750
2011-11-08,1026.10160
2011-11-09,1026.34530
2011-11-10,1026.58900
2011-11-11,1026.83430
2011-11-12,1025.41820
2011-11-13,1025.66260
2011-11-14,1025.90750
2011-11-15,1026.15230
2011-11-16,1026.39720
2011-11-17,1026.64200
2011-11-18,1026.88670
2011-11-19,1025.41820
2011-11-20,1025.66290
2011-11-21,1025.90900
2011-11-22,1026.15630
2011-11-23,1026.40350
2011-11-24,1026.65070
2011-11-25,1026.89950
2011-11-26,1025.41860
2011-11-27,1025.66660
2011-11-28,1025.91500
2011-11-29,1026.16340
2011-11-30,1026.41170
2011-12-01,1026.66010
2011-12-02,1026.90570
2011-12-03,1025.41870
2011-12-04,1025.66430
2011-12-05,1025.91110
2011-12-06,1026.15740
2011-12-07,1026.40530
2011-12-08,1026.65320
2011-12-09,1026.90130
2011-12-10,1025.42170
2011-12-11,1025.66830
2011-12-12,1025.91490
2011-12-13,1026.16290
2011-12-14,1026.41130
2011-12-15,1026.66290
2011-12-16,1026.91680
2011-12-17,1025.42250
2011-12-18,1025.67570
2011-12-19,1025.93190
2011-12-20,1026.19010
2011-12-21,1026.44970
2011-12-22,1026.71330
2011-12-23,1026.97670
2011-12-24,1025.42250
2011-12-25,1025.68490
2011-12-26,1025.94710
2011-12-27,1026.21000
2011-12-28,1026.47010
2011-12-29,1026.73130
2011-12-30,1026.99220
2011-12-31,1025.42450
2012-01-01,1025.68510
2012-01-02,1025.94370
2012-01-03,1026.19920
2012-01-04,1026.45660
2012-01-05,1026.71670
2012-01-06,1026.97820
2012-01-07,1025.42480
2012-01-08,1025.68340
2012-01-09,1025.94250
2012-01-10,1026.19670
2012-01-11,1026.45450
2012-01-12,1026.71050
2012-01-13,1026.96740
2012-01-14,1025.42590
2012-01-15,1025.68190
2012-01-16,1025.93900
2012-01-17,1026.19940
2012-01-18,1026.46160
2012-01-19,1026.72360
2012-01-20,1026.98490
2012-01-21,1025.42720
2012-01-22,1025.68740
2012-01-23,1025.95040
2012-01-24,1026.21340
2012-01-25,1026.47800
2012-01-26,1026.74230
2012-01-27,1027.00670
2012-01-28,1025.42880
2012-01-29,1025.69360
2012-01-30,1025.96210
2012-01-31,1026.22510
2012-02-01,1026.49160
2012-02-02,1026.75260
2012-02-03,1027.01450
2012-02-04,1025.43170
2012-02-05,1025.69170
2012-02-06,1025.95060
2012-02-07,1026.21030
2012-02-08,1026.46980
2012-02-09,1026.74850
2012-02-10,1027.00730
2012-02-11,1025.43620
2012-02-12,1025.69420
2012-02-13,1025.95290
2012-02-14,1026.21040
2012-02-15,1026.46780
2012-02-16,1026.72520
2012-02-17,1026.98380
2012-02-18,1025.43770
2012-02-19,1025.69570
2012-02-20,1025.95390
2012-02-21,1026.21480
2012-02-22,1026.47740
2012-02-23,1026.73990
2012-02-24,1027.00240
2012-02-25,1025.43880
2012-02-26,1025.70060
2012-02-27,1025.96110
2012-02-28,1026.22170
2012-02-29,1026.48470
2012-03-01,1026.74810
2012-03-02,1027.01130
2012-03-03,1025.44160
2012-03-04,1025.70510
2012-03-05,1025.96580
2012-03-06,1026.23120
2012-03-07,1026.47720
2012-03-08,1026.74530
2012-03-09,1027.00520
2012-03-10,1025.44230
2012-03-11,1025.70170
2012-03-12,1025.96300
2012-03-13,1026.22490
2012-03-14,1026.49460
2012-03-15,1026.76480
2012-03-16,1027.03570
2012-03-17,1025.44490
2012-03-18,1025.71510
2012-03-19,1025.98530
2012-03-20,1026.25550
2012-03-21,1026.52440
2012-03-22,1026.79490
2012-03-23,1025.44850
2012-03-24,1025.71920
2012-03-25,1025.98930
2012-03-26,1026.25470
2012-03-27,1026.54360
2012-03-28,1026.83810
2012-03-29,1027.14110
2012-03-30,1027.43490
2012-03-31,1026.14800
2012-04-01,1026.45390
2012-04-02,1026.76060
2012-04-03,1027.05540
2012-04-04,1027.33790
2012-04-05,1026.14970
2012-04-06,1026.43140
2012-04-07,1026.71360
2012-04-08,1026.99570
2012-04-09,1027.28200
2012-04-10,1027.56900
2012-04-11,1027.85720
2012-04-12,1028.14670
2012-04-13,1028.43830
2012-04-14,1026.15280
2012-04-15,1026.44360
2012-04-16,1026.73440
2012-04-17,1027.02530
2012-04-18,1029.75570
2012-04-19,1029.98310
2012-04-20,1030.16540
2012-04-21,1028.59620
2012-04-22,1028.84660
2012-04-23,1028.87600
2012-04-24,1029.08610
2012-04-25,1029.38710
2012-04-26,1029.69610
2012-04-27,1029.95030
2012-04-28,1028.59780
2012-04-29,1028.85150
2012-04-30,1028.91730
2012-05-01,1029.17400
2012-05-02,1029.37690
2012-05-03,1029.63480
2012-05-04,1029.95750
2012-05-05,1028.64460
2012-05-06,1028.89290
2012-05-07,1029.16060
2012-05-08,1029.44340
2012-05-09,1029.68960
2012-05-10,1029.97290
2012-05-11,1030.24300
2012-05-12,1028.90100
2012-05-13,1029.13810
2012-05-14,1029.38250
2012-05-15,1029.73660
2012-05-16,1030.03700
2012-05-17,1030.31790
2012-05-18,1030.48810
2012-05-19,1029.02320
2012-05-20,1029.25660
2012-05-21,1029.46670
2012-05-22,1029.74030
2012-05-23,1030.00830
2012-05-24,1030.25790
2012-05-25,1030.46380
2012-05-26,1029.02640
2012-05-27,1029.26030
2012-05-28,1029.54810
2012-05-29,1029.76630
2012-05-30,1029.99610
2012-05-31,1030.26930
2012-06-01,1030.52230
2012-06-02,1029.05230
2012-06-03,1029.27960
2012-06-04,1029.47660
2012-06-05,1029.72300
2012-06-06,1029.94920
2012-06-07,1030.18990
2012-06-08,1030.44120
2012-06-09,1029.05610
2012-06-10,1029.28710
2012-06-11,1029.50760
2012-06-12,1029.75760
2012-06-13,1030.02740
2012-06-14,1030.25940
2012-06-15,1030.49650
2012-06-16,1029.08160
2012-06-17,1029.29990
2012-06-18,1029.44100
2012-06-19,1029.60330
2012-06-20,1029.84800
2012-06-21,1030.16270
2012-06-22,1030.43990
2012-06-23,1029.08370
2012-06-24,1029.31240
2012-06-25,1029.51170
2012-06-26,1029.75240
2012-06-27,1030.07270
2012-06-28,1030.31210
2012-06-29,1030.55990
2012-06-30,1029.21990
2012-07-01,1029.45930
2012-07-02,1029.69920
2012-07-03,1030.15020
2012-07-04,1030.27820
2012-07-05,1030.98780
2012-07-06,1030.98610
2012-07-07,1029.55350
2012-07-08,1029.79620
2012-07-09,1030.06620
2012-07-10,1030.22360
2012-07-11,1030.50120
2012-07-12,1030.74880
2012-07-13,1031.04780
2012-07-14,1029.76590
2012-07-15,1029.99370
2012-07-16,1030.15740
2012-07-17,1030.45740
2012-07-18,1030.68610
2012-07-19,1030.94950
2012-07-20,1031.17780
2012-07-21,1029.79560
2012-07-22,1030.02270
2012-07-23,1030.25640
2012-07-24,1030.48470
2012-07-25,1030.73820
2012-07-26,1030.93370
2012-07-27,1031.14700
2012-07-28,1029.79640
2012-07-29,1030.02200
2012-07-30,1030.16710
2012-07-31,1030.39390
2012-08-01,1030.69020
2012-08-02,1030.91750
2012-08-03,1031.16800
2012-08-04,1029.90100
2012-08-05,1030.12930
2012-08-06,1030.44290
2012-08-07,1030.65610
2012-08-08,1030.86120
2012-08-09,1031.08860
2012-08-10,1031.31170
2012-08-11,1029.99470
2012-08-12,1030.22460
2012-08-13,1030.45300
2012-08-14,1030.64190
2012-08-15,1030.86980
2012-08-16,1031.19530
2012-08-17,1031.42770
2012-08-18,1030.10450
2012-08-19,1030.33190
2012-08-20,1030.55840
2012-08-21,1030.77300
2012-08-22,1030.99460
2012-08-23,1031.24390
2012-08-24,1031.46870
2012-08-25,1030.13470
2012-08-26,1030.35350
2012-08-27,1030.57630
2012-08-28,1030.73490
2012-08-29,1030.98110
2012-08-30,1031.21880
2012-08-31,1031.49510
2012-09-01,1030.21500
2012-09-02,1030.44270
2012-09-03,1030.67900
2012-09-04,1030.92370
2012-09-05,1031.19690
2012-09-06,1031.34550
2012-09-07,1031.58290
2012-09-08,1030.31320
2012-09-09,1030.53060
2012-09-10,1030.72350
2012-09-11,1030.95900
2012-09-12,1031.15480
2012-09-13,1031.41010
2012-09-14,1031.71070
2012-09-15,1030.43280
2012-09-16,1030.65930
2012-09-17,1030.83970
2012-09-18,1031.06710
2012-09-19,1031.29440
2012-09-20,1031.51920
2012-09-21,1031.75940
2012-09-22,1030.45360
2012-09-23,1030.67750
2012-09-24,1030.89170
2012-09-25,1031.09310
2012-09-26,1031.32010
2012-09-27,1031.51010
2012-09-28,1031.76480
2012-09-29,1030.49060
2012-09-30,1030.71770
2012-10-01,1030.93370
2012-10-02,1031.15970
2012-10-03,1031.49200
2012-10-04,1031.82120
2012-10-05,1031.94880
2012-10-06,1030.73000
2012-10-07,1030.93650
2012-10-08,1031.12900
2012-10-09,1031.34640
2012-10-10,1031.57500
2012-10-11,1031.79510
2012-10-12,1032.01900
2012-10-13,1030.75100
2012-10-14,1030.97310
2012-10-15,1031.19700
2012-10-16,1031.41500
2012-10-17,1031.63080
2012-10-18,1031.84390
2012-10-19,1032.08090
2012-10-20,1030.76870
2012-10-21,1030.99210
2012-10-22,1031.21240
2012-10-23,1031.44120
2012-10-24,1031.66670
2012-10-25,1031.87160
2012-10-26,1030.76930
2012-10-27,1030.99600
2012-10-28,1031.22240
2012-10-29,1031.45110
2012-10-30,1031.67280
2012-10-31,1031.89180
2012-11-01,1032.12300
2012-11-02,1032.36960
2012-11-03,1031.29430
2012-11-04,1031.58810
2012-11-05,1031.81670
2012-11-06,1032.03640
2012-11-07,1032.25580
2012-11-08,1032.48080
2012-11-09,1032.70240
2012-11-10,1031.29610
2012-11-11,1031.52100
2012-11-12,1031.74950
2012-11-13,1031.97550
2012-11-14,1032.20150
2012-11-15,1032.43040
2012-11-16,1032.65340
2012-11-17,1031.29940
2012-11-18,1031.52060
2012-11-19,1031.74490
2012-11-20,1031.96970
2012-11-21,1032.19520
2012-11-22,1032.41180
2012-11-23,1032.63610
2012-11-24,1031.30240
2012-11-25,1031.52900
2012-11-26,1031.74680
2012-11-27,1031.95220
2012-11-28,1032.17850
2012-11-29,1032.40730
2012-11-30,1032.63540
2012-12-01,1031.33300
2012-12-02,1031.55570
2012-12-03,1031.77880
2012-12-04,1032.00750
2012-12-05,1032.23010
2012-12-06,1032.44240
2012-12-07,1032.65290
2012-12-08,1031.34620
2012-12-09,1031.56990
2012-12-10,1031.74290
2012-12-11,1031.94690
2012-12-12,1032.17370
2012-12-13,1032.45590
2012-12-14,1032.65210
2012-12-15,1031.41160
2012-12-16,1031.63970
2012-12-17,1031.89060
2012-12-18,1032.09970
2012-12-19,1032.31290
2012-12-20,1032.50770
2012-12-21,1032.76730
2012-12-22,1031.49290
2012-12-23,1031.72420
2012-12-24,1031.95370
2012-12-25,1032.18240
2012-12-26,1032.42320
2012-12-27,1032.64670
2012-12-28,1032.88490
2012-12-29,1031.55350
2012-12-30,1031.78290
2012-12-31,1032.01880
2013-01-01,1032.40450
2013-01-02,1032.67090
2013-01-03,1032.89630
2013-01-04,1033.15590
2013-01-05,1031.97610
2013-01-06,1032.19860
2013-01-07,1032.40640
2013-01-08,1032.64760
2013-01-09,1032.86380
2013-01-10,1033.08520
2013-01-11,1033.31330
2013-01-12,1032.00700
2013-01-13,1032.23030
2013-01-14,1032.45330
2013-01-15,1032.68060
2013-01-16,1032.89660
2013-01-17,1033.12340
2013-01-18,1033.36260
2013-01-19,1032.03060
2013-01-20,1032.25210
2013-01-21,1032.47330
2013-01-22,1032.70800
2013-01-23,1032.94660
2013-01-24,1033.17460
2013-01-25,1032.07120
2013-01-26,1032.29490
2013-01-27,1032.51640
2013-01-28,1032.73640
2013-01-29,1033.00340
2013-01-30,1033.29290
2013-01-31,1033.43960
2013-02-01,1033.66350
2013-02-02,1032.19510
2013-02-03,1032.41480
2013-02-04,1032.60560
2013-02-05,1032.82580
2013-02-06,1033.02570
2013-02-07,1033.24860
2013-02-08,1033.44050
2013-02-09,1032.20390
2013-02-10,1032.42270
2013-02-11,1032.63710
2013-02-12,1032.85270
2013-02-13,1033.06410
2013-02-14,1033.26080
2013-02-15,1033.47840
2013-02-16,1032.20410
2013-02-17,1032.42530
2013-02-18,1032.69280
2013-02-19,1032.91270
2013-02-20,1033.12960
2013-02-21,1033.34630
2013-02-22,1033.56140
2013-02-23,1032.20920
2013-02-24,1032.42820
2013-02-25,1032.64560
2013-02-26,1032.86140
2013-02-27,1033.08180
2013-02-28,1033.21490
2013-03-01,1033.45170
2013-03-02,1032.23120
2013-03-03,1032.45270
2013-03-04,1032.67240
2013-03-05,1032.93850
2013-03-06,1033.18670
2013-03-07,1033.54930
2013-03-08,1033.73200
2013-03-09,1032.46160
2013-03-10,1032.69140
2013-03-11,1032.92080
2013-03-12,1033.14310
2013-03-13,1033.52460
2013-03-14,1033.98200
2013-03-15,1034.23280
2013-03-16,1032.46590
2013-03-17,1032.70260
2013-03-18,1032.87090
2013-03-19,1033.18300
2013-03-20,1033.42720
2013-03-21,1033.72690
2013-03-22,1034.13120
2013-03-23,1032.76630
2013-03-24,1033.00980
2013-03-25,1033.20850
2013-03-26,1033.08690
2013-03-27,1033.33510
2013-03-28,1033.52430
2013-03-29,1032.78380
2013-03-30,1033.03510
2013-03-31,1033.28970
2013-04-01,1033.54380
2013-04-02,1035.07570
2013-04-03,1035.34650
2013-04-04,1035.63850
2013-04-05,1035.89280
2013-04-06,1034.09700
2013-04-07,1034.30260
2013-04-08,1034.40890
2013-04-09,1034.62170
2013-04-10,1034.83700
2013-04-11,1035.04940
2013-04-12,1035.27780
2013-04-13,1034.13840
2013-04-14,1034.35050
2013-04-15,1034.56540
2013-04-16,1034.76130
2013-04-17,1034.97540
2013-04-18,1035.17730
2013-04-19,1034.16650
2013-04-20,1034.37460
2013-04-21,1034.58110
2013-04-22,1034.76030
2013-04-23,1034.98250
2013-04-24,1035.19800
2013-04-25,1035.41360
2013-04-26,1035.62520
2013-04-27,1034.59450
2013-04-28,1034.81020
2013-04-29,1035.03460
2013-04-30,1035.22170
2013-05-01,1035.43790
2013-05-02,1035.67690
2013-05-03,1035.87010
2013-05-04,1034.81700
2013-05-05,1035.03380
2013-05-06,1035.29630
2013-05-07,1035.51510
2013-05-08,1035.72590
2013-05-09,1035.90570
2013-05-10,1036.13080
2013-05-11,1035.03030
2013-05-12,1035.23640
2013-05-13,1035.40070
2013-05-14,1035.62110
2013-05-15,1035.83630
2013-05-16,1036.04450
2013-05-17,1036.26140
2013-05-18,1035.24400
2013-05-19,1035.45290
2013-05-20,1035.64220
2013-05-21,1035.84270
2013-05-22,1036.02210
2013-05-23,1036.26750
2013-05-24,1036.48820
2013-05-25,1035.45660
2013-05-26,1035.66590
2013-05-27,1035.87370
2013-05-28,1036.08560
2013-05-29,1036.29220
2013-05-30,1036.50560
2013-05-31,1036.72220
2013-06-01,1035.49040
2013-06-02,1035.68830
2013-06-03,1035.89200
2013-06-04,1036.10000
2013-06-05,1036.29960
2013-06-06,1036.50390
2013-06-07,1036.71160
2013-06-08,1035.49720
2013-06-09,1035.70090
2013-06-10,1035.87920
2013-06-11,1036.06380
2013-06-12,1036.27130
2013-06-13,1036.46950
2013-06-14,1036.65380
2013-06-15,1035.50450
2013-06-16,1035.69930
2013-06-17,1035.91670
2013-06-18,1036.15120
2013-06-19,1036.48800
2013-06-20,1036.61600
2013-06-21,1036.80720
2013-06-22,1035.69040
2013-06-23,1035.89730
2013-06-24,1036.10700
2013-06-25,1036.29790
2013-06-26,1036.52180
2013-06-27,1036.75810
2013-06-28,1037.12000
2013-06-29,1035.91060
2013-06-30,1036.11450
2013-07-01,1036.32270
2013-07-02,1036.85540
2013-07-03,1037.19670
2013-07-04,1037.46700
2013-07-05,1037.66420
2013-07-06,1036.34610
2013-07-07,1036.53830
2013-07-08,1036.65590
2013-07-09,1036.88970
2013-07-10,1037.09280
2013-07-11,1037.27490
2013-07-12,1037.48770
2013-07-13,1036.39600
2013-07-14,1036.59850
2013-07-15,1036.80110
2013-07-16,1034.39400
2013-07-17,1035.06820
2013-07-18,1035.88910
2013-07-19,1036.19490
2013-07-20,1036.42650
2013-07-21,1036.65810
2013-07-22,1036.79840
2013-07-23,1036.42350
2013-07-24,1035.67120
2013-07-25,1035.84870
2013-07-26,1036.15140
2013-07-27,1036.43280
2013-07-28,1036.71420
2013-07-29,1036.99650
2013-07-30,1037.31970
2013-07-31,1037.59450
2013-08-01,1037.96240
2013-08-02,1038.54530
2013-08-03,1037.51110
2013-08-04,1037.78510
2013-08-05,1038.43720
2013-08-06,1038.53170
2013-08-07,1038.78660
2013-08-08,1039.12850
2013-08-09,1038.08920
2013-08-10,1038.35740
2013-08-11,1038.62400
2013-08-12,1038.42700
2013-08-13,1038.54930
2013-08-14,1039.04610
2013-08-15,1039.34080
2013-08-16,1039.59840
2013-08-17,1038.47240
2013-08-18,1038.76740
2013-08-19,1039.00750
2013-08-20,1039.31690
2013-08-21,1039.71650
2013-08-22,1040.04730
2013-08-23,1040.39290
2013-08-24,1038.95630
2013-08-25,1039.23490
2013-08-26,1039.50350
2013-08-27,1039.81410
2013-08-28,1040.11770
2013-08-29,1040.41200
2013-08-30,1040.68640
2013-08-31,1039.20520
2013-09-01,1039.49600
2013-09-02,1039.79190
2013-09-03,1040.08770
2013-09-04,1040.55960
2013-09-05,1041.01860
2013-09-06,1041.03510
2013-09-07,1039.69810
2013-09-08,1039.96210
2013-09-09,1040.22840
2013-09-10,1040.71810
2013-09-11,1041.01240
2013-09-12,1041.29740
2013-09-13,1041.52370
2013-09-14,1039.95070
2013-09-15,1040.24030
2013-09-16,1040.61050
2013-09-17,1040.85300
2013-09-18,1041.20540
2013-09-19,1041.95170
2013-09-20,1042.09210
2013-09-21,1040.60210
2013-09-22,1040.88340
2013-09-23,1041.51010
2013-09-24,1041.77180
2013-09-25,1042.19420
2013-09-26,1042.32680
2013-09-27,1042.72120
2013-09-28,1041.20770
2013-09-29,1041.48070
2013-09-30,1041.76060
2013-10-01,1042.09030
2013-10-02,1042.35800
2013-10-03,1042.70050
2013-10-04,1042.97560
2013-10-05,1041.31510
2013-10-06,1041.56790
2013-10-07,1041.86090
2013-10-08,1042.40340
2013-10-09,1042.63800
2013-10-10,1042.91020
2013-10-11,1043.16320
2013-10-12,1041.59320
2013-10-13,1041.84370
2013-10-14,1042.04350
2013-10-15,1042.36810
2013-10-16,1042.61790
2013-10-17,1042.88860
2013-10-18,1043.11040
2013-10-19,1041.64220
2013-10-20,1041.88410
2013-10-21,1042.13300
2013-10-22,1042.39150
2013-10-23,1042.63280
2013-10-24,1042.88470
2013-10-25,1043.11630
2013-10-26,1041.66110
2013-10-27,1041.90700
2013-10-28,1042.14270
2013-10-29,1042.46540
2013-10-30,1042.71190
2013-10-31,1042.95740
2013-11-01,1043.19300
2013-11-02,1041.70280
2013-11-03,1041.94370
2013-11-04,1042.18280
2013-11-05,1042.44920
2013-11-06,1042.68120
2013-11-07,1042.90510
2013-11-08,1043.10220
2013-11-09,1041.71400
2013-11-10,1041.95570
2013-11-11,1042.17220
2013-11-12,1042.42370
2013-11-13,1042.67280
2013-11-14,1042.91320
2013-11-15,1041.72640
2013-11-16,1041.96820
2013-11-17,1042.21050
2013-11-18,1042.45190
2013-11-19,1042.69800
2013-11-20,1042.94280
2013-11-21,1043.18580
2013-11-22,1043.43190
2013-11-23,1041.73800
2013-11-24,1041.98300
2013-11-25,1042.20890
2013-11-26,1042.45880
2013-11-27,1042.71100
2013-11-28,1042.95870
2013-11-29,1043.23440
2013-11-30,1041.83410
2013-12-01,1042.05070
2013-12-02,1042.29920
2013-12-03,1042.60230
2013-12-04,1042.85680
2013-12-05,1043.05850
2013-12-06,1043.26560
2013-12-07,1041.96240
2013-12-08,1042.17680
2013-12-09,1042.32680
2013-12-10,1042.53250
2013-12-11,1042.77380
2013-12-12,1043.07320
2013-12-13,1043.29330
2013-12-14,1042.09060
2013-12-15,1042.27610
2013-12-16,1042.39290
2013-12-17,1042.56100
2013-12-18,1042.72520
2013-12-19,1042.81810
2013-12-20,1043.06240
2013-12-21,1042.10970
2013-12-22,1042.35510
2013-12-23,1042.60350
2013-12-24,1042.89040
2013-12-25,1043.13160
2013-12-26,1043.31380
2013-12-27,1043.53890
2013-12-28,1042.17000
2013-12-29,1042.41380
2013-12-30,1042.66530
2013-12-31,1042.93550
2014-01-01,1043.21810
2014-01-02,1043.52220
2014-01-03,1043.74420
2014-01-04,1042.32510
2014-01-05,1042.54520
2014-01-06,1042.71200
2014-01-07,1042.89310
2014-01-08,1043.03690
2014-01-09,1043.26110
2014-01-10,1043.56230
2014-01-11,1042.40810
2014-01-12,1042.63640
2014-01-13,1042.86350
2014-01-14,1043.10030
2014-01-15,1043.30710
2014-01-16,1043.55180
2014-01-17,1043.78170
2014-01-18,1042.42350
2014-01-19,1042.66640
2014-01-20,1042.90540
2014-01-21,1043.20400
2014-01-22,1043.43840
2014-01-23,1043.68770
2014-01-24,1043.88820
2014-01-25,1042.55280
2014-01-26,1042.77630
2014-01-27,1042.99790
2014-01-28,1043.21820
2014-01-29,1043.43850
2014-01-30,1043.66720
2014-01-31,1043.92560
2014-02-01,1042.59770
2014-02-02,1042.82680
2014-02-03,1043.05140
2014-02-04,1043.28500
2014-02-05,1043.51140
2014-02-06,1043.73920
2014-02-07,1043.93330
2014-02-08,1042.61840
2014-02-09,1042.85170
2014-02-10,1043.03440
2014-02-11,1043.20180
2014-02-12,1043.44040
2014-02-13,1043.64470
2014-02-14,1043.90340
2014-02-15,1042.67620
2014-02-16,1042.92310
2014-02-17,1043.20080
2014-02-18,1043.48560
2014-02-19,1043.71660
2014-02-20,1043.93270
2014-02-21,1044.16960
2014-02-22,1042.82300
2014-02-23,1043.05630
2014-02-24,1043.29350
2014-02-25,1043.52370
2014-02-26,1043.75230
2014-02-27,1043.97970
2014-02-28,1044.28580
2014-03-01,1042.93120
2014-03-02,1043.16310
2014-03-03,1043.31580
2014-03-04,1043.46350
2014-03-05,1043.77820
2014-03-06,1043.97740
2014-03-07,1044.22300
2014-03-08,1043.05810
2014-03-09,1043.28100
2014-03-10,1043.46710
2014-03-11,1043.73400
2014-03-12,1044.06210
2014-03-13,1044.22790
2014-03-14,1044.56440
2014-03-15,1043.26500
2014-03-16,1043.51590
2014-03-17,1043.77140
2014-03-18,1043.99630
2014-03-19,1044.18680
2014-03-20,1044.43800
2014-03-21,1044.70360
2014-03-22,1043.43270
2014-03-23,1043.67040
2014-03-24,1044.03380
2014-03-25,1044.24050
2014-03-26,1044.43690
2014-03-27,1044.58970
2014-03-28,1044.57400
2014-03-29,1043.56170
2014-03-30,1043.84560
2014-03-31,1044.12720
2014-04-01,1044.40880
2014-04-02,1045.13440
2014-04-03,1045.39250
2014-04-04,1045.65150
2014-04-05,1044.10520
2014-04-06,1044.33110
2014-04-07,1044.61420
2014-04-08,1044.84590
2014-04-09,1045.07290
2014-04-10,1045.30440
2014-04-11,1045.52530
2014-04-12,1044.15870
2014-04-13,1044.39160
2014-04-14,1044.62320
2014-04-15,1044.84650
2014-04-16,1045.10180
2014-04-17,1045.30460
2014-04-18,1044.18620
2014-04-19,1044.40830
2014-04-20,1044.62990
2014-04-21,1044.93820
2014-04-22,1045.26780
2014-04-23,1045.58060
2014-04-24,1045.91150
2014-04-25,1046.24400
2014-04-26,1044.19580
2014-04-27,1044.52090
2014-04-28,1044.84480
2014-04-29,1045.09380
2014-04-30,1045.34210
2014-05-01,1045.58600
2014-05-02,1045.81850
2014-05-03,1044.20620
2014-05-04,1044.43100
2014-05-05,1044.65750
2014-05-06,1044.88360
2014-05-07,1045.10920
2014-05-08,1045.33770
2014-05-09,1045.56960
2014-05-10,1044.21150
2014-05-11,1044.44440
2014-05-12,1044.67310
2014-05-13,1044.90970
2014-05-14,1045.15810
2014-05-15,1045.40380
2014-05-16,1045.64190
2014-05-17,1044.25980
2014-05-18,1044.47810
2014-05-19,1044.70330
2014-05-20,1044.93360
2014-05-21,1045.16320
2014-05-22,1045.39020
2014-05-23,1045.61800
2014-05-24,1044.27600
2014-05-25,1044.50290
2014-05-26,1044.72630
2014-05-27,1044.95120
2014-05-28,1045.17630
2014-05-29,1045.39910
2014-05-30,1045.61500
2014-05-31,1044.28540
2014-06-01,1044.49800
2014-06-02,1044.72270
2014-06-03,1044.94470
2014-06-04,1045.16610
2014-06-05,1045.38390
2014-06-06,1045.61090
2014-06-07,1044.29740
2014-06-08,1044.51450
2014-06-09,1044.74100
2014-06-10,1044.97440
2014-06-11,1045.20340
2014-06-12,1045.42620
2014-06-13,1045.63520
2014-06-14,1044.30590
2014-06-15,1044.51520
2014-06-16,1044.75920
2014-06-17,1045.00250
2014-06-18,1045.22980
2014-06-19,1045.45200
2014-06-20,1045.67010
2014-06-21,1044.31330
2014-06-22,1044.52950
2014-06-23,1044.75420
2014-06-24,1044.97740
2014-06-25,1045.20330
2014-06-26,1045.43390
2014-06-27,1045.66810
2014-06-28,1044.31760
2014-06-29,1044.55470
2014-06-30,1044.80760
2014-07-01,1045.04380
2014-07-02,1045.27260
2014-07-03,1045.49260
2014-07-04,1045.71070
2014-07-05,1044.32680
2014-07-06,1044.54680
2014-07-07,1044.77280
2014-07-08,1045.00790
2014-07-09,1045.25530
2014-07-10,1045.50300
2014-07-11,1045.74670
2014-07-12,1044.33310
2014-07-13,1044.57540
2014-07-14,1044.81250
2014-07-15,1045.04480
2014-07-16,1045.28120
2014-07-17,1045.51130
2014-07-18,1045.74070
2014-07-19,1044.33760
2014-07-20,1044.56760
2014-07-21,1044.80510
2014-07-22,1045.05490
2014-07-23,1045.30380
2014-07-24,1045.55520
2014-07-25,1045.79910
2014-07-26,1044.34380
2014-07-27,1044.59000
2014-07-28,1044.83680
2014-07-29,1045.08370
2014-07-30,1045.31430
2014-07-31,1045.54020
2014-08-01,1045.76550
2014-08-02,1044.35090
2014-08-03,1044.57770
2014-08-04,1044.79990
2014-08-05,1045.00930
2014-08-06,1045.23280
2014-08-07,1045.46430
2014-08-08,1045.69140
2014-08-09,1044.35670
2014-08-10,1044.58170
2014-08-11,1044.82330
2014-08-12,1045.05340
2014-08-13,1045.28030
2014-08-14,1045.50670
2014-08-15,1044.36340
2014-08-16,1044.58680
2014-08-17,1044.81290
2014-08-18,1045.03910
2014-08-19,1045.26720
2014-08-20,1045.49830
2014-08-21,1045.72080
2014-08-22,1045.93700
2014-08-23,1044.37060
2014-08-24,1044.58850
2014-08-25,1044.81270
2014-08-26,1045.03300
2014-08-27,1045.25470
2014-08-28,1045.47770
2014-08-29,1044.37980
2014-08-30,1044.60400
2014-08-31,1044.82680
2014-09-01,1045.04640
2014-09-02,1045.25090
2014-09-03,1045.45180
2014-09-04,1045.65740
2014-09-05,1045.86760
2014-09-06,1044.38650
2014-09-07,1044.59780
2014-09-08,1044.82160
2014-09-09,1045.04410
2014-09-10,1045.26620
2014-09-11,1045.48360
2014-09-12,1045.70020
2014-09-13,1044.39430
2014-09-14,1044.61300
2014-09-15,1044.83840
2014-09-16,1045.06850
2014-09-17,1045.29350
2014-09-18,1045.51760
2014-09-19,1045.73570
2014-09-20,1044.40270
2014-09-21,1044.61860
2014-09-22,1044.84190
2014-09-23,1045.06500
2014-09-24,1045.28790
2014-09-25,1045.51090
2014-09-26,1045.73300
2014-09-27,1044.40960
2014-09-28,1044.62660
2014-09-29,1044.85000
2014-09-30,1045.07710
2014-10-01,1045.28890
2014-10-02,1044.41360
2014-10-03,1044.62280
2014-10-04,1044.83430
2014-10-05,1045.04580
2014-10-06,1045.25730
2014-10-07,1045.47790
2014-10-08,1045.69600
2014-10-09,1045.91530
2014-10-10,1046.13590
2014-10-11,1044.41800
2014-10-12,1044.63950
2014-10-13,1044.85930
2014-10-14,1045.08150
2014-10-15,1045.30380
2014-10-16,1045.52900
2014-10-17,1045.74390
2014-10-18,1044.42580
2014-10-19,1044.64430
2014-10-20,1044.86900
2014-10-21,1045.10560
2014-10-22,1045.34760
2014-10-23,1044.43440
2014-10-24,1044.67780
2014-10-25,1044.91950
2014-10-26,1045.16120
2014-10-27,1045.38900
2014-10-28,1045.61640
2014-10-29,1045.84130
2014-10-30,1046.06490
2014-10-31,1046.26880
2014-11-01,1044.44260
2014-11-02,1044.64660
2014-11-03,1044.86380
2014-11-04,1045.08100
2014-11-05,1045.29680
2014-11-06,1045.51260
2014-11-07,1045.73020
2014-11-08,1044.44980
2014-11-09,1044.66500
2014-11-10,1044.88670
2014-11-11,1045.10910
2014-11-12,1045.34510
2014-11-13,1045.57490
2014-11-14,1045.79350
2014-11-15,1044.45560
2014-11-16,1044.67160
2014-11-17,1044.89800
2014-11-18,1045.12290
2014-11-19,1045.34630
2014-11-20,1045.56870
2014-11-21,1045.78960
2014-11-22,1044.45960
2014-11-23,1044.67930
2014-11-24,1044.90190
2014-11-25,1045.12710
2014-11-26,1045.35260
2014-11-27,1045.57800
2014-11-28,1045.79800
2014-11-29,1044.46470
2014-11-30,1044.68220
2014-12-01,1044.90680
2014-12-02,1045.12970
2014-12-03,1045.35200
2014-12-04,1045.57480
2014-12-05,1045.79660
2014-12-06,1044.46880
2014-12-07,1044.69070
2014-12-08,1044.91370
2014-12-09,1045.13730
2014-12-10,1045.36180
2014-12-11,1045.58620
2014-12-12,1045.80700
2014-12-13,1044.47420
2014-12-14,1044.69130
2014-12-15,1044.92140
2014-12-16,1045.15610
2014-12-17,1045.40450
2014-12-18,1045.64460
2014-12-19,1045.87910
2014-12-20,1044.47960
2014-12-21,1044.71450
2014-12-22,1044.94820
2014-12-23,1045.17760
2014-12-24,1045.40430
2014-12-25,1045.63090
2014-12-26,1045.85260
2014-12-27,1044.49060
2014-12-28,1044.71320
2014-12-29,1044.94350
2014-12-30,1045.17760
2014-12-31,1045.42530
2015-01-01,1045.65380
2015-01-02,1045.87670
2015-01-03,1044.49890
2015-01-04,1044.72420
2015-01-05,1044.94660
2015-01-06,1045.17440
2015-01-07,1045.39960
2015-01-08,1045.62690
2015-01-09,1045.84960
2015-01-10,1044.50710
2015-01-11,1044.72790
2015-01-12,1044.95510
2015-01-13,1045.18590
2015-01-14,1045.41750
2015-01-15,1045.63990
2015-01-16,1045.86310
2015-01-17,1044.51140
2015-01-18,1044.73660
2015-01-19,1044.95970
2015-01-20,1045.18390
2015-01-21,1045.40830
2015-01-22,1045.62840
2015-01-23,1045.84800
2015-01-24,1044.52050
2015-01-25,1044.73910
2015-01-26,1044.95840
2015-01-27,1045.18070
2015-01-28,1045.40560
2015-01-29,1045.62320
2015-01-30,1045.83900
2015-01-31,1044.52790
2015-02-01,1044.74490
2015-02-02,1044.96280
2015-02-03,1045.17740
2015-02-04,1045.39180
2015-02-05,1045.60620
2015-02-06,1045.82250
2015-02-07,1044.53570
2015-02-08,1044.75290
2015-02-09,1044.97660
2015-02-10,1045.18930
2015-02-11,1045.40540
2015-02-12,1045.62430
2015-02-13,1045.83860
2015-02-14,1044.54390
2015-02-15,1044.75650
2015-02-16,1044.97580
2015-02-17,1045.19520
2015-02-18,1045.41360
2015-02-19,1045.63210
2015-02-20,1045.84840
2015-02-21,1044.54970
2015-02-22,1044.76570
2015-02-23,1044.98690
2015-02-24,1045.20690
2015-02-25,1045.42590
2015-02-26,1045.64510
2015-02-27,1045.86050
2015-02-28,1044.55520
2015-03-01,1044.77170
2015-03-02,1044.98630
2015-03-03,1045.19630
2015-03-04,1045.39590
2015-03-05,1045.58950
2015-03-06,1044.56250
2015-03-07,1044.75520
2015-03-08,1044.94850
2015-03-09,1045.15590
2015-03-10,1045.36490
2015-03-11,1045.57710
2015-03-12,1045.78800
2015-03-13,1045.99840
2015-03-14,1044.57070
2015-03-15,1044.77490
2015-03-16,1044.99490
2015-03-17,1045.20810
2015-03-18,1045.41830
2015-03-19,1045.62570
2015-03-20,1045.83020
2015-03-21,1044.57860
2015-03-22,1044.78130
2015-03-23,1044.98790
2015-03-24,1045.19390
2015-03-25,1045.40120
2015-03-26,1045.60890
2015-03-27,1045.82080
2015-03-28,1044.59290
2015-03-29,1044.80000
2015-03-30,1045.02530
2015-03-31,1045.29180
2015-04-01,1044.60230
2015-04-02,1044.87130
2015-04-03,1045.14040
2015-04-04,1045.40950
2015-04-05,1045.67860
2015-04-06,1045.88120
2015-04-07,1046.08350
2015-04-08,1046.28910
2015-04-09,1046.50070
2015-04-10,1046.71150
2015-04-11,1044.61650
2015-04-12,1044.82540
2015-04-13,1045.03610
2015-04-14,1045.24680
2015-04-15,1045.46130
2015-04-16,1045.67790
2015-04-17,1045.88720
2015-04-18,1044.63150
2015-04-19,1044.84210
2015-04-20,1045.05810
2015-04-21,1045.27320
2015-04-22,1045.48460
2015-04-23,1045.70070
2015-04-24,1045.91960
2015-04-25,1044.64500
2015-04-26,1044.86290
2015-04-27,1045.08050
2015-04-28,1045.29770
2015-04-29,1045.51610
2015-04-30,1045.73180
2015-05-01,1044.65700
2015-05-02,1044.86900
2015-05-03,1045.08440
2015-05-04,1045.29990
2015-05-05,1045.51570
2015-05-06,1045.72560
2015-05-07,1045.93600
2015-05-08,1046.14980
2015-05-09,1044.67170
2015-05-10,1044.88710
2015-05-11,1045.10320
2015-05-12,1045.31850
2015-05-13,1045.53390
2015-05-14,1045.74880
2015-05-15,1045.95970
2015-05-16,1044.68170
2015-05-17,1044.89160
2015-05-18,1045.10790
2015-05-19,1045.32530
2015-05-20,1045.54060
2015-05-21,1045.75470
2015-05-22,1045.97090
2015-05-23,1044.69210
2015-05-24,1044.91250
2015-05-25,1045.12890
2015-05-26,1045.34430
2015-05-27,1045.56080
2015-05-28,1045.77680
2015-05-29,1045.99270
2015-05-30,1044.70780
2015-05-31,1044.91770
2015-06-01,1045.13120
2015-06-02,1045.33930
2015-06-03,1045.54070
2015-06-04,1045.74040
2015-06-05,1045.94120
2015-06-06,1044.71700
2015-06-07,1044.92120
2015-06-08,1045.12420
2015-06-09,1045.33020
2015-06-10,1045.53860
2015-06-11,1045.74410
2015-06-12,1045.93300
2015-06-13,1044.73540
2015-06-14,1044.92460
2015-06-15,1045.12640
2015-06-16,1045.33020
2015-06-17,1045.53450
2015-06-18,1045.73660
2015-06-19,1045.93940
2015-06-20,1044.74950
2015-06-21,1044.95010
2015-06-22,1045.15260
2015-06-23,1045.35660
2015-06-24,1045.56010
2015-06-25,1045.76470
2015-06-26,1045.96770
2015-06-27,1044.75710
2015-06-28,1044.95820
2015-06-29,1045.16110
2015-06-30,1045.36610
2015-07-01,1045.56780
2015-07-02,1045.76440
2015-07-03,1045.96190
2015-07-04,1044.76940
2015-07-05,1044.96470
2015-07-06,1045.16180
2015-07-07,1045.36210
2015-07-08,1045.56340
2015-07-09,1045.76650
2015-07-10,1045.96160
2015-07-11,1044.78270
2015-07-12,1044.98060
2015-07-13,1045.18260
2015-07-14,1045.38610
2015-07-15,1045.58830
2015-07-16,1045.79050
2015-07-17,1045.99360
2015-07-18,1044.79460
2015-07-19,1044.99820
2015-07-20,1045.20100
2015-07-21,1045.40480
2015-07-22,1045.60860
2015-07-23,1045.81110
2015-07-24,1046.00280
2015-07-25,1044.80850
2015-07-26,1044.99800
2015-07-27,1045.19930
2015-07-28,1045.40160
2015-07-29,1045.60440
2015-07-30,1045.80760
2015-07-31,1046.00580
2015-08-01,1046.20390
2015-08-02,1046.40200
2015-08-03,1046.60140
2015-08-04,1046.80060
2015-08-05,1047.00260
2015-08-06,1047.20480
2015-08-07,1047.39570
2015-08-08,1047.58670
2015-08-09,1047.77770
2015-08-10,1047.97840
2015-08-11,1048.17990
2015-08-12,1048.38220
2015-08-13,1048.58510
2015-08-14,1048.78690
2015-08-15,1048.98880
2015-08-16,1049.19070
2015-08-17,1049.39390
2015-08-18,1049.59710
2015-08-19,1049.80000
2015-08-20,1050.00330
2015-08-21,1050.19300
2015-08-22,1050.38270
2015-08-23,1050.57240
2015-08-24,1050.77690
2015-08-25,1050.98140
2015-08-26,1051.18600
2015-08-27,1051.39080
2015-08-28,1051.59500
2015-08-29,1051.79920
2015-08-30,1052.00340
2015-08-31,1052.20440
2015-09-01,1052.34150
2015-09-02,1052.54060
2015-09-03,1052.74240
2015-09-04,1052.93930
2015-09-05,1053.13400
2015-09-06,1053.32870
2015-09-07,1053.53250
2015-09-08,1053.72980
2015-09-09,1053.93420
2015-09-10,1054.13850
2015-09-11,1054.33810
2015-09-12,1054.53980
2015-09-13,1054.74140
2015-09-14,1054.93810
2015-09-15,1055.14530
2015-09-16,1055.34380
2015-09-17,1055.54960
2015-09-18,1055.75520
2015-09-19,1055.95730
2015-09-20,1056.15940
2015-09-21,1056.36520
2015-09-22,1056.49440
2015-09-23,1056.69960
2015-09-24,1056.91240
2015-09-25,1057.12080
2015-09-26,1057.32950
2015-09-27,1057.53860
2015-09-28,1057.75150
2015-09-29,1058.24230
2015-09-30,1058.46220
2015-10-01,1058.67240
2015-10-02,1058.86450
2015-10-03,1059.05650
2015-10-04,1059.24880
2015-10-05,1059.43120
2015-10-06,1059.64150
2015-10-07,1059.83660
2015-10-08,1060.02220
2015-10-09,1060.21250
2015-10-10,1060.40630
2015-10-11,1060.60070
2015-10-12,1060.79550
2015-10-13,1060.98300
2015-10-14,1061.20030
2015-10-15,1061.39510
2015-10-16,1061.67110
2015-10-17,1061.86000
2015-10-18,1062.04890
2015-10-19,1062.11290
2015-10-20,1062.31070
2015-10-21,1062.50610
2015-10-22,1062.70150
2015-10-23,1063.01280
2015-10-24,1063.20560
2015-10-25,1063.39860
2015-10-26,1063.59310
2015-10-27,1063.78050
2015-10-28,1063.85490
2015-10-29,1064.05290
2015-10-30,1064.35590
2015-10-31,1064.54580
2015-11-01,1064.73580
2015-11-02,1064.87370
2015-11-03,1064.94630
2015-11-04,1065.10560
2015-11-05,1065.35590
2015-11-06,1065.64150
2015-11-07,1065.83320
2015-11-08,1066.02480
2015-11-09,1066.21590
2015-11-10,1066.46200
2015-11-11,1066.65240
2015-11-12,1066.84280
2015-11-13,1067.07350
2015-11-14,1067.26140
2015-11-15,1067.44930
2015-11-16,1067.49690
2015-11-17,1067.64160
2015-11-18,1067.83970
2015-11-19,1068.06070
2015-11-20,1068.44650
2015-11-21,1068.62250
2015-11-22,1068.79860
2015-11-23,1068.88150
2015-11-24,1069.11230
2015-11-25,1069.29030
2015-11-26,1069.43220
2015-11-27,1069.62320
2015-11-28,1069.81440
2015-11-29,1070.00530
2015-11-30,1070.17910
2015-12-01,1070.35060
2015-12-02,1070.54760
2015-12-03,1070.71070
2015-12-04,1071.05750
2015-12-05,1071.21850
2015-12-06,1071.37950
2015-12-07,1071.45860
2015-12-08,1071.65700
2015-12-09,1071.85610
2015-12-10,1071.92730
2015-12-11,1072.19600
2015-12-12,1072.37470
2015-12-13,1072.55360
2015-12-14,1072.70220
2015-12-15,1072.90480
2015-12-16,1073.10700
2015-12-17,1073.27510
2015-12-18,1073.65880
2015-12-19,1073.84290
2015-12-20,1074.02700
2015-12-21,1073.94710
2015-12-22,1074.14770
2015-12-23,1074.34840
2015-12-24,1074.54910
2015-12-25,1074.74980
2015-12-26,1074.95050
2015-12-27,1075.15120
2015-12-28,1075.35180
2015-12-29,1075.55250
2015-12-30,1075.71540
2015-12-31,1075.96980
2016-01-01,1076.41260
2016-01-02,1076.55230
2016-01-03,1076.69200
2016-01-04,1076.70370
2016-01-05,1076.90460
2016-01-06,1077.10550
2016-01-07,1077.14870
2016-01-08,1077.36870
2016-01-09,1077.55820
2016-01-10,1077.74780
2016-01-11,1077.92180
2016-01-12,1078.09420
2016-01-13,1078.29360
2016-01-14,1078.46720
2016-01-15,1078.66560
2016-01-16,1078.86410
2016-01-17,1079.06250
2016-01-18,1079.26090
2016-01-19,1079.42520
2016-01-20,1079.63200
2016-01-21,1079.83640
2016-01-22,1080.03640
2016-01-23,1080.23640
2016-01-24,1080.43630
2016-01-25,1080.63630
2016-01-26,1080.83620
2016-01-27,1080.98810
2016-01-28,1081.27900
2016-01-29,1081.47060
2016-01-30,1081.66230
2016-01-31,1081.85490
2016-02-01,1082.04660
2016-02-02,1082.22350
2016-02-03,1082.42720
2016-02-04,1082.43560
2016-02-05,1082.63370
2016-02-06,1082.83180
2016-02-07,1083.02990
2016-02-08,1083.16390
2016-02-09,1083.36320
2016-02-10,1083.56260
2016-02-11,1083.76190
2016-02-12,1084.15610
2016-02-13,1084.34780
2016-02-14,1084.53940
2016-02-15,1084.51590
2016-02-16,1084.79060
2016-02-17,1084.94440
2016-02-18,1085.14440
2016-02-19,1085.34500
2016-02-20,1085.54500
2016-02-21,1085.74550
2016-02-22,1085.96170
2016-02-23,1086.16690
2016-02-24,1086.37210
2016-02-25,1086.57010
2016-02-26,1086.76810
2016-02-27,1086.96610
2016-02-28,1087.16410
2016-02-29,1087.36200
2016-03-01,1087.55180
2016-03-02,1087.75100
2016-03-03,1088.00030
2016-03-04,1088.19700
2016-03-05,1088.39320
2016-03-06,1088.58990
2016-03-07,1088.78610
2016-03-08,1088.96580
2016-03-09,1089.16910
2016-03-10,1089.28140
2016-03-11,1089.48110
2016-03-12,1089.68070
2016-03-13,1089.88030
2016-03-14,1090.06320
2016-03-15,1090.26380
2016-03-16,1090.45060
2016-03-17,1090.70050
2016-03-18,1091.18310
2016-03-19,1091.36600
2016-03-20,1091.54890
2016-03-21,1091.65920
2016-03-22,1091.65670
2016-03-23,1092.14600
2016-03-24,1092.30460
2016-03-25,1092.46320
2016-03-26,1092.62180
2016-03-27,1092.78040
2016-03-28,1092.84320
2016-03-29,1093.04940
2016-03-30,1093.27630
2016-03-31,1093.39760
2016-04-01,1093.59280
2016-04-02,1093.78750
2016-04-03,1093.98280
2016-04-04,1094.17750
2016-04-05,1094.37300
2016-04-06,1094.59470
2016-04-07,1094.78810
2016-04-08,1094.98140
2016-04-09,1095.17480
2016-04-10,1095.36810
2016-04-11,1095.58940
2016-04-12,1095.78570
2016-04-13,1095.97300
2016-04-14,1096.16030
2016-04-15,1096.34760
2016-04-16,1096.53490
2016-04-17,1096.72210
2016-04-18,1096.90940
2016-04-19,1097.09670
2016-04-20,1097.28400
2016-04-21,1097.38700
2016-04-22,1097.57550
2016-04-23,1097.76400
2016-04-24,1097.95210
2016-04-25,1098.13640
2016-04-26,1098.30870
2016-04-27,1098.49820
2016-04-28,1098.66990
2016-04-29,1098.86200
2016-04-30,1099.05410
2016-05-01,1099.24670
2016-05-02,1099.42160
2016-05-03,1099.60630
2016-05-04,1099.89160
2016-05-05,1099.98330
2016-05-06,1100.16860
2016-05-07,1100.35390
2016-05-08,1100.53920
2016-05-09,1100.72440
2016-05-10,1100.86790
2016-05-11,1101.06460
2016-05-12,1101.24590
2016-05-13,1101.52450
2016-05-14,1101.61710
2016-05-15,1101.70970
2016-05-16,1101.77040
2016-05-17,1101.96320
2016-05-18,1102.15600
2016-05-19,1102.23720
2016-05-20,1102.46490
2016-05-21,1102.63930
2016-05-22,1102.81390
2016-05-23,1103.00670
2016-05-24,1103.19430
2016-05-25,1103.38750
2016-05-26,1103.51480
2016-05-27,1104.06270
2016-05-28,1104.08710
2016-05-29,1104.11150
2016-05-30,1104.30590
2016-05-31,1104.50400
2016-06-01,1104.69890
2016-06-02,1104.90410
2016-06-03,1105.12790
2016-06-04,1105.30340
2016-06-05,1105.47950
2016-06-06,1105.67240
2016-06-07,1105.86240
2016-06-08,1106.06180
2016-06-09,1106.20300
2016-06-10,1106.64840
2016-06-11,1106.71310
2016-06-12,1106.77770
2016-06-13,1106.98290
2016-06-14,1107.17920
2016-06-15,1107.35870
2016-06-16,1107.55990
2016-06-17,1108.05490
2016-06-18,1108.11840
2016-06-19,1108.18180
2016-06-20,1108.37360
2016-06-21,1108.53680
2016-06-22,1108.72580
2016-06-23,1108.93650
2016-06-24,1109.23050
2016-06-25,1109.36090
2016-06-26,1109.49070
2016-06-27,1109.53260
2016-06-28,1109.72800
2016-06-29,1109.98260
2016-06-30,1110.17460
2016-07-01,1110.75700
2016-07-02,1110.78410
2016-07-03,1110.81130
2016-07-04,1111.04540
2016-07-05,1111.37830
2016-07-06,1111.43810
2016-07-07,1111.63150
2016-07-08,1112.12740
2016-07-09,1112.19090
2016-07-10,1112.25430
2016-07-11,1112.39850
2016-07-12,1112.59290
2016-07-13,1112.69970
2016-07-14,1112.98010
2016-07-15,1113.18890
2016-07-16,1113.35940
2016-07-17,1113.52920
2016-07-18,1113.71780
2016-07-19,1113.90560
2016-07-20,1114.07190
2016-07-21,1114.21850
2016-07-22,1114.66840
2016-07-23,1114.74850
2016-07-24,1114.82860
2016-07-25,1115.01940
2016-07-26,1115.18100
2016-07-27,1115.32410
2016-07-28,1115.51480
2016-07-29,1115.70540
2016-07-30,1115.89600
2016-07-31,1116.08660
2016-08-01,1116.28580
2016-08-02,1116.42310
2016-08-03,1116.60840
2016-08-04,1116.79370
2016-08-05,1117.30320
2016-08-06,1117.32170
2016-08-07,1117.34030
2016-08-08,1117.45410
2016-08-09,1117.65650
2016-08-10,1117.84370
2016-08-11,1118.03090
2016-08-12,1118.75100
2016-08-13,1118.76960
2016-08-14,1118.78820
2016-08-15,1118.80670
2016-08-16,1118.99200
2016-08-17,1119.17730
2016-08-18,1119.36260
2016-08-19,1119.54790
2016-08-20,1119.73320
2016-08-21,1119.91850
2016-08-22,1120.08010
2016-08-23,1120.28010
2016-08-24,1120.48000
2016-08-25,1120.59390
2016-08-26,1120.78680
2016-08-27,1120.97980
2016-08-28,1121.17370
2016-08-29,1121.33530
2016-08-30,1121.53520
2016-08-31,1121.73640
2016-09-01,1121.75860
2016-09-02,1122.32560
2016-09-03,1122.34780
2016-09-04,1122.37000
2016-09-05,1122.39230
2016-09-06,1122.50980
2016-09-07,1122.71370
2016-09-08,1122.90560
2016-09-09,1123.09750
2016-09-10,1123.28940
2016-09-11,1123.48140
2016-09-12,1123.86440
2016-09-13,1123.88670
2016-09-14,1124.07770
2016-09-15,1124.30340
2016-09-16,1124.69800
2016-09-17,1124.72020
2016-09-18,1124.74240
2016-09-19,1124.93530
2016-09-20,1125.12820
2016-09-21,1125.37220
2016-09-22,1125.56340
2016-09-23,1125.75460
2016-09-24,1125.94580
2016-09-25,1126.13700
2016-09-26,1126.33940
2016-09-27,1126.54340
2016-09-28,1126.66120
2016-09-29,1126.86520
2016-09-30,1127.05740
2016-10-01,1127.24960
2016-10-02,1127.44170
2016-10-03,1127.63390
2016-10-04,1127.92200
2016-10-05,1128.12610
2016-10-06,1128.33010
2016-10-07,1128.51470
2016-10-08,1128.69920
2016-10-09,1128.88370
2016-10-10,1129.36480
2016-10-11,1129.38710
2016-10-12,1129.40940
2016-10-13,1129.59500
2016-10-14,1130.11330
2016-10-15,1130.13560
2016-10-16,1130.15790
2016-10-17,1130.34250
2016-10-18,1130.48890
2016-10-19,1130.69310
2016-10-20,1130.87870
2016-10-21,1131.39710
2016-10-22,1131.41940
2016-10-23,1131.44160
2016-10-24,1131.62340
2016-10-25,1131.77270
2016-10-26,1131.97690
2016-10-27,1132.00020
2016-10-28,1132.18680
2016-10-29,1132.37350
2016-10-30,1132.56010
2016-10-31,1132.74670
2016-11-01,1132.93330
2016-11-02,1133.10200
2016-11-03,1133.28890
2016-11-04,1133.71330
2016-11-05,1133.73670
2016-11-06,1133.76000
2016-11-07,1133.96550
2016-11-08,1134.17100
2016-11-09,1134.35980
2016-11-10,1134.59040
2016-11-11,1134.77560
2016-11-12,1134.96080
2016-11-13,1135.14600
2016-11-14,1135.33120
2016-11-15,1135.55510
2016-11-16,1135.75990
2016-11-17,1135.93870
2016-11-18,1136.11740
2016-11-19,1136.29620
2016-11-20,1136.47500
2016-11-21,1136.65370
2016-11-22,1136.83250
2016-11-23,1137.01230
2016-11-24,1137.19110
2016-11-25,1137.37090
2016-11-26,1137.54970
2016-11-27,1137.72950
2016-11-28,1137.90830
2016-11-29,1138.08810
2016-11-30,1138.26690
2016-12-01,1138.28890
2016-12-02,1138.46400
2016-12-03,1138.63920
2016-12-04,1138.81430
2016-12-05,1138.98940
2016-12-06,1139.16450
2016-12-07,1139.33970
2016-12-08,1139.51480
2016-12-09,1139.68990
2016-12-10,1139.86600
2016-12-11,1140.04110
2016-12-12,1140.21720
2016-12-13,1140.37130
2016-12-14,1140.54740
2016-12-15,1140.72350
2016-12-16,1140.90040
2016-12-17,1141.07740
2016-12-18,1141.25440
2016-12-19,1141.08120
2016-12-20,1141.26960
2016-12-21,1141.45800
2016-12-22,1141.64650
2016-12-23,1141.83590
2016-12-24,1142.02530
2016-12-25,1142.21470
2016-12-26,1142.40420
2016-12-27,1142.59360
2016-12-28,1142.78300
2016-12-29,1143.03030
2016-12-30,1143.61910
2016-12-31,1143.64300
2017-01-01,1143.66690
2017-01-02,1143.78660
2017-01-03,1143.99280
2017-01-04,1144.17650
2017-01-05,1144.36020
2017-01-06,1144.54390
2017-01-07,1144.72760
2017-01-08,1144.91130
2017-01-09,1145.09500
2017-01-10,1145.21270
2017-01-11,1145.40410
2017-01-12,1145.62290
2017-01-13,1145.80420
2017-01-14,1145.98540
2017-01-15,1146.16660
2017-01-16,1146.34680
2017-01-17,1146.52370
2017-01-18,1146.70400
2017-01-19,1146.72820
2017-01-20,1146.91220
2017-01-21,1147.09620
2017-01-22,1147.28020
2017-01-23,1147.46420
2017-01-24,1147.54590
2017-01-25,1147.94420
2017-01-26,1147.96840
2017-01-27,1148.14630
2017-01-28,1148.32410
2017-01-29,1148.50190
2017-01-30,1148.68930
2017-01-31,1148.83630
2017-02-01,1149.02460
2017-02-02,1149.21300
2017-02-03,1149.40820
2017-02-04,1149.58770
2017-02-05,1149.76720
2017-02-06,1149.94150
2017-02-07,1150.13450
2017-02-08,1150.32040
2017-02-09,1150.50990
2017-02-10,1150.69940
2017-02-11,1150.88790
2017-02-12,1151.07740
2017-02-13,1151.26600
2017-02-14,1151.45560
2017-02-15,1151.64580
2017-02-16,1151.83530
2017-02-17,1152.03360
2017-02-18,1152.21420
2017-02-19,1152.39380
2017-02-20,1152.58300
2017-02-21,1152.77120
2017-02-22,1152.96040
2017-02-23,1153.14870
2017-02-24,1153.33790
2017-02-25,1153.52610
2017-02-26,1153.71530
2017-02-27,1153.90460
2017-02-28,1154.06200
2017-03-01,1154.27090
2017-03-02,1154.12650
2017-03-03,1154.32850
2017-03-04,1154.50190
2017-03-05,1154.67620
2017-03-06,1154.85780
2017-03-07,1155.04040
2017-03-08,1155.32950
2017-03-09,1155.51180
2017-03-10,1156.26850
2017-03-11,1156.28680
2017-03-12,1156.30500
2017-03-13,1156.32330
2017-03-14,1156.50030
2017-03-15,1156.66540
2017-03-16,1156.84230
2017-03-17,1157.41470
2017-03-18,1157.42420
2017-03-19,1157.43370
2017-03-20,1157.60540
2017-03-21,1157.77230
2017-03-22,1157.89380
2017-03-23,1158.10630
2017-03-24,1158.63320
2017-03-25,1158.64270
2017-03-26,1158.65220
2017-03-27,1158.82650
2017-03-28,1159.00080
2017-03-29,1159.20350
2017-03-30,1159.41940
2017-03-31,1160.09340
2017-04-01,1160.09100
2017-04-02,1160.08860
2017-04-03,1160.24770
2017-04-04,1160.40670
2017-04-05,1160.56580
2017-04-06,1160.72490
2017-04-07,1160.88410
2017-04-08,1161.04320
2017-04-09,1161.20340
2017-04-10,1161.36260
2017-04-11,1161.52190
2017-04-12,1161.68120
2017-04-13,1162.22910
2017-04-14,1162.22670
2017-04-15,1162.22430
2017-04-16,1162.22190
2017-04-17,1162.41130
2017-04-18,1162.56160
2017-04-19,1162.77820
2017-04-20,1162.77590
2017-04-21,1162.95410
2017-04-22,1163.13220
2017-04-23,1163.31040
2017-04-24,1163.48860
2017-04-25,1163.66670
2017-04-26,1163.84490
2017-04-27,1164.02310
2017-04-28,1164.20130
2017-04-29,1164.37950
2017-04-30,1164.55780
2017-05-01,1164.73600
2017-05-02,1164.91420
2017-05-03,1165.09250
2017-05-04,1165.27070
2017-05-05,1165.44890
2017-05-06,1165.62710
2017-05-07,1165.80540
2017-05-08,1165.98360
2017-05-09,1166.21090
2017-05-10,1166.20870
2017-05-11,1166.42560
2017-05-12,1166.98740
2017-05-13,1166.98520
2017-05-14,1166.98290
2017-05-15,1167.17260
2017-05-16,1167.36240
2017-05-17,1167.55090
2017-05-18,1167.45110
2017-05-19,1167.64420
2017-05-20,1167.83730
2017-05-21,1168.03040
2017-05-22,1168.24020
2017-05-23,1168.35460
2017-05-24,1168.54890
2017-05-25,1168.74310
2017-05-26,1168.93740
2017-05-27,1169.13170
2017-05-28,1169.32590
2017-05-29,1169.49740
2017-05-30,1169.71510
2017-05-31,1169.90940
2017-06-01,1170.10370
2017-06-02,1170.29790
2017-06-03,1170.49220
2017-06-04,1170.68650
2017-06-05,1170.88070
2017-06-06,1171.07500
2017-06-07,1171.26930
2017-06-08,1171.46360
2017-06-09,1171.65790
2017-06-10,1171.85220
2017-06-11,1172.04650
2017-06-12,1172.24080
2017-06-13,1172.43520
2017-06-14,1172.62960
2017-06-15,1172.80120
2017-06-16,1173.36140
2017-06-17,1173.36190
2017-06-18,1173.36230
2017-06-19,1173.55790
2017-06-20,1173.75340
2017-06-21,1173.94900
2017-06-22,1174.14460
2017-06-23,1174.34010
2017-06-24,1174.53570
2017-06-25,1174.73130
2017-06-26,1174.92680
2017-06-27,1175.12240
2017-06-28,1175.31800
2017-06-29,1175.52470
2017-06-30,1175.71810
2017-07-01,1175.91160
2017-07-02,1176.10500
2017-07-03,1176.29750
2017-07-04,1176.43850
2017-07-05,1176.63780
2017-07-06,1176.83690
2017-07-07,1177.03600
2017-07-08,1177.23510
2017-07-09,1177.43410
2017-07-10,1177.63360
2017-07-11,1177.83330
2017-07-12,1178.03300
2017-07-13,1178.01900
2017-07-14,1178.21190
2017-07-15,1178.40490
2017-07-16,1178.59790
2017-07-17,1178.80250
2017-07-18,1178.91670
2017-07-19,1179.14380
2017-07-20,1179.33790
2017-07-21,1179.53200
2017-07-22,1179.72610
2017-07-23,1179.92020
2017-07-24,1180.11420
2017-07-25,1180.30380
2017-07-26,1180.49800
2017-07-27,1180.68980
2017-07-28,1181.26930
2017-07-29,1181.26810
2017-07-30,1181.26700
2017-07-31,1181.46240
2017-08-01,1181.65780
2017-08-02,1181.85320
2017-08-03,1181.85360
2017-08-04,1182.04250
2017-08-05,1182.23140
2017-08-06,1182.42030
2017-08-07,1182.60920
2017-08-08,1182.79820
2017-08-09,1182.98710
2017-08-10,1183.17600
2017-08-11,1183.36490
2017-08-12,1183.55390
2017-08-13,1183.74280
2017-08-14,1184.07480
2017-08-15,1184.07520
2017-08-16,1184.43830
2017-08-17,1184.43860
2017-08-18,1184.62870
2017-08-19,1184.81880
2017-08-20,1185.00890
2017-08-21,1185.19450
2017-08-22,1185.38460
2017-08-23,1185.57250
2017-08-24,1185.76270
2017-08-25,1185.95300
2017-08-26,1186.14320
2017-08-27,1186.33350
2017-08-28,1186.52370
2017-08-29,1186.71400
2017-08-30,1186.90420
2017-08-31,1187.09840
2017-09-01,1187.28750
2017-09-02,1187.47660
2017-09-03,1187.66570
2017-09-04,1187.88290
2017-09-05,1188.06850
2017-09-06,1188.25420
2017-09-07,1188.44840
2017-09-08,1188.97990
2017-09-09,1188.98020
2017-09-10,1188.98060
2017-09-11,1189.16620
2017-09-12,1189.34490
2017-09-13,1189.53400
2017-09-14,1189.71850
2017-09-15,1189.90880
2017-09-16,1190.09910
2017-09-17,1190.28820
2017-09-18,1190.23640
2017-09-19,1190.40680
2017-09-20,1190.58860
2017-09-21,1190.77970
2017-09-22,1190.97080
2017-09-23,1191.16190
2017-09-24,1191.35300
2017-09-25,1191.54410
2017-09-26,1191.74050
2017-09-27,1191.91200
2017-09-28,1192.11860
2017-09-29,1192.30970
2017-09-30,1192.50090
2017-10-01,1192.69200
2017-10-02,1192.88310
2017-10-03,1193.07430
2017-10-04,1193.26550
2017-10-05,1193.45660
2017-10-06,1194.03300
2017-10-07,1194.03410
2017-10-08,1194.03530
2017-10-09,1194.20690
2017-10-10,1194.40270
2017-10-11,1194.59940
2017-10-12,1194.81760
2017-10-13,1195.38130
2017-10-14,1195.38240
2017-10-15,1195.38360
2017-10-16,1195.56900
2017-10-17,1195.70720
2017-10-18,1196.65880
2017-10-19,1196.65990
2017-10-20,1196.66110
2017-10-21,1196.66220
2017-10-22,1196.66340
2017-10-23,1196.85110
2017-10-24,1197.03880
2017-10-25,1197.22540
2017-10-26,1197.22850
2017-10-27,1197.41810
2017-10-28,1197.60770
2017-10-29,1197.79730
2017-10-30,1197.98800
2017-10-31,1198.17760
2017-11-01,1198.36930
2017-11-02,1198.55890
2017-11-03,1198.74970
2017-11-04,1198.93940
2017-11-05,1199.13020
2017-11-06,1199.31990
2017-11-07,1199.51070
2017-11-08,1199.74000
2017-11-09,1199.92860
2017-11-10,1200.11710
2017-11-11,1200.30570
2017-11-12,1200.49430
2017-11-13,1200.68290
2017-11-14,1200.87150
2017-11-15,1201.06010
2017-11-16,1201.24880
2017-11-17,1201.75020
2017-11-18,1201.75240
2017-11-19,1201.75470
2017-11-20,1201.94560
2017-11-21,1202.13660
2017-11-22,1202.32750
2017-11-23,1202.51850
2017-11-24,1202.70940
2017-11-25,1202.90160
2017-11-26,1203.09250
2017-11-27,1203.28460
2017-11-28,1203.47560
2017-11-29,1203.66770
2017-11-30,1203.85870
2017-12-01,1204.05080
2017-12-02,1204.24170
2017-12-03,1204.43380
2017-12-04,1204.62480
2017-12-05,1204.81690
2017-12-06,1205.00790
2017-12-07,1205.01220
2017-12-08,1205.20720
2017-12-09,1205.40250
2017-12-10,1205.59790
2017-12-11,1205.79280
2017-12-12,1205.98770
2017-12-13,1206.18330
2017-12-14,1206.37900
2017-12-15,1206.57470
2017-12-16,1206.77040
2017-12-17,1206.96610
2017-12-18,1207.16180
2017-12-19,1207.35750
2017-12-20,1207.29630
2017-12-21,1207.70390
2017-12-22,1207.89960
2017-12-23,1208.09530
2017-12-24,1208.29100
2017-12-25,1208.48670
2017-12-26,1208.68140
2017-12-27,1208.87730
2017-12-28,1209.00580
2017-12-29,1209.56350
2017-12-30,1209.56640
2017-12-31,1209.56930
2018-01-01,1209.76750
2018-01-02,1209.96570
2018-01-03,1210.16390
2018-01-04,1210.44030
2018-01-05,1210.63520
2018-01-06,1210.83000
2018-01-07,1211.02490
2018-01-08,1211.21970
2018-01-09,1211.46150
2018-01-10,1211.62680
2018-01-11,1211.81890
2018-01-12,1212.01210
2018-01-13,1212.20420
2018-01-14,1212.39750
2018-01-15,1212.58960
2018-01-16,1212.78290
2018-01-17,1212.97500
2018-01-18,1213.16830
2018-01-19,1213.36040
2018-01-20,1213.55370
2018-01-21,1213.74590
2018-01-22,1213.93920
2018-01-23,1214.12550
2018-01-24,1214.30280
2018-01-25,1214.49870
2018-01-26,1214.69470
2018-01-27,1214.89070
2018-01-28,1215.08660
2018-01-29,1215.28260
2018-01-30,1215.48190
2018-01-31,1215.68000
2018-02-01,1215.68630
2018-02-02,1215.87870
2018-02-03,1216.07110
2018-02-04,1216.26350
2018-02-05,1216.45590
2018-02-06,1216.64840
2018-02-07,1216.84080
2018-02-08,1217.03430
2018-02-09,1217.22670
2018-02-10,1217.42020
2018-02-11,1217.61260
2018-02-12,1217.80730
2018-02-13,1218.00090
2018-02-14,1218.19560
2018-02-15,1218.38990
2018-02-16,1218.58400
2018-02-17,1218.77700
2018-02-18,1218.97110
2018-02-19,1219.16410
2018-02-20,1219.35820
2018-02-21,1219.55120
2018-02-22,1219.74530
2018-02-23,1219.93860
2018-02-24,1220.13300
2018-02-25,1220.32630
2018-02-26,1220.49670
2018-02-27,1220.69220
2018-02-28,1220.88770
2018-03-01,1221.08320
2018-03-02,1221.27870
2018-03-03,1221.47430
2018-03-04,1221.67090
2018-03-05,1221.86640
2018-03-06,1222.08850
2018-03-07,1222.28290
2018-03-08,1222.47730
2018-03-09,1222.67170
2018-03-10,1222.86620
2018-03-11,1223.06050
2018-03-12,1223.25450
2018-03-13,1223.44850
2018-03-14,1223.64250
2018-03-15,1223.83660
2018-03-16,1224.03060
2018-03-17,1224.22460
2018-03-18,1224.41870
2018-03-19,1224.61270
2018-03-20,1224.80670
2018-03-21,1225.01860
2018-03-22,1224.99690
2018-03-23,1225.53560
2018-03-24,1225.54180
2018-03-25,1225.54800
2018-03-26,1225.77090
2018-03-27,1226.00310
2018-03-28,1227.08980
2018-03-29,1227.09600
2018-03-30,1227.10220
2018-03-31,1227.10840
2018-04-01,1227.11460
2018-04-02,1227.12070
2018-04-03,1227.31890
2018-04-04,1227.51700
2018-04-05,1227.79570
2018-04-06,1228.35910
2018-04-07,1228.36530
2018-04-08,1228.37150
2018-04-09,1228.56350
2018-04-10,1228.78020
2018-04-11,1228.96900
2018-04-12,1229.15790
2018-04-13,1229.34670
2018-04-14,1229.53560
2018-04-15,1229.72450
2018-04-16,1229.91330
2018-04-17,1230.10220
2018-04-18,1230.29100
2018-04-19,1230.29100
2018-04-20,1230.29720
2018-04-21,1230.30340
2018-04-22,1230.30960
2018-04-23,1230.47990
2018-04-24,1230.67180
2018-04-25,1230.86690
2018-04-26,1230.87310
2018-04-27,1230.86380
2018-04-28,1230.87620
2018-04-29,1230.88850
2018-04-30,1230.90090
2018-05-01,1230.91330
2018-05-02,1231.07430
2018-05-03,1231.23530
2018-05-04,1231.41800
2018-05-05,1231.60060
2018-05-06,1231.78330
2018-05-07,1231.97520
2018-05-08,1232.17030
2018-05-09,1232.36530
2018-05-10,1232.50150
2018-05-11,1232.69970
2018-05-12,1232.89780
2018-05-13,1233.09600
2018-05-14,1233.32510
2018-05-15,1233.52320
2018-05-16,1233.72140
2018-05-17,1233.90090
2018-05-18,1234.12690
2018-05-19,1234.30960
2018-05-20,1234.49230
2018-05-21,1234.69040
2018-05-22,1234.88850
2018-05-23,1235.08670
2018-05-24,1235.29100
2018-05-25,1235.48920
2018-05-26,1235.68730
2018-05-27,1235.88540
2018-05-28,1236.08360
2018-05-29,1236.28170
2018-05-30,1236.47680
2018-05-31,1236.48300
2018-06-01,1236.68420
2018-06-02,1236.88540
2018-06-03,1237.08670
2018-06-04,1237.13310
2018-06-05,1237.30030
2018-06-06,1237.51080
2018-06-07,1237.68420
2018-06-08,1237.88850
2018-06-09,1238.09290
2018-06-10,1238.29720
2018-06-11,1238.50150
2018-06-12,1238.70590
2018-06-13,1238.91020
2018-06-14,1239.09910
2018-06-15,1239.30650
2018-06-16,1239.51390
2018-06-17,1239.72140
2018-06-18,1239.92880
2018-06-19,1240.12070
2018-06-20,1240.36530
2018-06-21,1240.57890
2018-06-22,1240.78330
2018-06-23,1240.98760
2018-06-24,1241.19200
2018-06-25,1241.39940
2018-06-26,1241.60060
2018-06-27,1241.81110
2018-06-28,1242.02170
2018-06-29,1242.29720
2018-06-30,1242.46750
2018-07-01,1242.63780
2018-07-02,1242.85450
2018-07-03,1243.06190
2018-07-04,1243.31270
2018-07-05,1243.52010
2018-07-06,1243.72760
2018-07-07,1243.93500
2018-07-08,1244.14240
2018-07-09,1244.34980
2018-07-10,1244.55110
2018-07-11,1244.73990
2018-07-12,1244.91640
2018-07-13,1245.19500
2018-07-14,1245.36840
2018-07-15,1245.54180
2018-07-16,1245.75230
2018-07-17,1245.97520
2018-07-18,1246.19200
2018-07-19,1246.38700
2018-07-20,1246.65940
2018-07-21,1246.83590
2018-07-22,1247.01550
2018-07-23,1247.22290
2018-07-24,1247.43960
2018-07-25,1247.62850
2018-07-26,1247.68420
2018-07-27,1248.27860
2018-07-28,1248.30030
2018-07-29,1248.32200
2018-07-30,1248.56350
2018-07-31,1248.78330
2018-08-01,1248.98760
2018-08-02,1249.19810
2018-08-03,1249.60680
2018-08-04,1249.65330
2018-08-05,1249.69970
2018-08-06,1249.91950
2018-08-07,1250.24460
2018-08-08,1250.45820
2018-08-09,1250.66250
2018-08-10,1251.20430
2018-08-11,1251.20430
2018-08-12,1251.20430
2018-08-13,1251.43030
2018-08-14,1251.65330
2018-08-15,1251.86380
2018-08-16,1252.72450
2018-08-17,1252.72450
2018-08-18,1252.72450
2018-08-19,1252.72450
2018-08-20,1252.94120
2018-08-21,1253.35910
2018-08-22,1253.35910
2018-08-23,1253.57590
2018-08-24,1254.23220
2018-08-25,1254.23220
2018-08-26,1254.23220
2018-08-27,1254.44890
2018-08-28,1254.67180
2018-08-29,1254.91020
2018-08-30,1255.11760
2018-08-31,1255.78020
2018-09-01,1255.78020
2018-09-02,1255.79260
2018-09-03,1256.03720
2018-09-04,1256.25700
2018-09-05,1256.49850
2018-09-06,1256.71520
2018-09-07,1257.33750
2018-09-08,1257.34670
2018-09-09,1257.35600
2018-09-10,1257.57590
2018-09-11,1257.77090
2018-09-12,1258.20740
2018-09-13,1258.21670
2018-09-14,1258.88240
2018-09-16,1258.88240
2018-09-17,1259.10530
2018-09-18,1259.32820
2018-09-20,1259.31270
2018-09-23,1259.98760
2018-09-24,1260.18270
2018-09-25,1260.38700
2018-09-26,1260.65940
2018-09-27,1260.86380
2018-09-28,1261.58200
2018-09-30,1261.58200
2018-10-01,1262.05570
2018-10-02,1262.06500
2018-10-03,1262.29100
2018-10-04,1262.54800
2018-10-05,1262.77400
2018-10-07,1263.22600
2018-10-08,1263.50150
2018-10-09,1263.73680
2018-10-10,1263.95980
2018-10-11,1264.23220
2018-10-14,1264.81110
2018-10-15,1265.01860
2018-10-16,1265.24460
2018-10-18,1265.69660
2018-10-19,1266.34370
2018-10-21,1266.35910
2018-10-22,1266.58510
2018-10-23,1266.80500
2018-10-24,1267.03410
2018-10-25,1267.04640
2018-10-28,1267.74300
2018-10-29,1267.94740
2018-10-30,1268.17960
2018-10-31,1268.73680
2018-11-01,1268.96590
2018-11-02,1269.19200
2018-11-04,1269.64400
2018-11-05,1269.86690
2018-11-08,1270.54490
2018-11-11,1271.22290
2018-11-12,1271.44890
2018-11-13,1271.67490
2018-11-14,1271.89780
2018-11-15,1272.12070
2018-11-16,1272.76470
2018-11-18,1272.78950
2018-11-19,1273.01550
2018-11-20,1273.24150
2018-11-21,1273.46750
2018-11-25,1274.37150
2018-11-26,1274.60990
2018-11-27,1274.79570
2018-11-28,1275.05880
2018-11-29,1275.30030
2018-11-30,1275.52320
2018-12-02,1275.96900
2018-12-03,1276.18580
2018-12-04,1276.42410
2018-12-05,1276.63470
2018-12-06,1276.85760
2018-12-09,1277.52630
2018-12-10,1277.74920
2018-12-11,1277.96590
2018-12-12,1278.19200
2018-12-13,1278.41800
2018-12-14,1278.42410
2018-12-16,1278.43030
2018-12-17,1278.65630
2018-12-18,1278.88240
2018-12-19,1279.10840
2018-12-20,1279.30960
2018-12-21,1279.97520
2018-12-23,1279.98140
2018-12-24,1280.42720
2018-12-25,1280.43030
2018-12-26,1280.65630
2018-12-27,1280.88240
2018-12-28,1281.43650
2018-12-30,1281.43650
2018-12-31,1281.67180
2019-01-01,1282.15480
2019-01-02,1282.38080
2019-01-03,1282.60680
2019-01-04,1282.83900
2019-01-06,1283.27860
2019-01-07,1283.58200
2019-01-08,1283.80500
2019-01-09,1284.02790
2019-01-10,1284.23530
2019-01-11,1284.87930
2019-01-13,1284.89160
2019-01-14,1285.11760
2019-01-15,1285.37770
2019-01-16,1285.60060
2019-01-17,1285.82350
2019-01-18,1286.05570
2019-01-20,1286.49540
2019-01-21,1286.71830
2019-01-22,1286.88240
2019-01-23,1287.10840
2019-01-24,1287.35910
2019-01-25,1288.07430
2019-01-27,1288.07430
2019-01-28,1288.29410
2019-01-29,1288.51390
2019-01-30,1288.73370
2019-01-31,1288.95360
2019-02-01,1289.58200
2019-02-03,1289.59440
2019-02-04,1289.82970
2019-02-05,1290.04950
2019-02-06,1290.27550
2019-02-07,1290.50150
2019-02-08,1290.46440
2019-02-10,1290.47680
2019-02-11,1290.64090
2019-02-12,1290.88240
2019-02-13,1291.12380
2019-02-14,1291.36530
2019-02-15,1292.00930
2019-02-17,1292.02170
2019-02-18,1292.45510
2019-02-19,1292.46130
2019-02-20,1292.69660
2019-02-21,1292.85450
2019-02-22,1293.47680
2019-02-24,1293.48920
2019-02-25,1293.75230
2019-02-26,1293.95670
2019-02-27,1294.16410
2019-02-28,1294.39630
2019-03-01,1295.28170
2019-03-04,1295.30030
2019-03-05,1295.55420
2019-03-06,1295.77090
2019-03-07,1295.97210
2019-03-08,1296.63160
2019-03-10,1296.64400
2019-03-11,1296.86380
2019-03-12,1297.09290
2019-03-13,1297.32200
2019-03-14,1297.52630
2019-03-15,1297.74920
2019-03-17,1298.19810
2019-03-18,1298.21050
2019-03-19,1298.36220
2019-03-20,1298.72760
2019-03-21,1298.73990
2019-03-22,1298.90710
2019-03-24,1299.24150
2019-03-25,1299.40870
2019-03-26,1299.57590
2019-03-27,1299.77710
2019-03-28,1299.96590
2019-03-29,1300.17960
2019-03-31,1300.60680
2019-04-01,1300.82040
2019-04-02,1301.03720
2019-04-03,1301.34670
2019-04-04,1301.56350
2019-04-05,1301.82970
2019-04-07,1302.16410
2019-04-08,1302.39320
2019-04-09,1302.60680
2019-04-10,1302.82040
2019-04-11,1303.03410
2019-04-12,1303.48610
2019-04-14,1303.58510
2019-04-15,1303.81110
2019-04-16,1304.03100
2019-04-17,1304.25080
2019-04-18,1304.47060
2019-04-19,1304.69040
2019-04-21,1305.13000
2019-04-22,1305.34980
2019-04-23,1305.56350
2019-04-24,1305.78330
2019-04-25,1306.00930
2019-04-26,1306.22910
2019-04-29,1306.88850
2019-04-30,1307.12690
2019-05-01,1307.32820
2019-05-02,1307.54800
2019-05-03,1307.76780
2019-05-05,1308.20740
2019-05-06,1308.42720
2019-05-07,1308.64710
2019-05-08,1308.86690
2019-05-09,1309.08670
2019-05-10,1309.30650
2019-05-12,1309.74610
2019-05-13,1309.96590
2019-05-14,1310.18890
2019-05-15,1310.40870
2019-05-16,1310.42110
2019-05-17,1311.03410
2019-05-19,1311.07120
2019-05-20,1311.27240
2019-05-21,1311.49230
2019-05-22,1311.69970
2019-05-23,1311.91330
2019-05-24,1312.52630
2019-05-25,1312.53870
2019-05-26,1312.55110
2019-05-27,1312.77090
2019-05-28,1312.96900
2019-05-29,1313.18580
2019-05-30,1313.46130
2019-05-31,1314.00310
2019-06-02,1314.06500
2019-06-03,1314.32200
2019-06-04,1314.55730
2019-06-05,1314.74920
2019-06-06,1314.95980
2019-06-07,1315.54490
2019-06-09,1315.60680
2019-06-10,1315.81110
2019-06-11,1316.02790
2019-06-12,1316.23220
2019-06-13,1316.27240
2019-06-14,1316.47680
2019-06-16,1316.88540
2019-06-17,1317.07430
2019-06-18,1317.26010
2019-06-19,1317.43340
2019-06-20,1317.70590
2019-06-21,1318.29410
2019-06-22,1318.30650
2019-06-23,1318.31890
2019-06-24,1318.51080
2019-06-25,1318.71520
2019-06-26,1318.91950
2019-06-27,1319.09290
2019-06-28,1319.67800
2019-06-30,1319.73370
2019-07-01,1319.92570
2019-07-02,1320.10220
2019-07-03,1320.33750
2019-07-04,1320.53870
2019-07-05,1321.09910
2019-07-07,1321.15480
2019-07-08,1321.34670
2019-07-09,1321.54800
2019-07-10,1321.75540
2019-07-11,1321.78330
2019-07-12,1321.97830
2019-07-14,1322.36840
2019-07-15,1322.56350
2019-07-16,1322.75850
2019-07-17,1322.95360
2019-07-18,1323.14860
2019-07-19,1323.77710
2019-07-21,1323.79570
2019-07-22,1323.97830
2019-07-23,1324.16100
2019-07-24,1324.34370
2019-07-25,1324.52630
2019-07-26,1324.70900
2019-07-27,1324.89160
2019-07-28,1325.07430
2019-07-29,1325.37150
2019-07-30,1325.55420
2019-07-31,1325.29100
2019-08-01,1325.85760
2019-08-02,1326.04640
2019-08-04,1326.42410
2019-08-05,1326.61300
2019-08-06,1326.80190
2019-08-07,1326.99070
2019-08-08,1327.17960
2019-08-09,1327.36840
2019-08-10,1327.55420
2019-08-12,1327.92880
2019-08-13,1328.11760
2019-08-14,1328.24460
2019-08-15,1328.24460
2019-08-16,1328.83900
2019-08-17,1328.83900
2019-08-18,1328.83900
2019-08-19,1329.08980
2019-08-20,1329.27240
2019-08-21,1329.47370
2019-08-22,1329.60990
2019-08-23,1330.21980
2019-08-24,1330.21980
2019-08-25,1330.21980
2019-08-26,1330.36530
2019-08-27,1330.55420
2019-08-28,1330.74300
2019-08-29,1330.93190
2019-08-30,1331.72450
2019-09-02,1331.72450
2019-09-03,1331.84520
2019-09-04,1332.06810
2019-09-05,1332.26320
2019-09-06,1332.44890
2019-09-08,1332.82040
2019-09-09,1333.00620
2019-09-10,1333.19200
2019-09-11,1333.35290
2019-09-12,1333.54180
2019-09-13,1333.73070
2019-09-14,1333.91950
2019-09-15,1334.10840
2019-09-16,1334.10840
2019-09-17,1334.28480
2019-09-18,1334.46130
2019-09-19,1334.63780
2019-09-20,1334.81420
2019-09-22,1335.16720
2019-09-23,1335.34370
2019-09-24,1335.52010
2019-09-25,1335.58820
2019-09-26,1335.77710
2019-09-27,1335.96590
2019-09-29,1336.34370
2019-09-30,1336.53870
2019-10-01,1337.02790
2019-10-02,1337.02790
2019-10-03,1337.21360
2019-10-04,1337.81420
2019-10-06,1337.81420
2019-10-07,1338.00000
2019-10-08,1338.18270
2019-10-09,1338.36840
2019-10-10,1338.53870
2019-10-11,1339.12380
2019-10-13,1339.12380
2019-10-14,1339.30650
2019-10-15,1339.49230
2019-10-16,1339.67180
2019-10-17,1339.65630
2019-10-18,1339.81730
2019-10-21,1340.30030
2019-10-22,1340.46130
2019-10-23,1340.62230
2019-10-24,1340.78330
2019-10-25,1340.94430
2019-10-28,1341.42720
2019-10-29,1341.60990
2019-10-30,1341.75230
2019-10-31,1341.91330
2019-11-01,1342.07430
2019-11-03,1342.39630
2019-11-04,1342.54490
2019-11-05,1342.70900
2019-11-06,1342.87000
2019-11-07,1343.03100
2019-11-08,1343.19500
2019-11-10,1343.52320
2019-11-11,1343.85140
2019-11-12,1343.85140
2019-11-13,1344.01240
2019-11-14,1344.01240
2019-11-15,1344.18890
2019-11-17,1344.54180
2019-11-18,1344.69970
2019-11-19,1344.87620
2019-11-20,1345.08980
2019-11-21,1345.26630
2019-11-22,1345.44270
2019-11-24,1345.79570
2019-11-25,1345.97210
2019-11-26,1346.14860
2019-11-27,1346.32510
2019-11-28,1346.50150
2019-11-29,1346.67800
2019-12-01,1347.03100
2019-12-02,1347.20740
2019-12-03,1347.38390
2019-12-04,1347.58510
2019-12-05,1347.74610
2019-12-06,1347.91950
2019-12-08,1348.26630
2019-12-09,1348.43960
2019-12-10,1348.61610
2019-12-11,1348.78950
2019-12-12,1348.78950
2019-12-13,1349.29100
2019-12-15,1349.33440
2019-12-16,1349.27240
2019-12-17,1349.45820
2019-12-18,1349.63780
2019-12-19,1349.87930
2019-12-20,1350.28790
2019-12-22,1350.33130
2019-12-23,1350.51080
2019-12-24,1350.95360
2019-12-25,1350.97520
2019-12-26,1351.11760
2019-12-27,1351.29410
2019-12-28,1351.47060
2019-12-29,1351.64710
2019-12-30,1351.84830
2019-12-31,1351.98140
2020-01-01,1352.28170
2020-01-02,1352.58200
2020-01-03,1352.96280
2020-01-05,1353.00620
2020-01-06,1353.17650
2020-01-07,1353.34670
2020-01-08,1353.45200
2020-01-09,1353.65630
2020-01-10,1354.07430
2020-01-11,1354.09600
2020-01-12,1354.11760
2020-01-13,1354.21670
2020-01-14,1354.35290
2020-01-15,1354.60060
2020-01-16,1354.76470
2020-01-17,1355.26930
2020-01-19,1355.31270
2020-01-20,1355.48920
2020-01-21,1355.67180
2020-01-22,1355.85140
2020-01-23,1355.99690
2020-01-24,1356.46750
2020-01-25,1356.46750
2020-01-26,1356.46750
2020-01-27,1356.64090
2020-01-28,1356.80500
2020-01-29,1356.97520
2020-01-30,1356.99070
2020-01-31,1357.15790
2020-02-02,1357.49230
2020-02-03,1357.57890
2020-02-04,1357.74920
2020-02-05,1357.91950
2020-02-06,1358.08980
2020-02-07,1358.26010
2020-02-09,1358.60060
2020-02-10,1358.77090
2020-02-11,1358.94120
2020-02-12,1359.11150
2020-02-13,1359.33750
2020-02-14,1359.84830
2020-02-16,1359.84830
2020-02-17,1360.01550
2020-02-18,1360.18580
2020-02-19,1360.35600
2020-02-20,1360.52630
2020-02-23,1361.03410
2020-02-24,1361.17960
2020-02-25,1361.34980
2020-02-26,1361.52320
2020-02-27,1361.68110
2020-02-28,1361.85450
2020-03-01,1362.20120
2020-03-02,1362.37770
2020-03-03,1362.55110
2020-03-04,1362.72450
2020-03-05,1362.69350
2020-03-06,1363.19500
2020-03-08,1363.19500
2020-03-09,1363.53870
2020-03-10,1363.53870
2020-03-11,1363.71210
2020-03-12,1363.88850
2020-03-13,1364.17960
2020-03-15,1364.41490
2020-03-16,1364.59130
2020-03-17,1364.59130
2020-03-18,1364.59130
2020-03-19,1364.59130
2020-03-20,1364.59130
2020-03-22,1364.59130
2020-03-23,1364.59130
2020-03-24,1364.59130
2020-03-25,1364.59130
2020-03-26,1364.59130
2020-03-27,1364.59130
