Date,NAV
2006-06-19,0.00000
2006-06-20,0.00000
2006-06-21,0.00000
2006-06-22,0.00000
2006-06-23,0.00000
2006-06-26,0.00000
2006-06-27,0.00000
2006-06-28,0.00000
2006-06-29,0.00000
2006-06-30,0.00000
2006-07-03,0.00000
2006-07-04,0.00000
2006-07-05,0.00000
2006-07-06,0.00000
2006-07-07,0.00000
2006-07-10,0.00000
2006-07-11,0.00000
2006-07-12,0.00000
2006-07-13,0.00000
2006-07-14,0.00000
2006-07-17,0.00000
2006-07-18,0.00000
2006-07-19,0.00000
2006-07-20,0.00000
2006-07-21,0.00000
2006-07-24,0.00000
2006-07-25,0.00000
2006-07-26,0.00000
2006-07-27,0.00000
2006-07-28,0.00000
2006-07-31,0.00000
2006-08-01,0.00000
2006-08-02,0.00000
2006-08-03,0.00000
2006-08-04,0.00000
2006-08-07,0.00000
2006-08-08,0.00000
2006-08-09,0.00000
2006-08-10,0.00000
2006-08-11,0.00000
2006-08-14,0.00000
2006-08-16,0.00000
2006-08-17,0.00000
2006-08-18,0.00000
2006-08-21,0.00000
2006-08-22,0.00000
2006-08-23,0.00000
2006-08-24,0.00000
2006-08-25,0.00000
2006-08-28,0.00000
2006-08-29,0.00000
2006-08-30,0.00000
2006-08-31,0.00000
2006-09-01,0.00000
2006-09-04,0.00000
2006-09-05,0.00000
2006-09-06,0.00000
2006-09-07,0.00000
2006-09-08,0.00000
2006-09-11,0.00000
2006-09-12,0.00000
2006-09-13,0.00000
2006-09-14,0.00000
2006-09-15,0.00000
2006-09-18,0.00000
2006-09-19,0.00000
2006-09-20,0.00000
2006-09-21,0.00000
2006-09-22,0.00000
2006-09-25,0.00000
2006-09-26,0.00000
2006-09-27,0.00000
2006-09-28,0.00000
2006-09-29,0.00000
2006-10-03,0.00000
2006-10-04,0.00000
2006-10-05,0.00000
2006-10-06,0.00000
2006-10-09,0.00000
2006-10-10,0.00000
2006-10-11,0.00000
2006-10-12,0.00000
2006-10-13,0.00000
2006-10-16,0.00000
2006-10-17,0.00000
2006-10-18,0.00000
2006-10-19,0.00000
2006-10-20,0.00000
2006-10-23,0.00000
2006-10-26,0.00000
2006-10-27,0.00000
2006-10-30,0.00000
2006-10-31,0.00000
2006-11-01,0.00000
2006-11-02,0.00000
2006-11-03,0.00000
2006-11-06,0.00000
2006-11-07,0.00000
2006-11-08,0.00000
2006-11-09,0.00000
2006-11-10,0.00000
2006-11-13,0.00000
2006-11-14,0.00000
2006-11-15,0.00000
2006-11-16,0.00000
2006-11-17,0.00000
2006-11-20,0.00000
2006-11-21,0.00000
2006-11-22,0.00000
2006-11-23,0.00000
2006-11-24,0.00000
2006-11-27,0.00000
2006-11-28,0.00000
2006-11-29,0.00000
2006-11-30,0.00000
2006-12-01,0.00000
2006-12-04,0.00000
2006-12-05,0.00000
2006-12-06,0.00000
2006-12-07,0.00000
2006-12-08,0.00000
2006-12-11,0.00000
2006-12-12,0.00000
2006-12-13,0.00000
2006-12-14,0.00000
2006-12-15,0.00000
2006-12-18,0.00000
2006-12-19,0.00000
2006-12-20,0.00000
2006-12-21,0.00000
2006-12-22,0.00000
2006-12-26,0.00000
2006-12-27,0.00000
2006-12-28,0.00000
2006-12-29,0.00000
2007-01-02,0.00000
2007-01-03,0.00000
2007-01-04,0.00000
2007-01-05,0.00000
2007-01-08,0.00000
2007-01-09,0.00000
2007-01-10,0.00000
2007-01-11,0.00000
2007-01-12,0.00000
2007-01-15,0.00000
2007-01-16,0.00000
2007-01-17,0.00000
2007-01-18,0.00000
2007-01-19,0.00000
2007-01-22,0.00000
2007-01-23,0.00000
2007-01-24,0.00000
2007-01-25,0.00000
2007-01-29,0.00000
2007-01-31,0.00000
2007-02-01,0.00000
2007-02-02,0.00000
2007-02-05,0.00000
2007-02-06,0.00000
2007-02-07,0.00000
2007-02-08,0.00000
2007-02-09,0.00000
2007-02-12,0.00000
2007-02-13,0.00000
2007-02-14,0.00000
2007-02-15,0.00000
2007-02-19,0.00000
2007-02-20,0.00000
2007-02-21,0.00000
2007-02-22,0.00000
2007-02-23,0.00000
2007-02-26,0.00000
2007-02-27,0.00000
2007-02-28,0.00000
2007-03-01,0.00000
2007-03-02,0.00000
2007-03-05,0.00000
2007-03-06,0.00000
2007-03-07,0.00000
2007-03-08,0.00000
2007-03-09,0.00000
2007-03-12,0.00000
2007-03-13,0.00000
2007-03-14,0.00000
2007-03-15,0.00000
2007-03-16,0.00000
2007-03-19,0.00000
2007-03-20,0.00000
2007-03-21,0.00000
2007-03-22,0.00000
2007-03-23,0.00000
2007-03-26,0.00000
2007-03-28,0.00000
2007-03-29,0.00000
2007-03-30,0.00000
2007-04-02,0.00000
2007-04-03,0.00000
2007-04-04,0.00000
2007-04-05,0.00000
2007-04-09,0.00000
2007-04-10,0.00000
2007-04-11,0.00000
2007-04-12,0.00000
2007-04-13,0.00000
2007-04-16,0.00000
2007-04-17,0.00000
2007-04-18,0.00000
2007-04-19,0.00000
2007-04-20,0.00000
2007-04-23,0.00000
2007-04-24,0.00000
2007-04-25,0.00000
2007-04-26,0.00000
2007-04-27,0.00000
2007-04-30,0.00000
2007-05-03,0.00000
2007-05-04,0.00000
2007-05-07,0.00000
2007-05-08,0.00000
2007-05-09,0.00000
2007-05-10,0.00000
2007-05-11,0.00000
2007-05-14,0.00000
2007-05-15,0.00000
2007-05-16,0.00000
2007-05-17,0.00000
2007-05-18,0.00000
2007-05-21,0.00000
2007-05-22,0.00000
2007-05-23,0.00000
2007-05-24,0.00000
2007-05-25,0.00000
2007-05-28,0.00000
2007-05-29,0.00000
2007-05-30,0.00000
2007-05-31,0.00000
2007-06-01,0.00000
2007-06-04,0.00000
2007-06-05,0.00000
2007-06-06,0.00000
2007-06-07,0.00000
2007-06-08,0.00000
2007-06-11,0.00000
2007-06-12,0.00000
2007-06-13,0.00000
2007-06-14,0.00000
2007-06-15,0.00000
2007-06-18,0.00000
2007-06-19,0.00000
2007-06-20,0.00000
2007-06-21,0.00000
2007-06-22,0.00000
2007-06-25,0.00000
2007-06-26,0.00000
2007-06-27,0.00000
2007-06-28,0.00000
2007-06-29,0.00000
2007-07-02,0.00000
2007-07-03,0.00000
2007-07-04,0.00000
2007-07-05,0.00000
2007-07-06,0.00000
2007-07-09,0.00000
2007-07-10,0.00000
2007-07-11,0.00000
2007-07-12,0.00000
2007-07-13,0.00000
2007-07-16,0.00000
2007-07-17,0.00000
2007-07-18,0.00000
2007-07-19,0.00000
2007-07-20,0.00000
2007-07-23,0.00000
2007-07-24,0.00000
2007-07-25,0.00000
2007-07-26,0.00000
2007-07-27,0.00000
2007-07-30,0.00000
2007-07-31,0.00000
2007-08-01,0.00000
2007-08-02,0.00000
2007-08-03,0.00000
2007-08-06,0.00000
2007-08-07,0.00000
2007-08-08,0.00000
2007-08-09,0.00000
2007-08-10,0.00000
2007-08-13,0.00000
2007-08-14,0.00000
2007-08-16,0.00000
2007-08-17,0.00000
2007-08-20,0.00000
2007-08-21,0.00000
2007-08-22,0.00000
2007-08-23,0.00000
2007-08-24,0.00000
2007-08-27,0.00000
2007-08-28,0.00000
2007-08-29,0.00000
2007-08-30,0.00000
2007-08-31,0.00000
2007-09-03,0.00000
2007-09-04,0.00000
2007-09-05,0.00000
2007-09-06,0.00000
2007-09-07,0.00000
2007-09-10,0.00000
2007-09-11,0.00000
2007-09-12,0.00000
2007-09-13,0.00000
2007-09-14,0.00000
2007-09-17,0.00000
2007-09-18,0.00000
2007-09-19,0.00000
2007-09-20,0.00000
2007-09-21,0.00000
2007-09-24,0.00000
2007-09-25,0.00000
2007-09-26,0.00000
2007-09-27,0.00000
2007-09-28,0.00000
2007-10-01,0.00000
2007-10-03,0.00000
2007-10-04,0.00000
2007-10-05,0.00000
2007-10-08,0.00000
2007-10-09,0.00000
2007-10-10,0.00000
2007-10-11,0.00000
2007-10-12,0.00000
2007-10-15,0.00000
2007-10-16,0.00000
2007-10-17,0.00000
2007-10-18,0.00000
2007-10-19,0.00000
2007-10-22,0.00000
2007-10-23,0.00000
2007-10-24,0.00000
2007-10-25,0.00000
2007-10-26,0.00000
2007-10-29,0.00000
2007-10-30,0.00000
2007-10-31,0.00000
2007-11-01,0.00000
2007-11-02,0.00000
2007-11-05,0.00000
2007-11-06,0.00000
2007-11-07,0.00000
2007-11-08,0.00000
2007-11-12,0.00000
2007-11-13,0.00000
2007-11-14,0.00000
2007-11-15,0.00000
2007-11-16,0.00000
2007-11-19,0.00000
2007-11-20,0.00000
2007-11-21,0.00000
2007-11-22,0.00000
2007-11-23,0.00000
2007-11-26,0.00000
2007-11-27,0.00000
2007-11-28,0.00000
2007-11-29,0.00000
2007-11-30,0.00000
2007-12-03,0.00000
2007-12-04,0.00000
2007-12-05,0.00000
2007-12-06,0.00000
2007-12-07,0.00000
2007-12-10,0.00000
2007-12-11,0.00000
2007-12-12,0.00000
2007-12-13,0.00000
2007-12-14,0.00000
2007-12-17,0.00000
2007-12-18,0.00000
2007-12-19,0.00000
2007-12-20,0.00000
2007-12-24,0.00000
2007-12-26,0.00000
2007-12-27,0.00000
2007-12-28,0.00000
2007-12-31,0.00000
2008-01-01,0.00000
2008-01-02,0.00000
2008-01-03,0.00000
2008-01-04,0.00000
2008-01-07,0.00000
2008-01-08,0.00000
2008-01-09,0.00000
2008-01-10,0.00000
2008-01-11,0.00000
2008-01-14,0.00000
2008-01-15,0.00000
2008-01-16,0.00000
2008-01-17,0.00000
2008-01-18,0.00000
2008-01-21,0.00000
2008-01-22,0.00000
2008-01-23,0.00000
2008-01-24,0.00000
2008-01-25,0.00000
2008-01-28,0.00000
2008-01-29,0.00000
2008-01-30,0.00000
2008-01-31,0.00000
2008-02-01,0.00000
2008-02-04,0.00000
2008-02-05,0.00000
2008-02-06,0.00000
2008-02-07,0.00000
2008-02-08,0.00000
2008-02-11,0.00000
2008-02-12,0.00000
2008-02-13,0.00000
2008-02-14,0.00000
2008-02-15,0.00000
2008-02-18,0.00000
2008-02-19,0.00000
2008-02-20,0.00000
2008-02-21,0.00000
2008-02-22,0.00000
2008-02-25,0.00000
2008-02-26,0.00000
2008-02-27,0.00000
2008-02-28,0.00000
2008-02-29,0.00000
2008-03-03,0.00000
2008-03-04,0.00000
2008-03-05,0.00000
2008-03-07,0.00000
2008-03-10,0.00000
2008-03-11,0.00000
2008-03-12,0.00000
2008-03-13,0.00000
2008-03-14,0.00000
2008-03-17,0.00000
2008-03-18,0.00000
2008-03-19,0.00000
2008-03-24,0.00000
2008-03-25,0.00000
2008-03-26,0.00000
2008-03-27,0.00000
2008-03-28,0.00000
2008-03-31,0.00000
2008-04-01,0.00000
2008-04-02,0.00000
2008-04-03,0.00000
2008-04-04,0.00000
2008-04-07,0.00000
2008-04-08,0.00000
2008-04-09,0.00000
2008-04-10,0.00000
2008-04-11,0.00000
2008-04-15,0.00000
2008-04-16,0.00000
2008-04-17,0.00000
2008-04-21,0.00000
2008-04-22,0.00000
2008-04-23,0.00000
2008-04-24,0.00000
2008-04-25,0.00000
2008-04-28,0.00000
2008-04-29,0.00000
2008-04-30,0.00000
2008-05-02,0.00000
2008-05-05,0.00000
2008-05-06,0.00000
2008-05-07,0.00000
2008-05-08,0.00000
2008-05-09,0.00000
2008-05-12,0.00000
2008-05-13,0.00000
2008-05-14,0.00000
2008-05-15,0.00000
2008-05-16,0.00000
2008-05-20,0.00000
2008-05-21,0.00000
2008-05-22,0.00000
2008-05-23,0.00000
2008-05-26,0.00000
2008-05-27,0.00000
2008-05-28,0.00000
2008-05-29,0.00000
2008-05-30,0.00000
2008-06-02,0.00000
2008-06-03,0.00000
2008-06-04,0.00000
2008-06-05,0.00000
2008-06-06,0.00000
2008-06-09,0.00000
2008-06-10,0.00000
2008-06-11,0.00000
2008-06-12,0.00000
2008-06-13,0.00000
2008-06-16,0.00000
2008-06-17,0.00000
2008-06-18,0.00000
2008-06-19,0.00000
2008-06-20,0.00000
2008-06-23,0.00000
2008-06-24,0.00000
2008-06-25,0.00000
2008-06-26,0.00000
2008-06-27,0.00000
2008-06-30,0.00000
2008-07-01,0.00000
2008-07-02,0.00000
2008-07-03,0.00000
2008-07-04,0.00000
2008-07-07,0.00000
2008-07-08,0.00000
2008-07-09,0.00000
2008-07-10,0.00000
2008-07-11,0.00000
2008-07-14,0.00000
2008-07-15,0.00000
2008-07-16,0.00000
2008-07-17,0.00000
2008-07-18,0.00000
2008-07-21,0.00000
2008-07-22,0.00000
2008-07-23,0.00000
2008-07-24,0.00000
2008-07-25,0.00000
2008-07-28,0.00000
2008-07-29,0.00000
2008-07-30,0.00000
2008-07-31,0.00000
2008-08-01,0.00000
2008-08-04,0.00000
2008-08-05,0.00000
2008-08-06,0.00000
2008-08-07,0.00000
2008-08-08,0.00000
2008-08-11,0.00000
2008-08-12,0.00000
2008-08-13,0.00000
2008-08-14,0.00000
2008-08-18,0.00000
2008-08-19,0.00000
2008-08-20,0.00000
2008-08-21,0.00000
2008-08-22,0.00000
2008-08-25,0.00000
2008-08-26,0.00000
2008-08-27,0.00000
2008-08-28,0.00000
2008-08-29,0.00000
2008-09-01,0.00000
2008-09-02,0.00000
2008-09-04,0.00000
2008-09-05,0.00000
2008-09-08,0.00000
2008-09-09,0.00000
2008-09-10,0.00000
2008-09-11,0.00000
2008-09-12,0.00000
2008-09-15,0.00000
2008-09-16,0.00000
2008-09-17,0.00000
2008-09-18,0.00000
2008-09-19,0.00000
2008-09-22,0.00000
2008-09-23,0.00000
2008-09-24,0.00000
2008-09-25,0.00000
2008-09-26,0.00000
2008-09-29,0.00000
2008-09-30,0.00000
2008-10-01,0.00000
2008-10-03,0.00000
2008-10-06,0.00000
2008-10-07,0.00000
2008-10-08,0.00000
2008-10-10,0.00000
2008-10-13,0.00000
2008-10-14,0.00000
2008-10-15,0.00000
2008-10-16,0.00000
2008-10-17,0.00000
2008-10-20,0.00000
2008-10-21,0.00000
2008-10-22,0.00000
2008-10-23,0.00000
2008-10-24,0.00000
2008-10-27,0.00000
2008-10-29,0.00000
2008-10-31,0.00000
2008-11-03,0.00000
2008-11-04,0.00000
2008-11-05,0.00000
2008-11-06,0.00000
2008-11-07,0.00000
2008-11-10,0.00000
2008-11-11,0.00000
2008-11-12,0.00000
2008-11-14,0.00000
2008-11-17,0.00000
2008-11-18,0.00000
2008-11-19,0.00000
2008-11-20,0.00000
2008-11-21,0.00000
2008-11-24,0.00000
2008-11-25,0.00000
2008-11-26,0.00000
2008-11-28,0.00000
2008-12-01,0.00000
2008-12-02,0.00000
2008-12-03,0.00000
2008-12-04,0.00000
2008-12-05,0.00000
2008-12-08,0.00000
2008-12-10,0.00000
2008-12-11,0.00000
2008-12-12,0.00000
2008-12-15,0.00000
2008-12-16,0.00000
2008-12-17,0.00000
2008-12-18,0.00000
2008-12-19,0.00000
2008-12-22,0.00000
2008-12-23,0.00000
2008-12-24,0.00000
2008-12-26,0.00000
2008-12-29,0.00000
2008-12-30,0.00000
2008-12-31,0.00000
2009-01-01,0.00000
2009-01-02,0.00000
2009-01-05,0.00000
2009-01-06,0.00000
2009-01-07,0.00000
2009-01-09,0.00000
2009-01-12,0.00000
2009-01-13,0.00000
2009-01-14,0.00000
2009-01-15,0.00000
2009-01-16,0.00000
2009-01-19,0.00000
2009-01-20,0.00000
2009-01-21,0.00000
2009-01-22,0.00000
2009-01-23,0.00000
2009-01-27,0.00000
2009-01-28,0.00000
2009-01-29,0.00000
2009-01-30,0.00000
2009-02-02,0.00000
2009-02-03,0.00000
2009-02-04,0.00000
2009-02-05,0.00000
2009-02-06,0.00000
2009-02-09,0.00000
2009-02-10,0.00000
2009-02-11,0.00000
2009-02-12,0.00000
2009-02-13,0.00000
2009-02-16,0.00000
2009-02-17,0.00000
2009-02-18,0.00000
2009-02-19,0.00000
2009-02-20,0.00000
2009-02-24,0.00000
2009-02-25,0.00000
2009-02-26,0.00000
2009-02-27,0.00000
2009-03-02,0.00000
2009-03-03,0.00000
2009-03-04,0.00000
2009-03-05,0.00000
2009-03-06,0.00000
2009-03-09,0.00000
2009-03-12,0.00000
2009-03-13,0.00000
2009-03-16,0.00000
2009-03-17,0.00000
2009-03-18,0.00000
2009-03-19,0.00000
2009-03-20,0.00000
2009-03-23,0.00000
2009-03-24,0.00000
2009-03-25,0.00000
2009-03-26,0.00000
2009-03-27,0.00000
2009-03-30,0.00000
2009-03-31,0.00000
2009-04-01,0.00000
2009-04-02,0.00000
2009-04-06,0.00000
2009-04-08,0.00000
2009-04-09,0.00000
2009-04-13,0.00000
2009-04-15,0.00000
2009-04-16,0.00000
2009-04-17,0.00000
2009-04-20,0.00000
2009-04-21,0.00000
2009-04-22,0.00000
2009-04-23,0.00000
2009-04-24,0.00000
2009-04-27,0.00000
2009-04-28,0.00000
2009-04-29,0.00000
2009-05-04,0.00000
2009-05-05,0.00000
2009-05-06,0.00000
2009-05-07,0.00000
2009-05-08,0.00000
2009-05-11,0.00000
2009-05-12,0.00000
2009-05-13,0.00000
2009-05-14,0.00000
2009-05-15,0.00000
2009-05-18,0.00000
2009-05-19,0.00000
2009-05-20,0.00000
2009-05-21,0.00000
2009-05-22,0.00000
2009-05-25,0.00000
2009-05-26,0.00000
2009-05-27,0.00000
2009-05-28,0.00000
2009-05-29,0.00000
2009-06-01,0.00000
2009-06-02,0.00000
2009-06-03,0.00000
2009-06-04,0.00000
2009-06-05,0.00000
2009-06-08,0.00000
2009-06-09,0.00000
2009-06-10,0.00000
2009-06-11,0.00000
2009-06-12,0.00000
2009-06-15,0.00000
2009-06-16,0.00000
2009-06-17,0.00000
2009-06-18,0.00000
2009-06-19,0.00000
2009-06-22,0.00000
2009-06-23,0.00000
2009-06-24,0.00000
2009-06-25,0.00000
2009-06-26,0.00000
2009-06-29,0.00000
2009-06-30,0.00000
2009-07-01,0.00000
2009-07-02,0.00000
2009-07-03,0.00000
2009-07-06,0.00000
2009-07-07,0.00000
2009-07-08,11.06320
2009-07-09,11.06440
2009-07-10,11.06570
2009-07-13,11.06910
2009-07-14,11.07050
2009-07-15,11.07160
2009-07-16,11.07280
2009-07-17,11.07390
2009-07-20,11.07790
2009-07-21,11.07910
2009-07-22,11.08030
2009-07-23,11.08150
2009-07-24,11.08260
2009-07-27,11.08620
2009-07-28,11.08770
2009-07-29,11.08890
2009-07-30,11.09010
2009-07-31,11.09130
2009-08-03,11.09480
2009-08-04,11.09620
2009-08-05,11.09740
2009-08-06,11.09860
2009-08-07,11.09990
2009-08-10,11.10350
2009-08-11,11.10460
2009-08-12,11.10590
2009-08-13,11.10700
2009-08-14,11.10810
2009-08-17,11.11180
2009-08-18,11.11300
2009-08-19,11.11420
2009-08-20,11.11540
2009-08-21,11.11670
2009-08-24,11.12050
2009-08-25,11.12170
2009-08-26,11.12290
2009-08-27,11.12390
2009-08-28,11.12500
2009-08-31,11.12800
2009-09-01,11.12910
2009-09-02,11.13020
2009-09-03,11.13130
2009-09-04,11.13240
2009-09-07,11.13570
2009-09-08,11.13690
2009-09-09,11.13800
2009-09-10,11.13900
2009-09-11,11.14020
2009-09-14,11.14350
2009-09-15,11.14460
2009-09-16,11.14580
2009-09-17,11.14690
2009-09-18,11.14810
2009-09-22,11.15260
2009-09-23,11.15380
2009-09-24,11.15490
2009-09-25,11.15610
2009-09-29,11.16080
2009-09-30,11.16230
2009-10-01,11.16340
2009-10-05,11.16800
2009-10-06,11.16900
2009-10-07,11.17040
2009-10-08,11.17140
2009-10-09,11.02280
2009-10-12,11.02560
2009-10-14,11.02780
2009-10-15,11.02980
2009-10-16,11.03090
2009-10-20,11.03530
2009-10-21,11.03690
2009-10-22,11.03800
2009-10-23,11.03890
2009-10-26,11.04210
2009-10-27,11.04330
2009-10-28,11.04460
2009-10-29,11.04570
2009-10-30,11.04670
2009-11-03,11.05150
2009-11-04,11.05260
2009-11-05,11.05440
2009-11-06,11.05540
2009-11-09,11.05880
2009-11-10,11.05980
2009-11-11,11.06090
2009-11-12,11.06250
2009-11-13,11.06360
2009-11-16,0.00000
2009-11-17,0.00000
2009-11-18,0.00000
2009-11-19,0.00000
2009-11-20,0.00000
2009-11-23,0.00000
2009-11-24,0.00000
2009-11-25,0.00000
2009-11-26,0.00000
2009-11-27,0.00000
2009-11-30,0.00000
2009-12-01,0.00000
2009-12-02,0.00000
2009-12-03,0.00000
2009-12-04,0.00000
2009-12-07,0.00000
2009-12-08,0.00000
2009-12-09,0.00000
2009-12-10,0.00000
2009-12-11,0.00000
2009-12-14,0.00000
2009-12-15,0.00000
2009-12-16,0.00000
2009-12-17,0.00000
2009-12-18,0.00000
2009-12-21,0.00000
2009-12-22,0.00000
2009-12-23,0.00000
2009-12-24,0.00000
2009-12-29,0.00000
2009-12-30,0.00000
2009-12-31,0.00000
2010-01-04,0.00000
2010-01-05,0.00000
2010-01-06,0.00000
2010-01-07,0.00000
2010-01-08,0.00000
2010-01-11,0.00000
2010-01-12,0.00000
2010-01-13,0.00000
2010-01-14,0.00000
2010-01-15,0.00000
2010-01-18,0.00000
2010-01-19,0.00000
2010-01-20,0.00000
2010-01-21,0.00000
2010-01-22,0.00000
2010-01-25,0.00000
2010-01-27,0.00000
2010-01-28,0.00000
2010-01-29,0.00000
2010-02-01,0.00000
2010-02-02,0.00000
2010-02-03,0.00000
2010-02-04,0.00000
2010-02-05,0.00000
2010-02-08,0.00000
2010-02-09,0.00000
2010-02-10,0.00000
2010-02-11,0.00000
2010-02-15,0.00000
2010-02-16,0.00000
2010-02-17,0.00000
2010-02-18,0.00000
2010-02-19,0.00000
2010-02-22,0.00000
2010-02-23,0.00000
2010-02-24,0.00000
2010-02-25,0.00000
2010-02-26,0.00000
2010-03-02,0.00000
2010-03-03,0.00000
2010-03-04,0.00000
2010-03-05,0.00000
2010-03-08,0.00000
2010-03-09,0.00000
2010-03-10,0.00000
2010-03-11,0.00000
2010-03-12,0.00000
2010-03-15,0.00000
2010-03-17,0.00000
2010-03-18,0.00000
2010-03-19,0.00000
2010-03-22,0.00000
2010-03-23,0.00000
2010-03-25,0.00000
2010-03-26,0.00000
2010-03-29,0.00000
2010-03-30,0.00000
2010-03-31,0.00000
2010-04-01,0.00000
2010-04-05,0.00000
2010-04-06,0.00000
2010-04-07,0.00000
2010-04-08,0.00000
2010-04-09,0.00000
2010-04-12,0.00000
2010-04-13,0.00000
2010-04-15,0.00000
2010-04-16,0.00000
2010-04-19,0.00000
2010-04-20,0.00000
2010-04-21,0.00000
2010-04-22,0.00000
2010-04-23,0.00000
2010-04-26,0.00000
2010-04-27,0.00000
2010-04-28,0.00000
2010-04-29,0.00000
2010-04-30,0.00000
2010-05-03,0.00000
2010-05-04,0.00000
2010-05-05,0.00000
2010-05-06,0.00000
2010-05-07,0.00000
2010-05-10,0.00000
2010-05-11,0.00000
2010-05-12,0.00000
2010-05-13,0.00000
2010-05-14,0.00000
2010-05-17,0.00000
2010-05-18,0.00000
2010-05-19,0.00000
2010-05-20,0.00000
2010-05-21,0.00000
2010-05-24,0.00000
2010-05-25,0.00000
2010-05-26,0.00000
2010-05-27,0.00000
2010-05-28,0.00000
2010-05-31,0.00000
2010-06-01,0.00000
2010-06-02,0.00000
2010-06-03,0.00000
2010-06-04,0.00000
2010-06-07,0.00000
2010-06-08,0.00000
2010-06-09,0.00000
2010-06-10,0.00000
2010-06-11,0.00000
2010-06-14,0.00000
2010-06-15,0.00000
2010-06-16,0.00000
2010-06-17,0.00000
2010-06-18,0.00000
2010-06-21,0.00000
2010-06-22,0.00000
2010-06-23,0.00000
2010-06-24,0.00000
2010-06-25,0.00000
2010-06-28,0.00000
2010-06-29,0.00000
2010-06-30,0.00000
2010-07-01,0.00000
2010-07-02,0.00000
2010-07-05,0.00000
2010-07-06,0.00000
2010-07-07,0.00000
2010-07-08,0.00000
2010-07-09,0.00000
2010-07-12,0.00000
2010-07-13,0.00000
2010-07-14,0.00000
2010-07-15,0.00000
2010-07-16,0.00000
2010-07-19,0.00000
2010-07-20,0.00000
2010-07-21,0.00000
2010-07-22,0.00000
2010-07-23,0.00000
2010-07-26,0.00000
2010-07-27,0.00000
2010-07-28,0.00000
2010-07-29,0.00000
2010-07-30,0.00000
2010-08-02,0.00000
2010-08-03,0.00000
2010-08-04,0.00000
2010-08-05,0.00000
2010-08-06,0.00000
2010-08-09,0.00000
2010-08-10,0.00000
2010-08-11,0.00000
2010-08-12,0.00000
2010-08-13,0.00000
2010-08-16,0.00000
2010-08-17,0.00000
2010-08-18,0.00000
2010-08-20,0.00000
2010-08-23,0.00000
2010-08-24,0.00000
2010-08-25,0.00000
2010-08-26,0.00000
2010-08-27,0.00000
2010-08-30,0.00000
2010-08-31,0.00000
2010-09-01,0.00000
2010-09-02,0.00000
2010-09-03,0.00000
2010-09-06,0.00000
2010-09-07,0.00000
2010-09-08,0.00000
2010-09-09,0.00000
2010-09-13,0.00000
2010-09-14,0.00000
2010-09-15,0.00000
2010-09-16,0.00000
2010-09-17,0.00000
2010-09-20,0.00000
2010-09-21,0.00000
2010-09-22,0.00000
2010-09-23,0.00000
2010-09-24,0.00000
2010-09-27,0.00000
2010-09-28,0.00000
2010-09-29,0.00000
2010-10-01,0.00000
2010-10-04,0.00000
2010-10-05,0.00000
2010-10-06,0.00000
2010-10-07,0.00000
2010-10-08,0.00000
2010-10-11,0.00000
2010-10-12,0.00000
2010-10-13,0.00000
2010-10-14,0.00000
2010-10-15,0.00000
2010-10-18,0.00000
2010-10-19,0.00000
2010-10-20,0.00000
2010-10-21,0.00000
2010-10-22,0.00000
2010-10-25,0.00000
2010-10-26,0.00000
2010-10-27,0.00000
2010-10-28,0.00000
2010-10-29,0.00000
2010-11-01,0.00000
2010-11-02,0.00000
2010-11-03,0.00000
2010-11-04,0.00000
2010-11-08,0.00000
2010-11-09,0.00000
2010-11-10,0.00000
2010-11-11,0.00000
2010-11-12,0.00000
2010-11-15,0.00000
2010-11-16,0.00000
2010-11-18,0.00000
2010-11-19,0.00000
2010-11-22,0.00000
2010-11-23,0.00000
2010-11-24,0.00000
2010-11-25,0.00000
2010-11-26,0.00000
2010-11-29,0.00000
2010-11-30,0.00000
2010-12-01,0.00000
2010-12-02,0.00000
2010-12-03,0.00000
2010-12-06,0.00000
2010-12-07,0.00000
2010-12-08,0.00000
2010-12-09,0.00000
2010-12-10,0.00000
2010-12-13,0.00000
2010-12-14,0.00000
2010-12-15,0.00000
2010-12-16,0.00000
2010-12-20,0.00000
2010-12-21,0.00000
2010-12-22,0.00000
2010-12-23,0.00000
2010-12-24,0.00000
2010-12-27,0.00000
2010-12-28,0.00000
2010-12-29,0.00000
2010-12-30,0.00000
2010-12-31,0.00000
2011-01-03,0.00000
2011-01-04,0.00000
2011-01-05,0.00000
2011-01-06,0.00000
2011-01-07,0.00000
2011-01-10,0.00000
2011-01-11,0.00000
2011-01-12,0.00000
2011-01-13,0.00000
2011-01-14,0.00000
2011-01-17,0.00000
2011-01-18,0.00000
2011-01-19,0.00000
2011-01-20,0.00000
2011-01-21,0.00000
2011-01-24,0.00000
2011-01-25,0.00000
2011-01-27,0.00000
2011-01-28,0.00000
2011-01-31,0.00000
2011-02-01,0.00000
2011-02-02,0.00000
2011-02-03,0.00000
2011-02-04,0.00000
2011-02-07,0.00000
2011-02-08,0.00000
2011-02-09,0.00000
2011-02-10,0.00000
2011-02-11,0.00000
2011-02-14,0.00000
2011-02-15,0.00000
2011-02-17,0.00000
2011-02-18,0.00000
2011-02-21,0.00000
2011-02-22,0.00000
2011-02-23,0.00000
2011-02-24,0.00000
2011-02-25,0.00000
2011-02-28,0.00000
2011-03-01,0.00000
2011-03-03,0.00000
2011-03-04,0.00000
2011-03-07,0.00000
2011-03-08,0.00000
2011-03-09,0.00000
2011-03-10,0.00000
2011-03-11,0.00000
2011-03-14,0.00000
2011-03-15,0.00000
2011-03-16,0.00000
2011-03-17,0.00000
2011-03-18,0.00000
2011-03-21,0.00000
2011-03-22,0.00000
2011-03-23,0.00000
2011-03-24,0.00000
2011-03-25,0.00000
2011-03-28,0.00000
2011-03-29,0.00000
2011-03-30,0.00000
2011-03-31,0.00000
2011-04-01,0.00000
2011-04-05,0.00000
2011-04-06,0.00000
2011-04-07,0.00000
2011-04-08,0.00000
2011-04-11,0.00000
2011-04-13,0.00000
2011-04-15,0.00000
2011-04-18,0.00000
2011-04-19,0.00000
2011-04-20,0.00000
2011-04-21,0.00000
2011-04-25,0.00000
2011-04-26,0.00000
2011-04-27,0.00000
2011-04-28,0.00000
2011-04-29,0.00000
2011-05-02,0.00000
2011-05-03,0.00000
2011-05-04,0.00000
2011-05-05,0.00000
2011-05-06,0.00000
2011-05-09,0.00000
2011-05-10,0.00000
2011-05-11,0.00000
2011-05-12,0.00000
2011-05-13,0.00000
2011-05-16,0.00000
2011-05-18,0.00000
2011-05-19,0.00000
2011-05-20,0.00000
2011-05-23,0.00000
2011-05-24,0.00000
2011-05-25,0.00000
2011-05-26,0.00000
2011-05-27,0.00000
2011-05-30,0.00000
2011-05-31,0.00000
2011-06-01,0.00000
2011-06-02,0.00000
2011-06-03,0.00000
2011-06-06,0.00000
2011-06-07,0.00000
2011-06-08,0.00000
2011-06-09,0.00000
2011-06-10,0.00000
2011-06-13,0.00000
2011-06-14,0.00000
2011-06-15,0.00000
2011-06-16,0.00000
2011-06-17,0.00000
2011-06-20,0.00000
2011-06-21,0.00000
2011-06-22,0.00000
2011-06-23,0.00000
2011-06-24,0.00000
2011-06-27,0.00000
2011-06-28,0.00000
2011-06-29,0.00000
2011-06-30,0.00000
2011-07-04,0.00000
2011-07-05,0.00000
2011-07-06,0.00000
2011-07-07,0.00000
2011-07-08,0.00000
2011-07-11,0.00000
2011-07-12,0.00000
2011-07-13,0.00000
2011-07-14,0.00000
2011-07-15,0.00000
2011-07-18,0.00000
2011-07-19,0.00000
2011-07-20,0.00000
2011-07-21,0.00000
2011-07-22,0.00000
2011-07-25,0.00000
2011-07-26,0.00000
2011-07-27,0.00000
2011-07-28,0.00000
2011-07-29,0.00000
2011-08-01,0.00000
2011-08-02,0.00000
2011-08-03,0.00000
2011-08-04,0.00000
2011-08-05,0.00000
2011-08-08,0.00000
2011-08-09,0.00000
2011-08-10,0.00000
2011-08-11,0.00000
2011-08-12,0.00000
2011-08-16,0.00000
2011-08-17,0.00000
2011-08-18,0.00000
2011-08-22,0.00000
2011-08-23,0.00000
2011-08-24,0.00000
2011-08-25,0.00000
2011-08-26,0.00000
2011-08-29,0.00000
2011-08-30,0.00000
2011-09-02,0.00000
2011-09-05,0.00000
2011-09-06,0.00000
2011-09-07,0.00000
2011-09-08,0.00000
2011-09-09,0.00000
2011-09-10,0.00000
2011-09-11,0.00000
2011-09-12,0.00000
2011-09-13,0.00000
2011-09-14,0.00000
2011-09-15,0.00000
2011-09-16,0.00000
2011-09-18,0.00000
2011-09-19,0.00000
2011-09-20,0.00000
2011-09-21,0.00000
2011-09-22,0.00000
2011-09-23,0.00000
2011-09-24,0.00000
2011-09-25,0.00000
2011-09-26,0.00000
2011-09-27,0.00000
2011-09-28,0.00000
2011-09-29,0.00000
2011-10-01,0.00000
2011-10-02,0.00000
2011-10-03,0.00000
2011-10-04,0.00000
2011-10-05,0.00000
2011-10-06,0.00000
2011-10-07,0.00000
2011-10-08,0.00000
2011-10-09,0.00000
2011-10-10,0.00000
2011-10-11,0.00000
2011-10-12,0.00000
2011-10-13,0.00000
2011-10-14,0.00000
2011-10-15,0.00000
2011-10-16,0.00000
2011-10-17,0.00000
2011-10-18,0.00000
2011-10-19,0.00000
2011-10-20,0.00000
2011-10-21,0.00000
2011-10-22,0.00000
2011-10-23,0.00000
2011-10-24,0.00000
2011-10-25,0.00000
2011-10-26,0.00000
2011-10-27,0.00000
2011-10-28,0.00000
2011-10-29,0.00000
2011-10-30,0.00000
2011-10-31,0.00000
2011-11-01,0.00000
2011-11-02,0.00000
2011-11-03,0.00000
2011-11-04,0.00000
2011-11-05,0.00000
2011-11-06,0.00000
2011-11-07,0.00000
2011-11-08,0.00000
2011-11-09,0.00000
2011-11-10,0.00000
2011-11-11,0.00000
2011-11-12,0.00000
2011-11-13,0.00000
2011-11-14,0.00000
2011-11-15,0.00000
2011-11-16,0.00000
2011-11-17,0.00000
2011-11-18,0.00000
2011-11-19,0.00000
2011-11-20,0.00000
2011-11-21,0.00000
2011-11-22,0.00000
2011-11-23,0.00000
2011-11-24,0.00000
2011-11-25,0.00000
2011-11-26,0.00000
2011-11-27,0.00000
2011-11-28,0.00000
2011-11-29,0.00000
2011-11-30,0.00000
2011-12-01,0.00000
2011-12-02,0.00000
2011-12-03,0.00000
2011-12-04,0.00000
2011-12-05,0.00000
2011-12-06,0.00000
2011-12-07,0.00000
2011-12-08,0.00000
2011-12-09,0.00000
2011-12-10,0.00000
2011-12-11,0.00000
2011-12-12,0.00000
2011-12-13,0.00000
2011-12-14,0.00000
2011-12-15,0.00000
2011-12-16,0.00000
2011-12-17,0.00000
2011-12-18,0.00000
2011-12-19,0.00000
2011-12-20,0.00000
2011-12-21,0.00000
2011-12-22,0.00000
2011-12-23,0.00000
2011-12-24,0.00000
2011-12-25,0.00000
2011-12-26,0.00000
2011-12-27,0.00000
2011-12-28,0.00000
2011-12-29,0.00000
2011-12-30,0.00000
2011-12-31,0.00000
2012-01-01,0.00000
2012-01-02,0.00000
2012-01-03,0.00000
2012-01-04,0.00000
2012-01-05,0.00000
2012-01-06,0.00000
2012-01-07,0.00000
2012-01-08,0.00000
2012-01-09,0.00000
2012-01-10,0.00000
2012-01-11,0.00000
2012-01-12,0.00000
2012-01-13,0.00000
2012-01-14,0.00000
2012-01-15,0.00000
2012-01-16,0.00000
2012-01-17,0.00000
2012-01-18,0.00000
2012-01-19,0.00000
2012-01-20,0.00000
2012-01-21,0.00000
2012-01-22,0.00000
2012-01-23,0.00000
2012-01-24,0.00000
2012-01-25,0.00000
2012-01-26,0.00000
2012-01-27,0.00000
2012-01-28,0.00000
2012-01-29,0.00000
2012-01-30,0.00000
2012-01-31,0.00000
2012-02-01,0.00000
2012-02-02,0.00000
2012-02-03,0.00000
2012-02-04,0.00000
2012-02-05,0.00000
2012-02-06,0.00000
2012-02-07,0.00000
2012-02-08,0.00000
2012-02-09,0.00000
2012-02-10,0.00000
2012-02-11,0.00000
2012-02-12,0.00000
2012-02-13,0.00000
2012-02-14,0.00000
2012-02-15,0.00000
2012-02-17,0.00000
2012-02-18,0.00000
2012-02-19,0.00000
2012-02-20,0.00000
2012-02-21,0.00000
2012-02-22,0.00000
2012-02-23,0.00000
2012-02-24,0.00000
2012-02-25,0.00000
2012-02-26,0.00000
2012-02-27,0.00000
2012-02-28,0.00000
2012-02-29,0.00000
2012-03-01,0.00000
2012-03-02,0.00000
2012-03-03,0.00000
2012-03-04,0.00000
2012-03-05,0.00000
2012-03-06,0.00000
2012-03-07,0.00000
2012-03-08,0.00000
2012-03-09,0.00000
2012-03-10,0.00000
2012-03-11,0.00000
2012-03-12,0.00000
2012-03-13,0.00000
2012-03-14,0.00000
2012-03-15,0.00000
2012-03-16,0.00000
2012-03-17,0.00000
2012-03-18,0.00000
2012-03-19,0.00000
2012-03-20,0.00000
2012-03-21,0.00000
2012-03-22,0.00000
2012-03-26,0.00000
2012-03-27,0.00000
2012-03-28,0.00000
2012-03-29,0.00000
2012-03-30,0.00000
2012-03-31,0.00000
2012-04-01,0.00000
2012-04-03,0.00000
2012-04-04,0.00000
2012-04-05,0.00000
2012-04-06,0.00000
2012-04-07,0.00000
2012-04-08,0.00000
2012-04-09,0.00000
2012-04-10,0.00000
2012-04-11,0.00000
2012-04-12,0.00000
2012-04-13,0.00000
2012-04-14,0.00000
2012-04-15,0.00000
2012-04-16,0.00000
2012-04-17,0.00000
2012-04-18,0.00000
2012-04-19,0.00000
2012-04-20,0.00000
2012-04-21,0.00000
2012-04-22,0.00000
2012-04-23,0.00000
2012-04-24,0.00000
2012-04-25,0.00000
2012-04-26,0.00000
2012-04-27,0.00000
2012-04-28,0.00000
2012-04-29,0.00000
2012-04-30,0.00000
2012-05-02,0.00000
2012-05-03,0.00000
2012-05-04,0.00000
2012-05-05,0.00000
2012-05-06,0.00000
2012-05-07,0.00000
2012-05-08,0.00000
2012-05-09,0.00000
2012-05-10,0.00000
2012-05-11,0.00000
2012-05-12,0.00000
2012-05-13,0.00000
2012-05-14,0.00000
2012-05-15,0.00000
2012-05-16,0.00000
2012-05-17,0.00000
2012-05-18,0.00000
2012-05-19,0.00000
2012-05-20,0.00000
2012-05-21,0.00000
2012-05-22,0.00000
2012-05-23,0.00000
2012-05-24,0.00000
2012-05-25,0.00000
2012-05-26,0.00000
2012-05-27,0.00000
2012-05-28,0.00000
2012-05-29,0.00000
2012-05-30,0.00000
2012-05-31,0.00000
2012-06-01,0.00000
2012-06-02,0.00000
2012-06-03,0.00000
2012-06-04,0.00000
2012-06-05,0.00000
2012-06-06,0.00000
2012-06-07,0.00000
2012-06-08,0.00000
2012-06-09,0.00000
2012-06-10,0.00000
2012-06-11,0.00000
2012-06-12,0.00000
2012-06-13,0.00000
2012-06-14,0.00000
2012-06-15,0.00000
2012-06-16,0.00000
2012-06-17,0.00000
2012-06-18,0.00000
2012-06-19,0.00000
2012-06-20,0.00000
2012-06-21,0.00000
2012-06-22,0.00000
2012-06-23,0.00000
2012-06-24,0.00000
2012-06-25,0.00000
2012-06-26,0.00000
2012-06-27,0.00000
2012-06-28,0.00000
2012-06-29,0.00000
2012-06-30,0.00000
2012-07-01,0.00000
2012-07-03,0.00000
2012-07-04,0.00000
2012-07-05,0.00000
2012-07-06,0.00000
2012-07-07,0.00000
2012-07-08,0.00000
2012-07-09,0.00000
2012-07-10,0.00000
2012-07-11,0.00000
2012-07-12,0.00000
2012-07-13,0.00000
2012-07-14,0.00000
2012-07-15,0.00000
2012-07-16,0.00000
2012-07-17,0.00000
2012-07-18,0.00000
2012-07-19,0.00000
2012-07-20,0.00000
2012-07-21,0.00000
2012-07-22,0.00000
2012-07-23,0.00000
2012-07-24,0.00000
2012-07-25,0.00000
2012-07-26,0.00000
2012-07-27,0.00000
2012-07-28,0.00000
2012-07-29,0.00000
2012-07-30,0.00000
2012-07-31,0.00000
2012-08-01,0.00000
2012-08-02,0.00000
2012-08-03,0.00000
2012-08-04,0.00000
2012-08-05,0.00000
2012-08-06,0.00000
2012-08-07,0.00000
2012-08-08,0.00000
2012-08-09,0.00000
2012-08-10,0.00000
2012-08-11,0.00000
2012-08-12,0.00000
2012-08-13,0.00000
2012-08-14,0.00000
2012-08-15,0.00000
2012-08-16,0.00000
2012-08-17,0.00000
2012-08-18,0.00000
2012-08-19,0.00000
2012-08-20,0.00000
2012-08-21,0.00000
2012-08-22,0.00000
2012-08-23,0.00000
2012-08-24,0.00000
2012-08-25,0.00000
2012-08-26,0.00000
2012-08-27,0.00000
2012-08-28,0.00000
2012-08-29,0.00000
2012-08-30,0.00000
2012-08-31,0.00000
2012-09-01,0.00000
2012-09-02,0.00000
2012-09-03,0.00000
2012-09-04,0.00000
2012-09-05,0.00000
2012-09-06,0.00000
2012-09-07,0.00000
2012-09-08,0.00000
2012-09-09,0.00000
2012-09-10,0.00000
2012-09-11,0.00000
2012-09-12,0.00000
2012-09-13,0.00000
2012-09-14,0.00000
2012-09-15,0.00000
2012-09-16,0.00000
2012-09-17,0.00000
2012-09-18,0.00000
2012-09-19,0.00000
2012-09-20,0.00000
2012-09-21,0.00000
2012-09-22,0.00000
2012-09-23,0.00000
2012-09-24,0.00000
2012-09-25,0.00000
2012-09-26,0.00000
2012-09-27,0.00000
2012-09-28,0.00000
2012-09-29,0.00000
2012-09-30,0.00000
2012-10-01,0.00000
2012-10-02,0.00000
2012-10-03,0.00000
2012-10-04,12.43250
2012-10-05,12.43540
2012-10-06,12.43830
2012-10-08,12.44400
2012-10-09,12.44690
2012-10-10,12.44970
2012-10-11,12.45270
2012-10-12,12.45550
2012-10-13,12.45840
2012-10-14,12.46120
2012-10-15,12.46410
2012-10-16,0.00000
2012-10-17,0.00000
2012-10-18,0.00000
2012-10-19,0.00000
2012-10-20,0.00000
2012-10-21,0.00000
2012-10-22,0.00000
2012-10-23,0.00000
2012-10-24,0.00000
2012-10-25,0.00000
2012-10-27,0.00000
2012-10-28,0.00000
2012-10-29,0.00000
2012-10-30,0.00000
2012-10-31,0.00000
2012-11-01,0.00000
2012-11-02,0.00000
2012-11-03,0.00000
2012-11-04,0.00000
2012-11-05,0.00000
2012-11-06,0.00000
2012-11-07,0.00000
2012-11-08,0.00000
2012-11-09,0.00000
2012-11-10,0.00000
2012-11-11,0.00000
2012-11-12,0.00000
2012-11-13,0.00000
2012-11-14,0.00000
2012-11-15,0.00000
2012-11-16,0.00000
2012-11-17,0.00000
2012-11-18,0.00000
2012-11-19,0.00000
2012-11-20,0.00000
2012-11-21,0.00000
2012-11-22,0.00000
2012-11-23,0.00000
2012-11-24,0.00000
2012-11-25,0.00000
2012-11-26,0.00000
2012-11-27,0.00000
2012-11-28,0.00000
2012-11-29,0.00000
2012-11-30,0.00000
2012-12-01,0.00000
2012-12-02,0.00000
2012-12-03,0.00000
2012-12-04,0.00000
2012-12-05,0.00000
2012-12-06,0.00000
2012-12-07,0.00000
2012-12-08,0.00000
2012-12-09,0.00000
2012-12-10,0.00000
2012-12-11,0.00000
2012-12-12,0.00000
2012-12-13,0.00000
2012-12-14,0.00000
2012-12-15,0.00000
2012-12-16,0.00000
2012-12-17,0.00000
2012-12-18,0.00000
2012-12-19,0.00000
2012-12-20,0.00000
2012-12-21,0.00000
2012-12-22,0.00000
2012-12-23,0.00000
2012-12-24,0.00000
2012-12-25,0.00000
2012-12-26,0.00000
2012-12-27,0.00000
2012-12-28,0.00000
2012-12-29,0.00000
2012-12-30,0.00000
2012-12-31,0.00000
2013-01-01,0.00000
2013-01-02,0.00000
2013-01-03,0.00000
2013-01-04,0.00000
2013-01-05,0.00000
2013-01-06,0.00000
2013-01-07,0.00000
2013-01-08,0.00000
2013-01-09,0.00000
2013-01-10,0.00000
2013-01-11,0.00000
2013-01-12,0.00000
2013-01-13,0.00000
2013-01-14,0.00000
2013-01-15,0.00000
2013-01-16,0.00000
2013-01-17,0.00000
2013-01-18,0.00000
2013-01-19,0.00000
2013-01-20,0.00000
2013-01-21,0.00000
2013-01-22,0.00000
2013-01-23,0.00000
2013-01-24,0.00000
2013-01-25,0.00000
2013-01-26,0.00000
2013-01-27,0.00000
2013-01-28,0.00000
2013-01-29,0.00000
2013-01-30,0.00000
2013-01-31,0.00000
2013-02-01,0.00000
2013-02-02,0.00000
2013-02-03,0.00000
2013-02-04,0.00000
2013-02-05,0.00000
2013-02-06,0.00000
2013-02-07,0.00000
2013-02-08,0.00000
2013-02-09,0.00000
2013-02-10,0.00000
2013-02-11,0.00000
2013-02-12,0.00000
2013-02-13,0.00000
2013-02-14,0.00000
2013-02-15,0.00000
2013-02-16,0.00000
2013-02-17,0.00000
2013-02-18,0.00000
2013-02-19,0.00000
2013-02-20,0.00000
2013-02-21,0.00000
2013-02-22,0.00000
2013-02-23,0.00000
2013-02-24,0.00000
2013-02-25,0.00000
2013-02-26,0.00000
2013-02-27,0.00000
2013-02-28,0.00000
2013-03-01,0.00000
2013-03-02,0.00000
2013-03-03,0.00000
2013-03-04,0.00000
2013-03-05,0.00000
2013-03-06,0.00000
2013-03-07,0.00000
2013-03-08,0.00000
2013-03-09,0.00000
2013-03-10,0.00000
2013-03-11,0.00000
2013-03-12,0.00000
2013-03-13,0.00000
2013-03-14,0.00000
2013-03-15,12.68040
2013-03-16,12.68340
2013-03-17,12.68650
2013-03-18,12.68960
2013-03-19,12.69270
2013-03-20,12.69590
2013-03-21,12.69910
2013-03-22,12.70220
2013-03-23,12.70540
2013-03-24,12.70860
2013-03-25,12.71190
2013-03-26,12.71530
2013-03-27,12.71840
2013-03-28,12.72180
2013-03-29,12.72520
2013-03-30,12.72850
2013-03-31,12.73180
2013-04-01,12.73510
2013-04-02,12.73910
2013-04-03,12.74250
2013-04-04,12.74590
2013-04-05,12.74930
2013-04-06,12.75250
2013-04-07,12.75570
2013-04-08,12.75870
2013-04-09,12.76190
2013-04-10,12.76510
2013-04-11,12.76830
2013-04-12,12.77140
2013-04-13,12.77460
2013-04-14,12.77770
2013-04-15,12.78080
2013-04-16,12.78390
2013-04-17,12.78690
2013-04-18,12.78990
2013-04-19,12.79300
2013-04-20,12.79600
2013-04-21,12.79910
2013-04-22,12.80210
2013-04-23,12.80520
2013-04-24,12.80830
2013-04-25,12.81130
2013-04-26,12.81440
2013-04-27,12.81750
2013-04-28,12.82050
2013-04-29,12.82360
2013-04-30,12.82670
2013-05-01,12.82970
2013-05-02,12.83280
2013-05-03,12.83590
2013-05-04,12.83890
2013-05-05,12.84190
2013-05-06,12.84490
2013-05-07,12.84790
2013-05-08,12.85090
2013-05-09,12.85390
2013-05-10,12.85680
2013-05-11,12.85990
2013-05-12,12.86290
2013-05-13,12.86590
2013-05-14,12.86890
2013-05-15,12.87190
2013-05-16,12.87490
2013-05-17,12.87780
2013-05-18,12.88080
2013-05-19,12.88370
2013-05-20,12.88670
2013-05-21,12.88960
2013-05-22,12.89260
2013-05-23,12.89560
2013-05-24,12.89850
2013-05-25,12.90150
2013-05-26,12.90450
2013-05-27,12.90740
2013-05-28,12.91030
2013-05-29,12.91330
2013-05-30,12.91620
2013-05-31,12.91920
2013-06-01,12.92210
2013-06-02,12.92500
2013-06-03,12.92800
2013-06-04,12.93090
2013-06-05,12.93380
2013-06-06,12.93670
2013-06-07,12.93960
2013-06-08,12.94240
2013-06-09,12.94530
2013-06-10,12.94820
2013-06-11,12.95100
2013-06-12,12.95380
2013-06-13,12.95670
2013-06-14,12.95960
2013-06-15,12.96250
2013-06-16,12.96540
2013-06-17,12.96820
2013-06-18,12.97110
2013-06-19,12.97390
2013-06-20,12.97680
2013-06-21,12.97960
2013-06-22,12.98240
2013-06-23,12.98530
2013-06-24,12.98810
2013-06-25,12.99100
2013-06-26,12.99380
2013-06-27,12.99680
2013-06-28,13.00050
2013-06-29,13.00340
2013-06-30,13.00630
2013-07-01,13.00930
2013-07-02,13.01240
2013-07-03,13.01540
2013-07-04,13.01840
2013-07-05,13.02120
2013-07-06,13.02410
2013-07-07,13.02700
2013-07-08,13.02990
2013-07-09,13.03290
2013-07-10,13.03580
2013-07-11,13.03880
2013-07-12,13.04170
2013-07-13,13.04450
2013-07-14,13.04740
2013-07-15,13.05020
2013-07-16,13.02260
2013-07-17,13.02630
2013-07-18,13.03000
2013-07-19,13.03370
2013-07-20,13.03740
2013-07-21,13.04110
2013-07-22,13.04530
2013-07-23,13.04890
2013-07-24,13.03790
2013-07-25,13.04150
2013-07-26,13.04560
2013-07-27,13.04970
2013-07-28,13.05370
2013-07-29,13.05790
2013-07-30,13.06190
2013-07-31,13.06600
2013-08-01,13.07010
2013-08-02,13.07420
2013-08-03,13.07830
2013-08-04,13.08230
2013-08-05,13.08670
2013-08-06,13.09060
2013-08-07,13.09470
2013-08-08,13.09880
2013-08-09,13.10280
2013-08-10,13.10680
2013-08-11,13.11080
2013-08-12,13.11440
2013-08-13,13.11840
2013-08-14,13.12250
2013-08-15,13.12650
2013-08-16,13.13050
2013-08-17,13.13440
2013-08-18,13.13840
2013-08-19,13.14230
2013-08-20,13.14630
2013-08-21,13.15030
2013-08-22,13.15430
2013-08-23,13.15830
2013-08-24,13.16220
2013-08-25,13.16610
2013-08-26,13.16990
2013-08-27,13.17380
2013-08-28,13.17770
2013-08-29,13.18160
2013-08-30,13.18550
2013-08-31,13.18930
2013-09-01,13.19320
2013-09-02,13.19710
2013-09-03,13.20080
2013-09-04,13.20460
2013-09-05,13.20860
2013-09-06,13.21250
2013-09-07,13.21640
2013-09-08,13.22020
2013-09-09,13.22400
2013-09-10,13.22780
2013-09-11,13.23160
2013-09-12,13.23550
2013-09-13,13.23930
2013-09-14,13.24320
2013-09-15,13.24700
2013-09-16,13.25080
2013-09-17,13.25470
2013-09-18,13.25860
2013-09-19,13.26290
2013-09-20,13.26700
2013-09-21,13.27080
2013-09-22,13.27470
2013-09-23,13.27840
2013-09-24,13.28200
2013-09-25,13.28610
2013-09-26,13.28990
2013-09-27,13.29380
2013-09-28,13.29760
2013-09-29,13.30140
2013-09-30,13.30530
2013-10-01,13.30920
2013-10-02,13.31310
2013-10-03,13.31690
2013-10-04,13.32070
2013-10-05,13.32450
2013-10-06,13.32830
2013-10-07,13.33200
2013-10-08,13.33700
2013-10-09,13.34060
2013-10-10,13.34420
2013-10-11,13.34800
2013-10-12,13.35160
2013-10-13,13.35530
2013-10-14,13.35880
2013-10-15,13.36250
2013-10-16,13.36620
2013-10-17,13.36980
2013-10-18,13.37350
2013-10-19,13.37710
2013-10-20,13.38070
2013-10-21,13.38430
2013-10-22,13.38790
2013-10-23,13.39150
2013-10-24,13.39520
2013-10-25,13.39870
2013-10-26,13.40230
2013-10-27,13.40580
2013-10-28,13.40940
2013-10-29,13.41290
2013-10-30,13.41650
2013-10-31,13.42000
2013-11-01,13.42350
2013-11-02,13.42700
2013-11-03,13.43060
2013-11-04,13.43410
2013-11-05,13.43760
2013-11-06,13.44110
2013-11-07,13.44450
2013-11-08,13.44800
2013-11-09,13.45150
2013-11-10,13.45510
2013-11-11,13.45840
2013-11-12,13.46190
2013-11-13,13.46530
2013-11-14,13.46880
2013-11-15,13.47220
2013-11-16,13.47560
2013-11-17,13.47900
2013-11-18,13.48240
2013-11-19,13.48580
2013-11-20,13.48910
2013-11-21,13.49230
2013-11-22,13.49570
2013-11-23,13.49910
2013-11-24,13.50250
2013-11-25,13.50580
2013-11-26,13.50920
2013-11-27,13.51260
2013-11-28,13.51580
2013-11-29,13.51920
2013-11-30,13.52260
2013-12-01,13.52590
2013-12-02,13.52930
2013-12-03,13.53240
2013-12-04,13.53580
2013-12-05,13.53910
2013-12-06,13.54250
2013-12-07,13.54590
2013-12-08,13.54930
2013-12-09,13.55250
2013-12-10,13.55590
2013-12-11,13.55920
2013-12-12,13.56240
2013-12-13,13.56570
2013-12-14,13.56900
2013-12-15,13.57240
2013-12-16,13.57560
2013-12-17,13.57890
2013-12-18,13.58220
2013-12-19,13.58540
2013-12-20,13.58870
2013-12-21,13.59210
2013-12-22,13.59540
2013-12-23,13.59880
2013-12-24,13.60210
2013-12-25,13.60540
2013-12-26,13.60870
2013-12-27,13.61200
2013-12-28,13.61530
2013-12-29,13.61860
2013-12-30,13.62180
2013-12-31,13.62530
2014-01-01,13.62860
2014-01-02,13.63180
2014-01-03,13.63510
2014-01-04,13.63840
2014-01-05,13.64170
2014-01-06,13.64500
2014-01-07,13.64820
2014-01-08,13.65150
2014-01-09,13.65480
2014-01-10,13.65810
2014-01-11,13.66140
2014-01-12,13.66470
2014-01-13,13.66790
2014-01-14,13.67120
2014-01-15,13.67450
2014-01-16,13.67780
2014-01-17,13.68110
2014-01-18,13.68440
2014-01-19,13.68760
2014-01-20,13.69100
2014-01-21,13.69430
2014-01-22,13.69750
2014-01-23,13.70070
2014-01-24,13.70400
2014-01-25,13.70730
2014-01-26,13.71060
2014-01-27,13.71380
2014-01-28,13.71700
2014-01-29,13.72030
2014-01-30,13.72350
2014-01-31,13.72670
2014-02-01,13.73000
2014-02-02,13.73320
2014-02-03,13.73640
2014-02-04,13.73960
2014-02-05,13.74280
2014-02-06,13.74600
2014-02-07,13.74930
2014-02-08,13.75250
2014-02-09,13.75580
2014-02-10,13.75910
2014-02-11,13.76240
2014-02-12,13.76570
2014-02-13,13.76900
2014-02-14,13.77220
2014-02-15,13.77550
2014-02-16,13.77880
2014-02-17,13.78210
2014-02-18,13.78530
2014-02-19,13.78860
2014-02-20,13.79170
2014-02-21,13.79490
2014-02-22,13.79810
2014-02-23,13.80130
2014-02-24,13.80450
2014-02-25,13.80770
2014-02-26,13.81100
2014-02-27,13.81420
2014-02-28,13.81750
2014-03-01,13.82070
2014-03-02,13.82390
2014-03-03,13.82710
2014-03-04,13.83030
2014-03-05,13.83360
2014-03-06,13.83700
2014-03-07,13.84030
2014-03-08,13.84360
2014-03-09,13.84690
2014-03-10,13.85020
2014-03-11,13.85370
2014-03-12,13.85720
2014-03-13,13.86060
2014-03-14,13.86410
2014-03-15,13.86760
2014-03-16,13.87100
2014-03-17,13.87440
2014-03-18,13.87790
2014-03-19,13.88150
2014-03-20,13.88520
2014-03-21,13.88870
2014-03-22,13.89220
2014-03-23,13.89580
2014-03-24,13.89950
2014-03-25,13.90310
2014-03-26,13.90670
2014-03-27,13.91130
2014-03-28,13.91750
2014-03-29,13.92120
2014-03-30,13.92490
2014-03-31,13.92860
2014-04-01,13.93220
2014-04-02,13.93580
2014-04-03,13.93940
2014-04-04,13.94320
2014-04-05,13.94670
2014-04-06,13.95030
2014-04-07,13.95380
2014-04-08,13.95740
2014-04-09,13.96090
2014-04-10,13.96440
2014-04-11,13.96790
2014-04-12,13.97130
2014-04-13,13.97470
2014-04-14,13.97810
2014-04-15,13.98160
2014-04-16,13.98520
2014-04-17,13.98860
2014-04-18,13.99210
2014-04-19,13.99560
2014-04-20,13.99920
2014-04-21,14.00270
2014-04-22,14.00620
2014-04-23,14.00970
2014-04-24,14.01320
2014-04-25,14.01660
2014-04-26,14.02010
2014-04-27,14.02360
2014-04-28,14.02710
2014-04-29,14.03050
2014-04-30,14.03400
2014-05-01,14.03750
2014-05-02,14.04090
2014-05-03,14.04440
2014-05-04,14.04780
2014-05-05,14.05120
2014-05-06,14.05470
2014-05-07,14.05810
2014-05-08,14.06140
2014-05-09,14.06490
2014-05-10,14.06840
2014-05-11,14.07180
2014-05-12,14.07530
2014-05-13,14.07870
2014-05-14,14.08210
2014-05-15,14.08550
2014-05-16,14.08880
2014-05-17,14.09220
2014-05-18,14.09560
2014-05-19,14.09890
2014-05-20,14.10230
2014-05-21,14.10570
2014-05-22,14.10900
2014-05-23,14.11230
2014-05-24,14.11570
2014-05-25,14.11900
2014-05-26,14.12240
2014-05-27,14.12580
2014-05-28,14.12910
2014-05-29,14.13250
2014-05-30,14.13590
2014-05-31,14.13930
2014-06-01,14.14270
2014-06-02,14.14600
2014-06-03,14.14930
2014-06-04,14.15270
2014-06-05,14.15600
2014-06-06,14.15940
2014-06-07,14.16270
2014-06-08,14.16610
2014-06-09,14.16940
2014-06-10,14.17280
2014-06-11,14.17610
2014-06-12,14.17940
2014-06-13,14.18280
2014-06-14,14.18610
2014-06-15,14.18940
2014-06-16,14.19270
2014-06-17,14.19600
2014-06-18,14.19940
2014-06-19,14.20270
2014-06-20,14.20600
2014-06-21,14.20930
2014-06-22,14.21260
2014-06-23,14.21600
2014-06-24,14.21930
2014-06-25,14.22260
2014-06-26,14.22590
2014-06-27,14.22920
2014-06-28,14.23260
2014-06-29,14.23590
2014-06-30,14.23890
2014-07-01,14.24240
2014-07-02,14.24570
2014-07-03,14.24910
2014-07-04,14.25260
2014-07-05,14.25600
2014-07-06,14.25930
2014-07-07,14.26260
2014-07-08,14.26590
2014-07-09,14.26920
2014-07-10,14.27250
2014-07-11,14.27580
2014-07-12,14.27910
2014-07-13,14.28240
2014-07-14,14.28570
2014-07-15,14.28900
2014-07-16,14.29230
2014-07-17,14.29570
2014-07-18,14.29900
2014-07-19,14.30230
2014-07-20,14.30560
2014-07-21,14.30890
2014-07-22,14.31230
2014-07-23,14.31560
2014-07-24,14.31900
2014-07-25,14.32230
2014-07-26,14.32560
2014-07-27,14.32900
2014-07-28,14.33240
2014-07-29,14.33570
2014-07-30,14.33910
2014-07-31,14.34240
2014-08-01,14.34570
2014-08-02,14.34910
2014-08-03,14.35240
2014-08-04,14.35560
2014-08-05,14.35900
2014-08-06,14.36230
2014-08-07,14.36560
2014-08-08,14.36890
2014-08-09,14.37230
2014-08-10,14.37560
2014-08-11,14.37890
2014-08-12,14.38230
2014-08-13,14.38560
2014-08-14,14.38890
2014-08-15,14.39230
2014-08-16,14.39560
2014-08-17,14.39900
2014-08-18,14.40230
2014-08-19,14.40560
2014-08-20,14.40900
2014-08-21,14.41230
2014-08-22,14.41560
2014-08-23,14.41890
2014-08-24,14.42230
2014-08-25,14.42560
2014-08-26,14.42890
2014-08-27,14.43230
2014-08-28,14.43560
2014-08-29,14.43890
2014-08-30,14.44230
2014-08-31,14.44560
2014-09-01,14.44900
2014-09-02,14.45240
2014-09-03,14.45580
2014-09-04,14.45920
2014-09-05,14.46260
2014-09-06,14.46600
2014-09-07,14.46940
2014-09-08,14.47280
2014-09-09,14.47620
2014-09-16,28.16040
2014-09-17,28.16710
2014-09-18,28.17380
2014-09-19,28.18060
2014-09-20,28.18720
2014-09-21,28.19390
2014-09-22,28.20050
2014-09-23,28.20710
2014-09-24,28.21380
2014-09-25,28.22040
2014-09-26,28.22710
2014-09-27,28.23380
2014-09-28,28.24060
2014-09-29,28.24740
2014-09-30,28.25480
2014-10-01,28.26170
2014-10-02,28.26840
2014-10-03,28.27510
2014-10-04,28.28180
2014-10-05,28.28840
2014-10-06,28.29510
2014-10-07,28.30190
2014-10-08,28.30870
2014-10-09,28.31530
2014-10-10,28.32200
2014-10-11,28.32870
2014-10-12,28.33530
2014-10-13,28.34200
2014-10-14,28.34860
2014-10-15,28.35530
2014-10-16,28.36190
2014-10-17,28.36860
2014-10-18,28.37530
2014-10-19,28.38210
2014-10-20,28.38890
2014-10-21,28.39560
2014-10-22,28.40220
2014-10-23,28.40890
2014-10-24,28.41550
2014-10-25,28.42220
2014-10-26,28.42890
2014-10-27,28.43560
2014-10-28,28.44230
2014-10-29,28.44910
2014-10-30,28.45580
2014-10-31,28.46240
2014-11-01,28.46900
2014-11-02,28.47560
2014-11-03,28.48220
2014-11-04,28.48880
2014-11-05,28.49570
2014-11-06,28.50230
2014-11-07,28.50900
2014-11-08,28.51560
2014-11-09,28.52220
2014-11-10,28.52890
2014-11-11,28.53560
2014-11-12,28.54220
2014-11-13,28.54880
2014-11-14,28.55540
2014-11-15,28.56200
2014-11-16,28.56850
2014-11-17,28.57510
2014-11-18,28.58160
2014-11-19,28.58820
2014-11-20,28.59480
2014-11-21,28.60130
2014-11-22,28.60780
2014-11-23,28.61440
2014-11-24,28.62090
2014-11-25,28.62750
2014-11-26,28.63410
2014-11-27,28.64060
2014-11-28,28.64740
2014-11-29,28.65390
2014-11-30,28.66040
2014-12-01,28.66710
2014-12-02,28.67390
2014-12-03,28.68050
2014-12-04,28.68700
2014-12-05,28.69360
2014-12-06,28.70020
2014-12-07,28.70670
2014-12-08,28.71320
2014-12-09,28.71980
2014-12-10,28.72630
2014-12-11,28.73280
2014-12-12,28.73940
2014-12-13,28.74600
2014-12-14,28.75250
2014-12-15,28.75910
2014-12-16,28.76560
2014-12-17,28.77230
2014-12-18,28.77880
2014-12-19,28.78540
2014-12-20,28.79200
2014-12-21,28.79860
2014-12-22,28.80520
2014-12-23,28.81190
2014-12-24,28.81850
2014-12-25,28.82510
2014-12-26,28.83170
2014-12-27,28.83830
2014-12-28,28.84490
2014-12-29,28.85150
2014-12-30,28.85830
2014-12-31,28.86560
2015-01-01,28.87240
2015-01-02,28.87910
2015-01-03,28.88570
2015-01-04,28.89230
2015-01-05,28.89900
2015-01-06,28.90560
2015-01-07,28.91220
2015-01-08,28.91890
2015-01-09,28.92550
2015-01-10,28.93210
2015-01-11,28.93880
2015-01-12,28.94540
2015-01-13,28.95210
2015-01-14,28.95880
2015-01-15,28.96540
2015-01-16,28.97230
2015-01-17,28.97890
2015-01-18,28.98560
2015-01-19,28.99220
2015-01-20,28.99880
2015-01-21,29.00550
2015-01-22,29.01210
2015-01-23,29.01870
2015-01-24,29.02530
2015-01-25,29.03200
2015-01-26,29.03860
2015-01-27,29.04520
2015-01-28,29.05190
2015-01-29,29.05860
2015-01-30,29.06510
2015-01-31,29.07170
2015-02-01,29.07830
2015-02-02,29.08490
2015-02-03,29.09160
2015-02-04,29.09830
2015-02-05,29.10490
2015-02-06,29.11160
2015-02-07,29.11820
2015-02-08,29.12480
2015-02-09,29.13140
2015-02-10,29.13800
2015-02-11,29.14470
2015-02-12,29.15130
2015-02-13,29.15790
2015-02-14,29.16460
2015-02-15,29.17120
2015-02-16,29.17790
2015-02-17,29.18460
2015-02-18,29.19120
2015-02-19,29.19790
2015-02-20,29.20460
2015-02-21,29.21120
2015-02-22,29.21790
2015-02-23,29.22460
2015-02-24,29.23120
2015-02-25,29.23780
2015-02-26,29.24450
2015-02-27,29.25130
2015-02-28,29.25800
2015-03-01,29.26470
2015-03-02,29.27150
2015-03-03,29.27820
2015-03-04,29.28560
2015-03-05,29.29250
2015-03-06,29.29930
2015-03-07,29.30610
2015-03-08,29.31290
2015-03-09,29.31970
2015-03-10,29.32640
2015-03-11,29.33330
2015-03-12,29.33990
2015-03-13,29.34670
2015-03-14,29.35360
2015-03-15,29.36050
2015-03-16,29.36730
2015-03-17,29.37420
2015-03-18,29.38110
2015-03-19,29.38780
2015-03-20,29.39460
2015-03-21,29.40140
2015-03-22,29.40830
2015-03-23,29.41540
2015-03-24,29.42210
2015-03-25,29.42890
2015-03-26,29.43600
2015-03-27,29.44320
2015-03-28,29.45030
2015-03-29,29.45750
2015-03-30,29.46500
2015-03-31,29.47920
2015-04-01,29.48630
2015-04-02,29.49350
2015-04-03,29.50060
2015-04-04,29.50770
2015-04-05,29.51490
2015-04-06,29.52260
2015-04-07,29.52970
2015-04-08,29.53660
2015-04-09,29.54350
2015-04-10,29.55040
2015-04-11,29.55720
2015-04-12,29.56410
2015-04-13,29.57100
2015-04-14,29.57790
2015-04-15,29.58480
2015-04-16,29.59150
2015-04-17,29.59830
2015-04-18,29.60520
2015-04-19,29.61210
2015-04-20,29.61900
2015-04-21,29.62580
2015-04-22,29.63250
2015-04-23,29.63940
2015-04-24,29.64620
2015-04-25,29.65310
2015-04-26,29.65990
2015-04-27,29.66680
2015-04-28,29.67360
2015-04-29,29.68050
2015-04-30,29.68730
2015-05-01,29.69410
2015-05-02,29.70090
2015-05-03,29.70770
2015-05-04,29.71450
2015-05-05,29.72130
2015-05-06,29.72820
2015-05-07,29.73490
2015-05-08,29.74160
2015-05-09,29.74830
2015-05-10,29.75510
2015-05-11,29.76180
2015-05-12,29.76850
2015-05-13,29.77540
2015-05-14,29.78210
2015-05-15,29.78880
2015-05-16,29.79550
2015-05-17,29.80220
2015-05-18,29.80890
2015-05-19,29.81570
2015-05-20,29.82240
2015-05-21,29.82930
2015-05-22,29.83570
2015-05-23,29.84230
2015-05-24,29.84900
2015-05-25,29.85600
2015-05-26,29.86270
2015-05-27,29.86960
2015-05-28,29.87630
2015-05-29,29.88320
2015-05-30,29.88990
2015-05-31,29.89650
2015-06-01,29.90340
2015-06-02,29.91030
2015-06-03,29.91690
2015-06-04,29.92380
2015-06-05,29.93050
2015-06-06,29.93700
2015-06-07,29.94350
2015-06-08,29.95030
2015-06-09,29.95710
2015-06-10,29.96380
2015-06-11,29.97040
2015-06-12,29.97710
2015-06-13,29.98370
2015-06-14,29.99030
2015-06-15,29.99680
2015-06-16,30.00350
2015-06-17,30.01010
2015-06-18,30.01660
2015-06-19,30.02310
2015-06-20,30.02960
2015-06-21,30.03600
2015-06-22,30.04260
2015-06-23,30.04920
2015-06-24,30.05580
2015-06-25,30.06230
2015-06-26,30.06890
2015-06-27,30.07530
2015-06-28,30.08180
2015-06-29,30.08840
2015-06-30,30.09550
2015-07-01,30.10220
2015-07-02,30.10920
2015-07-03,30.11560
2015-07-04,30.12210
2015-07-05,30.12860
2015-07-06,30.13520
2015-07-07,30.14190
2015-07-08,30.14840
2015-07-09,30.15490
2015-07-10,30.16170
2015-07-11,30.16830
2015-07-12,30.17490
2015-07-13,30.18140
2015-07-14,30.18780
2015-07-15,30.19440
2015-07-16,30.20090
2015-07-17,30.20770
2015-07-18,30.21410
2015-07-19,30.22070
2015-07-20,30.22720
2015-07-21,30.23370
2015-07-22,30.24020
2015-07-23,30.24670
2015-07-24,30.25320
2015-07-25,30.25970
2015-07-26,30.26620
2015-07-27,30.27280
2015-07-28,30.27920
2015-07-29,30.28570
2015-07-30,30.29220
2015-07-31,30.29860
2015-08-01,30.30500
2015-08-02,30.31130
2015-08-03,30.31770
2015-08-04,30.32420
2015-08-05,30.33070
2015-08-06,30.33720
2015-08-07,30.34360
2015-08-08,30.34990
2015-08-09,30.35620
2015-08-10,30.36260
2015-08-11,30.36890
2015-08-12,30.37530
2015-08-13,30.38180
2015-08-14,30.38850
2015-08-15,30.39490
2015-08-16,30.40130
2015-08-17,30.40760
2015-08-18,30.41400
2015-08-19,30.42030
2015-08-20,30.42660
2015-08-21,30.43290
2015-08-22,30.43920
2015-08-23,30.44550
2015-08-24,30.45170
2015-08-25,30.45790
2015-08-26,30.46420
2015-08-27,30.47030
2015-08-28,30.47660
2015-08-29,30.48290
2015-08-30,30.48920
2015-08-31,30.49550
2015-09-01,30.50170
2015-09-02,30.50800
2015-09-03,30.51420
2015-09-04,30.52040
2015-09-05,30.52670
2015-09-06,30.53290
2015-09-07,30.53920
2015-09-08,30.54550
2015-09-09,30.55180
2015-09-10,30.55760
2015-09-11,30.56390
2015-09-12,30.57020
2015-09-13,30.57650
2015-09-14,30.58280
2015-09-15,30.58900
2015-09-16,30.59520
2015-09-17,30.60160
2015-09-18,30.60770
2015-09-19,30.61410
2015-09-20,30.62040
2015-09-21,30.62700
2015-09-22,30.63340
2015-09-23,30.63970
2015-09-24,30.64610
2015-09-25,30.65260
2015-09-26,30.65910
2015-09-27,30.66550
2015-09-28,30.67200
2015-09-29,30.68070
2015-09-30,30.68850
2015-10-01,30.69480
2015-10-02,30.70110
2015-10-03,30.70730
2015-10-04,30.71360
2015-10-05,30.72010
2015-10-06,30.72660
2015-10-07,30.73280
2015-10-08,30.73900
2015-10-09,30.74530
2015-10-10,30.75160
2015-10-11,30.75790
2015-10-12,30.76420
2015-10-13,30.77050
2015-10-14,30.77680
2015-10-15,30.78310
2015-10-16,30.78940
2015-10-17,30.79570
2015-10-18,30.80190
2015-10-19,30.80830
2015-10-20,30.81470
2015-10-21,30.82090
2015-10-22,30.82720
2015-10-23,30.83360
2015-10-24,30.83990
2015-10-25,30.84630
2015-10-26,30.85260
2015-10-27,30.85890
2015-10-28,30.86530
2015-10-29,30.87150
2015-10-30,30.87780
2015-10-31,30.88410
2015-11-01,30.89030
2015-11-02,30.89660
2015-11-03,30.90290
2015-11-04,30.90920
2015-11-05,30.91550
2015-11-06,30.92180
2015-11-07,30.92800
2015-11-08,30.93430
2015-11-09,30.94060
2015-11-10,30.94670
2015-11-11,30.95300
2015-11-12,30.95920
2015-11-13,30.96570
2015-11-14,30.97190
2015-11-15,30.97810
2015-11-16,30.98450
2015-11-17,30.99060
2015-11-18,30.99690
2015-11-19,31.00310
2015-11-20,31.00940
2015-11-21,31.01550
2015-11-22,31.02170
2015-11-23,31.02780
2015-11-24,31.03380
2015-11-25,31.04000
2015-11-26,31.04630
2015-11-27,31.05240
2015-11-28,31.05850
2015-11-29,31.06460
2015-11-30,31.07090
2015-12-01,31.07690
2015-12-02,31.08310
2015-12-03,31.08920
2015-12-04,31.09540
2015-12-05,31.10160
2015-12-06,31.10780
2015-12-07,31.11390
2015-12-08,31.11990
2015-12-09,31.12600
2015-12-10,31.13200
2015-12-11,31.13820
2015-12-12,31.14440
2015-12-13,31.15070
2015-12-14,31.15730
2015-12-15,31.16370
2015-12-16,31.17020
2015-12-17,31.17660
2015-12-18,31.18280
2015-12-19,31.18950
2015-12-20,31.19630
2015-12-21,31.20260
2015-12-22,31.20900
2015-12-23,31.21510
2015-12-24,31.22150
2015-12-25,31.22790
2015-12-26,31.23440
2015-12-27,31.24080
2015-12-28,31.24730
2015-12-29,31.25400
2015-12-30,31.26130
2015-12-31,31.26850
2016-01-01,31.27560
2016-01-02,31.28180
2016-01-03,31.28810
2016-01-04,31.29450
2016-01-05,31.30070
2016-01-06,31.30690
2016-01-07,31.31330
2016-01-08,31.31970
2016-01-09,31.32600
2016-01-10,31.33230
2016-01-11,31.33870
2016-01-12,31.34490
2016-01-13,31.35120
2016-01-14,31.35720
2016-01-15,31.36360
2016-01-16,31.37000
2016-01-17,31.37630
2016-01-18,31.38260
2016-01-19,31.38900
2016-01-20,31.39530
2016-01-21,31.40160
2016-01-22,31.40770
2016-01-23,31.41410
2016-01-24,31.42040
2016-01-25,31.42670
2016-01-26,31.43310
2016-01-27,31.43940
2016-01-28,31.44590
2016-01-29,31.45220
2016-01-30,31.45860
2016-01-31,31.46510
2016-02-01,31.47150
2016-02-02,31.47770
2016-02-03,31.48420
2016-02-04,31.49050
2016-02-05,31.49710
2016-02-06,31.50360
2016-02-07,31.51020
2016-02-08,31.51670
2016-02-09,31.52320
2016-02-10,31.52980
2016-02-11,31.53630
2016-02-12,31.54290
2016-02-13,31.54950
2016-02-14,31.55610
2016-02-15,31.56260
2016-02-16,31.56930
2016-02-17,31.57580
2016-02-18,31.58230
2016-02-19,31.58890
2016-02-20,31.59540
2016-02-21,31.60200
2016-02-22,31.60830
2016-02-23,31.61480
2016-02-24,31.62130
2016-02-25,31.62770
2016-02-26,31.63390
2016-02-27,31.64040
2016-02-28,31.64690
2016-02-29,31.65380
2016-03-01,31.66060
2016-03-02,31.66710
2016-03-03,31.67350
2016-03-04,31.68030
2016-03-05,31.68710
2016-03-06,31.69380
2016-03-07,31.70050
2016-03-08,31.70730
2016-03-09,31.71330
2016-03-10,31.71970
2016-03-11,31.72660
2016-03-12,31.73340
2016-03-13,31.74020
2016-03-14,31.74770
2016-03-15,31.75560
2016-03-16,31.76250
2016-03-17,31.76940
2016-03-18,31.77630
2016-03-19,31.78350
2016-03-20,31.79070
2016-03-21,31.79750
2016-03-22,31.80410
2016-03-23,31.81080
2016-03-24,31.66830
2016-03-25,31.67540
2016-03-26,31.68260
2016-03-27,31.68970
2016-03-28,31.69690
2016-03-29,31.70470
2016-03-30,31.71280
2016-03-31,31.73830
2016-04-01,31.74550
2016-04-02,31.75270
2016-04-03,31.75990
2016-04-04,31.76750
2016-04-05,31.77580
2016-04-06,31.78290
2016-04-07,31.78980
2016-04-08,31.79680
2016-04-09,31.80380
2016-04-10,31.81070
2016-04-11,31.81760
2016-04-12,31.82470
2016-04-13,31.83170
2016-04-14,31.83870
2016-04-15,31.84580
2016-04-16,31.85280
2016-04-17,31.85980
2016-04-18,31.86680
2016-04-19,31.87370
2016-04-20,31.88060
2016-04-21,31.88730
2016-04-22,31.89410
2016-04-23,31.90100
2016-04-24,31.90790
2016-04-25,31.91480
2016-04-26,31.92170
2016-04-27,31.92850
2016-04-28,31.93530
2016-04-29,31.94220
2016-04-30,31.94910
2016-05-01,31.95600
2016-05-02,31.96300
2016-05-03,31.97000
2016-05-04,31.97700
2016-05-05,31.98390
2016-05-06,31.99040
2016-05-07,31.99740
2016-05-08,32.00440
2016-05-09,32.01120
2016-05-10,32.01800
2016-05-11,32.02490
2016-05-12,32.03170
2016-05-13,32.03860
2016-05-14,32.04540
2016-05-15,32.05200
2016-05-16,32.05890
2016-05-17,32.06550
2016-05-18,32.07230
2016-05-19,32.07910
2016-05-20,32.08600
2016-05-21,32.09270
2016-05-22,32.09940
2016-05-23,32.10610
2016-05-24,32.11290
2016-05-25,32.11980
2016-05-26,32.12620
2016-05-27,32.13290
2016-05-28,32.13960
2016-05-29,32.14630
2016-05-30,32.15300
2016-05-31,32.15970
2016-06-01,32.16640
2016-06-02,32.17290
2016-06-03,32.17970
2016-06-04,32.18610
2016-06-05,32.19250
2016-06-06,32.19940
2016-06-07,32.20640
2016-06-08,32.21320
2016-06-09,32.21960
2016-06-10,32.22670
2016-06-11,32.23320
2016-06-12,32.23980
2016-06-13,32.24640
2016-06-14,32.25300
2016-06-15,32.25980
2016-06-16,32.26620
2016-06-17,32.27280
2016-06-18,32.27930
2016-06-19,32.28580
2016-06-20,32.29200
2016-06-21,32.29870
2016-06-22,32.15520
2016-06-23,32.16200
2016-06-24,32.16840
2016-06-25,32.17490
2016-06-26,32.18150
2016-06-27,32.18820
2016-06-28,32.19480
2016-06-29,32.20210
2016-06-30,32.20880
2016-07-01,32.21510
2016-07-02,32.22130
2016-07-03,32.22760
2016-07-04,32.23400
2016-07-05,32.24060
2016-07-06,32.24700
2016-07-07,32.25350
2016-07-08,32.26050
2016-07-09,32.26690
2016-07-10,32.27330
2016-07-11,32.27960
2016-07-12,32.28590
2016-07-13,32.29260
2016-07-14,32.29910
2016-07-15,32.30540
2016-07-16,32.31180
2016-07-17,32.31820
2016-07-18,32.32450
2016-07-19,32.33090
2016-07-20,32.33720
2016-07-21,32.34360
2016-07-22,32.35010
2016-07-23,32.35640
2016-07-24,32.36270
2016-07-25,32.37000
2016-07-26,32.37620
2016-07-27,32.38260
2016-07-28,32.38890
2016-07-29,32.39500
2016-07-30,32.40120
2016-07-31,32.40740
2016-08-01,32.41360
2016-08-02,32.42000
2016-08-03,32.42620
2016-08-04,32.43240
2016-08-05,32.43870
2016-08-06,32.44490
2016-08-07,32.45100
2016-08-08,32.45700
2016-08-09,32.46360
2016-08-10,32.46980
2016-08-11,32.47590
2016-08-12,32.48210
2016-08-13,32.48820
2016-08-14,32.49430
2016-08-15,32.50040
2016-08-16,32.50660
2016-08-17,32.51270
2016-08-18,32.51880
2016-08-19,32.52460
2016-08-20,32.53090
2016-08-21,32.53720
2016-08-22,32.54350
2016-08-23,32.54950
2016-08-24,32.55580
2016-08-25,32.56220
2016-08-26,32.56820
2016-08-27,32.57430
2016-08-28,32.58040
2016-08-29,32.58650
2016-08-30,32.59260
2016-08-31,32.59870
2016-09-01,32.60470
2016-09-02,32.61080
2016-09-03,32.61680
2016-09-04,32.62290
2016-09-05,32.62890
2016-09-06,32.63510
2016-09-07,32.64110
2016-09-08,32.64710
2016-09-09,32.65310
2016-09-10,32.65910
2016-09-11,32.66510
2016-09-12,32.67120
2016-09-13,32.67720
2016-09-14,32.68310
2016-09-15,32.68910
2016-09-16,32.69510
2016-09-17,32.70110
2016-09-18,32.70710
2016-09-19,32.71310
2016-09-20,32.71910
2016-09-21,32.72510
2016-09-22,32.73120
2016-09-23,32.73740
2016-09-24,32.59340
2016-09-25,32.59940
2016-09-26,32.60560
2016-09-27,32.61180
2016-09-28,32.61790
2016-09-29,32.62450
2016-09-30,32.63230
2016-10-01,32.63840
2016-10-02,32.64440
2016-10-03,32.65100
2016-10-04,32.65750
2016-10-05,32.66400
2016-10-06,32.67000
2016-10-07,32.67610
2016-10-08,32.68200
2016-10-09,32.68790
2016-10-10,32.69370
2016-10-11,32.69970
2016-10-12,32.70560
2016-10-13,32.71140
2016-10-14,32.71750
2016-10-15,32.72340
2016-10-16,32.72930
2016-10-17,32.73540
2016-10-18,32.74120
2016-10-19,32.74700
2016-10-20,32.75270
2016-10-21,32.75890
2016-10-22,32.76480
2016-10-23,32.77070
2016-10-24,32.77660
2016-10-25,32.78250
2016-10-26,32.78830
2016-10-27,32.79430
2016-10-28,32.80020
2016-10-29,32.80620
2016-10-30,32.81210
2016-10-31,32.81810
2016-11-01,32.82410
2016-11-02,32.83010
2016-11-03,32.83620
2016-11-04,32.84230
2016-11-05,32.84840
2016-11-06,32.85450
2016-11-07,32.86060
2016-11-08,32.86640
2016-11-09,32.87240
2016-11-10,32.87830
2016-11-11,32.88410
2016-11-12,32.89000
2016-11-13,32.89590
2016-11-14,32.90180
2016-11-15,32.90860
2016-11-16,32.91570
2016-11-17,32.92150
2016-11-18,32.92790
2016-11-19,32.93390
2016-11-20,32.93980
2016-11-21,32.94630
2016-11-22,32.95230
2016-11-23,32.95870
2016-11-24,32.96610
2016-11-25,32.97130
2016-11-26,32.97720
2016-11-27,32.98300
2016-11-28,32.98810
2016-11-29,32.99430
2016-11-30,33.00020
2016-12-01,33.00620
2016-12-02,33.01070
2016-12-03,33.01660
2016-12-04,33.02240
2016-12-05,33.02840
2016-12-06,33.03450
2016-12-07,33.03640
2016-12-08,33.04190
2016-12-09,33.04810
2016-12-10,33.05400
2016-12-11,33.05990
2016-12-12,33.06590
2016-12-13,33.07190
2016-12-14,33.07790
2016-12-15,33.08370
2016-12-16,33.08940
2016-12-17,33.09530
2016-12-18,33.10120
2016-12-19,33.10700
2016-12-20,33.11280
2016-12-21,33.11860
2016-12-22,32.97390
2016-12-23,32.98000
2016-12-24,32.98610
2016-12-25,32.99210
2016-12-26,32.99790
2016-12-27,33.00340
2016-12-28,33.00920
2016-12-29,33.01510
2016-12-30,33.02110
2016-12-31,33.02690
2017-01-01,33.03280
2017-01-02,33.03870
2017-01-03,33.04480
2017-01-04,33.05110
2017-01-05,33.05670
2017-01-06,33.06260
2017-01-07,33.06860
2017-01-08,33.07440
2017-01-09,33.08040
2017-01-10,33.08620
2017-01-11,33.09170
2017-01-12,33.09760
2017-01-13,33.10330
2017-01-14,33.10920
2017-01-15,33.11500
2017-01-16,33.12090
2017-01-17,33.12680
2017-01-18,33.13270
2017-01-19,33.13840
2017-01-20,33.14440
2017-01-21,33.15030
2017-01-22,33.15620
2017-01-23,33.16210
2017-01-24,33.16800
2017-01-25,33.17390
2017-01-26,33.17980
2017-01-27,33.18590
2017-01-28,33.19190
2017-01-29,33.19790
2017-01-30,33.20390
2017-01-31,33.20980
2017-02-01,33.21580
2017-02-02,33.22150
2017-02-03,33.22770
2017-02-04,33.23350
2017-02-05,33.23930
2017-02-06,33.24550
2017-02-07,33.25140
2017-02-08,33.25630
2017-02-09,33.26220
2017-02-10,33.26840
2017-02-11,33.27430
2017-02-12,33.28020
2017-02-13,33.28610
2017-02-14,33.29190
2017-02-15,33.29780
2017-02-16,33.30370
2017-02-17,33.30960
2017-02-18,33.31540
2017-02-19,33.32130
2017-02-20,33.32730
2017-02-21,33.33320
2017-02-22,33.33940
2017-02-23,33.34580
2017-02-24,33.35170
2017-02-25,33.35770
2017-02-26,33.36360
2017-02-27,33.36940
2017-02-28,33.37490
2017-03-01,33.38100
2017-03-02,33.38690
2017-03-03,33.39230
2017-03-04,33.39820
2017-03-05,33.40410
2017-03-06,33.41010
2017-03-07,33.41610
2017-03-08,33.42190
2017-03-09,33.42770
2017-03-10,33.43370
2017-03-11,33.44030
2017-03-12,33.44690
2017-03-13,33.45320
2017-03-14,33.45950
2017-03-15,33.46560
2017-03-16,33.47180
2017-03-17,33.47750
2017-03-18,33.48380
2017-03-19,33.49010
2017-03-20,33.49650
2017-03-21,33.50220
2017-03-22,33.50930
2017-03-23,33.51530
2017-03-24,33.52090
2017-03-25,33.52690
2017-03-26,33.53290
2017-03-27,33.53870
2017-03-28,33.39460
2017-03-29,33.40060
2017-03-30,33.40710
2017-03-31,33.41530
2017-04-01,33.42140
2017-04-02,33.42750
2017-04-03,33.43350
2017-04-04,33.43960
2017-04-05,33.44580
2017-04-06,33.45120
2017-04-07,33.45720
2017-04-08,33.46320
2017-04-09,33.46910
2017-04-10,33.47500
2017-04-11,33.48080
2017-04-12,33.48670
2017-04-13,33.49240
2017-04-14,33.49830
2017-04-15,33.50410
2017-04-16,33.50990
2017-04-17,33.51570
2017-04-18,33.52140
2017-04-19,33.52740
2017-04-20,33.53340
2017-04-21,33.53930
2017-04-22,33.54520
2017-04-23,33.55110
2017-04-24,33.55700
2017-04-25,33.56290
2017-04-26,33.56880
2017-04-27,33.57460
2017-04-28,33.58050
2017-04-29,33.58630
2017-04-30,33.59220
2017-05-01,33.59800
2017-05-02,33.60400
2017-05-03,33.60990
2017-05-04,33.61560
2017-05-05,33.62140
2017-05-06,33.62740
2017-05-07,33.63330
2017-05-08,33.63930
2017-05-09,33.64520
2017-05-10,33.65110
2017-05-11,33.65680
2017-05-12,33.66280
2017-05-13,33.66880
2017-05-14,33.67480
2017-05-15,33.68090
2017-05-16,33.68700
2017-05-17,33.69300
2017-05-18,33.69910
2017-05-19,33.70510
2017-05-20,33.71110
2017-05-21,33.71720
2017-05-22,33.72300
2017-05-23,33.72890
2017-05-24,33.73480
2017-05-25,33.74070
2017-05-26,33.74660
2017-05-27,33.75240
2017-05-28,33.75830
2017-05-29,33.76420
2017-05-30,33.77030
2017-05-31,33.77620
2017-06-01,33.78220
2017-06-02,33.78840
2017-06-03,33.79430
2017-06-04,33.80010
2017-06-05,33.80600
2017-06-06,33.81210
2017-06-07,33.81810
2017-06-08,33.82400
2017-06-09,33.82980
2017-06-10,33.83560
2017-06-11,33.84150
2017-06-12,33.84740
2017-06-13,33.85340
2017-06-14,33.85950
2017-06-15,33.86530
2017-06-16,33.87110
2017-06-17,33.87700
2017-06-18,33.88290
2017-06-19,33.88900
2017-06-20,33.89490
2017-06-21,33.90090
2017-06-22,33.90690
2017-06-23,33.91260
2017-06-24,33.91890
2017-06-25,33.92520
2017-06-26,33.93140
2017-06-27,33.93760
2017-06-28,33.79400
2017-06-29,33.79990
2017-06-30,33.80620
2017-07-01,33.81210
2017-07-02,33.81800
2017-07-03,33.82440
2017-07-04,33.83060
2017-07-05,33.83670
2017-07-06,33.84310
2017-07-07,33.84940
2017-07-08,33.85550
2017-07-09,33.86170
2017-07-10,33.86800
2017-07-11,33.87400
2017-07-12,33.88010
2017-07-13,33.88600
2017-07-14,33.89220
2017-07-15,33.89810
2017-07-16,33.90400
2017-07-17,33.91010
2017-07-18,33.91600
2017-07-19,33.92210
2017-07-20,33.92820
2017-07-21,33.93440
2017-07-22,33.94050
2017-07-23,33.94650
2017-07-24,33.95250
2017-07-25,33.95860
2017-07-26,33.96460
2017-07-27,33.97040
2017-07-28,33.97640
2017-07-29,33.98230
2017-07-30,33.98820
2017-07-31,33.99420
2017-08-01,34.00010
2017-08-02,34.00600
2017-08-03,34.01210
2017-08-04,34.01800
2017-08-05,34.02410
2017-08-06,34.03030
2017-08-07,34.03650
2017-08-08,34.04260
2017-08-09,34.04870
2017-08-10,34.05470
2017-08-11,34.06070
2017-08-12,34.06660
2017-08-13,34.07260
2017-08-14,34.07850
2017-08-15,34.08440
2017-08-16,34.09030
2017-08-17,34.09620
2017-08-18,34.10210
2017-08-19,34.10800
2017-08-20,34.11390
2017-08-21,34.11970
2017-08-22,34.12560
2017-08-23,34.13140
2017-08-24,34.13730
2017-08-25,34.14310
2017-08-26,34.14880
2017-08-27,34.15460
2017-08-28,34.16040
2017-08-29,34.16610
2017-08-30,34.17190
2017-08-31,34.17780
2017-09-01,34.18370
2017-09-02,34.18950
2017-09-03,34.19530
2017-09-04,34.20110
2017-09-05,34.20680
2017-09-06,34.21250
2017-09-07,34.21830
2017-09-08,34.22410
2017-09-09,34.22990
2017-09-10,34.23570
2017-09-11,34.24170
2017-09-12,34.24760
2017-09-13,34.25360
2017-09-14,34.25940
2017-09-15,34.26530
2017-09-16,34.27130
2017-09-17,34.27730
2017-09-18,34.28330
2017-09-19,34.28920
2017-09-20,34.29520
2017-09-21,34.30120
2017-09-22,34.15690
2017-09-23,34.16300
2017-09-24,34.16900
2017-09-25,34.17500
2017-09-26,34.18120
2017-09-27,34.18750
2017-09-28,34.19350
2017-09-29,34.19940
2017-09-30,34.20530
2017-10-01,34.21110
2017-10-02,34.21690
2017-10-03,34.22290
2017-10-04,34.22880
2017-10-05,34.23430
2017-10-06,34.24030
2017-10-07,34.24600
2017-10-08,34.25160
2017-10-09,34.25750
2017-10-10,34.26360
2017-10-11,34.26960
2017-10-12,34.27550
2017-10-13,34.28170
2017-10-14,34.28770
2017-10-15,34.29370
2017-10-16,34.29980
2017-10-17,34.30560
2017-10-18,34.31140
2017-10-19,34.31720
2017-10-20,34.32300
2017-10-21,34.32880
2017-10-22,34.33460
2017-10-23,34.34030
2017-10-24,34.34610
2017-10-25,34.35180
2017-10-26,34.35730
2017-10-27,34.36310
2017-10-28,34.36880
2017-10-29,34.37460
2017-10-30,34.38060
2017-10-31,34.38670
2017-11-01,34.39280
2017-11-02,34.39890
2017-11-03,34.40500
2017-11-04,34.41110
2017-11-05,34.41710
2017-11-06,34.42300
2017-11-07,34.42890
2017-11-08,34.43480
2017-11-09,34.44060
2017-11-10,34.44640
2017-11-11,34.45220
2017-11-12,34.45810
2017-11-13,34.46390
2017-11-14,34.46980
2017-11-15,34.47570
2017-11-16,34.48130
2017-11-17,34.48710
2017-11-18,34.49290
2017-11-19,34.49870
2017-11-20,34.50470
2017-11-21,34.51060
2017-11-22,34.51640
2017-11-23,34.52220
2017-11-24,34.52810
2017-11-25,34.53390
2017-11-26,34.53980
2017-11-27,34.54590
2017-11-28,34.55180
2017-11-29,34.55770
2017-11-30,34.56370
2017-12-01,34.56950
2017-12-02,34.57550
2017-12-03,34.58140
2017-12-04,34.58730
2017-12-05,34.59320
2017-12-06,34.59910
2017-12-07,34.60510
2017-12-08,34.61100
2017-12-09,34.61700
2017-12-10,34.62290
2017-12-11,34.62880
2017-12-12,34.63470
2017-12-13,34.64060
2017-12-14,34.64660
2017-12-15,34.65240
2017-12-16,34.65840
2017-12-17,34.66440
2017-12-18,34.67030
2017-12-19,34.67620
2017-12-20,34.53210
2017-12-21,34.53800
2017-12-22,34.54390
2017-12-23,34.55000
2017-12-24,34.55610
2017-12-25,34.56210
2017-12-26,34.56820
2017-12-27,34.57440
2017-12-28,34.58060
2017-12-29,34.58740
2017-12-30,34.59350
2017-12-31,34.59960
2018-01-01,34.60730
2018-01-02,34.61330
2018-01-03,34.61930
2018-01-04,34.62520
2018-01-05,34.63120
2018-01-06,34.63730
2018-01-07,34.64340
2018-01-08,34.64950
2018-01-09,34.65570
2018-01-10,34.66170
2018-01-11,34.66770
2018-01-12,34.67380
2018-01-13,34.67980
2018-01-14,34.68580
2018-01-15,34.69210
2018-01-16,34.69830
2018-01-17,34.70440
2018-01-18,34.71050
2018-01-19,34.71680
2018-01-20,34.72300
2018-01-21,34.72920
2018-01-22,34.73530
2018-01-23,34.74160
2018-01-24,34.74780
2018-01-25,34.75390
2018-01-26,34.76020
2018-01-27,34.76640
2018-01-28,34.77270
2018-01-29,34.77880
2018-01-30,34.78510
2018-01-31,34.79120
2018-02-01,34.79740
2018-02-02,34.80360
2018-02-03,34.80980
2018-02-04,34.81590
2018-02-05,34.82210
2018-02-06,34.82850
2018-02-07,34.83470
2018-02-08,34.84090
2018-02-09,34.84710
2018-02-10,34.85330
2018-02-11,34.85950
2018-02-12,34.86590
2018-02-13,34.87210
2018-02-14,34.87840
2018-02-15,34.88470
2018-02-16,34.89100
2018-02-17,34.89730
2018-02-18,34.90350
2018-02-19,34.90980
2018-02-20,34.91610
2018-02-21,34.92230
2018-02-22,34.92850
2018-02-23,34.93480
2018-02-24,34.94100
2018-02-25,34.94710
2018-02-26,34.95340
2018-02-27,34.95980
2018-02-28,34.96600
2018-03-01,34.97250
2018-03-02,34.97880
2018-03-03,34.98520
2018-03-04,34.99160
2018-03-05,34.99810
2018-03-06,35.00530
2018-03-07,35.01220
2018-03-08,35.01860
2018-03-09,35.02530
2018-03-10,35.03180
2018-03-11,35.03830
2018-03-12,35.04520
2018-03-13,35.05210
2018-03-14,35.05890
2018-03-15,35.06600
2018-03-16,35.07680
2018-03-17,35.08350
2018-03-18,35.09010
2018-03-19,35.09810
2018-03-20,35.10480
2018-03-21,35.11180
2018-03-22,35.11830
2018-03-23,35.12400
2018-03-24,35.13050
2018-03-25,35.13700
2018-03-26,35.14270
2018-03-27,35.15050
2018-03-28,35.02710
2018-03-29,35.03350
2018-03-30,35.04000
2018-03-31,35.04650
2018-04-01,35.05290
2018-04-02,35.05940
2018-04-03,35.06630
2018-04-04,35.07340
2018-04-05,35.08020
2018-04-06,35.08680
2018-04-07,35.09320
2018-04-08,35.09960
2018-04-09,35.10630
2018-04-10,35.11270
2018-04-11,35.11910
2018-04-12,35.12550
2018-04-13,35.13170
2018-04-14,35.13800
2018-04-15,35.14430
2018-04-16,35.15100
2018-04-17,35.15720
2018-04-18,35.16360
2018-04-19,35.16990
2018-04-20,35.17630
2018-04-21,35.18260
2018-04-22,35.18900
2018-04-23,35.19520
2018-04-24,35.20150
2018-04-25,35.20800
2018-04-26,35.21430
2018-04-27,35.22070
2018-04-28,35.22700
2018-04-29,35.23330
2018-04-30,35.23970
2018-05-01,35.24600
2018-05-02,35.25250
2018-05-03,35.25890
2018-05-04,35.26550
2018-05-05,35.27170
2018-05-06,35.27800
2018-05-07,35.28450
2018-05-08,35.29090
2018-05-09,35.29730
2018-05-10,35.30340
2018-05-11,35.30970
2018-05-12,35.31610
2018-05-13,35.32240
2018-05-14,35.32870
2018-05-15,35.33510
2018-05-16,35.34130
2018-05-17,35.34760
2018-05-18,35.35400
2018-05-19,35.36050
2018-05-20,35.36700
2018-05-21,35.37340
2018-05-22,35.37990
2018-05-23,35.38640
2018-05-24,35.39290
2018-05-25,35.39980
2018-05-26,35.40640
2018-05-27,35.41300
2018-05-28,35.42040
2018-05-29,35.42860
2018-05-30,35.43720
2018-05-31,35.44300
2018-06-01,35.44900
2018-06-02,35.45580
2018-06-03,35.46250
2018-06-04,35.46910
2018-06-05,35.47600
2018-06-06,35.48550
2018-06-07,35.49210
2018-06-08,35.49920
2018-06-09,35.50610
2018-06-10,35.51300
2018-06-11,35.52030
2018-06-12,35.52760
2018-06-13,35.53500
2018-06-14,35.54190
2018-06-15,35.54930
2018-06-16,35.55620
2018-06-17,35.56320
2018-06-18,35.57160
2018-06-19,35.57850
2018-06-20,35.58580
2018-06-21,35.59310
2018-06-22,35.60030
2018-06-23,35.60740
2018-06-24,35.61440
2018-06-25,35.62160
2018-06-26,35.62890
2018-06-27,35.48640
2018-06-28,35.49360
2018-06-29,35.50270
2018-06-30,35.50990
2018-07-01,35.51710
2018-07-02,35.52600
2018-07-03,35.53370
2018-07-04,35.54110
2018-07-05,35.54800
2018-07-06,35.55530
2018-07-07,35.56240
2018-07-08,35.56940
2018-07-09,35.57660
2018-07-10,35.58330
2018-07-11,35.59030
2018-07-12,35.59710
2018-07-13,35.60410
2018-07-14,35.61110
2018-07-15,35.61800
2018-07-16,35.62500
2018-07-17,35.63230
2018-07-18,35.63900
2018-07-19,35.64570
2018-07-20,35.65290
2018-07-21,35.65990
2018-07-22,35.66700
2018-07-23,35.67350
2018-07-24,35.68030
2018-07-25,35.68720
2018-07-26,35.69380
2018-07-27,35.70090
2018-07-28,35.70770
2018-07-29,35.71450
2018-07-30,35.72250
2018-07-31,35.73000
2018-08-01,35.73710
2018-08-02,35.74390
2018-08-03,35.75020
2018-08-04,35.75800
2018-08-05,35.76580
2018-08-06,35.77260
2018-08-07,35.77960
2018-08-08,35.78640
2018-08-09,35.79300
2018-08-10,35.80020
2018-08-11,35.80710
2018-08-12,35.81410
2018-08-13,35.82060
2018-08-14,35.82740
2018-08-15,35.83420
2018-08-16,35.84100
2018-08-17,35.84780
2018-08-18,35.85460
2018-08-19,35.86140
2018-08-20,35.86800
2018-08-21,35.87490
2018-08-22,35.88180
2018-08-23,35.88840
2018-08-24,35.89530
2018-08-25,35.90210
2018-08-26,35.90890
2018-08-27,35.91550
2018-08-28,35.92240
2018-08-29,35.92930
2018-08-30,35.93640
2018-08-31,35.94340
2018-09-01,35.95040
2018-09-02,35.95730
2018-09-03,35.96440
2018-09-04,35.97120
2018-09-05,35.97830
2018-09-06,35.98500
2018-09-07,35.99210
2018-09-08,35.99900
2018-09-09,36.00580
2018-09-10,36.01220
2018-09-11,36.01860
2018-09-12,36.02520
2018-09-13,36.03200
2018-09-14,36.03890
2018-09-16,36.05280
2018-09-17,36.05950
2018-09-18,36.06650
2018-09-19,36.07350
2018-09-20,36.08050
2018-09-21,36.08740
2018-09-23,36.10150
2018-09-24,36.10810
2018-09-25,36.11310
2018-09-26,36.11940
2018-09-27,35.98210
2018-09-28,35.99190
2018-09-30,36.00640
2018-10-01,36.01370
2018-10-02,36.02090
2018-10-03,36.02820
2018-10-04,36.03490
2018-10-05,36.04240
2018-10-07,36.05680
2018-10-08,36.06400
2018-10-09,36.07160
2018-10-10,36.07880
2018-10-11,36.08570
2018-10-12,36.09340
2018-10-14,36.10890
2018-10-15,36.11600
2018-10-16,36.12340
2018-10-17,36.13030
2018-10-18,36.13760
2018-10-19,36.14490
2018-10-21,36.15970
2018-10-22,36.16720
2018-10-23,36.17450
2018-10-24,36.18190
2018-10-25,36.18880
2018-10-26,36.19570
2018-10-28,36.21110
2018-10-29,36.21860
2018-10-30,36.22590
2018-10-31,36.23330
2018-11-01,36.24040
2018-11-02,36.24800
2018-11-04,36.26300
2018-11-05,36.27050
2018-11-06,36.27810
2018-11-08,36.29300
2018-11-09,36.30050
2018-11-11,36.31550
2018-11-12,36.32290
2018-11-13,36.33060
2018-11-14,36.33810
2018-11-15,36.34580
2018-11-16,36.35380
2018-11-18,36.36890
2018-11-19,36.37630
2018-11-20,36.38390
2018-11-21,36.39140
2018-11-22,36.39880
2018-11-25,36.42160
2018-11-26,36.42930
2018-11-27,36.43670
2018-11-28,36.44440
2018-11-29,36.45180
2018-11-30,36.45970
2018-12-02,36.47460
2018-12-03,36.48260
2018-12-04,36.49050
2018-12-05,36.49870
2018-12-06,36.50640
2018-12-07,36.51380
2018-12-09,36.52850
2018-12-10,36.53560
2018-12-11,36.54260
2018-12-12,36.55000
2018-12-13,36.55790
2018-12-14,36.56560
2018-12-16,36.58050
2018-12-17,36.58810
2018-12-18,36.59570
2018-12-19,36.60300
2018-12-20,36.61010
2018-12-21,36.46690
2018-12-23,36.48140
2018-12-24,36.48860
2018-12-25,36.49580
2018-12-26,36.50290
2018-12-27,36.51000
2018-12-28,36.51740
2018-12-30,36.53170
2018-12-31,36.54040
2019-01-01,36.54860
2019-01-02,36.55620
2019-01-03,36.56320
2019-01-04,36.57080
2019-01-06,36.58550
2019-01-07,36.59270
2019-01-08,36.60010
2019-01-09,36.60740
2019-01-10,36.61450
2019-01-11,36.62180
2019-01-13,36.63640
2019-01-14,36.64370
2019-01-15,36.65090
2019-01-16,36.65800
2019-01-17,36.66500
2019-01-18,36.67240
2019-01-20,36.68680
2019-01-21,36.69400
2019-01-22,36.70130
2019-01-23,36.70850
2019-01-24,36.71580
2019-01-25,36.72270
2019-01-27,36.73710
2019-01-28,36.74390
2019-01-29,36.75120
2019-01-30,36.75840
2019-01-31,36.76530
2019-02-01,36.77230
2019-02-03,36.78660
2019-02-04,36.79360
2019-02-05,36.80030
2019-02-06,36.80730
2019-02-07,36.81570
2019-02-08,36.82260
2019-02-10,36.83640
2019-02-11,36.84320
2019-02-12,36.85010
2019-02-13,36.85790
2019-02-14,36.86480
2019-02-15,36.87130
2019-02-17,36.88570
2019-02-18,36.89230
2019-02-19,36.89940
2019-02-20,36.90630
2019-02-21,36.91300
2019-02-22,36.92000
2019-02-24,36.93430
2019-02-25,36.94140
2019-02-26,36.94820
2019-02-27,36.95510
2019-02-28,36.96170
2019-03-01,36.96870
2019-03-04,36.98960
2019-03-05,36.99650
2019-03-06,37.00340
2019-03-07,37.01020
2019-03-08,37.01720
2019-03-09,37.02420
2019-03-10,37.03110
2019-03-11,37.03820
2019-03-12,37.04590
2019-03-13,37.05320
2019-03-14,37.06150
2019-03-15,37.06690
2019-03-16,37.07460
2019-03-17,37.08230
2019-03-18,37.08940
2019-03-19,37.09680
2019-03-20,37.10350
2019-03-21,37.11060
2019-03-22,37.11680
2019-03-24,37.13110
2019-03-25,37.13920
2019-03-26,37.14650
2019-03-27,37.00370
2019-03-28,37.01280
2019-03-29,37.04260
2019-03-31,37.05680
2019-04-01,37.06390
2019-04-02,37.07450
2019-04-03,37.08120
2019-04-04,37.08780
2019-04-05,37.09490
2019-04-07,37.10900
2019-04-08,37.11560
2019-04-09,37.12250
2019-04-10,37.12990
2019-04-11,37.13730
2019-04-12,37.14380
2019-04-14,37.15880
2019-04-15,37.16590
2019-04-16,37.17260
2019-04-17,37.18010
2019-04-18,37.18700
2019-04-21,37.20780
2019-04-22,37.21470
2019-04-23,37.22180
2019-04-24,37.22880
2019-04-25,37.23560
2019-04-26,37.24240
2019-04-28,37.25650
2019-04-29,37.26360
2019-04-30,37.27030
2019-05-01,37.27740
2019-05-02,37.28440
2019-05-03,37.29140
2019-05-05,37.30530
2019-05-06,37.31230
2019-05-07,37.31950
2019-05-08,37.32690
2019-05-09,37.33410
2019-05-10,37.34150
2019-05-12,37.35560
2019-05-13,37.36280
2019-05-14,37.37000
2019-05-15,37.37740
2019-05-16,37.38510
2019-05-17,37.39290
2019-05-18,37.39990
2019-05-19,37.40680
2019-05-20,37.41410
2019-05-21,37.42150
2019-05-22,37.42920
2019-05-23,37.43790
2019-05-24,37.44540
2019-05-26,37.45960
2019-05-27,37.46760
2019-05-28,37.47620
2019-05-29,37.48360
2019-05-30,37.49090
2019-05-31,37.50010
2019-06-02,37.51390
2019-06-03,37.52150
2019-06-04,37.52880
2019-06-05,37.53570
2019-06-06,37.54370
2019-06-07,37.55070
2019-06-09,37.56430
2019-06-10,37.57110
2019-06-11,37.57790
2019-06-12,37.58470
2019-06-13,37.59150
2019-06-14,37.59830
2019-06-16,37.61150
2019-06-17,37.61820
2019-06-18,37.62460
2019-06-19,37.63120
2019-06-20,37.63940
2019-06-21,37.64480
2019-06-23,37.65770
2019-06-24,37.66380
2019-06-25,37.67030
2019-06-26,37.67670
2019-06-27,37.53350
2019-06-28,37.54110
2019-06-30,37.55410
2019-07-01,37.56130
2019-07-02,37.56830
2019-07-03,37.57630
2019-07-04,37.58390
2019-07-05,37.59090
2019-07-07,37.60360
2019-07-08,37.61050
2019-07-09,37.61720
2019-07-10,37.62400
2019-07-11,37.63120
2019-07-12,37.63810
2019-07-14,37.65090
2019-07-15,37.65820
2019-07-16,37.66780
2019-07-17,37.67490
2019-07-18,37.68120
2019-07-19,37.68750
2019-07-21,37.70000
2019-07-22,37.70630
2019-07-23,37.71260
2019-07-24,37.71900
2019-07-25,37.72590
2019-07-26,37.73280
2019-07-28,37.74540
2019-07-29,37.75320
2019-07-30,37.76000
2019-07-31,37.76760
2019-08-01,37.77520
2019-08-02,37.78270
2019-08-04,37.79530
2019-08-05,37.80160
2019-08-06,37.80840
2019-08-07,37.81690
2019-08-08,37.82380
2019-08-09,37.83110
2019-08-12,37.84850
2019-08-13,37.85340
2019-08-14,37.85830
2019-08-15,37.86420
2019-08-16,37.87000
2019-08-17,37.87580
2019-08-18,37.88160
2019-08-19,37.88790
2019-08-20,37.89410
2019-08-21,37.90050
2019-08-22,37.90650
2019-08-23,37.91260
2019-08-25,37.92410
2019-08-26,37.93000
2019-08-27,37.93630
2019-08-28,37.94210
2019-08-29,37.94800
2019-08-30,37.95380
2019-09-02,37.97090
2019-09-03,37.97670
2019-09-04,37.98280
2019-09-05,37.98920
2019-09-06,37.99550
2019-09-08,38.00680
2019-09-09,38.01270
2019-09-10,38.01840
2019-09-11,38.02420
2019-09-12,38.03060
2019-09-13,38.03630
2019-09-15,38.04770
2019-09-16,38.05350
2019-09-17,38.05850
2019-09-18,38.06400
2019-09-19,38.06970
2019-09-20,38.07260
2019-09-22,38.08410
2019-09-23,38.08730
2019-09-24,38.09140
2019-09-25,38.09680
2019-09-26,38.10300
2019-09-27,37.95910
2019-09-29,37.97060
2019-09-30,37.97850
2019-10-01,37.98670
2019-10-02,37.99230
2019-10-03,37.99850
2019-10-04,38.00630
2019-10-06,38.01820
2019-10-07,38.02520
2019-10-08,38.03100
2019-10-09,38.03680
2019-10-10,38.04300
2019-10-11,38.04970
2019-10-13,38.06060
2019-10-14,38.06740
2019-10-15,38.07420
2019-10-16,38.07990
2019-10-17,38.08530
2019-10-18,38.09080
2019-10-21,38.10660
2019-10-22,38.11040
2019-10-23,38.11540
2019-10-24,38.12100
2019-10-25,38.12690
2019-10-26,38.13240
2019-10-28,38.14320
2019-10-29,38.14880
2019-10-30,38.15550
2019-10-31,38.16200
2019-11-01,38.16790
2019-11-03,38.17840
2019-11-04,38.18330
2019-11-05,38.18710
2019-11-06,38.19150
2019-11-07,38.19650
2019-11-08,38.20120
2019-11-10,38.21190
2019-11-11,38.21740
2019-11-12,38.22270
2019-11-13,38.22940
2019-11-14,38.23520
2019-11-15,38.24090
2019-11-16,38.24630
2019-11-17,38.25170
2019-11-18,38.25710
2019-11-19,38.26280
2019-11-20,38.26930
2019-11-21,38.27460
2019-11-22,38.28000
2019-11-24,38.29070
2019-11-25,38.29650
2019-11-26,38.30220
2019-11-27,38.30860
2019-11-28,38.31490
2019-11-29,38.32150
2019-12-01,38.33210
2019-12-02,38.33740
2019-12-03,38.34280
2019-12-04,38.34840
2019-12-05,38.34980
2019-12-06,38.35650
2019-12-08,38.36790
2019-12-09,38.37430
2019-12-10,38.38030
2019-12-11,38.38640
2019-12-12,38.39180
2019-12-13,38.39700
2019-12-15,38.40760
2019-12-16,38.41290
2019-12-17,38.41830
2019-12-18,38.42360
2019-12-19,38.42920
2019-12-20,38.43390
2019-12-22,38.44450
2019-12-23,38.45000
2019-12-24,38.45510
2019-12-25,38.46070
2019-12-26,38.46610
2019-12-27,38.47240
2019-12-29,38.48320
2019-12-30,38.48820
2019-12-31,38.34390
2020-01-01,38.35010
2020-01-02,38.35800
2020-01-03,38.36310
2020-01-05,38.37330
2020-01-06,38.37800
2020-01-07,38.38320
2020-01-08,38.38830
2020-01-09,38.39350
2020-01-10,38.39800
2020-01-12,38.40880
2020-01-13,38.41270
2020-01-14,38.41730
2020-01-15,38.42280
2020-01-16,38.42840
2020-01-17,38.43370
2020-01-19,38.44450
2020-01-20,38.45020
2020-01-21,38.45570
2020-01-22,38.46080
2020-01-23,38.46620
2020-01-24,38.47160
2020-01-26,38.48230
2020-01-27,38.48740
2020-01-28,38.49290
2020-01-29,38.49810
2020-01-30,38.50360
2020-01-31,38.50880
2020-02-01,38.51420
2020-02-02,38.51950
2020-02-03,38.52480
2020-02-04,38.53040
2020-02-05,38.53580
2020-02-06,38.54160
2020-02-07,38.54730
2020-02-09,38.55810
2020-02-10,38.56350
2020-02-11,38.57000
2020-02-12,38.57580
2020-02-13,38.58130
2020-02-14,38.58660
2020-02-16,38.59750
2020-02-17,38.60340
2020-02-18,38.60900
2020-02-19,38.61450
2020-02-20,38.62040
2020-02-23,38.63670
2020-02-24,38.64220
2020-02-25,38.64740
2020-02-26,38.65290
2020-02-27,38.65640
2020-02-28,38.66200
2020-03-01,38.67290
2020-03-02,38.67800
2020-03-03,38.68390
2020-03-04,38.69280
2020-03-05,38.70010
2020-03-06,38.70720
2020-03-08,38.72120
2020-03-09,38.72880
2020-03-10,38.73590
2020-03-11,38.74290
2020-03-12,38.74790
2020-03-13,38.75040
2020-03-15,38.76160
2020-03-16,38.76670
2020-03-17,38.77170
2020-03-18,38.77040
2020-03-19,38.75040
2020-03-20,38.75440
2020-03-22,38.76660
2020-03-23,38.74620
2020-03-24,38.73450
2020-03-25,38.74130
2020-03-26,38.76070
2020-03-27,38.70090
2020-03-28,38.70440
2020-03-29,38.70800
2020-03-30,38.71600
2020-03-31,38.72650
2020-04-01,38.73000
2020-04-02,38.73350
2020-04-03,38.74560
2020-04-04,38.74990
2020-04-06,38.75850
2020-04-07,38.75820
2020-04-08,38.76110
2020-04-09,38.76410
2020-04-12,38.77930
2020-04-13,38.78260
2020-04-14,38.78770
2020-04-15,38.79220
2020-04-16,38.80220
2020-04-17,38.82010
2020-04-18,38.82480
2020-04-19,38.82950
2020-04-20,38.84050
2020-04-21,38.84740
2020-04-22,38.85840
2020-04-23,38.86550
2020-04-24,38.86730
2020-04-26,38.87610
2020-04-27,38.87800
2020-04-28,38.87710
2020-04-29,38.87940
2020-04-30,38.88280
2020-05-03,38.89690
2020-05-04,38.90170
2020-05-05,38.90860
2020-05-06,38.91620
2020-05-07,38.92060
2020-05-08,38.92650
2020-05-10,38.93530
2020-05-11,38.94140
2020-05-12,38.95030
2020-05-13,38.95730
2020-05-14,38.96530
2020-05-15,38.97200
2020-05-17,38.97990
2020-05-18,38.98450
2020-05-19,38.98860
2020-05-20,38.99590
2020-05-21,39.00130
2020-05-22,39.01200
2020-05-25,39.02280
2020-05-26,39.03030
2020-05-27,39.03170
2020-05-28,39.03220
2020-05-29,39.03380
2020-05-30,39.03760
2020-05-31,39.04130
2020-06-01,39.04530
2020-06-02,39.04750
2020-06-03,39.04990
2020-06-04,39.05220
2020-06-05,39.05460
2020-06-07,39.06220
2020-06-08,39.06600
2020-06-09,39.06970
2020-06-10,39.07390
2020-06-11,39.07930
2020-06-12,39.08510
2020-06-14,39.09190
2020-06-15,39.09730
2020-06-16,39.10170
2020-06-17,39.10560
2020-06-18,39.10980
2020-06-19,39.11500
2020-06-21,39.12180
2020-06-22,39.12620
2020-06-23,39.13020
2020-06-24,39.13560
2020-06-25,39.14070
2020-06-26,39.14350
2020-06-27,39.14680
2020-06-28,39.15010
2020-06-29,39.15210
2020-06-30,39.15730
2020-07-01,39.16240
2020-07-02,39.16590
2020-07-03,39.16730
2020-07-05,39.17390
2020-07-06,39.17590
2020-07-07,39.17890
2020-07-08,39.18280
2020-07-09,39.18690
2020-07-10,39.18990
2020-07-11,39.19330
2020-07-12,39.19670
2020-07-13,39.20010
2020-07-14,39.20330
2020-07-15,39.20740
2020-07-16,39.20990
2020-07-17,39.06430
2020-07-19,39.07160
2020-07-20,39.07460
2020-07-21,39.07930
2020-07-22,39.08370
2020-07-23,39.08690
2020-07-24,39.09030
2020-07-26,39.09720
2020-07-27,39.10010
2020-07-28,39.10220
2020-07-29,39.10560
2020-07-30,39.10900
2020-07-31,39.11250
2020-08-02,39.11940
2020-08-03,39.12280
2020-08-04,39.12670
2020-08-05,39.13050
2020-08-06,39.13440
2020-08-07,39.13670
2020-08-09,39.14360
2020-08-10,39.14710
2020-08-11,39.15150
2020-08-12,39.15580
2020-08-13,39.15980
2020-08-14,39.16360
2020-08-16,39.17030
2020-08-17,39.17460
2020-08-18,39.17860
2020-08-19,39.18280
2020-08-20,39.18730
2020-08-21,39.19000
2020-08-23,39.19640
2020-08-24,39.19890
2020-08-25,39.20060
2020-08-26,39.20480
2020-08-27,39.20830
2020-08-28,39.21100
2020-08-30,39.21750
2020-08-31,39.22090
2020-09-01,39.22460
2020-09-02,39.22790
2020-09-03,39.23150
2020-09-04,39.23500
2020-09-06,39.24140
2020-09-07,39.24400
2020-09-08,39.24630
2020-09-09,39.24840
2020-09-10,39.25190
2020-09-11,39.25380
2020-09-13,39.26140
2020-09-14,39.26520
2020-09-15,39.26900
2020-09-16,39.27310
2020-09-17,39.27670
2020-09-18,39.28000
2020-09-20,39.28700
2020-09-21,39.29030
2020-09-22,39.29390
2020-09-23,39.29720
2020-09-24,39.30100
2020-09-25,39.15550
2020-09-26,39.15950
2020-09-27,39.16340
2020-09-28,39.16740
2020-09-29,39.17180
2020-09-30,39.17730
2020-10-01,39.18090
2020-10-03,39.18810
2020-10-04,39.19180
2020-10-05,39.19590
2020-10-06,39.19950
2020-10-07,39.20360
2020-10-08,39.20750
2020-10-09,39.21120
2020-10-10,39.21450
2020-10-11,39.21780
2020-10-12,39.22130
2020-10-13,39.22490
2020-10-14,39.22890
2020-10-15,39.23300
2020-10-16,39.23710
2020-10-18,39.24360
2020-10-19,39.24720
2020-10-20,39.25110
2020-10-21,39.25500
2020-10-22,39.25820
2020-10-23,39.26170
2020-10-25,39.26810
2020-10-26,39.27100
2020-10-27,39.27350
2020-10-28,39.27710
2020-10-29,39.27990
2020-10-30,39.28310
2020-11-01,39.28960
2020-11-02,39.29270
2020-11-03,39.29660
2020-11-04,39.30030
2020-11-05,39.30390
2020-11-06,39.30790
2020-11-08,39.31420
2020-11-09,39.31720
2020-11-10,39.32020
2020-11-11,39.32410
2020-11-12,39.32880
2020-11-13,39.33260
2020-11-16,39.34160
2020-11-17,39.34480
2020-11-18,39.34990
2020-11-19,39.35520
2020-11-20,39.35760
2020-11-21,39.36060
2020-11-22,39.36350
2020-11-23,39.36560
2020-11-24,39.36810
2020-11-25,39.37280
2020-11-26,39.37760
2020-11-27,39.38050
2020-11-28,39.38340
2020-11-30,39.38930
2020-12-01,39.38990
2020-12-02,39.38960
2020-12-03,39.39270
2020-12-04,39.39630
2020-12-06,39.40290
2020-12-07,39.40650
2020-12-08,39.40920
2020-12-09,39.41160
2020-12-10,39.41550
2020-12-11,39.41860
2020-12-13,39.42500
2020-12-14,39.42790
2020-12-15,39.43050
2020-12-16,39.43380
2020-12-17,39.43700
2020-12-18,39.44040
2020-12-20,39.44720
2020-12-21,39.45030
2020-12-22,39.45430
2020-12-23,39.30900
2020-12-24,39.31250
2020-12-26,39.31890
2020-12-27,39.32210
2020-12-28,39.32560
2020-12-29,39.32950
2020-12-30,39.33370
2020-12-31,39.33750
2021-01-01,39.34100
2021-01-02,39.34390
2021-01-03,39.34690
2021-01-04,39.35040
2021-01-05,39.35350
2021-01-06,39.35560
2021-01-07,39.35740
2021-01-08,39.36040
2021-01-09,39.36370
2021-01-10,39.36690
2021-01-11,39.36680
2021-01-12,39.37000
2021-01-13,39.37450
2021-01-14,39.37750
2021-01-15,39.37920
2021-01-16,39.38260
2021-01-17,39.38600
2021-01-18,39.38840
2021-01-19,39.39180
2021-01-20,39.39520
2021-01-21,39.39860
2021-01-22,39.40220
2021-01-24,39.40940
2021-01-25,39.41250
2021-01-26,39.41620
2021-01-27,39.42010
2021-01-28,39.42390
2021-01-29,39.42780
2021-01-30,39.43120
2021-01-31,39.43470
2021-02-01,39.43840
2021-02-02,39.44250
2021-02-03,39.44520
2021-02-04,39.44870
2021-02-05,39.45270
2021-02-07,39.45930
2021-02-08,39.46280
2021-02-09,39.46590
2021-02-10,39.46950
2021-02-11,39.47290
2021-02-12,39.47680
2021-02-13,39.48010
2021-02-14,39.48340
2021-02-15,39.48720
2021-02-16,39.49140
2021-02-17,39.49670
2021-02-18,39.50140
2021-02-19,39.50450
2021-02-21,39.51080
2021-02-22,39.51350
2021-02-23,39.51640
2021-02-24,39.52190
2021-02-25,39.52630
2021-02-26,39.52620
2021-02-27,39.52950
2021-02-28,39.53280
2021-03-01,39.53540
2021-03-02,39.53880
2021-03-03,39.54130
2021-03-04,39.54390
2021-03-05,39.54630
2021-03-06,39.54980
2021-03-07,39.55330
2021-03-08,39.55640
2021-03-09,39.56010
2021-03-10,39.56400
2021-03-11,39.56770
2021-03-12,39.57030
2021-03-14,39.57770
2021-03-15,39.58100
2021-03-16,39.58490
2021-03-17,39.58890
2021-03-18,39.59290
2021-03-19,39.59810
2021-03-21,39.60570
2021-03-22,39.60940
2021-03-23,39.61490
2021-03-24,39.61900
2021-03-25,39.62300
2021-03-26,39.47850
2021-03-28,39.48590
2021-03-29,39.48960
2021-03-30,39.49430
2021-03-31,39.49920
2021-04-01,39.50230
2021-04-04,39.51190
2021-04-05,39.51670
2021-04-06,39.52060
2021-04-07,39.52360
2021-04-08,39.52630
2021-04-09,39.52890
2021-04-10,39.53210
2021-04-11,39.53530
2021-04-12,39.53860
2021-04-13,39.54190
2021-04-14,39.54520
2021-04-15,39.54810
2021-04-16,39.55160
2021-04-17,39.55490
2021-04-18,39.55820
2021-04-19,39.56180
2021-04-20,39.56560
2021-04-21,39.56890
2021-04-22,39.57280
2021-04-23,39.57630
2021-04-24,39.57960
2021-04-25,39.58290
2021-04-26,39.58680
2021-04-27,39.59000
2021-04-28,39.59340
2021-04-29,39.59670
2021-04-30,39.59960
2021-05-02,39.60640
2021-05-03,39.60980
2021-05-04,39.61300
2021-05-05,39.61560
2021-05-06,39.61860
2021-05-07,39.62220
2021-05-09,39.62920
2021-05-10,39.63250
2021-05-11,39.63650
2021-05-12,39.63980
2021-05-13,39.64340
2021-05-14,39.64680
2021-05-16,39.65370
2021-05-17,39.65730
2021-05-18,39.66090
2021-05-19,39.66410
2021-05-20,39.66760
2021-05-21,39.67110
2021-05-22,39.67460
2021-05-23,39.67800
2021-05-24,39.68130
2021-05-25,39.68480
2021-05-26,39.68820
2021-05-27,39.69190
2021-05-28,39.69550
2021-05-30,39.70230
2021-05-31,39.70560
2021-06-01,39.70910
2021-06-02,39.71260
2021-06-03,39.71610
2021-06-04,39.71990
2021-06-05,39.72340
2021-06-06,39.72680
2021-06-07,39.73040
2021-06-08,39.73400
2021-06-09,39.73780
2021-06-10,39.74140
2021-06-11,39.74490
2021-06-13,39.75170
2021-06-14,39.75510
2021-06-15,39.75850
2021-06-16,39.76050
2021-06-17,39.76290
2021-06-18,39.76710
2021-06-19,39.77070
2021-06-20,39.77440
2021-06-21,39.77930
2021-06-22,39.78370
2021-06-23,39.78740
2021-06-24,39.79130
2021-06-25,39.79490
2021-06-27,39.80190
2021-06-28,39.80590
2021-06-29,39.66120
2021-06-30,39.66440
2021-07-01,39.66960
2021-07-02,39.67200
2021-07-04,39.67890
2021-07-05,39.68190
2021-07-06,39.68490
2021-07-07,39.68870
2021-07-08,39.69260
2021-07-09,39.69590
2021-07-11,39.70360
2021-07-12,39.70760
2021-07-13,39.71170
2021-07-14,39.71580
2021-07-15,39.71950
2021-07-16,39.72290
2021-07-18,39.72990
2021-07-19,39.73340
2021-07-20,39.73730
2021-07-21,39.74100
2021-07-22,39.74530
2021-07-23,39.74970
2021-07-25,39.75700
2021-07-26,39.76050
2021-07-27,39.76420
2021-07-28,39.76780
2021-07-29,39.77130
2021-07-30,39.77470
2021-08-01,39.78180
2021-08-02,39.78520
2021-08-03,39.78850
2021-08-04,39.79160
2021-08-05,39.79530
2021-08-06,39.79830
2021-08-08,39.80560
2021-08-09,39.80980
2021-08-10,39.81430
2021-08-11,39.81820
2021-08-12,39.82370
2021-08-13,39.82810
2021-08-15,39.83520
2021-08-16,39.83880
2021-08-17,39.84290
2021-08-18,39.84760
2021-08-19,39.85100
2021-08-20,39.85460
2021-08-22,39.86130
2021-08-23,39.86460
2021-08-24,39.86840
2021-08-25,39.87240
2021-08-26,39.87620
2021-08-27,39.88030
2021-08-29,39.88690
2021-08-30,39.89060
2021-08-31,39.89440
2021-09-01,39.89800
2021-09-02,39.90140
2021-09-03,39.90440
2021-09-05,39.91100
2021-09-06,39.91430
2021-09-07,39.91720
2021-09-08,39.92050
2021-09-09,39.92340
2021-09-10,39.92680
2021-09-11,39.93020
2021-09-12,39.93360
2021-09-13,39.93730
2021-09-14,39.94030
2021-09-15,39.94350
2021-09-16,39.94690
2021-09-17,39.95030
2021-09-19,39.95700
2021-09-20,39.96040
2021-09-21,39.96330
2021-09-22,39.96590
2021-09-23,39.96930
2021-09-24,39.97220
2021-09-26,39.97910
2021-09-27,39.98220
2021-09-28,39.90890
2021-09-29,39.91160
2021-09-30,39.91540
2021-10-01,39.92000
2021-10-03,39.92690
2021-10-04,39.93110
2021-10-05,39.93430
2021-10-06,39.93760
2021-10-07,39.94110
2021-10-08,39.94620
2021-10-09,39.94960
2021-10-10,39.95300
2021-10-11,39.95790
2021-10-12,39.96170
2021-10-13,39.96580
2021-10-14,39.96830
2021-10-17,39.97850
2021-10-18,39.97890
2021-10-19,39.98240
2021-10-20,39.98550
2021-10-21,39.98890
2021-10-23,39.99560
2021-10-24,39.99910
2021-10-25,39.99940
2021-10-26,40.00250
2021-10-27,40.00590
2021-10-28,40.00870
2021-10-29,40.01210
2021-10-31,40.01940
2021-11-01,40.02270
2021-11-02,40.02680
2021-11-03,40.03150
2021-11-07,40.04710
2021-11-08,40.05280
2021-11-09,40.05730
2021-11-10,40.06110
2021-11-11,40.06540
2021-11-12,40.06960
2021-11-14,40.07690
2021-11-15,40.08090
2021-11-16,40.08440
2021-11-17,40.08840
2021-11-18,40.09200
2021-11-21,40.10300
2021-11-22,40.10600
2021-11-23,40.10970
2021-11-24,40.11410
2021-11-25,40.11780
2021-11-26,40.12160
2021-11-28,40.12890
2021-11-29,40.13270
2021-11-30,40.13670
2021-12-01,40.14030
2021-12-02,40.14370
2021-12-03,40.14780
2021-12-05,40.15520
2021-12-06,40.15860
2021-12-07,40.16160
2021-12-08,40.16670
2021-12-09,40.17030
2021-12-10,40.17360
2021-12-12,40.18070
2021-12-13,40.18440
2021-12-14,40.18760
2021-12-15,40.19110
2021-12-16,40.19310
2021-12-17,40.19740
2021-12-19,40.20580
2021-12-20,40.21040
2021-12-21,40.13750
2021-12-22,40.14150
2021-12-23,40.14570
2021-12-24,40.15080
2021-12-26,40.15840
2021-12-27,40.16320
2021-12-28,40.16680
2021-12-29,40.17120
2021-12-30,40.17500
2021-12-31,40.17920
