SchemeCode,AMC,SchemeName,ISIN,ISINdivReinvestment,SchemeType,Category,NAV,NAV date
100037,Aditya Birla Sun Life Mutual Fund,Aditya Birla Sun Life Income Fund - Regular - Quarterly IDCW,INF209K01587,INF209K01CY3,Open Ended Schemes,Debt Scheme - Medium to Long Duration Fund,12.7276,02-Apr-2026
100038,Aditya Birla Sun Life Mutual Fund,Aditya Birla Sun Life Income Fund - Growth - Regular Plan,INF209K01579,,Open Ended Schemes,Debt Scheme - Medium to Long Duration Fund,124.9261,02-Apr-2026
100041,Aditya Birla Sun Life Mutual Fund,Aditya Birla Sun Life Liquid Fund -Institutional - IDCW,,INF209K01KN9,Open Ended Schemes,Debt Scheme - Liquid Fund,108.023,02-Apr-2026
100042,Aditya Birla Sun Life Mutual Fund,Aditya Birla Sun Life Liquid Fund-Retail (Growth),INF209K01ME4,,Open Ended Schemes,Debt Scheme - Liquid Fund,714.0989,02-Apr-2026
100043,Aditya Birla Sun Life Mutual Fund,Aditya Birla Sun Life Liquid Fund-Institutional (Growth),INF209K01RT1,,Open Ended Schemes,Debt Scheme - Liquid Fund,732.8132,02-Apr-2026
100044,Aditya Birla Sun Life Mutual Fund,Aditya Birla Sun Life Liquid Fund -Retail - IDCW,,INF209K01KP4,Open Ended Schemes,Debt Scheme - Liquid Fund,163.694,02-Apr-2026
100046,Aditya Birla Sun Life Mutual Fund,Aditya Birla Sun Life Liquid Fund -Daily IDCW,INF209K01KQ2,INF209K01SQ5,Open Ended Schemes,Debt Scheme - Liquid Fund,100.195,02-Apr-2026
100047,Aditya Birla Sun Life Mutual Fund,Aditya Birla Sun Life Liquid Fund - Growth,INF209K01RU9,,Open Ended Schemes,Debt Scheme - Liquid Fund,440.0432,02-Apr-2026
100048,Aditya Birla Sun Life Mutual Fund,Aditya Birla Sun Life Liquid Fund -Institutional - weekly  IDCW,INF209KA1LK7,INF209K01KY6,Open Ended Schemes,Debt Scheme - Liquid Fund,108.4815,02-Apr-2026
100051,Aditya Birla Sun Life Mutual Fund,Aditya Birla Sun Life Liquid Fund -weekly IDCW,INF209K01KU4,INF209KA1LJ9,Open Ended Schemes,Debt Scheme - Liquid Fund,100.5034,02-Apr-2026
100057,Aditya Birla Sun Life Mutual Fund,Aditya Birla Sun Life Govenment Securities Fund -Regular - Quarterly IDCW,INF209K01AF6,INF209K01DP9,Open Ended Schemes,Debt Scheme - Gilt Fund,10.3792,02-Apr-2026
100058,Aditya Birla Sun Life Mutual Fund,Aditya Birla Sun Life Government Securities Fund  - Growth - Regular Plan,INF209K01AC3,INF209K01AD1,Open Ended Schemes,Debt Scheme - Gilt Fund,77.7488,02-Apr-2026
100077,DSP Mutual Fund,DSP Bond Fund - IDCW,INF740K01565,INF740K01995,Open Ended Schemes,Debt Scheme - Medium Duration Fund,11.3038,02-Apr-2026
100078,DSP Mutual Fund,DSP Bond Fund - Growth,INF740K01557,,Open Ended Schemes,Debt Scheme - Medium Duration Fund,83.8463,02-Apr-2026
100079,DSP Mutual Fund,DSP Bond Fund - IDCW - Monthly,INF740K01573,INF740K01AA1,Open Ended Schemes,Debt Scheme - Medium Duration Fund,11.0772,02-Apr-2026
100084,DSP Mutual Fund,DSP Gilt Fund - Regular Plan - Growth,INF740K01615,,Open Ended Schemes,Debt Scheme - Gilt Fund,93.0923,02-Apr-2026
100085,DSP Mutual Fund,DSP Gilt Fund - Regular Plan - IDCW,INF740K01607,INF740K01AD5,Open Ended Schemes,Debt Scheme - Gilt Fund,12.0651,02-Apr-2026
100086,DSP Mutual Fund,DSP Gilt Fund - Regular Plan - IDCW - Monthly,INF740K01623,INF740K01AE3,Open Ended Schemes,Debt Scheme - Gilt Fund,10.3167,02-Apr-2026
100087,DSP Mutual Fund,DSP Savings Fund - Regular Plan - Growth,INF740K01714,,Open Ended Schemes,Debt Scheme - Money Market Fund,54.9678,02-Apr-2026
100088,DSP Mutual Fund,DSP Savings Fund - Regular Plan - IDCW,INF740K01706,INF740K01AJ2,Open Ended Schemes,Debt Scheme - Money Market Fund,12.2349,02-Apr-2026
100089,DSP Mutual Fund,DSP Savings Fund - Regular Plan - IDCW - Monthly,INF740K01722,INF740K01AK0,Open Ended Schemes,Debt Scheme - Money Market Fund,10.9914,02-Apr-2026
100123,HDFC Mutual Fund,HDFC Income Fund - Quarterly IDCW Option,INF179K01947,INF179K01954,Open Ended Schemes,Debt Scheme - Medium to Long Duration Fund,11.1797,02-Apr-2026
100124,HDFC Mutual Fund,HDFC Income Fund - Growth Option,INF179K01962,,Open Ended Schemes,Debt Scheme - Medium to Long Duration Fund,58.0498,02-Apr-2026
100222,JM Financial Mutual Fund,JM Medium to Long Duration Fund (Regular) - Quarterly IDCW,INF192K01999,INF192K01AA5,Open Ended Schemes,Debt Scheme - Medium to Long Duration Fund,21.2947,02-Apr-2026
100223,JM Financial Mutual Fund,JM Medium to Long Duration Fund (Regular) - Growth Option,INF192K01AB3,,Open Ended Schemes,Debt Scheme - Medium to Long Duration Fund,62.6304,02-Apr-2026
100233,JM Financial Mutual Fund,JM Liquid Fund (Regular) - Weekly IDCW,INF192K01841,INF192K01858,Open Ended Schemes,Debt Scheme - Liquid Fund,11.0251,05-Apr-2026
100234,JM Financial Mutual Fund,JM Liquid Fund - Growth Option,INF192K01882,,Open Ended Schemes,Debt Scheme - Liquid Fund,74.4756,05-Apr-2026
100244,JM Financial Mutual Fund,JM Liquid Fund (Regular) - Quarterly IDCW,INF192K01866,INF192K01874,Open Ended Schemes,Debt Scheme - Liquid Fund,42.1539,05-Apr-2026
100247,JM Financial Mutual Fund,JM Liquid Fund (Regular) - Super Institutional Plan - Growth Option,INF192K01981,,Open Ended Schemes,Debt Scheme - Liquid Fund,42.8191,05-Apr-2026
100264,Kotak Mahindra Mutual Fund,Kotak Gilt-Investment Regular-Payout of Income Distribution cum capital withdrawal option,INF174K01FK1,INF174K01FJ3,Open Ended Schemes,Debt Scheme - Gilt Fund,18.1373,02-Apr-2026
100265,Kotak Mahindra Mutual Fund,Kotak Gilt-Investment Regular-Growth,INF174K01FI5,,Open Ended Schemes,Debt Scheme - Gilt Fund,92.8202,02-Apr-2026
100280,Kotak Mahindra Mutual Fund,Kotak Gilt-Investment  Provident Fund and Trust-Payout of Income Distribution cum capital withdrawal option,INF174K01FM7,,Open Ended Schemes,Debt Scheme - Gilt Fund,11.4073,02-Apr-2026
100281,Kotak Mahindra Mutual Fund,Kotak Gilt-Investment  Provident Fund and Trust-Growth,INF174K01FL9,,Open Ended Schemes,Debt Scheme - Gilt Fund,94.9617,02-Apr-2026
100291,Kotak Mahindra Mutual Fund,Kotak Bond-Deposit-Dividend,INF174K01EK4,INF174K01EL2,Open Ended Schemes,Debt Scheme - Medium to Long Duration Fund,13.6554,21-Oct-2016
100292,Kotak Mahindra Mutual Fund,Kotak Bond-Deposit-Growth,INF174K01EJ6,,Open Ended Schemes,Debt Scheme - Medium to Long Duration Fund,42.9354,21-Oct-2016
100299,Kotak Mahindra Mutual Fund,Kotak Bond Fund - Regular Plan Growth,INF174K01EM0,,Open Ended Schemes,Debt Scheme - Medium to Long Duration Fund,76.7354,02-Apr-2026
100300,Kotak Mahindra Mutual Fund,Kotak Bond Fund - Regular Plan - Standard IDCW Option,INF174K01EQ1,INF174K01EP3,Open Ended Schemes,Debt Scheme - Medium to Long Duration Fund,47.0135,02-Apr-2026
100314,LIC Mutual Fund,LIC MF Medium to Long Duration Fund-Regular Plan-IDCW,INF767K01907,INF767K01915,Open Ended Schemes,Debt Scheme - Medium to Long Duration Fund,15.9611,02-Apr-2026
100315,LIC Mutual Fund,LIC MF Medium to Long Duration Fund-Regular Plan-Growth,INF767K01923,,Open Ended Schemes,Debt Scheme - Medium to Long Duration Fund,72.8165,02-Apr-2026
100316,LIC Mutual Fund,LIC MF Gilt Fund-Regular Plan-IDCW,INF767K01683,INF767K01691,Open Ended Schemes,Debt Scheme - Gilt Fund,16.4387,02-Apr-2026
100317,LIC Mutual Fund,LIC MF Gilt Fund-Regular Plan-Growth,INF767K01709,,Open Ended Schemes,Debt Scheme - Gilt Fund,57.0291,02-Apr-2026
100318,LIC Mutual Fund,LIC MF Gilt Fund-PF Plan-IDCW,INF767K01717,INF767K01725,Open Ended Schemes,Debt Scheme - Gilt Fund,21.3143,02-Apr-2026
100319,LIC Mutual Fund,LIC MF Gilt Fund-PF Plan-Growth,INF767K01733,,Open Ended Schemes,Debt Scheme - Gilt Fund,32.938,02-Apr-2026
100357,ICICI Prudential Mutual Fund,ICICI Prudential Liquid Fund -Quarterly IDCW,INF109K01UU5,INF109K01UT7,Open Ended Schemes,Debt Scheme - Liquid Fund,101.4288,16-Sep-2022
100359,ICICI Prudential Mutual Fund,ICICI Prudential Liquid Institutional Plus Fund - Div - Daily,INF109K01VJ6,,Open Ended Schemes,Debt Scheme - Liquid Fund,118.5152,24-Apr-2020
100364,ICICI Prudential Mutual Fund,ICICI Prudential Long Term Bond Fund - Half Yearly IDCW,INF109K01EX3,INF109K01357,Open Ended Schemes,Debt Scheme - Long Duration Fund,11.1771,16-Sep-2022
100365,ICICI Prudential Mutual Fund,ICICI Prudential Long Term Bond Fund - Growth,INF109K01365,,Open Ended Schemes,Debt Scheme - Long Duration Fund,87.5608,02-Apr-2026
100366,ICICI Prudential Mutual Fund,ICICI Prudential Long Term Bond Fund-Institutional Quarterly Dividend,INF109K01EY1,INF109K01381,Open Ended Schemes,Debt Scheme - Long Duration Fund,11.7562,24-Apr-2020
100367,ICICI Prudential Mutual Fund,ICICI Prudential Long Term Bond Fund - Quarterly IDCW,INF109K01EZ8,INF109K01399,Open Ended Schemes,Debt Scheme - Long Duration Fund,11.9678,02-Apr-2026
100368,ICICI Prudential Mutual Fund,ICICI Prudential Gilt Fund - IDCW,INF109K01JQ6,INF109K01JP8,Open Ended Schemes,Debt Scheme - Gilt Fund,16.8460,02-Apr-2026
100369,ICICI Prudential Mutual Fund,ICICI Prudential Gilt Fund - Growth,INF109K01JR4,,Open Ended Schemes,Debt Scheme - Gilt Fund,102.8307,02-Apr-2026
100370,ICICI Prudential Mutual Fund,ICICI Prudential Short Term Gilt Fund - Dividend,INF109K01JW4,INF109K01JV6,Open Ended Schemes,Debt Scheme - Gilt Fund,12.1349,25-May-2018
100371,ICICI Prudential Mutual Fund,ICICI Prudential Short Term Gilt Fund - Growth,INF109K01JX2,,Open Ended Schemes,Debt Scheme - Gilt Fund,43.6350,25-May-2018
100372,ICICI Prudential Mutual Fund,ICICI Prudential Short Term Gilt Fund - Half Yearly Dividend,INF109K01JZ7,INF109K01JY0,Open Ended Schemes,Debt Scheme - Gilt Fund,11.2589,25-May-2018
100383,Nippon India Mutual Fund,NIPPON INDIA MEDIUM TO LONG DURATION FUND - MONTHLY IDCW Option,INF204K01CN7,INF204K01CO5,Open Ended Schemes,Debt Scheme - Medium to Long Duration Fund,10.6753,02-Apr-2026
100384,Nippon India Mutual Fund,NIPPON INDIA MEDIUM TO LONG DURATION  FUND - QUARTERLY IDCW Option,INF204K01CP2,INF204K01CQ0,Open Ended Schemes,Debt Scheme - Medium to Long Duration Fund,12.9464,02-Apr-2026
100385,Nippon India Mutual Fund,NIPPON INDIA MEDIUM TO LONG DURATION  FUND - HALF YEARLY IDCW Option,INF204K01CR8,INF204K01CS6,Open Ended Schemes,Debt Scheme - Medium to Long Duration Fund,12.2892,02-Apr-2026
100386,Nippon India Mutual Fund,NIPPON INDIA MEDIUM TO LONG DURATION  FUND - ANNUAL IDCW Option,INF204K01CT4,INF204K01CU2,Open Ended Schemes,Debt Scheme - Medium to Long Duration Fund,12.5759,02-Apr-2026
100387,Nippon India Mutual Fund,Nippon India Medium to Long Duration  Fund - Growth Plan Growth Option,INF204K01CL1,,Open Ended Schemes,Debt Scheme - Medium to Long Duration Fund,89.4584,02-Apr-2026
100388,Nippon India Mutual Fund,Nippon India Medium to Long Duration  Fund - Growth Plan Bonus Option,INF204K01CM9,,Open Ended Schemes,Debt Scheme - Medium to Long Duration Fund,25.7187,02-Apr-2026
100417,Tata Mutual Fund,Tata Income Fund-Regular Plan - Half Yearly Payout of IDCW Option,INF277K01DU6,INF277K01675,Open Ended Schemes,Debt Scheme - Medium to Long Duration Fund,15.3414,23-Sep-2022
100418,Tata Mutual Fund,Tata Income Fund -Regular Plan - Growth Option,INF277K01659,,Open Ended Schemes,Debt Scheme - Medium to Long Duration Fund,66.6140,23-Sep-2022
100493,Franklin Templeton Mutual Fund,Franklin India Government Securities Fund - Growth,INF090I01CU9,,Open Ended Schemes,Debt Scheme - Gilt Fund,58.6445,02-Apr-2026
100494,Franklin Templeton Mutual Fund,Franklin India Government Securities Fund - IDCW,INF090I01CS3,INF090I01CT1,Open Ended Schemes,Debt Scheme - Gilt Fund,10.3613,02-Apr-2026
100498,Franklin Templeton Mutual Fund,Franklin India Dynamic Accrual Fund - IDCW,INF090I01BN6,INF090I01BO4,Open Ended Schemes,Debt Scheme - Dynamic Bond,15.6675,07-Aug-2022
100499,Franklin Templeton Mutual Fund,Franklin India Dynamic Accrual Fund-Growth,INF090I01BP1,,Open Ended Schemes,Debt Scheme - Dynamic Bond,94.7880,07-Aug-2022
100503,Franklin Templeton Mutual Fund,Franklin India Low Duration Fund - Monthly - IDCW,INF090I01BQ9,INF090I01BR7,Open Ended Schemes,Debt Scheme - Low Duration Fund,15.0351,07-Aug-2022
100504,Franklin Templeton Mutual Fund,Franklin India Low Duration Fund - Quarterly - IDCW,INF090I01BS5,INF090I01BT3,Open Ended Schemes,Debt Scheme - Low Duration Fund,14.7667,07-Aug-2022
100527,Franklin Templeton Mutual Fund,Franklin India Corporate Debt Fund - Plan A - Annual - IDCW,INF090I01DH4,INF090I01DI2,Open Ended Schemes,Debt Scheme - Corporate Bond Fund,16.4835,02-Apr-2026
100528,Franklin Templeton Mutual Fund,Franklin India Corporate Debt Fund - Growth,INF090I01DG6,,Open Ended Schemes,Debt Scheme - Corporate Bond Fund,103.2760,02-Apr-2026
100529,Franklin Templeton Mutual Fund,Franklin India Corporate Debt Fund - Plan B - Monthly - IDCW,INF090I01DJ0,INF090I01DK8,Open Ended Schemes,Debt Scheme - Corporate Bond Fund,15.1017,02-Apr-2026
100530,Franklin Templeton Mutual Fund,Franklin India Corporate Debt Fund - Plan B - Quarterly - IDCW,INF090I01DL6,INF090I01DM4,Open Ended Schemes,Debt Scheme - Corporate Bond Fund,11.8829,02-Apr-2026
100531,Franklin Templeton Mutual Fund,Franklin India Corporate Debt Fund - Plan B - Half yearly - IDCW,INF090I01DN2,INF090I01DO0,Open Ended Schemes,Debt Scheme - Corporate Bond Fund,12.2909,02-Apr-2026
100532,Franklin Templeton Mutual Fund,Franklin India Corporate Debt Fund - Monthly Bonus,INF090I01DC5,,Open Ended Schemes,Debt Scheme - Corporate Bond Fund,0.0000,08-Jun-2015
100537,Franklin Templeton Mutual Fund,Franklin India Liquid Fund - Regular Plan - Weekly - IDCW,INF090I01BL0,INF090I01BI6,Open Ended Schemes,Debt Scheme - Liquid Fund,1246.9906,02-Apr-2026
100538,Franklin Templeton Mutual Fund,Franklin India Liquid Fund - Regular Plan - Growth,INF090I01BB1,,Open Ended Schemes,Debt Scheme - Liquid Fund,6153.5379,03-Apr-2026
100541,Franklin Templeton Mutual Fund,Franklin India Liquid Fund - Regular Plan - Daily - IDCW,,INF090I01BA3,Open Ended Schemes,Debt Scheme - Liquid Fund,1509.0075,02-Apr-2026
100546,Franklin Templeton Mutual Fund,Franklin India Liquid Fund - Super Institutional Plan - Growth,INF090I01BG0,,Open Ended Schemes,Debt Scheme - Liquid Fund,4111.7758,03-Apr-2026
100547,Franklin Templeton Mutual Fund,Franklin India Liquid Fund - Super Institutional Plan - Daily - IDCW,,INF090I01BF2,Open Ended Schemes,Debt Scheme - Liquid Fund,1000.0000,02-Apr-2026
100548,Franklin Templeton Mutual Fund,Franklin India Liquid Fund - Super Institutional Plan - Weekly - IDCW,INF090I01BM8,INF090I01BH8,Open Ended Schemes,Debt Scheme - Liquid Fund,1036.3782,02-Apr-2026
100596,Canara Robeco Mutual Fund,CANARA ROBECO GILT FUND - REGULAR PLAN - IDCW (Payout/Reinvestment),INF760K01AB7,INF760K01AC5,Open Ended Schemes,Debt Scheme - Gilt Fund,14.6645,02-Apr-2026
100597,Canara Robeco Mutual Fund,CANARA ROBECO GILT FUND - REGULAR PLAN - GROWTH OPTION,INF760K01AE1,,Open Ended Schemes,Debt Scheme - Gilt Fund,74.4286,02-Apr-2026
100602,Sundaram Mutual Fund,Sundaram Medium Duration Fund (Formerly Known as Sundaram Medium Term Bond Fund) Regular Plan-Income Distribution cum Capital Withdrawal(IDCW),INF903J01FR0,INF903J01FU4,Open Ended Schemes,Debt Scheme - Medium Duration Fund,13.0999,02-Apr-2026
100603,Sundaram Mutual Fund,Sundaram Medium Duration Fund (Formerly Known as Sundaram Medium Term Bond Fund) Regular Plan - Growth,INF903J01FQ2,,Open Ended Schemes,Debt Scheme - Medium Duration Fund,69.9114,02-Apr-2026
100604,Sundaram Mutual Fund,Sundaram Medium Duration Fund (Formerly Known as Sundaram Medium Term Bond Fund) Regular Plan -Growth,INF903J01FX8,,Open Ended Schemes,Debt Scheme - Medium Duration Fund,23.6242,27-Jun-2025
100608,Sundaram Mutual Fund,Sundaram Medium Duration Fund (Formerly Known as Sundaram Medium Term Bond Fund) Institutional Plan - Growth,INF903J01FY6,,Open Ended Schemes,Debt Scheme - Medium Duration Fund,75.2476,07-Jan-2025
100609,Sundaram Mutual Fund,Sundaram Medium Duration Fund (Formerly Known as Sundaram Medium Term Bond Fund) Regular Plan- Income Distribution cum Capital Withdrawal(IDCW),INF903J01FS8,INF903J01FV2,Open Ended Schemes,Debt Scheme - Medium Duration Fund,13.5927,27-Jun-2025
100610,Sundaram Mutual Fund,Sundaram Medium Duration Fund (Formerly Known as Sundaram Medium Term Bond Fund) Regular Plan -Income Distribution cum Capital Withdrawal (IDCW),INF903J01FT6,INF903J01FW0,Open Ended Schemes,Debt Scheme - Medium Duration Fund,13.7426,27-Jun-2025
100638,SBI Mutual Fund,SBI Medium to Long Duration Fund - Regular Plan - Half Yearly - Income Distribution cum Capital Withdrawal Option (IDCW),INF200K01610,INF200K01628,Open Ended Schemes,Debt Scheme - Medium to Long Duration Fund,18.6335,02-Apr-2026
100639,SBI Mutual Fund,SBI Medium to Long Duration Fund-REGULAR PLAN-Growth,INF200K01594,,Open Ended Schemes,Debt Scheme - Medium to Long Duration Fund,71.2395,02-Apr-2026
100640,SBI Mutual Fund,SBI Medium to Long Duration Fund-REGULAR PLAN-Bonus,INF200K01602,,Open Ended Schemes,Debt Scheme - Medium to Long Duration Fund,43.1648,02-Apr-2026
100723,UTI Mutual Fund,UTI MMF-Discontinued - Regular Plan -Growth,INF789F01BF5,,Open Ended Schemes,Debt Scheme - Money Market Fund,7456.3281,02-Apr-2026
100724,UTI Mutual Fund,UTI MMF- Discontinued - Regular Plan - Flexi Dividend Option,,INF789F01BD0,Open Ended Schemes,Debt Scheme - Money Market Fund,4023.3202,02-Apr-2026
100725,UTI Mutual Fund,UTI MMF- Discontinued - Regular Plan - Periodic Dividend Option,INF789F01BE8,,Open Ended Schemes,Debt Scheme - Money Market Fund,2620.7349,02-Apr-2026
100741,UTI Mutual Fund,UTI Medium to Long Duration Fund- Regular Plan - Growth,INF789F01406,,Open Ended Schemes,Debt Scheme - Medium to Long Duration Fund,73.6627,02-Apr-2026
100742,UTI Mutual Fund,UTI Medium to Long Duration Fund - Regular Plan - Quarterly IDCW,INF789F01380,INF789F01398,Open Ended Schemes,Debt Scheme - Medium to Long Duration Fund,18.9192,02-Apr-2026
100780,Sundaram Mutual Fund,Sundaram Banking & PSU Fund (Formerly Known as Sundaram Banking and PSU Debt Fund) Retail Plan - Monthly Income Distribution cum Capital Withdrawal (IDCW),INF903J01IL7,INF903J01IM5,Open Ended Schemes,Debt Scheme - Banking and PSU Fund,11.4908,28-Jun-2024
100781,Sundaram Mutual Fund,Sundaram Banking & PSU Fund (Formerly Known as Sundaram Banking and PSU Debt Fund) Retail Plan - Growth,INF903J01IK9,,Open Ended Schemes,Debt Scheme - Banking and PSU Fund,35.6206,28-Jun-2024
100782,Sundaram Mutual Fund,Sundaram Banking & PSU Fund (Formerly Known as Sundaram Banking and PSU Debt Fund) Regular Plan - Daily Reinvestment of Income Distribution cum Capital Withdrawal (IDCW),,INF903J01IP8,Open Ended Schemes,Debt Scheme - Banking and PSU Fund,10.3550,28-Jun-2024
100783,Sundaram Mutual Fund,Sundaram Banking & PSU Fund (Formerly Known as Sundaram Banking and PSU Debt Fund) Regular Plan - Weekly Reinvestment of Income Distribution cum Capital Withdrawal (IDCW),,INF903J01IQ6,Open Ended Schemes,Debt Scheme - Banking and PSU Fund,12.1035,28-Jun-2024
100784,Sundaram Mutual Fund,Sundaram Banking & PSU Fund (Formerly Known as Sundaram Banking and PSU Debt Fund) Regular Plan - Growth,INF903J01IN3,,Open Ended Schemes,Debt Scheme - Banking and PSU Fund,44.4234,02-Apr-2026
100785,Sundaram Mutual Fund,Sundaram Corporate Bond Fund Regular Plan -Income Distribution cum Capital Withdrawal(IDCW),INF903J01HX4,INF903J01IB8,Open Ended Schemes,Debt Scheme - Corporate Bond Fund,16.9548,27-Jun-2025
100786,Sundaram Mutual Fund,Sundaram Corporate Bond Fund Regular Plan - Income Distribution cum Capital Withdrawal (IDCW ),INF903J01HY2,INF903J01IC6,Open Ended Schemes,Debt Scheme - Corporate Bond Fund,18.4759,02-Apr-2026
100787,Sundaram Mutual Fund,Sundaram Corporate Bond Fund Regular Plan-Income Distribution cum Capital Withdrawal (IDCW),INF903J01HZ9,INF903J01ID4,Open Ended Schemes,Debt Scheme - Corporate Bond Fund,17.6302,27-Jun-2025
100788,Sundaram Mutual Fund,Sundaram Corporate Bond Fund Regular Plan- Income Distribution cum Capital Withdrawal (IDCW),INF903J01IA0,INF903J01IE2,Open Ended Schemes,Debt Scheme - Corporate Bond Fund,17.9561,27-Jun-2025
100789,Sundaram Mutual Fund,Sundaram Corporate Bond Fund Regular Plan- Growth,INF903J01HW6,,Open Ended Schemes,Debt Scheme - Corporate Bond Fund,41.3176,02-Apr-2026
100793,Sundaram Mutual Fund,Sundaram Banking & PSU Fund (Formerly Known as Sundaram Banking and PSU Debt Fund) Regular Plan - Income Distribution cum Capital Withdrawal (IDCW),INF903J01IO1,INF903J01IR4,Open Ended Schemes,Debt Scheme - Banking and PSU Fund,11.2578,02-Apr-2026
100813,UTI Mutual Fund,UTI Overnight Fund - Regular Plan - Periodic IDCW,INF789F01588,INF789F01596,Open Ended Schemes,Debt Scheme - Overnight Fund,1879.3756,04-Apr-2026
100814,UTI Mutual Fund,UTI - Overnight  Fund - Regular Plan - Growth Option,INF789F01604,,Open Ended Schemes,Debt Scheme - Overnight Fund,3648.1027,04-Apr-2026
100833,Kotak Mahindra Mutual Fund,Kotak Liquid Fund - Regular  - Daily Reinvestment of Income Distribution cum capital withdrawal option,,INF174K01NL3,Open Ended Schemes,Debt Scheme - Liquid Fund,1249.6997,04-Apr-2026
100835,Kotak Mahindra Mutual Fund,Kotak Liquid Fund - Regular Plan - Growth,INF174K01NI9,,Open Ended Schemes,Debt Scheme - Liquid Fund,5519.6554,04-Apr-2026
100837,Nippon India Mutual Fund,Nippon India Liquid Fund - Retail Option - Growth Plan,INF204K01UL3,,Open Ended Schemes,Debt Scheme - Liquid Fund,5905.9643,05-Apr-2026
100838,Nippon India Mutual Fund,NIPPON INDIA LIQUID FUND - RETAIL Plan - WEEKLY IDCW OPTION,,INF204K01UK5,Open Ended Schemes,Debt Scheme - Liquid Fund,1034.6195,05-Apr-2026
100842,Nippon India Mutual Fund,NIPPON INDIA LIQUID FUND - RETAIL Plan - DAILY IDCW OPTION,,INF204K01UJ7,Open Ended Schemes,Debt Scheme - Liquid Fund,1524.2800,05-Apr-2026
100843,Nippon India Mutual Fund,NIPPON INDIA LIQUID FUND - RETAIL plan - MONTHLY IDCW OPTION,INF204K01UT6,INF204K01UU4,Open Ended Schemes,Debt Scheme - Liquid Fund,1337.5234,05-Apr-2026
100844,Nippon India Mutual Fund,NIPPON INDIA LIQUID FUND - RETAIL Plan - QUARTERLY IDCW OPTION,INF204K01UV2,INF204K01UW0,Open Ended Schemes,Debt Scheme - Liquid Fund,1223.8702,05-Apr-2026
100845,Nippon India Mutual Fund,Reliance Liquid Fund-Cash Plan-Growth Plan,,,Open Ended Schemes,Debt Scheme - Liquid Fund,2714.7678,20-May-2018
100848,Nippon India Mutual Fund,Reliance Liquid Fund-Cash Plan-Weekly Dividend Reinvestment Option,,,Open Ended Schemes,Debt Scheme - Liquid Fund,1092.0644,20-May-2018
100849,Nippon India Mutual Fund,Reliance Liquid Fund-Cash Plan-Daily Dividend Reinvestment Option,,,Open Ended Schemes,Debt Scheme - Liquid Fund,1114.1500,20-May-2018
100851,Nippon India Mutual Fund,Nippon India Liquid Fund -Growth Plan,INF204K01UN9,,Open Ended Schemes,Debt Scheme - Liquid Fund,6666.6939,05-Apr-2026
100852,Nippon India Mutual Fund,NIPPON INDIA LIQUID FUND - DAILY IDCW OPTION,,INF204K01UM1,Open Ended Schemes,Debt Scheme - Liquid Fund,1528.7400,05-Apr-2026
100853,Nippon India Mutual Fund,NIPPON INDIA LIQUID FUND - WEEKLY IDCW OPTION,INF204KC1FM8,INF204K01US8,Open Ended Schemes,Debt Scheme - Liquid Fund,1531.0707,05-Apr-2026
100855,Nippon India Mutual Fund,NIPPON INDIA LIQUID FUND - MONTHLY IDCW OPTION,INF204K01UO7,INF204K01UP4,Open Ended Schemes,Debt Scheme - Liquid Fund,1589.7171,05-Apr-2026
100856,Nippon India Mutual Fund,Nippon India Corporate Bond Fund - Growth Plan - Growth Option,INF204K01EF9,,Open Ended Schemes,Debt Scheme - Corporate Bond Fund,61.7902,02-Apr-2026
100857,Nippon India Mutual Fund,NIPPON INDIA CORPORATE BOND FUND - MONTHLY IDCW Option,INF204K01EJ1,INF204K01EK9,Open Ended Schemes,Debt Scheme - Corporate Bond Fund,11.5873,02-Apr-2026
100858,Nippon India Mutual Fund,NIPPON INDIA CORPORATE BOND FUND - QUARTERLY IDCW Option,INF204K01EL7,INF204K01EM5,Open Ended Schemes,Debt Scheme - Corporate Bond Fund,11.8937,02-Apr-2026
100859,Nippon India Mutual Fund,Nippon India Corporate Bond Fund - Growth Plan - Bonus Option,INF204KA12N8,,Open Ended Schemes,Debt Scheme - Corporate Bond Fund,44.1302,02-Apr-2026
100868,HDFC Mutual Fund,HDFC Liquid Fund - Growth Plan,INF179KB1HK0,,Open Ended Schemes,Debt Scheme - Liquid Fund,5358.0132,02-Apr-2026
100872,HDFC Mutual Fund,HDFC Liquid Fund-PREMIUM PLUS- Growth,INF179K01KQ7,,Open Ended Schemes,Debt Scheme - Liquid Fund,10.0000,17-Dec-2012
100874,HDFC Mutual Fund,HDFC Liquid Fund - IDCW Plan Weekly,INF179KB1ID3,,Open Ended Schemes,Debt Scheme - Liquid Fund,1033.0745,02-Apr-2026
100875,HDFC Mutual Fund,HDFC Liquid Fund - IDCW Daily,,INF179KB1IC5,Open Ended Schemes,Debt Scheme - Liquid Fund,1019.82,02-Apr-2026
100876,HDFC Mutual Fund,HDFC Liquid Fund - IDCW Monthly,INF179KB1HM6,INF179KB1HL8,Open Ended Schemes,Debt Scheme - Liquid Fund,1028.3359,02-Apr-2026
100878,HDFC Mutual Fund,HDFC Liquid Fund-Premium Plan - Dividend-Weekly,INF179K01KP9,,Open Ended Schemes,Debt Scheme - Liquid Fund,10,14-Apr-2015
100881,HDFC Mutual Fund,HDFC Liquid Fund-Premium Plus Plan - Dividend-Weekly,INF179K01KS3,,Open Ended Schemes,Debt Scheme - Liquid Fund,10,14-May-2012
100999,SBI Mutual Fund,SBI Gilt Fund - Regular Plan - Income Distribution cum Capital Withdrawal Option (IDCW),INF200K01990,INF200K01AA6,Open Ended Schemes,Debt Scheme - Gilt Fund,20.2750,02-Apr-2026
101001,SBI Mutual Fund,SBI GILT FUND - REGULAR PLAN - GROWTH,INF200K01982,,Open Ended Schemes,Debt Scheme - Gilt Fund,65.9355,02-Apr-2026
101002,SBI Mutual Fund,SBI CONSTANT MATURITY 10 Year GILT FUND - REGULAR PLAN - GROWTH,INF200K01AN9,,Open Ended Schemes,Debt Scheme - Gilt Fund with 10 year constant duration,63.7801,02-Apr-2026
101003,SBI Mutual Fund,SBI Constant Maturity 10 Year Gilt Fund - Regular Plan - Income Distribution cum Capital Withdrawal Option (IDCW),INF200K01AO7,INF200K01AP4,Open Ended Schemes,Debt Scheme - Gilt Fund with 10 year constant duration,20.7434,02-Apr-2026
101042,Tata Mutual Fund,Tata Gilt Securities Fund -Regular Plan- Growth Option,INF277K01519,,Open Ended Schemes,Debt Scheme - Gilt Fund,75.5278,02-Apr-2026
101044,Franklin Templeton Mutual Fund,Franklin India Floating Rate Fund - IDCW,INF090I01LN5,,Open Ended Schemes,Debt Scheme - Floater Fund,10.1909,02-Apr-2026
101048,Franklin Templeton Mutual Fund,Franklin India Floating Rate Fund - Growth Plan,INF090I01LM7,,Open Ended Schemes,Debt Scheme - Floater Fund,42.5406,02-Apr-2026
101049,Tata Mutual Fund,Tata Gilt Securities Fund - Regular Plan - Payout of IDCW Option,INF277K01DN1,INF277K01535,Open Ended Schemes,Debt Scheme - Gilt Fund,20.9371,02-Apr-2026
101078,JM Financial Mutual Fund,JM Liquid Fund (Regular) - Daily IDCW,,INF192K01833,Open Ended Schemes,Debt Scheme - Liquid Fund,10.4302,05-Apr-2026
101083,HDFC Mutual Fund,HDFC Gilt Fund - Growth Plan,INF179K01756,,Open Ended Schemes,Debt Scheme - Gilt Fund,54.72,02-Apr-2026
101084,HDFC Mutual Fund,HDFC Gilt Fund - IDCW Plan,INF179K01772,INF179K01764,Open Ended Schemes,Debt Scheme - Gilt Fund,11.8332,02-Apr-2026
101181,JM Financial Mutual Fund,JM Medium to Long Duration Fund (Regular) - Bonus Option- Principal Units,INF192K01AC1,,Open Ended Schemes,Debt Scheme - Medium to Long Duration Fund,25.6239,02-Apr-2026
101184,LIC Mutual Fund,LIC MF Liquid Fund-Regular Plan-Daily IDCW,INF767K01IQ3,INF767K01IR1,Open Ended Schemes,Debt Scheme - Liquid Fund,1000.1751,05-Apr-2026
101185,LIC Mutual Fund,LIC MF Liquid Fund-Regular Plan-Growth,INF767K01IS9,,Open Ended Schemes,Debt Scheme - Liquid Fund,4938.3092,05-Apr-2026
101186,Tata Mutual Fund,Tata Income Fund- Regular Plan - Periodic Payout of IDCW Option,INF277K01DT8,INF277K01667,Open Ended Schemes,Debt Scheme - Medium to Long Duration Fund,38.6487,23-Sep-2022
101187,Baroda BNP Paribas Mutual Fund,Baroda BNP Paribas GILT FUND - Regular Plan - Growth Option,INF955L01450,,Open Ended Schemes,Debt Scheme - Gilt Fund,42.1528,02-Apr-2026
101188,Baroda BNP Paribas Mutual Fund,Baroda BNP Paribas GILT FUND - Regular Plan - IDCW Option,INF955L01435,INF955L01443,Open Ended Schemes,Debt Scheme - Gilt Fund,25.0198,02-Apr-2026
101206,SBI Mutual Fund,SBI OVERNIGHT FUND - REGULAR PLAN - GROWTH,INF200K01LQ9,,Open Ended Schemes,Debt Scheme - Overnight Fund,4322.8863,03-Apr-2026
101221,ICICI Prudential Mutual Fund,ICICI Prudential Money Market Fund Retail Growth (erstwhile Cash Option),INF109K01TW3,,Open Ended Schemes,Debt Scheme - Money Market Fund,306.6704,24-Apr-2020
101224,Tata Mutual Fund,Tata Dynamic Bond Fund- Regular Plan - Payout of IDCW Option,INF277K01DE0,INF277K01352,Open Ended Schemes,Debt Scheme - Dynamic Bond,20.1116,23-Sep-2022
101232,Franklin Templeton Mutual Fund,Franklin India Short-Term Income Plan-Growth,INF090I01304,,Open Ended Schemes,Debt Scheme - Short Duration Fund,15041.2784,02-May-2025
101236,Franklin Templeton Mutual Fund,Franklin India Short Term Income Plan -  Retail Plan - Monthly - IDCW,INF090I01338,INF090I01346,Open Ended Schemes,Debt Scheme - Short Duration Fund,4197.1520,02-May-2025
101237,Franklin Templeton Mutual Fund,Franklin India Short-Term Income Plan-Weekly Bonus,INF090I01DY9,,Open Ended Schemes,Debt Scheme - Short Duration Fund,0.0000,08-Jun-2015
101238,Franklin Templeton Mutual Fund,Franklin India Short Term Income Plan -  Retail Plan - Quarterly - IDCW,INF090I01312,INF090I01320,Open Ended Schemes,Debt Scheme - Short Duration Fund,4366.3354,02-May-2025
101242,Franklin Templeton Mutual Fund,Franklin India Short Term Income Plan -  Retail Plan - Weekly - IDCW,INF090I01353,,Open Ended Schemes,Debt Scheme - Short Duration Fund,3801.5971,02-May-2025
101244,Franklin Templeton Mutual Fund,Franklin India Short-Term Income Plan-Institutional Plan - Growth,INF090I01361,,Open Ended Schemes,Debt Scheme - Short Duration Fund,12430.0000,02-May-2025
101246,Franklin Templeton Mutual Fund,Franklin India Short-Term Income Plan-Institutional Plan - Monthly Dividend,INF090I01387,INF090I01395,Open Ended Schemes,Debt Scheme - Short Duration Fund,0.0000,27-Apr-2018
101303,DSP Mutual Fund,DSP Short Term Fund - Regular Plan - Regular Plan - IDCW - Weekly,INF740KA1PF4,,Open Ended Schemes,Debt Scheme - Short Duration Fund,10.1203,02-Apr-2026
101304,DSP Mutual Fund,DSP Short Term Fund - Regular Plan - Growth,INF740K01656,,Open Ended Schemes,Debt Scheme - Short Duration Fund,47.8715,02-Apr-2026
101305,DSP Mutual Fund,DSP Short Term Fund - Regular Plan - IDCW,INF740K01649,INF740K01AF0,Open Ended Schemes,Debt Scheme - Short Duration Fund,11.9749,02-Apr-2026
101306,DSP Mutual Fund,DSP Short Term Fund - IDCW - Monthly,INF740K01664,INF740K01AG8,Open Ended Schemes,Debt Scheme - Short Duration Fund,11.5273,02-Apr-2026
101350,ICICI Prudential Mutual Fund,ICICI Prudential All Seasons Bond Fund Retail - Cumulative,INF109K01712,,Open Ended Schemes,Debt Scheme - Dynamic Bond,49.3216,24-Apr-2020
101351,ICICI Prudential Mutual Fund,ICICI Prudential All Seasons Bond Fund - Weekly IDCW,INF109K01FD2,INF109K01704,Open Ended Schemes,Debt Scheme - Dynamic Bond,10.8181,02-Apr-2026
101356,Franklin Templeton Mutual Fund,Franklin India Money Market Fund Retail Option - Quarterly - IDCW,INF090I01BZ0,INF090I01BY3,Open Ended Schemes,Debt Scheme - Money Market Fund,11.0756,02-Apr-2026
101357,Franklin Templeton Mutual Fund,Franklin India Money Market Fund - Growth Option,INF090I01CA1,,Open Ended Schemes,Debt Scheme - Money Market Fund,52.4714,02-Apr-2026
101358,Franklin Templeton Mutual Fund,Franklin India Money Market Fund - Institutional Option - Growth,INF090I01BX5,,Open Ended Schemes,Debt Scheme - Money Market Fund,0.0000,07-Sep-2015
101359,Franklin Templeton Mutual Fund,Franklin India Money Market Fund - Institutional Option - Dividend,INF090I01BW7,INF090I01BV9,Open Ended Schemes,Debt Scheme - Money Market Fund,0.0000,18-Jun-2020
101407,Baroda BNP Paribas Mutual Fund,Baroda BNP Paribas LIQUID FUND-Defunct Plan- IDCW Option,INF955L01559,INF955L01567,Open Ended Schemes,Debt Scheme - Liquid Fund,3813.8878,05-Apr-2026
101408,Baroda BNP Paribas Mutual Fund,Baroda BNP Paribas LIQUID FUND- Defunct Plan -Growth Option,INF955L01575,,Open Ended Schemes,Debt Scheme - Liquid Fund,4622.3840,05-Apr-2026
101409,Baroda BNP Paribas Mutual Fund,Baroda BNP Paribas LIQUID FUND-Defunct Plan-Daily IDCW Option,INF955L01518,INF955L01526,Open Ended Schemes,Debt Scheme - Liquid Fund,1006.0602,04-Aug-2022
101549,JM Financial Mutual Fund,JM Liquid Fund (Regular) - Bonus Option - Principal Units,INF192K01890,,Open Ended Schemes,Debt Scheme - Liquid Fund,23.8473,05-Apr-2026
101587,Canara Robeco Mutual Fund,CANARA ROBECO INCOME FUND - REGULAR PLAN - QUARTERLY IDCW (Payout/Reinvestment),INF760K01340,INF760K01357,Open Ended Schemes,Debt Scheme - Medium to Long Duration Fund,14.4384,02-Apr-2026
101588,Canara Robeco Mutual Fund,CANARA ROBECO INCOME FUND - REGULAR PLAN - GROWTH OPTION,INF760K01324,,Open Ended Schemes,Debt Scheme - Medium to Long Duration Fund,55.4481,02-Apr-2026
101605,Tata Mutual Fund,Tata Medium Term Fund- Regular Plan - Payout of IDCW option,INF277K01DW2,INF277K01709,Open Ended Schemes,Debt Scheme - Medium Duration Fund,13.5481,23-Sep-2022
101617,ICICI Prudential Mutual Fund,ICICI Prudential Savings Fund - Weekly IDCW,INF109K01JO1,INF109K01753,Open Ended Schemes,Debt Scheme - Low Duration Fund,105.4630,02-Apr-2026
101618,ICICI Prudential Mutual Fund,ICICI Prudential Savings Fund - Daily IDCW,INF109K01738,,Open Ended Schemes,Debt Scheme - Low Duration Fund,105.7358,02-Apr-2026
101619,ICICI Prudential Mutual Fund,ICICI Prudential Savings Fund - Growth,INF109K01746,,Open Ended Schemes,Debt Scheme - Low Duration Fund,569.0748,02-Apr-2026
101642,ICICI Prudential Mutual Fund,ICICI Prudential Long Term Bond Fund - Institutional Dividend Halfyearly,INF109K01EW5,INF109K01373,Open Ended Schemes,Debt Scheme - Long Duration Fund,10.8508,24-Apr-2020
101643,ICICI Prudential Mutual Fund,ICICI Prudential Long Term Bond Fund-Institutional Option-Growth,INF109K01407,,Open Ended Schemes,Debt Scheme - Long Duration Fund,73.5439,24-Apr-2020
101685,HSBC Mutual Fund,HSBC Medium to Long Duration Fund - Regular Growth,INF336L01776,,Open Ended Schemes,Debt Scheme - Medium to Long Duration Fund,42.3167,02-Apr-2026
101686,HSBC Mutual Fund,HSBC Medium to Long Duration Fund - Regular Quarterly IDCW,INF336L01784,INF336L01792,Open Ended Schemes,Debt Scheme - Medium to Long Duration Fund,10.4156,02-Apr-2026
101703,Tata Mutual Fund,Tata Medium Term Fund -Regular Plan - Growth Option,INF277K01717,,Open Ended Schemes,Debt Scheme - Medium Duration Fund,29.7872,23-Sep-2022
101714,Tata Mutual Fund,Tata Liquid Fund- Regular Plan - Daily Reinvestment of IDCW Option,,INF277K011D4,Open Ended Schemes,Debt Scheme - Liquid Fund,1001.5157,05-Apr-2026
101748,ICICI Prudential Mutual Fund,ICICI Prudential Liquid Fund - Institutional - Daily - Div,INF109K01VE7,,Open Ended Schemes,Debt Scheme - Liquid Fund,118.5022,24-Apr-2020
101750,ICICI Prudential Mutual Fund,ICICI Prudential Liquid Fund Retail Growth,INF109K01UQ3,,Open Ended Schemes,Debt Scheme - Liquid Fund,450.7797,24-Apr-2020
101751,ICICI Prudential Mutual Fund,ICICI Prudential Liquid Institutional Fund - Growth,INF109K01VF4,,Open Ended Schemes,Debt Scheme - Liquid Fund,462.33,24-Apr-2020
101752,ICICI Prudential Mutual Fund,ICICI Prudential Liquid Fund Retail Weekly Dividend,INF109K01UV3,,Open Ended Schemes,Debt Scheme - Liquid Fund,118.9171,24-Apr-2020
101753,ICICI Prudential Mutual Fund,ICICI Prudential Liquid Fund - Institutional - Weekly - Div,INF109K01VI8,,Open Ended Schemes,Debt Scheme - Liquid Fund,118.6133,28-Sep-2015
101754,ICICI Prudential Mutual Fund,ICICI Prudential Liquid Fund Retail Daily Dividend,INF109K01UR1,,Open Ended Schemes,Debt Scheme - Liquid Fund,118.5142,24-Apr-2020
101755,ICICI Prudential Mutual Fund,ICICI Prudential Liquid Fund Retail Monthly Dividend,INF109K01US9,,Open Ended Schemes,Debt Scheme - Liquid Fund,100.5372,24-Apr-2020
101793,ICICI Prudential Mutual Fund,ICICI Prudential Floating Interest Fund Plan B - Growth,INF109K01977,,Open Ended Schemes,Debt Scheme - Floater Fund,324.7401,24-Apr-2020
101794,ICICI Prudential Mutual Fund,ICICI Prudential Floating Interest Fund Plan B - Fortnightly Dividend,INF109K01969,,Open Ended Schemes,Debt Scheme - Floater Fund,101.397,24-Apr-2020
101795,ICICI Prudential Mutual Fund,ICICI Prudential Floating Interest Fund Plan A - Growth,INF109K01936,,Open Ended Schemes,Debt Scheme - Floater Fund,300.7518,24-Apr-2020
101796,ICICI Prudential Mutual Fund,ICICI Prudential Floating Interest Fund Plan A - Fortnightly Dividend,INF109K01910,,Open Ended Schemes,Debt Scheme - Floater Fund,101.3988,24-Apr-2020
101797,ICICI Prudential Mutual Fund,ICICI Prudential Savings Fund Plan C - Growth,INF109K01AB7,,Open Ended Schemes,Debt Scheme - Floater Fund,218.1632,15-Jun-2015
101798,ICICI Prudential Mutual Fund,ICICI Prudential Floating Interest Fund Plan C - Fortnightly Dividend,INF109K01993,,Open Ended Schemes,Debt Scheme - Floater Fund,101.3966,24-Apr-2020
101799,ICICI Prudential Mutual Fund,ICICI Prudential Floating Interest Fund Plan B - Dividend Daily,INF109K01951,,Open Ended Schemes,Debt Scheme - Floater Fund,100.025,24-Apr-2020
101800,ICICI Prudential Mutual Fund,ICICI Prudential Floating Interest Fund Plan A - Dividend Daily,INF109K01928,,Open Ended Schemes,Debt Scheme - Floater Fund,100.0251,24-Apr-2020
101801,ICICI Prudential Mutual Fund,ICICI Prudential Floating Interest Fund Plan C - Dividend Daily,INF109K01AA9,,Open Ended Schemes,Debt Scheme - Floater Fund,100.9403,27-Feb-2020
101802,ICICI Prudential Mutual Fund,ICICI Prudential Floating Interest Fund - Growth,INF109K01AX1,,Open Ended Schemes,Debt Scheme - Floater Fund,443.2394,02-Apr-2026
101803,ICICI Prudential Mutual Fund,ICICI Prudential Floating Interest Fund - Fortnightly IDCW,INF109K01AZ6,,Open Ended Schemes,Debt Scheme - Floater Fund,101.9908,16-Sep-2022
101804,ICICI Prudential Mutual Fund,ICICI Prudential Floating Interest Fund - Daily IDCW,INF109K01AW3,,Open Ended Schemes,Debt Scheme - Floater Fund,100.7572,02-Apr-2026
101805,JM Financial Mutual Fund,JM Dynamic Bond Fund (Regular) - IDCW,INF192K01684,INF192K01692,Open Ended Schemes,Debt Scheme - Dynamic Bond,42.286,02-Apr-2026
101806,JM Financial Mutual Fund,JM Dynamic Bond Fund (Regular) - Growth Option,INF192K01700,,Open Ended Schemes,Debt Scheme - Dynamic Bond,42.1537,02-Apr-2026
101807,JM Financial Mutual Fund,JM Dynamic Bond Fund (Regular)- Premium Plan IDCW,INF192K01734,INF192K01742,Open Ended Schemes,Debt Scheme - Dynamic Bond,10.2458,16-Mar-2021
101808,JM Financial Mutual Fund,JM Dynamic Bond Fund - Premium Plan - Growth Option,INF192K01759,,Open Ended Schemes,Debt Scheme - Dynamic Bond,29.1520,14-Jan-2020
101829,LIC Mutual Fund,LIC MF Low Duration Fund-Regular Plan-Monthly IDCW,INF767K01AM9,INF767K01AN7,Open Ended Schemes,Debt Scheme - Low Duration Fund,14.1761,02-Apr-2026
101830,LIC Mutual Fund,LIC MF Low Duration Fund-Regular Plan-Growth,INF767K01AO5,,Open Ended Schemes,Debt Scheme - Low Duration Fund,41.111,02-Apr-2026
101837,DSP Mutual Fund,DSP Credit Risk Fund - Regular Plan -Growth,INF740K01599,,Open Ended Schemes,Debt Scheme - Credit Risk Fund,50.3895,02-Apr-2026
101838,DSP Mutual Fund,DSP Credit Risk Fund - Regular Plan - IDCW - Weekly,INF740K01FR4,INF740K01FQ6,Open Ended Schemes,Debt Scheme - Credit Risk Fund,11.0210,02-Apr-2026
101839,DSP Mutual Fund,DSP Credit Risk Fund - Regular Plan - IDCW,INF740K01581,INF740K01AB9,Open Ended Schemes,Debt Scheme - Credit Risk Fund,11.5467,02-Apr-2026
101840,DSP Mutual Fund,DSP Credit Risk Fund - Regular Plan - IDCW - Daily,,INF740KA1OA8,Open Ended Schemes,Debt Scheme - Credit Risk Fund,11.0159,02-Apr-2026
101843,Aditya Birla Sun Life Mutual Fund,Aditya Birla Sun Life Short Term Fund - REGULAR - IDCW,INF209K01975,INF209K01DK0,Open Ended Schemes,Debt Scheme - Short Duration Fund,14.6947,02-Apr-2026
101844,Aditya Birla Sun Life Mutual Fund,Aditya Birla Sun Life Short Term Fund - Growth - Regular Plan,INF209K01942,,Open Ended Schemes,Debt Scheme - Short Duration Fund,49.1873,02-Apr-2026
101847,Tata Mutual Fund,Tata Money Market Fund-Regular Plan - Growth Option,INF277K01LQ7,,Open Ended Schemes,Debt Scheme - Money Market Fund,4939.0648,02-Apr-2026
101872,HDFC Mutual Fund,HDFC Dynamic Debt Fund - Growth Option,INF179K01848,,Open Ended Schemes,Debt Scheme - Dynamic Bond,89.1517,02-Apr-2026
101873,HDFC Mutual Fund,HDFC Dynamic Debt Fund - Quarterly IDCW Option,INF179K01871,INF179K01889,Open Ended Schemes,Debt Scheme - Dynamic Bond,12.3416,02-Apr-2026
101874,HDFC Mutual Fund,HDFC Dynamic Debt Fund - Half Yearly IDCW Option,INF179K01855,INF179K01863,Open Ended Schemes,Debt Scheme - Dynamic Bond,11.4284,02-Apr-2026
101875,HDFC Mutual Fund,HDFC Dynamic Debt Fund - Yearly IDCW Option,INF179K01921,INF179K01939,Open Ended Schemes,Debt Scheme - Dynamic Bond,13.1953,02-Apr-2026
101892,Kotak Mahindra Mutual Fund,Kotak Money market Fund - (Monthly Payout of Income Distribution cum capital withdrawal option),INF174K018O0,INF174K01NB4,Open Ended Schemes,Debt Scheme - Money Market Fund,1054.364,02-Apr-2026
101893,Kotak Mahindra Mutual Fund,Kotak Money Market Fund - (Growth),INF174K01NA6,,Open Ended Schemes,Debt Scheme - Money Market Fund,4697.6874,02-Apr-2026
101909,Tata Mutual Fund,Tata Dynamic Bond Fund- Regular Plan - Growth Option,INF277K01360,,Open Ended Schemes,Debt Scheme - Dynamic Bond,34.9217,23-Sep-2022
101932,SBI Mutual Fund,SBI GILT FUND -  GROWTH - PF (Regular) Option,INF200K01AK5,,Open Ended Schemes,Debt Scheme - Gilt Fund,42.3387,02-Apr-2026
101934,SBI Mutual Fund,SBI GILT FUND -  GROWTH - PF (Fixed Period - 3 Yrs) Option,INF200K01AH1,,Open Ended Schemes,Debt Scheme - Gilt Fund,39.5491,02-Apr-2026
101945,Tata Mutual Fund,Tata Gilt Retirement Plan- 28/2/25 Growth Option,,,Open Ended Schemes,Debt Scheme - Gilt Fund,34.2334,28-Feb-2025
101950,SBI Mutual Fund,SBI Gilt Fund - Income Distribution cum Capital Withdrawal Option (IDCW) - PF (Fixed Period - 1 Yr),INF200K01AC2,INF200K01AD0,Open Ended Schemes,Debt Scheme - Gilt Fund,20.3705,02-Apr-2026
101951,SBI Mutual Fund,SBI Gilt Fund - Income Distribution cum Capital Withdrawal Option (IDCW) - PF (Fixed Period - 2 Yrs),INF200K01AF5,INF200K01AG3,Open Ended Schemes,Debt Scheme - Gilt Fund,20.6143,02-Apr-2026
101952,SBI Mutual Fund,SBI Gilt Fund - Income Distribution cum Capital Withdrawal Option (IDCW) - PF (Fixed Period - 3 Yrs),INF200K01AI9,INF200K01AJ7,Open Ended Schemes,Debt Scheme - Gilt Fund,19.9872,02-Apr-2026
101970,Aditya Birla Sun Life Mutual Fund,Aditya Birla Sun Life Money Manager Fund - RETAIL - WEEKLY IDCW,,INF209K01JY8,Open Ended Schemes,Debt Scheme - Money Market Fund,103.9036,02-Apr-2026
101971,Aditya Birla Sun Life Mutual Fund,Aditya Birla Sun Life Money Manager Fund - Retail Growth,INF209K01MJ3,,Open Ended Schemes,Debt Scheme - Money Market Fund,476.8445,02-Apr-2026
101972,Aditya Birla Sun Life Mutual Fund,Aditya Birla Sun Life Money Manager Fund - Retail - Daily IDCW,,INF209K01JZ5,Open Ended Schemes,Debt Scheme - Money Market Fund,100.015,02-Apr-2026
101973,Aditya Birla Sun Life Mutual Fund,Aditya Birla Sun Life Money Manager Fund - Daily IDCW,,INF209K01SZ6,Open Ended Schemes,Debt Scheme - Money Market Fund,100.02,02-Apr-2026
101974,Aditya Birla Sun Life Mutual Fund,Aditya Birla Sun Life Money Manager Fund - WEEKLY IDCW,,INF209K01SY9,Open Ended Schemes,Debt Scheme - Money Market Fund,100.2287,02-Apr-2026
101976,Aditya Birla Sun Life Mutual Fund,Aditya Birla Sun Life Money Manager Fund - Growth,INF209K01RV7,,Open Ended Schemes,Debt Scheme - Money Market Fund,386.8833,02-Apr-2026
101986,Tata Mutual Fund,Tata Money Market Fund- Regular Plan - Daily Reinvestment of IDCW Option,,INF277K014C0,Open Ended Schemes,Debt Scheme - Money Market Fund,1114.5200,02-Apr-2026
101989,HDFC Mutual Fund,HDFC Medium Term Debt Fund - Growth Option,INF179K01913,,Open Ended Schemes,Debt Scheme - Medium Duration Fund,58.1709,02-Apr-2026
101990,HDFC Mutual Fund,HDFC Medium Term Debt Fund - Fornightly IDCW Option,INF179K01897,INF179K01905,Open Ended Schemes,Debt Scheme - Medium Duration Fund,10.0412,02-Apr-2026
101993,HDFC Mutual Fund,HDFC Money Market Fund - Growth Option,INF179KB1HR5,,Open Ended Schemes,Debt Scheme - Money Market Fund,5977.7265,02-Apr-2026
101994,HDFC Mutual Fund,HDFC Money Market Fund - Daily IDCW Option,,INF179KB1IG6,Open Ended Schemes,Debt Scheme - Money Market Fund,1063.64,02-Apr-2026
101995,HDFC Mutual Fund,HDFC Money Market Fund - Weekly IDCW Option,INF179KB1IH4,INF179KB1II2,Open Ended Schemes,Debt Scheme - Money Market Fund,1063.0373,02-Apr-2026
101996,HDFC Mutual Fund,HDFC Overnight Fund - Growth Option,INF179KB1HS3,,Open Ended Schemes,Debt Scheme - Overnight Fund,3953.0943,02-Apr-2026
101997,HDFC Mutual Fund,HDFC Overnight Fund - IDCW Option (Daily),,INF179KB1IF8,Open Ended Schemes,Debt Scheme - Overnight Fund,1042.66,02-Apr-2026
102007,UTI Mutual Fund,UTI-  Liquid Cash Plan- Discontinued -Regular Plan Periodic Dividend Option,,INF789F01AZ5,Open Ended Schemes,Debt Scheme - Liquid Fund,1132.0046,04-Apr-2026
102008,UTI Mutual Fund,UTI-  Liquid Cash Plan- Discontinued - Regular Plan - Monthly Dividend Option,INF789F01BC2,INF789F01BA6,Open Ended Schemes,Debt Scheme - Liquid Fund,1064.7894,04-Apr-2026
102009,UTI Mutual Fund,UTI-  Liquid Cash Plan- Discontinued - Regular Plan -Growth,INF789F01BB4,,Open Ended Schemes,Debt Scheme - Liquid Fund,4067.4248,04-Apr-2026
102010,UTI Mutual Fund,UTI Liquid Fund - Regular Plan - Daily IDCW (Reinvestment),,INF789F01PG3,Open Ended Schemes,Debt Scheme - Liquid Fund,1179.8935,04-Apr-2026
102011,UTI Mutual Fund,UTI Liquid Fund - Regular Plan - Monthly IDCW,INF789F01PI9,INF789F01PJ7,Open Ended Schemes,Debt Scheme - Liquid Fund,1118.0364,04-Apr-2026
102012,UTI Mutual Fund,UTI-  Liquid Cash Plan - Regular Plan - Growth Option,INF789F01PH1,,Open Ended Schemes,Debt Scheme - Liquid Fund,4482.3067,04-Apr-2026
102013,UTI Mutual Fund,UTI Liquid Fund - Regular Plan - Weekly IDCW,,INF789F01PK5,Open Ended Schemes,Debt Scheme - Liquid Fund,1053.0947,04-Apr-2026
102046,Tata Mutual Fund,Tata Gilt Retirement Plan (28/2/25) - Payout of IDCW Option,,,Open Ended Schemes,Debt Scheme - Gilt Fund,34.1747,28-Feb-2025
102053,SBI Mutual Fund,SBI MEDIUM DURATION FUND - REGULAR PLAN - GROWTH,INF200K01719,,Open Ended Schemes,Debt Scheme - Medium Duration Fund,52.7448,02-Apr-2026
102054,SBI Mutual Fund,SBI Medium Duration Fund - Regular Plan - Income Distribution cum Capital Withdrawal Option (IDCW),INF200K01727,INF200K01735,Open Ended Schemes,Debt Scheme - Medium Duration Fund,20.4454,02-Apr-2026
102205,SBI Mutual Fund,SBI Dynamic Bond Fund - REGULAR PLAN - Growth,INF200K01958,,Open Ended Schemes,Debt Scheme - Dynamic Bond,36.3903,02-Apr-2026
102206,SBI Mutual Fund,SBI Dynamic Bond Fund - Regular Plan - Income Distribution cum Capital Withdrawal Option (IDCW),INF200K01966,INF200K01974,Open Ended Schemes,Debt Scheme - Dynamic Bond,19.0778,02-Apr-2026
102441,Franklin Templeton Mutual Fund,Franklin India Liquid Fund - Institution-Growth,INF090I01BD7,,Open Ended Schemes,Debt Scheme - Liquid Fund,0.0000,08-Jul-2020
102442,Franklin Templeton Mutual Fund,Franklin India Liquid Fund - Institutional Plan - Weekly - IDCW,INF090I01BJ4,INF090I01BE5,Open Ended Schemes,Debt Scheme - Liquid Fund,1057.0349,02-Apr-2026
102443,Franklin Templeton Mutual Fund,Franklin India Liquid Fund - Institutional Plan - Daily - IDCW,,INF090I01BC9,Open Ended Schemes,Debt Scheme - Liquid Fund,1000.0000,02-Apr-2026
102452,HDFC Mutual Fund,HDFC Low Duration  Fund - Growth,INF179K01442,,Open Ended Schemes,Debt Scheme - Low Duration Fund,60.1509,02-Apr-2026
102453,HDFC Mutual Fund,HDFC Low Duration  Fund - Weekly IDCW,INF179K01475,INF179K01483,Open Ended Schemes,Debt Scheme - Low Duration Fund,10.0605,02-Apr-2026
102503,SBI Mutual Fund,SBI  SAVINGS FUND - REGULAR PLAN - GROWTH,INF200K01636,,Open Ended Schemes,Debt Scheme - Money Market Fund,43.2318,02-Apr-2026
102504,SBI Mutual Fund,SBI Savings Fund - Regular Plan - Income Distribution cum Capital Withdrawal Option (IDCW),INF200K01644,INF200K01651,Open Ended Schemes,Debt Scheme - Money Market Fund,17.0464,02-Apr-2026
102505,SBI Mutual Fund,SBI CREDIT RISK FUND - REGULAR PLAN - GROWTH,INF200K01685,,Open Ended Schemes,Debt Scheme - Credit Risk Fund,47.6672,02-Apr-2026
102506,SBI Mutual Fund,SBI Credit Risk Fund - Regular Plan - Income Distribution cum Capital Withdrawal Option (IDCW),INF200K01693,INF200K01701,Open Ended Schemes,Debt Scheme - Credit Risk Fund,21.5496,02-Apr-2026
102509,UTI Mutual Fund,UTI Gilt Fund - Regular Plan - IDCW,INF789F01646,INF789F01653,Open Ended Schemes,Debt Scheme - Gilt Fund,38.1214,02-Apr-2026
102510,UTI Mutual Fund,UTI - GILT FUND - Regular Plan - Growth Option,INF789F01661,,Open Ended Schemes,Debt Scheme - Gilt Fund,63.5889,02-Apr-2026
102511,UTI Mutual Fund,UTI - GILT FUND -Discontinued PF Plan -Dividend Option,INF789F01PR0,INF789F01PS8,Open Ended Schemes,Debt Scheme - Gilt Fund,26.0233,02-Apr-2026
102512,UTI Mutual Fund,UTI - GILT FUND - Discontinued PF Plan - Growth Option,INF789F01PT6,,Open Ended Schemes,Debt Scheme - Gilt Fund,47.2805,02-Apr-2026
102514,UTI Mutual Fund,UTI - GILT FUND - Discontinued PF Plan Prescribed Date Auto Redemption Option,INF789F01PU4,,Open Ended Schemes,Debt Scheme - Gilt Fund,47.3067,02-Apr-2026
102538,UTI Mutual Fund,UTI Low Duration Fund - Discontinued - Annaul Dividend Option,INF789F01OK8,INF789F01OL6,Open Ended Schemes,Debt Scheme - Low Duration Fund,3521.9949,02-Apr-2026
102539,UTI Mutual Fund,UTI Low Duration Fund - Discontinued Bonus Option,INF789F01OM4,,Open Ended Schemes,Debt Scheme - Low Duration Fund,4369.335,02-Apr-2026
102540,UTI Mutual Fund,UTI Low Duration Fund - Discontinued Growth Option,INF789F01331,,Open Ended Schemes,Debt Scheme - Low Duration Fund,6554.7457,02-Apr-2026
102541,UTI Mutual Fund,UTI Low Duration Fund - Discontinued - Quarterly Dividend Option,INF789F01OO0,INF789F01OP7,Open Ended Schemes,Debt Scheme - Low Duration Fund,2317.6737,02-Apr-2026
102544,UTI Mutual Fund,UTI Low Duration Fund - Regular Plan - Growth Option,INF789F01OT9,,Open Ended Schemes,Debt Scheme - Low Duration Fund,3706.0689,02-Apr-2026
102545,UTI Mutual Fund,UTI Low Duration Fund - Regular Plan - Bonus Option,INF789F01OS1,,Open Ended Schemes,Debt Scheme - Low Duration Fund,3097.485,02-Apr-2026
102672,Tata Mutual Fund,Tata Liquid Fund -Regular Plan - Growth Option,INF277K01YD8,,Open Ended Schemes,Debt Scheme - Liquid Fund,4302.4046,05-Apr-2026
102673,Nippon India Mutual Fund,Nippon India Floater Fund - Growth Plan-Growth Option,INF204K01CG1,,Open Ended Schemes,Debt Scheme - Floater Fund,46.8434,02-Apr-2026
102675,Nippon India Mutual Fund,NIPPON INDIA FLOATER FUND - MONTHLY IDCW Option,INF204K01CH9,INF204K01CK3,Open Ended Schemes,Debt Scheme - Floater Fund,11.0981,02-Apr-2026
102676,Nippon India Mutual Fund,NIPPON INDIA FLOATER FUND - DAILY IDCW REINVESTMENT Option,,INF204K01CI7,Open Ended Schemes,Debt Scheme - Floater Fund,10.2249,02-Apr-2026
102677,Nippon India Mutual Fund,NIPPON INDIA FLOATER FUND - WEEKLY IDCW Option,INF204K01OQ5,INF204K01CJ5,Open Ended Schemes,Debt Scheme - Floater Fund,10.2333,02-Apr-2026
102741,ICICI Prudential Mutual Fund,ICICI Prudential Medium Term Bond Fund - Growth,INF109K01AH4,,Open Ended Schemes,Debt Scheme - Medium Duration Fund,46.7520,02-Apr-2026
102743,ICICI Prudential Mutual Fund,ICICI Prudential Medium Term Bond Fund-Plan B-Growth,INF109K01AJ0,,Open Ended Schemes,Debt Scheme - Medium Duration Fund,32.0584,24-Apr-2020
102766,Aditya Birla Sun Life Mutual Fund,Aditya Birla Sun Life Dynamic Bond Fund -Regular - Quarterly IDCW,INF209K01819,INF209K01DH6,Open Ended Schemes,Debt Scheme - Dynamic Bond,10.5224,02-Apr-2026
102767,Aditya Birla Sun Life Mutual Fund,Aditya Birla Sun Life Dynamic Bond Fund - Growth - Regular Plan,INF209K01793,,Open Ended Schemes,Debt Scheme - Dynamic Bond,47.2474,02-Apr-2026
102849,Nippon India Mutual Fund,Nippon India Dynamic Bond Fund-Growth Plan-Growth Option,INF204K01FI0,,Open Ended Schemes,Debt Scheme - Dynamic Bond,38.1613,02-Apr-2026
102851,Nippon India Mutual Fund,NIPPON INDIA DYNAMIC BOND FUND - IDCW Option,INF204K01FJ8,INF204K01FK6,Open Ended Schemes,Debt Scheme - Dynamic Bond,25.6681,02-Apr-2026
102860,SBI Mutual Fund,SBI Savings Fund - Regular Plan Weekly Income Distribution cum Capital Withdrawal Option (IDCW),INF200K01669,INF200K01677,Open Ended Schemes,Debt Scheme - Money Market Fund,16.0875,02-Apr-2026
102913,Canara Robeco Mutual Fund,CANARA ROBECO SAVINGS FUND - REGULAR PLAN - GROWTH OPTION,INF760K01795,,Open Ended Schemes,Debt Scheme - Low Duration Fund,43.9213,02-Apr-2026
102914,Canara Robeco Mutual Fund,CANARA ROBECO SAVINGS FUND - REGULAR PLAN - IDCW (Payout/Reinvestment),INF760K01779,INF760K01787,Open Ended Schemes,Debt Scheme - Low Duration Fund,39.3443,02-Apr-2026
102915,Canara Robeco Mutual Fund,CANARA ROBECO SAVINGS FUND - REGULAR PLAN - WEEKLY IDCW (Payout/Reinvestment),INF760K01CB3,INF760K01811,Open Ended Schemes,Debt Scheme - Low Duration Fund,10.2600,02-Apr-2026
103048,Nippon India Mutual Fund,Nippon India Money Market Fund-Growth Plan-Growth Option,INF204K01VA4,,Open Ended Schemes,Debt Scheme - Money Market Fund,4340.0634,02-Apr-2026
103049,Nippon India Mutual Fund,Nippon India Money Market Fund-Growth Plan-Bonus Option,INF204K01UX8,,Open Ended Schemes,Debt Scheme - Money Market Fund,1713.3216,14-Aug-2019
103050,Nippon India Mutual Fund,NIPPON INDIA MONEY MARKET FUND - DAILY IDCW Option,,INF204K01UY6,Open Ended Schemes,Debt Scheme - Money Market Fund,1006.3229,02-Apr-2026
103051,Nippon India Mutual Fund,NIPPON INDIA MONEY MARKET FUND - WEEKLY IDCW Option,,INF204K01UZ3,Open Ended Schemes,Debt Scheme - Money Market Fund,1008.2698,02-Apr-2026
103052,Nippon India Mutual Fund,NIPPON INDIA MONEY MARKET FUND - MONTHLY IDCW Option,INF204K01VB2,INF204K01VC0,Open Ended Schemes,Debt Scheme - Money Market Fund,1024.3980,02-Apr-2026
103140,SBI Mutual Fund,SBI Overnight Fund - Regular Plan - Weekly Income Distribution cum Capital Withdrawal Option (IDCW),INF200K01LO4,INF200K01LP1,Open Ended Schemes,Debt Scheme - Overnight Fund,1382.4433,03-Apr-2026
103158,Tata Mutual Fund,Tata Treasury Advantage Fund Regular Plan - Weekly Payout of IDCW Option,INF277K01MD3,INF277K01MB7,Open Ended Schemes,Debt Scheme - Low Duration Fund,1008.0658,02-Apr-2026
103159,Tata Mutual Fund,Tata Treasury Advantage Fund - Regular Plan - Growth Option,INF277K01MA9,,Open Ended Schemes,Debt Scheme - Low Duration Fund,4094.7227,02-Apr-2026
103160,Tata Mutual Fund,Tata Treasury Advantage Fund Regular Plan - Daily Reinvestment of IDCW Option,,INF277K01LZ8,Open Ended Schemes,Debt Scheme - Low Duration Fund,1003.5288,02-Apr-2026
103176,Aditya Birla Sun Life Mutual Fund,Aditya Birla Sun Life Banking & PSU Debt Fund - Retail Plan-Growth,INF209K01LT4,,Open Ended Schemes,Debt Scheme - Banking and PSU Fund,565.9772,02-Apr-2026
103178,Aditya Birla Sun Life Mutual Fund,Aditya Birla Sun Life Corporate Bond Fund - Growth - Regular Plan,INF209K01785,,Open Ended Schemes,Debt Scheme - Corporate Bond Fund,115.5335,02-Apr-2026
103183,Aditya Birla Sun Life Mutual Fund,Aditya Birla Sun Life Corporate Bond Fund -REGULAR - MONTHLY IDCW,INF209K01983,INF209K01DL8,Open Ended Schemes,Debt Scheme - Corporate Bond Fund,12.4221,02-Apr-2026
103191,Aditya Birla Sun Life Mutual Fund,Aditya Birla Sun Life Low Duration Fund -INSTITUTIONAL - DAILY IDCW,,INF209K01KD0,Open Ended Schemes,Debt Scheme - Low Duration Fund,100.2749,02-Apr-2026
103192,Aditya Birla Sun Life Mutual Fund,Aditya Birla Sun Life Low Duration Fund - Growth Plan,INF209K01LQ0,,Open Ended Schemes,Debt Scheme - Low Duration Fund,682.8529,02-Apr-2026
103193,Aditya Birla Sun Life Mutual Fund,Aditya Birla Sun Life Low Duration Fund -REGULAR - WEEKLY IDCW,,INF209KA1LQ4,Open Ended Schemes,Debt Scheme - Low Duration Fund,101.014,02-Apr-2026
103194,Aditya Birla Sun Life Mutual Fund,Aditya Birla Sun Life Low Duration Fund -Institutional - weekly  IDCW,,INF209K01KG3,Open Ended Schemes,Debt Scheme - Low Duration Fund,99.9054,30-Apr-2020
103195,Aditya Birla Sun Life Mutual Fund,Aditya Birla Sun Life Low Duration Fund - Institutional Plan - Growth,INF209K01KE8,,Open Ended Schemes,Debt Scheme - Low Duration Fund,478.7952,02-Apr-2026
103225,quant Mutual Fund,quant Liquid Fund - Growth Option - Regular Plan,INF966L01317,,Open Ended Schemes,Debt Scheme - Liquid Fund,43.0736,02-Apr-2026
103226,quant Mutual Fund,quant Liquid Fund-Daily IDCW Option - Regular Plan,,INF966L01275,Open Ended Schemes,Debt Scheme - Liquid Fund,12.6919,02-Apr-2026
103227,quant Mutual Fund,quant Liquid Fund - Weekly IDCW Option - Regular Plan,INF966L01499,INF966L01283,Open Ended Schemes,Debt Scheme - Liquid Fund,14.5019,02-Apr-2026
103228,quant Mutual Fund,quant Liquid Fund - Monthly IDCW Option - Regular Plan,INF966L01291,INF966L01309,Open Ended Schemes,Debt Scheme - Liquid Fund,15.1808,02-Apr-2026
103340,ICICI Prudential Mutual Fund,ICICI Prudential Liquid Fund - Growth,INF109K01VQ1,,Open Ended Schemes,Debt Scheme - Liquid Fund,404.1882,03-Apr-2026
103341,ICICI Prudential Mutual Fund,ICICI Prudential Liquid Fund -Monthly IDCW,INF109K01VR9,,Open Ended Schemes,Debt Scheme - Liquid Fund,100.3202,16-Sep-2022
103342,ICICI Prudential Mutual Fund,ICICI Prudential Liquid Fund - Weekly IDCW,INF109K01VS7,,Open Ended Schemes,Debt Scheme - Liquid Fund,100.3426,02-Apr-2026
103343,ICICI Prudential Mutual Fund,ICICI Prudential Liquid Fund - Daily IDCW,INF109K01VP3,,Open Ended Schemes,Debt Scheme - Liquid Fund,100.1482,02-Apr-2026
103344,ICICI Prudential Mutual Fund,ICICI Prudential Liquid Fund - Institutional Option - I,INF109K01VH0,,Open Ended Schemes,Debt Scheme - Liquid Fund,275.6151,24-Apr-2020
103347,DSP Mutual Fund,DSP Liquidity Fund - Regular Plan - Growth,INF740K01FK9,,Open Ended Schemes,Debt Scheme - Liquid Fund,3899.4928,02-Apr-2026
103348,DSP Mutual Fund,DSP Liquidity Fund - Regular Plan - IDCW - Weekly,INF740K01FM5,INF740K01FL7,Open Ended Schemes,Debt Scheme - Liquid Fund,1001.1568,02-Apr-2026
103349,DSP Mutual Fund,DSP Liquidity Fund- Regular Plan - IDCW - Daily,,INF740KA1OE0,Open Ended Schemes,Debt Scheme - Liquid Fund,1001.1542,02-Apr-2026
103633,ICICI Prudential Mutual Fund,ICICI Prudential Money Market Fund Option - Growth,INF109K01TX1,,Open Ended Schemes,Debt Scheme - Money Market Fund,396.9075,02-Apr-2026
103634,ICICI Prudential Mutual Fund,ICICI Prudential Money Market Fund Option - Daily IDCW,INF109K01TY9,,Open Ended Schemes,Debt Scheme - Money Market Fund,100.1295,02-Apr-2026
103635,ICICI Prudential Mutual Fund,ICICI Prudential Money Market Fund Option - Weekly IDCW,INF109K01TZ6,,Open Ended Schemes,Debt Scheme - Money Market Fund,100.7414,02-Apr-2026
103636,ICICI Prudential Mutual Fund,ICICI Prudential Money Market Fund Option -Fortnightly IDCW,INF109K01UA7,,Open Ended Schemes,Debt Scheme - Money Market Fund,100.6605,16-Sep-2022
103637,ICICI Prudential Mutual Fund,ICICI Prudential Money Market Fund Option - Monthly IDCW,INF109K01UC3,INF109K01UB5,Open Ended Schemes,Debt Scheme - Money Market Fund,100.8819,16-Sep-2022
103734,Quantum Mutual Fund,Quantum Liquid Fund - Direct Plan Growth Option,INF082J01127,,Open Ended Schemes,Debt Scheme - Liquid Fund,36.7768,05-Apr-2026
103735,Quantum Mutual Fund,Quantum Liquid Fund - Direct Plan Monthly IDCW,INF082J01143,INF082J01200,Open Ended Schemes,Debt Scheme - Liquid Fund,10.0359,05-Apr-2026
103736,Quantum Mutual Fund,Quantum Liquid Fund - Direct Plan Daily IDCW,,INF082J01135,Open Ended Schemes,Debt Scheme - Liquid Fund,10.0132,05-Apr-2026
103885,Aditya Birla Sun Life Mutual Fund,Aditya Birla Sun Life Liquid Fund -Regular - IDCW,INF209KA1LI1,,Open Ended Schemes,Debt Scheme - Liquid Fund,108.5218,02-Apr-2026
104240,Taurus Mutual Fund,Taurus Liquid Fund-Dividend,INF044D01542,INF044D01559,Open Ended Schemes,Debt Scheme - Liquid Fund,1013.9743,03-Nov-2020
104241,Taurus Mutual Fund,Taurus Liquid Fund-Growth,INF044D01575,,Open Ended Schemes,Debt Scheme - Liquid Fund,2368.5909,03-Nov-2020
104308,ICICI Prudential Mutual Fund,ICICI Prudential Liquid Fund - Half Yearly IDCW,INF109K01UX9,INF109K01UW1,Open Ended Schemes,Debt Scheme - Liquid Fund,105.6475,16-Sep-2022
104484,Invesco Mutual Fund,Invesco India Liquid Fund - Daily IDCW (Reinvestment),,INF205K01HN3,Open Ended Schemes,Debt Scheme - Liquid Fund,1002.7594,03-Apr-2026
104485,Invesco Mutual Fund,Invesco India Liquid Fund - Weekly IDCW (Reinvestment),INF205KA1BD7,INF205K01HO1,Open Ended Schemes,Debt Scheme - Liquid Fund,1020.6482,03-Apr-2026
104486,Invesco Mutual Fund,Invesco India Liquid Fund - Growth,INF205K01HM5,,Open Ended Schemes,Debt Scheme - Liquid Fund,3753.9001,03-Apr-2026
104488,Invesco Mutual Fund,Invesco India Liquid Fund - Regular - Growth,INF205K01HG7,,Open Ended Schemes,Debt Scheme - Liquid Fund,3310.8599,03-Apr-2026
104489,Invesco Mutual Fund,Invesco India Liquid Fund - Regular - Weekly IDCW (Reinvestment),,INF205K01HH5,Open Ended Schemes,Debt Scheme - Liquid Fund,1005.5444,03-Apr-2026
104492,Invesco Mutual Fund,Invesco India Liquid Fund - Monthly IDCW (Payout / Reinvestment),INF205K01HQ6,INF205K01HP8,Open Ended Schemes,Debt Scheme - Liquid Fund,1005.905,03-Apr-2026
104559,Canara Robeco Mutual Fund,CANARA ROBECO SAVINGS FUND - REGULAR PLAN - DAILY IDCW (Reinvestment),,INF760K01803,Open Ended Schemes,Debt Scheme - Low Duration Fund,10.2600,02-Apr-2026
104722,Invesco Mutual Fund,Invesco India Low Duration Fund - Regular - Weekly IDCW (Reinvestment),,INF205K01HV6,Open Ended Schemes,Debt Scheme - Low Duration Fund,1444.9828,02-Apr-2026
104723,Invesco Mutual Fund,Invesco India Low Duration Fund - Regular - Monthly IDCW (Reinvestment),,INF205K01HW4,Open Ended Schemes,Debt Scheme - Low Duration Fund,1408.6571,02-Apr-2026
104725,Invesco Mutual Fund,Invesco India Low Duration Fund - Weekly IDCW (Payout / Reinvestment),INF205K01IB6,INF205K01IA8,Open Ended Schemes,Debt Scheme - Low Duration Fund,1317.5366,02-Apr-2026
104726,Invesco Mutual Fund,Invesco India Low Duration Fund - Growth,INF205K01HY0,,Open Ended Schemes,Debt Scheme - Low Duration Fund,3941.2962,02-Apr-2026
104728,Invesco Mutual Fund,Invesco India Low Duration Fund - Regular - Growth,INF205K01HT0,,Open Ended Schemes,Debt Scheme - Low Duration Fund,3493.0245,02-Apr-2026
104729,Invesco Mutual Fund,Invesco India Low Duration Fund - Monthly IDCW (Payout / Reinvestment),INF205K01ID2,INF205K01IC4,Open Ended Schemes,Debt Scheme - Low Duration Fund,1436.3872,02-Apr-2026
105024,Invesco Mutual Fund,Invesco India Low Duration Fund - Regular Daily IDCW (Reinvestment),,INF205K01HU8,Open Ended Schemes,Debt Scheme - Low Duration Fund,1737.3277,02-Apr-2026
105025,Invesco Mutual Fund,Invesco India Low Duration Fund - Daily IDCW (Reinvestment),,INF205K01HZ7,Open Ended Schemes,Debt Scheme - Low Duration Fund,1017.9524,02-Apr-2026
105274,SBI Mutual Fund,SBI Liquid Fund - Institutional - Growth,INF200K01LU1,,Open Ended Schemes,Debt Scheme - Liquid Fund,4307.7627,03-Apr-2026
105275,SBI Mutual Fund,SBI Liquid Fund - Institutional Daily Income Distribution cum Capital Withdrawal Option (IDCW),,INF200K01LR7,Open Ended Schemes,Debt Scheme - Liquid Fund,1383.9216,03-Apr-2026
105280,SBI Mutual Fund,SBI Liquid Fund - REGULAR PLAN -Growth,INF200K01MA1,,Open Ended Schemes,Debt Scheme - Liquid Fund,4267.3886,03-Apr-2026
105281,SBI Mutual Fund,SBI Liquid Fund - Regular Plan - Daily Income Distribution cum Capital Withdrawal Option (IDCW),,INF200K01LX5,Open Ended Schemes,Debt Scheme - Liquid Fund,1140.9355,03-Apr-2026
105282,SBI Mutual Fund,SBI Liquid Fund - Regular Plan - Weekly Income Distribution cum Capital Withdrawal Option (IDCW),INF200K01MB9,INF200K01MC7,Open Ended Schemes,Debt Scheme - Liquid Fund,1378.8433,03-Apr-2026
105283,SBI Mutual Fund,SBI Liquid Fund - Regular Plan - Fortnightly Income Distribution cum Capital Withdrawal Option (IDCW),INF200K01LY3,INF200K01LZ0,Open Ended Schemes,Debt Scheme - Liquid Fund,1400.4769,03-Apr-2026
105543,HDFC Mutual Fund,HDFC Low Duration  Fund - Monthly IDCW,INF179K01459,INF179K01467,Open Ended Schemes,Debt Scheme - Low Duration Fund,10.1404,02-Apr-2026
105544,HDFC Mutual Fund,HDFC Low Duration Fund- Wholesale- Growth,INF179K01491,,Open Ended Schemes,Debt Scheme - Low Duration Fund,41.8371,10-May-2019
105545,HDFC Mutual Fund,HDFC Low Duration Fund- Wholesale Weekly Dividend,INF179K01525,,Open Ended Schemes,Debt Scheme - Low Duration Fund,10.1734,10-May-2019
105546,HDFC Mutual Fund,HDFC Low Duration Fund- Wholesale Monthly Dividend,INF179K01509,INF179K01517,Open Ended Schemes,Debt Scheme - Low Duration Fund,10.1856,10-May-2019
105547,HDFC Mutual Fund,HDFC Low Duration Fund- Wholesale Daily Dividend,,INF179K01541,Open Ended Schemes,Debt Scheme - Low Duration Fund,10.1574,10-May-2019
105548,HDFC Mutual Fund,HDFC Low Duration  Fund - Daily IDCW,,INF179K01434,Open Ended Schemes,Debt Scheme - Low Duration Fund,10.1414,02-Apr-2026
105578,UTI Mutual Fund,UTI Low Duration Fund - Discontinued - Periodic Dividend Plan,,INF789F01349,Open Ended Schemes,Debt Scheme - Low Duration Fund,1072.4133,02-Apr-2026
105605,UTI Mutual Fund,UTI Low Duration Fund - Regular Plan - Daily IDCW (Reinvestment),,INF789F01ON2,Open Ended Schemes,Debt Scheme - Low Duration Fund,1428.3993,02-Apr-2026
105627,UTI Mutual Fund,UTI Low Duration Fund - Regular Plan - Weekly IDCW,INF789F01PB4,INF789F01PC2,Open Ended Schemes,Debt Scheme - Low Duration Fund,1432.0129,02-Apr-2026
105637,JM Financial Mutual Fund,JM Dynamic Bond Fund (Regular) - Weekly IDCW,,INF192K01676,Open Ended Schemes,Debt Scheme - Dynamic Bond,10.4396,02-Apr-2026
105638,JM Financial Mutual Fund,JM Dynamic Bond Fund - Premium Plan - Daily Dividend Option,,INF192K01718,Open Ended Schemes,Debt Scheme - Dynamic Bond,10.0470,06-May-2020
105639,JM Financial Mutual Fund,JM Dynamic Bond Fund (Regular) - Daily IDCW,,INF192K01668,Open Ended Schemes,Debt Scheme - Dynamic Bond,9.9461,02-Apr-2026
105658,UTI Mutual Fund,UTI Low Duration Fund - Regular Plan - Monthly IDCW,INF789F01OU7,INF789F01OV5,Open Ended Schemes,Debt Scheme - Low Duration Fund,1456.997,02-Apr-2026
105659,UTI Mutual Fund,UTI Low Duration Fund - Discontinued Flexi Dividend Plan,INF789F01PA6,,Open Ended Schemes,Debt Scheme - Low Duration Fund,1086.864,02-Apr-2026
105667,DSP Mutual Fund,DSP Strategic Bond Fund - Regular Plan - IDCW - Monthly,INF740K01GM3,INF740K01GL5,Open Ended Schemes,Debt Scheme - Dynamic Bond,1030.9063,02-Apr-2026
105668,DSP Mutual Fund,DSP Strategic Bond Fund - Regular Plan - IDCW,INF740K01GO9,INF740K01GN1,Open Ended Schemes,Debt Scheme - Dynamic Bond,1219.7164,02-Apr-2026
105669,DSP Mutual Fund,DSP Strategic Bond Fund - Regular Plan - Growth,INF740K01GK7,,Open Ended Schemes,Debt Scheme - Dynamic Bond,3305.1498,02-Apr-2026
105670,UTI Mutual Fund,UTI Low Duration Fund - Discontinued Monthly Dividend Option,INF789F01OY9,INF789F01OZ6,Open Ended Schemes,Debt Scheme - Low Duration Fund,1018.2297,02-Apr-2026
105822,LIC Mutual Fund,LIC MF Banking & PSU Fund-Regular Plan-Daily IDCW,INF767K01519,INF767K01527,Open Ended Schemes,Debt Scheme - Banking and PSU Fund,11.4836,02-Apr-2026
105823,LIC Mutual Fund,LIC MF Banking & PSU Fund-Regular Plan-Growth,INF767K01535,,Open Ended Schemes,Debt Scheme - Banking and PSU Fund,35.7925,02-Apr-2026
105856,LIC Mutual Fund,LIC MF Banking & PSU Fund-Regular Plan-Monthly IDCW,INF767K01543,INF767K01550,Open Ended Schemes,Debt Scheme - Banking and PSU Fund,13.3958,02-Apr-2026
105857,LIC Mutual Fund,LIC MF Banking & PSU Fund-Regular Plan-Weekly IDCW,INF767K01568,INF767K01576,Open Ended Schemes,Debt Scheme - Banking and PSU Fund,10.3352,02-Apr-2026
105878,DSP Mutual Fund,DSP Strategic Bond Fund - Regular Plan - IDCW - Weekly,INF740K01GQ4,INF740K01GP6,Open Ended Schemes,Debt Scheme - Dynamic Bond,1017.4477,02-Apr-2026
106157,Aditya Birla Sun Life Mutual Fund,Aditya Birla Sun Life Banking & PSU Debt Fund  - retail - quarterly IDCW,INF209K01LS6,,Open Ended Schemes,Debt Scheme - Banking and PSU Fund,102.0737,02-Apr-2026
106171,Invesco Mutual Fund,Invesco India Corporate Bond Fund - Regular Plan - Monthly IDCW (Payout / Reinvestment),INF205K01RN2,INF205K01RO0,Open Ended Schemes,Debt Scheme - Corporate Bond Fund,1867.7621,02-Apr-2026
106172,Invesco Mutual Fund,Invesco India Corporate Bond Fund - Regular Plan - Quarterly IDCW (Payout / Reinvestment),INF205K01RP7,INF205K01RQ5,Open Ended Schemes,Debt Scheme - Corporate Bond Fund,1142.6985,02-Apr-2026
106177,Invesco Mutual Fund,Invesco India Corporate Bond Fund - Regular Plan - Growth,INF205K01RM4,,Open Ended Schemes,Debt Scheme - Corporate Bond Fund,3258.6722,02-Apr-2026
106179,Invesco Mutual Fund,Invesco India Corporate Bond Fund - Regular Plan - Annual IDCW (Payout / Reinvestment),INF205K01QX3,INF205K01QY1,Open Ended Schemes,Debt Scheme - Corporate Bond Fund,1297.2211,02-Apr-2026
106212,SBI Mutual Fund,SBI LOW DURATION FUND - REGULAR PLAN - GROWTH,INF200K01MO2,,Open Ended Schemes,Debt Scheme - Low Duration Fund,3632.3983,02-Apr-2026
106213,SBI Mutual Fund,SBI Low Duration Fund - Regular Plan - Daily Income Distribution cum Capital Withdrawal Option (IDCW),,INF200K01ML8,Open Ended Schemes,Debt Scheme - Low Duration Fund,1414.8704,02-Apr-2026
106214,SBI Mutual Fund,SBI Low Duration Fund - Regular Plan - Weekly Income Distribution cum Capital Withdrawal Option (IDCW),INF200K01MR5,INF200K01MS3,Open Ended Schemes,Debt Scheme - Low Duration Fund,1414.8573,02-Apr-2026
106215,SBI Mutual Fund,SBI Low Duration Fund - Regular Plan - Fornightly Income Distribution cum Capital Withdrawal Option (IDCW),INF200K01MM6,INF200K01MN4,Open Ended Schemes,Debt Scheme - Low Duration Fund,1439.6345,02-Apr-2026
106216,SBI Mutual Fund,SBI Low Duration Fund - Regular Plan - Monthly Income Distribution cum Capital Withdrawal Option (IDCW),INF200K01MP9,INF200K01MQ7,Open Ended Schemes,Debt Scheme - Low Duration Fund,1593.1210,02-Apr-2026
106217,SBI Mutual Fund,SBI Short Horizon Debt Fund - Ultra Short Term Fund - Institutional Plan - Growth,INF200K01MG8,,Open Ended Schemes,Debt Scheme - Low Duration Fund,3696.4569,02-Apr-2026
106221,SBI Mutual Fund,SBI Short Horizon Debt Fund - Ultra Short Term Fund - Institutional Plan - Daily Income Distribution cum Capital Withdrawal Option (IDCW),,INF200K01MD5,Open Ended Schemes,Debt Scheme - Low Duration Fund,1415.2033,02-Apr-2026
106222,SBI Mutual Fund,SBI Short Horizon Debt Fund - Ultra Short Term Fund- Institutional Plan - Weekly Income Distribution cum Capital Withdrawal Option (IDCW),INF200K01MJ2,INF200K01MK0,Open Ended Schemes,Debt Scheme - Low Duration Fund,1411.6902,02-Apr-2026
106838,HDFC Mutual Fund,HDFC Floating Rate Debt Fund - Daily IDCW Option,,INF179K01699,Open Ended Schemes,Debt Scheme - Floater Fund,10.0613,02-Apr-2026
106839,HDFC Mutual Fund,HDFC Floating Rate Debt Fund - Monthly IDCW Option,INF179K01715,INF179K01723,Open Ended Schemes,Debt Scheme - Floater Fund,10.139,02-Apr-2026
106840,HDFC Mutual Fund,HDFC Floating Rate Debt Fund - Weekly IDCW Option,INF179K01731,INF179KC1IV4,Open Ended Schemes,Debt Scheme - Floater Fund,10.0306,02-Apr-2026
106841,HDFC Mutual Fund,HDFC Floating Rate Debt Fund - Growth Option,INF179K01707,,Open Ended Schemes,Debt Scheme - Floater Fund,52.0689,02-Apr-2026
107471,Invesco Mutual Fund,Invesco India Gilt Fund - Regular Plan - Monthly IDCW (Reinvestment),,INF205K01SS9,Open Ended Schemes,Debt Scheme - Gilt Fund,1551.2539,02-Apr-2026
107472,Invesco Mutual Fund,Invesco India Gilt Fund - Regular Plan - Quarterly IDCW (Payout / Reinvestment),INF205K01ST7,INF205K01SU5,Open Ended Schemes,Debt Scheme - Gilt Fund,1255.6278,02-Apr-2026
107476,Invesco Mutual Fund,Invesco India Gilt Fund - Regular Plan - Annual IDCW (Payout / Reinvestment),INF205K01SJ8,INF205K01SK6,Open Ended Schemes,Debt Scheme - Gilt Fund,1108.8966,02-Apr-2026
107477,Invesco Mutual Fund,Invesco India Gilt Fund - Regular Plan - Growth,INF205K01SR1,,Open Ended Schemes,Debt Scheme - Gilt Fund,2754.0025,02-Apr-2026
107700,Mirae Asset Mutual Fund,Mirae Asset Low Duration Fund - Regular Plan - Daily IDCW,,INF769K01986,Open Ended Schemes,Debt Scheme - Low Duration Fund,1005.1646,02-Apr-2026
107701,Mirae Asset Mutual Fund,Mirae Asset Low Duration Fund - Regular Plan - Weekly IDCW,,INF769K01994,Open Ended Schemes,Debt Scheme - Low Duration Fund,1106.6348,02-Apr-2026
107702,Mirae Asset Mutual Fund,Mirae Asset Low Duration Fund - Regular Plan - Quarterly IDCW,INF769K01978,INF769K01AB8,Open Ended Schemes,Debt Scheme - Low Duration Fund,1008.4436,02-Apr-2026
107704,Mirae Asset Mutual Fund,Mirae Asset Low Duration Fund - Regular Plan - Monthly IDCW,INF769K01960,INF769K01AA0,Open Ended Schemes,Debt Scheme - Low Duration Fund,1088.6052,02-Apr-2026
107705,Mirae Asset Mutual Fund,Mirae Asset Low Duration Fund - Regular Plan - Growth,INF769K01937,,Open Ended Schemes,Debt Scheme - Low Duration Fund,2349.5177,02-Apr-2026
108272,Aditya Birla Sun Life Mutual Fund,Aditya Birla Sun Life Banking & PSU Debt Fund  - REGULAR - IDCW,INF209K01LX6,INF209KA11Z3,Open Ended Schemes,Debt Scheme - Banking and PSU Fund,145.5414,02-Apr-2026
108273,Aditya Birla Sun Life Mutual Fund,Aditya Birla Sun Life Banking & PSU Debt Fund - Regular Plan-Growth,INF209K01LV0,,Open Ended Schemes,Debt Scheme - Banking and PSU Fund,377.0326,02-Apr-2026
108274,Aditya Birla Sun Life Mutual Fund,Aditya Birla Sun Life Banking & PSU Debt Fund  - REGULAR - Quarterly IDCW,INF209K01LN7,,Open Ended Schemes,Debt Scheme - Banking and PSU Fund,100.8952,02-Apr-2026
108511,Kotak Mahindra Mutual Fund,Kotak Dynamic Bond Fund Regular Plan Growth,INF174K01FA2,,Open Ended Schemes,Debt Scheme - Dynamic Bond,37.9052,02-Apr-2026
108557,Bandhan Mutual Fund,Bandhan Gilt Fund - Regular Plan - Quarterly IDCW,INF194K01EH8,INF194K01EG0,Open Ended Schemes,Debt Scheme - Gilt Fund,11.6105,02-Apr-2026
108558,Bandhan Mutual Fund,Bandhan Gilt Fund - Regular - Plan B - Half Yearly IDCW,INF194K01EB1,INF194K01EA3,Open Ended Schemes,Debt Scheme - Gilt Fund,11.0227,02-Apr-2026
108559,Bandhan Mutual Fund,Bandhan Gilt Fund - Regular Plan - Annual IDCW,INF194K01EE5,INF194K01ED7,Open Ended Schemes,Debt Scheme - Gilt Fund,10.9130,02-Apr-2026
108561,Bandhan Mutual Fund,BANDHAN Dynamic Bond Fund - Regular Plan B - Quarterly IDCW,INF194K01QI0,INF194K01QH2,Open Ended Schemes,Debt Scheme - Dynamic Bond,11.3470,02-Apr-2026
108632,Bandhan Mutual Fund,BANDHAN Low Duration Fund - Regular Plan - Growth,INF194K01FU8,,Open Ended Schemes,Debt Scheme - Low Duration Fund,40.1617,02-Apr-2026
108633,Bandhan Mutual Fund,BANDHAN Low Duration Fund - Regular Plan - Daily IDCW,INF194K01FW4,INF194K01FV6,Open Ended Schemes,Debt Scheme - Low Duration Fund,10.1006,02-Apr-2026
108634,Bandhan Mutual Fund,BANDHAN Low Duration Fund - Regular Plan - Weekly IDCW,INF194K01GC4,INF194K01GB6,Open Ended Schemes,Debt Scheme - Low Duration Fund,10.1166,02-Apr-2026
108635,Bandhan Mutual Fund,BANDHAN Low Duration Fund - Regular Plan - Monthly IDCW,INF194K01FZ7,INF194K01FY0,Open Ended Schemes,Debt Scheme - Low Duration Fund,10.1181,02-Apr-2026
108644,Bandhan Mutual Fund,Bandhan Gilt Fund with 10 year constant duration Fund - Regular Plan - Monthly IDCW,INF194K01FC6,INF194K01FB8,Open Ended Schemes,Debt Scheme - Gilt Fund with 10 year constant duration,10.1372,02-Apr-2026
108646,Bandhan Mutual Fund,Bandhan Gilt Fund with 10 year constant duration Fund - Regular Plan - Quarterly IDCW,INF194K01FF9,INF194K01FE2,Open Ended Schemes,Debt Scheme - Gilt Fund with 10 year constant duration,11.2138,02-Apr-2026
108650,Bandhan Mutual Fund,BANDHAN Money Market Fund - Regular Plan - Daily IDCW,INF194K01LL5,INF194K01LK7,Open Ended Schemes,Debt Scheme - Money Market Fund,10.0994,02-Apr-2026
108675,Bandhan Mutual Fund,BANDHAN Dynamic Bond Fund - Regular Plan B - Annual IDCW,INF194K01QL4,INF194K01QK6,Open Ended Schemes,Debt Scheme - Dynamic Bond,11.0080,02-Apr-2026
108690,Bandhan Mutual Fund,BANDHAN LIQUID Fund - Regular Plan - Growth,INF194K01VX9,,Open Ended Schemes,Debt Scheme - Liquid Fund,3297.2900,03-Apr-2026
108691,Bandhan Mutual Fund,BANDHAN LIQUID Fund - Regular Plan - Weekly IDCW,INF194K01WI8,INF194K01WH0,Open Ended Schemes,Debt Scheme - Liquid Fund,1001.5415,03-Apr-2026
108692,Bandhan Mutual Fund,BANDHAN LIQUID Fund - Regular Plan - Daily IDCW,INF194K01VZ4,INF194K01VY7,Open Ended Schemes,Debt Scheme - Liquid Fund,1001.5824,03-Apr-2026
108693,Bandhan Mutual Fund,BANDHAN LIQUID Fund - Regular Plan - Monthly IDCW,INF194K01WF4,INF194K01WE7,Open Ended Schemes,Debt Scheme - Liquid Fund,1004.3126,03-Apr-2026
108694,Bandhan Mutual Fund,BANDHAN LIQUID FUND - Inst Plan B - Periodic Div,INF194K01VP5,INF194K01VO8,Open Ended Schemes,Debt Scheme - Liquid Fund,0,02-Oct-2008
108701,Bandhan Mutual Fund,Bandhan Money Market Fund - Regular Plan - Weekly IDCW,INF194K01LR2,INF194K01LQ4,Open Ended Schemes,Debt Scheme - Money Market Fund,10.1360,02-Apr-2026
108713,Bandhan Mutual Fund,Bandhan Short Duration Fund - Regular Plan - Fortnightly IDCW,INF194K01HK5,INF194K01HJ7,Open Ended Schemes,Debt Scheme - Short Duration Fund,10.3919,02-Apr-2026
108714,Bandhan Mutual Fund,Bandhan Short Duration Fund - Plan C  - Fortnightly Dividend,INF194K01HV2,INF194K01HU4,Open Ended Schemes,Debt Scheme - Short Duration Fund,11.21885202,17-Feb-2017
108715,Bandhan Mutual Fund,Bandhan Short Duration Fund - Plan D- Fortnightly Dividend,INF194K01IC0,INF194K01IB2,Open Ended Schemes,Debt Scheme - Short Duration Fund,12.03375677,17-Feb-2017
108716,Bandhan Mutual Fund,Bandhan Short Duration Fund - Plan B - Fortnightly Dividend,INF194K01HR0,INF194K01HQ2,Open Ended Schemes,Debt Scheme - Short Duration Fund,14.25207048,17-Feb-2017
108717,Bandhan Mutual Fund,Bandhan Short Duration Fund - Plan C  - Growth,INF194K01HT6,,Open Ended Schemes,Debt Scheme - Short Duration Fund,18.70210837,17-Feb-2017
108718,Bandhan Mutual Fund,Bandhan Short Duration Fund - Plan C  - Monthly Dividend,INF194K01HY6,INF194K01HX8,Open Ended Schemes,Debt Scheme - Short Duration Fund,14.74155325,17-Feb-2017
108719,Bandhan Mutual Fund,Bandhan Short Duration Fund - Plan D - Growth,INF194K01IA4,,Open Ended Schemes,Debt Scheme - Short Duration Fund,22.16392015,17-Feb-2017
108720,Bandhan Mutual Fund,Bandhan Short Duration Fund - Plan D - Monthly Dividend,INF194K01IF3,INF194K01IE6,Open Ended Schemes,Debt Scheme - Short Duration Fund,17.71169997,17-Feb-2017
108727,Bandhan Mutual Fund,Bandhan Medium Duration Fund - Regular Plan - Monthly IDCW,INF194K01KC6,INF194K01KB8,Open Ended Schemes,Debt Scheme - Medium Duration Fund,10.1730,02-Apr-2026
108728,Bandhan Mutual Fund,Bandhan Medium Duration Fund - Regular Plan - Growth,INF194K01JU0,,Open Ended Schemes,Debt Scheme - Medium Duration Fund,46.7245,02-Apr-2026
108729,Bandhan Mutual Fund,Bandhan Medium Duration Fund - Regular Plan - Fortnightly IDCW,INF194K01KI3,INF194K01KH5,Open Ended Schemes,Debt Scheme - Medium Duration Fund,10.2060,02-Apr-2026
108730,Bandhan Mutual Fund,Bandhan Medium Duration Fund - Regular Plan - Bi-Monthly IDCW,INF194K01KF9,INF194K01KE2,Open Ended Schemes,Debt Scheme - Medium Duration Fund,10.2019,02-Apr-2026
108731,Bandhan Mutual Fund,Bandhan Medium Duration Fund - Regular Plan - Daily IDCW,INF194K01JW6,INF194K01JV8,Open Ended Schemes,Debt Scheme - Medium Duration Fund,10.2280,02-Apr-2026
108753,Bandhan Mutual Fund,Bandhan Gilt Fund with 10 year constant duration Fund - Regular Plan - Growth,INF194K01FA0,,Open Ended Schemes,Debt Scheme - Gilt Fund with 10 year constant duration,45.9834,02-Apr-2026
108756,Bandhan Mutual Fund,BANDHAN Money Market Fund - Regular Plan - Growth,INF194K01LJ9,,Open Ended Schemes,Debt Scheme - Money Market Fund,42.1583,02-Apr-2026
108757,Bandhan Mutual Fund,BANDHAN Money Market Fund - Regular Plan - Monthly IDCW,INF194K01LO9,INF194K01LN1,Open Ended Schemes,Debt Scheme - Money Market Fund,10.2757,02-Apr-2026
108763,Bandhan Mutual Fund,Bandhan Medium to Long Duration Fund - Regular Plan - Half-yearly IDCW,INF194K01IQ0,INF194K01IP2,Open Ended Schemes,Debt Scheme - Medium to Long Duration Fund,11.7037,02-Apr-2026
108764,Bandhan Mutual Fund,Bandhan Medium to Long Duration Fund - Regular Plan - Quarterly IDCW,INF194K01IT4,INF194K01IS6,Open Ended Schemes,Debt Scheme - Medium to Long Duration Fund,11.9470,02-Apr-2026
108765,Bandhan Mutual Fund,Bandhan Medium to Long Duration Fund - Regular Plan - Growth,INF194K01IL1,,Open Ended Schemes,Debt Scheme - Medium to Long Duration Fund,65.1338,02-Apr-2026
108766,Bandhan Mutual Fund,Bandhan Medium to Long Duration Fund - Regular Plan - Annual IDCW,INF194K01IN7,INF194K01IM9,Open Ended Schemes,Debt Scheme - Medium to Long Duration Fund,11.4664,02-Apr-2026
108767,Bandhan Mutual Fund,Bandhan Short Duration Fund - Regular Plan - Monthly IDCW,INF194K01HH1,INF194K01HG3,Open Ended Schemes,Debt Scheme - Medium to Long Duration Fund,10.3379,02-Apr-2026
108768,Bandhan Mutual Fund,Bandhan Short Duration Fund - Regular Plan - Growth,INF194K01HF5,,Open Ended Schemes,Debt Scheme - Medium to Long Duration Fund,59.0330,02-Apr-2026
109254,Bank of India Mutual Fund,BANK OF INDIA Liquid Fund- Regular Plan- Growth,INF761K01306,,Open Ended Schemes,Debt Scheme - Liquid Fund,3147.5060,05-Apr-2026
109255,Bank of India Mutual Fund,BANK OF INDIA Liquid Fund- Regular Plan- Weekly IDCW,,INF761K01CP1,Open Ended Schemes,Debt Scheme - Liquid Fund,1007.1231,05-Apr-2026
109349,Canara Robeco Mutual Fund,CANARA ROBECO LIQUID FUND - REGULAR PLAN - DAILY IDCW (Reinvestment),,INF760K01CU3,Open Ended Schemes,Debt Scheme - Liquid Fund,1005.5000,05-Apr-2026
109350,Canara Robeco Mutual Fund,CANARA ROBECO LIQUID FUND - REGULAR PLAN - WEEKLY IDCW (Payout/Reinvestment),INF760K01BZ4,INF760K01CZ2,Open Ended Schemes,Debt Scheme - Liquid Fund,1001.9017,05-Apr-2026
109351,Canara Robeco Mutual Fund,CANARA ROBECO LIQUID FUND - REGULAR PLAN - MONTHLY IDCW (Payout/Reinvestment),INF760K01CX7,INF760K01CY5,Open Ended Schemes,Debt Scheme - Liquid Fund,1003.5761,05-Apr-2026
109353,Canara Robeco Mutual Fund,CANARA ROBECO LIQUID FUND - REGULAR PLAN - GROWTH OPTION,INF760K01CW9,,Open Ended Schemes,Debt Scheme - Liquid Fund,3288.3395,05-Apr-2026
109472,Nippon India Mutual Fund,NIPPON INDIA CORPORATE BOND FUND - DAILY IDCW Option,,INF204K01EG7,Open Ended Schemes,Debt Scheme - Corporate Bond Fund,16.9855,02-Apr-2026
109473,Nippon India Mutual Fund,NIPPON INDIA CORPORATE BOND FUND - WEEKLY IDCW Option,INF204K01EH5,INF204K01EI3,Open Ended Schemes,Debt Scheme - Corporate Bond Fund,17.0047,02-Apr-2026
109716,Nippon India Mutual Fund,Nippon India Gilt  Fund -P F Option-Automatic Annual Reinvest Option,INF204K01CA4,,Open Ended Schemes,Debt Scheme - Gilt Fund,31.2525,02-Apr-2026
109717,Nippon India Mutual Fund,Nippon India Gilt  Fund - Institutional Plan-Growth Plan -Growth Option,INF204K01BX8,,Open Ended Schemes,Debt Scheme - Gilt Fund,37.9638,02-Apr-2026
109718,Nippon India Mutual Fund,Nippon India Gilt  Fund-Institutional Plan-P F Option-Automatic Capital Appreciation Payout Option,INF204K01CD8,,Open Ended Schemes,Debt Scheme - Gilt Fund,23.0785,31-Jul-2017
109720,Nippon India Mutual Fund,Nippon India Gilt  Fund -Growth Plan - Growth Option,INF204K01BU4,,Open Ended Schemes,Debt Scheme - Gilt Fund,37.2693,02-Apr-2026
109721,Nippon India Mutual Fund,Nippon India Gilt  Fund -P F Option-Defined Maturity Date Option,INF204K01CB2,,Open Ended Schemes,Debt Scheme - Gilt Fund,37.2693,02-Apr-2026
109723,Nippon India Mutual Fund,NIPPON INDIA GILT  FUND - MONTHLY IDCW Option,INF204K01BV2,INF204K01BW0,Open Ended Schemes,Debt Scheme - Gilt Fund,10.3362,02-Apr-2026
109724,Nippon India Mutual Fund,Nippon India Gilt  Fund-P F Option-Automatic Capital Appreciation Payout Option,INF204K01CC0,,Open Ended Schemes,Debt Scheme - Gilt Fund,37.2693,02-Apr-2026
109740,ICICI Prudential Mutual Fund,ICICI Prudential Bond Fund - Growth,INF109K01BO8,,Open Ended Schemes,Debt Scheme - Medium to Long Duration Fund,40.5902,02-Apr-2026
109741,ICICI Prudential Mutual Fund,ICICI Prudential Bond Fund - IDCW Monthly,INF109K01EU9,INF109K01BP5,Open Ended Schemes,Debt Scheme - Medium to Long Duration Fund,11.1174,02-Apr-2026
109742,ICICI Prudential Mutual Fund,ICICI Prudential Bond Fund- Institutional Growth,INF109K01BQ3,,Open Ended Schemes,Debt Scheme - Medium to Long Duration Fund,25.0654,24-Apr-2020
109743,ICICI Prudential Mutual Fund,ICICI Prudential Bond Fund - IDCW Quarterly,INF109K01EV7,INF109K01BS9,Open Ended Schemes,Debt Scheme - Medium to Long Duration Fund,11.1792,02-Apr-2026
109744,ICICI Prudential Mutual Fund,ICICI Prudential Bond Fund- Institutional Monthly Dividend,INF109K01ES3,INF109K01BR1,Open Ended Schemes,Debt Scheme - Medium to Long Duration Fund,10.6444,24-Apr-2020
109745,ICICI Prudential Mutual Fund,ICICI Prudential Bond Fund- Institutional Quarterly Dividend,INF109K01ET1,INF109K01BT7,Open Ended Schemes,Debt Scheme - Medium to Long Duration Fund,11.4294,24-Apr-2020
110282,Aditya Birla Sun Life Mutual Fund,Aditya Birla Sun Life Banking & PSU Debt Fund  - REGULAR - MONTHLY IDCW,INF209K01LU2,,Open Ended Schemes,Debt Scheme - Banking and PSU Fund,111.2367,02-Apr-2026
110490,Aditya Birla Sun Life Mutual Fund,Aditya Birla Sun Life Banking & PSU Debt Fund  - retail - monthly IDCW,INF209K01LR8,,Open Ended Schemes,Debt Scheme - Banking and PSU Fund,112.6946,02-Apr-2026
111343,Bandhan Mutual Fund,Bandhan Gilt Fund with 10 year constant duration Fund - Regular Plan - Weekly IDCW,INF194K01FI3,INF194K01FH5,Open Ended Schemes,Debt Scheme - Gilt Fund with 10 year constant duration,10.0255,02-Apr-2026
111521,Aditya Birla Sun Life Mutual Fund,Aditya Birla Sun Life Dynamic Bond Fund -REGULAR - MONTHLY IDCW,INF209K01801,INF209K01DG8,Open Ended Schemes,Debt Scheme - Dynamic Bond,10.4923,02-Apr-2026
111523,Bandhan Mutual Fund,BANDHAN Dynamic Bond Fund - Regular Plan B - IDCW,INF194K01QO8,INF194K01QN0,Open Ended Schemes,Debt Scheme - Dynamic Bond,13.0105,02-Apr-2026
111524,Bandhan Mutual Fund,BANDHAN Dynamic Bond Fund - Regular Plan B - Growth,INF194K01QG4,,Open Ended Schemes,Debt Scheme - Dynamic Bond,34.0267,02-Apr-2026
111525,Bandhan Mutual Fund,Bandhan Gilt Fund - Regular Plan - Growth,INF194K01DZ2,,Open Ended Schemes,Debt Scheme - Gilt Fund,35.3655,02-Apr-2026
111527,Bandhan Mutual Fund,Bandhan Gilt Fund - Regular Plan - IDCW,INF194K01EK2,INF194K01EJ4,Open Ended Schemes,Debt Scheme - Gilt Fund,13.3276,02-Apr-2026
111543,ICICI Prudential Mutual Fund,ICICI Prudential Floating Interest Fund Plan B - Weekly Dividend Option,INF109K01EL8,INF109K01985,Open Ended Schemes,Debt Scheme - Floater Fund,101.1822,24-Apr-2020
111544,ICICI Prudential Mutual Fund,ICICI Prudential Floating Interest Fund Plan A - Weekly Dividend Option,INF109K01EK0,INF109K01944,Open Ended Schemes,Debt Scheme - Floater Fund,101.1821,24-Apr-2020
111545,ICICI Prudential Mutual Fund,ICICI Prudential Floating Interest Fund - Weekly IDCW,INF109K01EN4,INF109K01AY9,Open Ended Schemes,Debt Scheme - Floater Fund,102.1875,02-Apr-2026
111546,ICICI Prudential Mutual Fund,ICICI Prudential Savings Fund Plan C - Weekly Dividend Option,INF109K01EM6,INF109K01AC5,Open Ended Schemes,Debt Scheme - Floater Fund,101.3043,15-Feb-2017
111585,Bank of India Mutual Fund,BANK OF INDIA Short Term Income Fund-Regular Plan- Growth,INF761K01579,,Open Ended Schemes,Debt Scheme - Short Duration Fund,27.5296,02-Apr-2026
111589,Bank of India Mutual Fund,BANK OF INDIA Short Term Income Fund-Regular Plan- Monthly IDCW,INF761K01595,INF761K01587,Open Ended Schemes,Debt Scheme - Short Duration Fund,14.1269,02-Apr-2026
111590,Bank of India Mutual Fund,BANK OF INDIA Short Term Income Fund-Regular Plan- Quarterly IDCW,INF761K01611,INF761K01603,Open Ended Schemes,Debt Scheme - Short Duration Fund,13.9214,02-Apr-2026
111644,Mirae Asset Mutual Fund,Mirae Asset Liquid Fund - Regular Plan - Weekly IDCW,INF769K01PC4,INF769K01812,Open Ended Schemes,Debt Scheme - Liquid Fund,1152.5501,02-Apr-2026
111645,Mirae Asset Mutual Fund,Mirae Asset Liquid Fund - Regular Plan - Monthly IDCW,INF769K01838,INF769K01820,Open Ended Schemes,Debt Scheme - Liquid Fund,1155.9936,02-Apr-2026
111646,Mirae Asset Mutual Fund,Mirae Asset Liquid Fund - Regular Plan - Growth,INF769K01788,,Open Ended Schemes,Debt Scheme - Liquid Fund,2862.5412,02-Apr-2026
111647,Mirae Asset Mutual Fund,Mirae Asset Liquid Fund - Regular - Daily IDCW,,INF769K01804,Open Ended Schemes,Debt Scheme - Liquid Fund,1066.4347,02-Apr-2026
111675,LIC Mutual Fund,LIC MF Low Duration Fund-Regular Plan-Weekly IDCW,INF767K01AP2,INF767K01AQ0,Open Ended Schemes,Debt Scheme - Low Duration Fund,14.098,02-Apr-2026
111676,LIC Mutual Fund,LIC MF Low Duration Fund-Regular Plan-Daily IDCW,INF767K01AK3,INF767K01AL1,Open Ended Schemes,Debt Scheme - Low Duration Fund,10.852,02-Apr-2026
111704,Baroda BNP Paribas Mutual Fund,Baroda BNP Paribas LIQUID FUND - Regular Plan - GROWTH OPTION,INF955L01484,,Open Ended Schemes,Debt Scheme - Liquid Fund,3139.7092,05-Apr-2026
111705,Baroda BNP Paribas Mutual Fund,Baroda BNP Paribas LIQUID FUND - Regular Plan - WEEKLY IDCW OPTION,INF251K01SK0,INF955L01500,Open Ended Schemes,Debt Scheme - Liquid Fund,1001.3785,05-Apr-2026
111707,Baroda BNP Paribas Mutual Fund,Baroda BNP Paribas LIQUID FUND - Regular Plan - DAILY IDCW OPTION,INF955L01468,INF955L01476,Open Ended Schemes,Debt Scheme - Liquid Fund,1001.1996,05-Apr-2026
111712,Bank of India Mutual Fund,BANK OF INDIA Conservative Hybrid Fund-Regular Plan-Growth,INF761K01462,,Open Ended Schemes,Debt Scheme - Medium to Long Duration Fund,34.1336,02-Apr-2026
111713,Bank of India Mutual Fund,BANK OF INDIA Conservative Hybrid Fund-Regular Plan-Quarterly IDCW,INF761K01504,INF761K01496,Open Ended Schemes,Debt Scheme - Medium to Long Duration Fund,18.2142,02-Apr-2026
111714,Bank of India Mutual Fund,BANK OF INDIA Conservative Hybrid Fund-Regular Plan-Annual IDCW,INF761K01454,INF761K01447,Open Ended Schemes,Debt Scheme - Medium to Long Duration Fund,16.5698,02-Apr-2026
111715,Bank of India Mutual Fund,BANK OF INDIA Conservative Hybrid Fund-ECO Plan-Growth,INF761K01397,,Open Ended Schemes,Debt Scheme - Medium to Long Duration Fund,35.4142,02-Apr-2026
111716,Bank of India Mutual Fund,BANK OF INDIA Conservative Hybrid Fund-Regular Plan-Monthly IDCW,INF761K01488,INF761K01470,Open Ended Schemes,Debt Scheme - Medium to Long Duration Fund,17.5734,02-Apr-2026
111717,Bank of India Mutual Fund,BANK OF INDIA Conservative Hybrid Fund-ECO Plan-Monthly IDCW,INF761K01413,INF761K01405,Open Ended Schemes,Debt Scheme - Medium to Long Duration Fund,26.8246,02-Apr-2026
111718,Bank of India Mutual Fund,BANK OF INDIA Conservative Hybrid  Fund-ECO Plan-Quarterly IDCW,INF761K01439,INF761K01421,Open Ended Schemes,Debt Scheme - Medium to Long Duration Fund,10.3674,01-Jan-2021
111743,Nippon India Mutual Fund,Nippon India Low Duration Fund - Retail Plan - Growth Plan -Bonus Option,INF204K01EO1,,Open Ended Schemes,Debt Scheme - Low Duration Fund,2765.3673,02-Apr-2026
111744,Nippon India Mutual Fund,NIPPON INDIA LOW DURATION FUND - RETAIL Plan - DAILY IDCW Option,,INF204K01EP8,Open Ended Schemes,Debt Scheme - Low Duration Fund,1012.1988,02-Apr-2026
111745,Nippon India Mutual Fund,NIPPON INDIA LOW DURATION FUND - RETAIL Plan - WEEKLY IDCW Option,INF204K01OP7,INF204K01EQ6,Open Ended Schemes,Debt Scheme - Low Duration Fund,1012.2451,02-Apr-2026
111746,Nippon India Mutual Fund,Nippon India Low Duration Fund -Growth Plan -Bonus Option,INF204K01EW4,,Open Ended Schemes,Debt Scheme - Low Duration Fund,2264.2200,02-Apr-2026
111747,Nippon India Mutual Fund,NIPPON INDIA LOW DURATION FUND - DAILY IDCW Option,,INF204K01EX2,Open Ended Schemes,Debt Scheme - Low Duration Fund,1012.1998,02-Apr-2026
111748,Nippon India Mutual Fund,Nippon India Low Duration Fund - Retail Plan - Growth Plan - Growth Option,INF204K01EN3,,Open Ended Schemes,Debt Scheme - Low Duration Fund,3711.9074,02-Apr-2026
111749,Nippon India Mutual Fund,NIPPON INDIA LOW DURATION FUND - MONTHLY IDCW Option,INF204K01EZ7,INF204K01FA7,Open Ended Schemes,Debt Scheme - Low Duration Fund,1031.6378,02-Apr-2026
111750,Nippon India Mutual Fund,NIPPON INDIA LOW DURATION FUND - QUARTERLY IDCW Option,INF204K01FB5,INF204K01FC3,Open Ended Schemes,Debt Scheme - Low Duration Fund,1017.6632,02-Apr-2026
111751,Nippon India Mutual Fund,NIPPON INDIA LOW DURATION FUND - RETAIL Plan - MONTHLY IDCW Option,INF204K01ER4,INF204K01ES2,Open Ended Schemes,Debt Scheme - Low Duration Fund,1036.8792,02-Apr-2026
111752,Nippon India Mutual Fund,NIPPON INDIA LOW DURATION FUND - RETAIL Plan - QUARTERLY IDCW Option,INF204K01ET0,INF204K01EU8,Open Ended Schemes,Debt Scheme - Low Duration Fund,1021.1353,02-Apr-2026
111753,Nippon India Mutual Fund,Nippon India Low Duration Fund- Growth Plan - Growth Option,INF204K01EV6,,Open Ended Schemes,Debt Scheme - Low Duration Fund,3899.6991,02-Apr-2026
111754,Nippon India Mutual Fund,NIPPON INDIA LOW DURATION FUND - WEEKLY IDCW Option,INF204K01OO0,INF204K01EY0,Open Ended Schemes,Debt Scheme - Low Duration Fund,1012.0645,02-Apr-2026
111777,Aditya Birla Sun Life Mutual Fund,Aditya Birla Sun Life Income Fund (Discipline Advantage Plan),INF209K01LD8,,Open Ended Schemes,Debt Scheme - Medium to Long Duration Fund,30.0154,20-Sep-2024
111786,DSP Mutual Fund,DSP Strategic Bond Fund - Regular Plan - IDCW - Daily,,INF740KA1PA5,Open Ended Schemes,Debt Scheme - Dynamic Bond,1029.3795,02-Apr-2026
111793,ICICI Prudential Mutual Fund,ICICI Prudential Savings Fund Retail Weekly Dividend,INF109K01EJ2,INF109K01BY7,Open Ended Schemes,Debt Scheme - Low Duration Fund,100.956,24-Apr-2020
111794,ICICI Prudential Mutual Fund,ICICI Prudential Savings Fund Retail Growth,INF109K01BX9,,Open Ended Schemes,Debt Scheme - Low Duration Fund,220.0081,24-Apr-2020
111795,ICICI Prudential Mutual Fund,ICICI Prudential Savings Fund Retail Daily Dividend,INF109K01EI4,INF109K01BW1,Open Ended Schemes,Debt Scheme - Low Duration Fund,100.1193,24-Apr-2020
111803,Aditya Birla Sun Life Mutual Fund,Aditya Birla Sun Life Medium Term Plan - Growth - Regular Plan,INF209K01603,,Open Ended Schemes,Debt Scheme - Medium Duration Fund,42.1603,02-Apr-2026
111804,Aditya Birla Sun Life Mutual Fund,Aditya Birla Sun Life Medium Term Plan - Institutional - Growth Plan,INF209K01660,,Open Ended Schemes,Debt Scheme - Medium Duration Fund,22.1442,04-Apr-2019
111809,Aditya Birla Sun Life Mutual Fund,Aditya Birla Sun Life Medium Term Plan - REGULAR - Quarterly IDCW,INF209K01637,INF209KB1OJ2,Open Ended Schemes,Debt Scheme - Medium Duration Fund,13.401,02-Apr-2026
111811,Aditya Birla Sun Life Mutual Fund,Aditya Birla Sun Life Medium Term Plan - REGULAR - HALFYEARLY IDCW,INF209K01595,INF209K01CZ0,Open Ended Schemes,Debt Scheme - Medium Duration Fund,13.6126,02-Apr-2026
111812,Aditya Birla Sun Life Mutual Fund,Aditya Birla Sun Life Medium Term Plan - Regular - IDCW,INF209K01611,INF209K01DA1,Open Ended Schemes,Debt Scheme - Medium Duration Fund,16.0061,02-Apr-2026
111848,Aditya Birla Sun Life Mutual Fund,Aditya Birla Sun Life Dynamic Bond Fund-Discipline Advantage Plan-Growth,INF209K01JW2,,Open Ended Schemes,Debt Scheme - Dynamic Bond,32.6727,02-Apr-2026
111962,Canara Robeco Mutual Fund,CANARA ROBECO DYNAMIC BOND FUND - REGULAR PLAN - GROWTH OPTION,INF760K01449,,Open Ended Schemes,Debt Scheme - Dynamic Bond,28.9717,02-Apr-2026
111963,Canara Robeco Mutual Fund,CANARA ROBECO DYNAMIC BOND FUND - REGULAR PLAN - IDCW (Payout/Reinvestment),INF760K01423,INF760K01431,Open Ended Schemes,Debt Scheme - Dynamic Bond,13.2588,02-Apr-2026
111971,Bank of India Mutual Fund,BANK OF INDIA Liquid Fund- Regular Plan- Daily IDCW,,INF761K01CO4,Open Ended Schemes,Debt Scheme - Liquid Fund,1005.0000,05-Apr-2026
111972,ICICI Prudential Mutual Fund,ICICI Prudential Corporate Bond Fund Retail Growth,INF109K01CE7,,Open Ended Schemes,Debt Scheme - Corporate Bond Fund,22.7853,24-Apr-2020
111976,ICICI Prudential Mutual Fund,ICICI Prudential Corporate Bond Fund Retail Daily Dividend,INF109K01CF4,,Open Ended Schemes,Debt Scheme - Corporate Bond Fund,10.0275,24-Apr-2020
111977,ICICI Prudential Mutual Fund,ICICI Prudential Corporate Bond Fund Retail Weekly Dividend,INF109K01SE3,INF109K01CG2,Open Ended Schemes,Debt Scheme - Corporate Bond Fund,10.2202,24-Apr-2020
111978,ICICI Prudential Mutual Fund,ICICI Prudential Corporate Bond Fund Retail Fort Nightly Dividend,INF109K01SF0,INF109K01CH0,Open Ended Schemes,Debt Scheme - Corporate Bond Fund,10.3041,24-Apr-2020
111979,ICICI Prudential Mutual Fund,ICICI Prudential Corporate Bond Fund Retail Monthly Dividend,INF109K01QM0,INF109K01CI8,Open Ended Schemes,Debt Scheme - Corporate Bond Fund,10.3008,24-Apr-2020
111980,ICICI Prudential Mutual Fund,ICICI Prudential Corporate Bond Fund Retail Quarterly Dividend,INF109K01FQ4,INF109K01CJ6,Open Ended Schemes,Debt Scheme - Corporate Bond Fund,10.9335,24-Apr-2020
111982,ICICI Prudential Mutual Fund,ICICI Prudential Corporate Bond Fund - Premium Daily Dividend,INF109K01CL2,,Open Ended Schemes,Debt Scheme - Corporate Bond Fund,10.0277,24-Apr-2020
111985,ICICI Prudential Mutual Fund,ICICI Prudential Corporate Bond Fund - Premium Monthly Dividend,INF109K01CO6,,Open Ended Schemes,Debt Scheme - Corporate Bond Fund,10.0770,04-Aug-2015
111987,ICICI Prudential Mutual Fund,ICICI Prudential Corporate Bond Fund - Growth,INF109K01CQ1,,Open Ended Schemes,Debt Scheme - Corporate Bond Fund,30.8889,02-Apr-2026
111988,ICICI Prudential Mutual Fund,ICICI Prudential Corporate Bond Fund - Daily IDCW,INF109K01CR9,,Open Ended Schemes,Debt Scheme - Corporate Bond Fund,10.1065,16-Sep-2022
111989,ICICI Prudential Mutual Fund,ICICI Prudential Corporate Bond Fund - Weekly IDCW,INF109K01SL8,INF109K01SM6,Open Ended Schemes,Debt Scheme - Corporate Bond Fund,10.3040,16-Sep-2022
111990,ICICI Prudential Mutual Fund,ICICI Prudential Corporate Bond Fund - Fortnightly IDCW,INF109K01SJ2,INF109K01CS7,Open Ended Schemes,Debt Scheme - Corporate Bond Fund,10.2243,16-Sep-2022
111991,ICICI Prudential Mutual Fund,ICICI Prudential Corporate Bond Fund - Monthly IDCW,INF109K01SK0,INF109K01CT5,Open Ended Schemes,Debt Scheme - Corporate Bond Fund,10.3223,02-Apr-2026
111992,ICICI Prudential Mutual Fund,ICICI Prudential Corporate Bond Fund -Quarterly IDCW,INF109K01SN4,INF109K01SO2,Open Ended Schemes,Debt Scheme - Corporate Bond Fund,11.0783,02-Apr-2026
112014,Aditya Birla Sun Life Mutual Fund,Aditya Birla Sun Life Liquid Fund- Discipline Advantage Plan,INF209K01KZ3,,Open Ended Schemes,Debt Scheme - Liquid Fund,298.3925,02-Apr-2026
112076,UTI Mutual Fund,UTI Money Market Fund - Regular Plan - Daily IDCW (Reinvestment),,INF789F01PW0,Open Ended Schemes,Debt Scheme - Money Market Fund,1071.8462,02-Apr-2026
112077,UTI Mutual Fund,UTI MMF - Regular Plan - Growth Option,INF789F01PX8,,Open Ended Schemes,Debt Scheme - Money Market Fund,3226.8118,02-Apr-2026
112094,ICICI Prudential Mutual Fund,ICICI Prudential All Seasons Bond Fund - Premium Growth Option,INF109K01GM1,,Open Ended Schemes,Debt Scheme - Dynamic Bond,25.7538,24-Apr-2020
112096,ICICI Prudential Mutual Fund,ICICI Prudential All Seasons Bond Fund - Growth,INF109K01GN9,,Open Ended Schemes,Debt Scheme - Dynamic Bond,37.6177,02-Apr-2026
112097,ICICI Prudential Mutual Fund,ICICI Prudential All Seasons Bond Fund - IDCW,INF109K01GK5,INF109K01GL3,Open Ended Schemes,Debt Scheme - Dynamic Bond,23.3927,02-Apr-2026
112119,ICICI Prudential Mutual Fund,ICICI Prudential Liquid Fund-Annual IDCW,INF109K01VD9,INF109K01VC1,Open Ended Schemes,Debt Scheme - Liquid Fund,103.8506,16-Sep-2022
112120,Invesco Mutual Fund,Invesco India Money Market Fund - Regular - Growth,INF205K01SG4,,Open Ended Schemes,Debt Scheme - Money Market Fund,2795.8213,02-Apr-2026
112122,Invesco Mutual Fund,Invesco India Money Market Fund - Regular - Monthly IDCW (Payout / Reinvestment),INF205K01SH2,INF205K01SI0,Open Ended Schemes,Debt Scheme - Money Market Fund,1484.9412,02-Apr-2026
112123,Invesco Mutual Fund,Invesco India Money Market Fund - Growth,INF205K01SD1,,Open Ended Schemes,Debt Scheme - Money Market Fund,3180.9406,02-Apr-2026
112125,Invesco Mutual Fund,Invesco India Money Market Fund - Monthly IDCW (Payout / Reinvestment),INF205K01SE9,INF205K01SF6,Open Ended Schemes,Debt Scheme - Money Market Fund,1019.2158,02-Apr-2026
112210,Axis Mutual Fund,Axis Liquid Fund - Regular Plan - Growth Option,INF846K01412,,Open Ended Schemes,Debt Scheme - Liquid Fund,3042.0344,03-Apr-2026
112211,Axis Mutual Fund,Axis Liquid Fund - Regular Plan - Daily IDCW,,INF846K01420,Open Ended Schemes,Debt Scheme - Liquid Fund,1001.3998,03-Apr-2026
112212,Axis Mutual Fund,Axis Liquid Fund - Regular Plan - Weekly IDCW,INF846K01438,INF846K01446,Open Ended Schemes,Debt Scheme - Liquid Fund,1004.1492,03-Apr-2026
112213,Axis Mutual Fund,Axis Liquid Fund - Regular Plan - Monthly IDCW,INF846K01453,INF846K01461,Open Ended Schemes,Debt Scheme - Liquid Fund,1004.6822,03-Apr-2026
112214,Axis Mutual Fund,Axis Treasury Advantage Fund - Regular Plan - Growth Option,INF846K01537,,Open Ended Schemes,Debt Scheme - Low Duration Fund,3229.7250,02-Apr-2026
112215,Axis Mutual Fund,Axis Treasury Advantage Fund - Regular Plan - Daily IDCW,,INF846K01545,Open Ended Schemes,Debt Scheme - Low Duration Fund,1013.2484,02-Apr-2026
112216,Axis Mutual Fund,Axis Treasury Advantage Fund - Regular Plan - Weekly IDCW,INF846K01552,INF846K01560,Open Ended Schemes,Debt Scheme - Low Duration Fund,1011.7164,02-Apr-2026
112217,Axis Mutual Fund,Axis Treasury Advantage Fund - Regular Plan - Monthly IDCW,INF846K01578,INF846K01586,Open Ended Schemes,Debt Scheme - Low Duration Fund,1011.0115,02-Apr-2026
112304,Franklin Templeton Mutual Fund,Franklin India Income Opportunities Fund - Growth,INF090I01445,,Open Ended Schemes,Debt Scheme - Medium Duration Fund,24.9338,12-Dec-2021
112305,Franklin Templeton Mutual Fund,Franklin India Income Opportunities Fund - IDCW,INF090I01452,INF090I01460,Open Ended Schemes,Debt Scheme - Medium Duration Fund,11.5593,12-Dec-2021
112340,Nippon India Mutual Fund,NIPPON INDIA LIQUID FUND - QUARTERLY IDCW OPTION,INF204K01UQ2,INF204K01UR0,Open Ended Schemes,Debt Scheme - Liquid Fund,1007.7069,05-Apr-2026
112341,Nippon India Mutual Fund,NIPPON INDIA MONEY MARKET FUND - QUARTERLY IDCW Option,INF204K01VD8,INF204K01VE6,Open Ended Schemes,Debt Scheme - Money Market Fund,1013.8186,02-Apr-2026
112342,ICICI Prudential Mutual Fund,ICICI Prudential Banking and PSU Debt Fund - Growth,INF109K01RT3,,Open Ended Schemes,Debt Scheme - Banking and PSU Fund,33.7781,02-Apr-2026
112343,ICICI Prudential Mutual Fund,ICICI Prudential Banking and PSU Debt Fund -  Daily IDCW,INF109K01WS5,INF109K01RV9,Open Ended Schemes,Debt Scheme - Banking and PSU Fund,10.0549,16-Sep-2022
112344,ICICI Prudential Mutual Fund,ICICI Prudential Banking and PSU Debt Fund -  Weekly IDCW,INF109K01WR7,INF109K01RU1,Open Ended Schemes,Debt Scheme - Banking and PSU Fund,10.2427,16-Sep-2022
112354,Axis Mutual Fund,Axis Short Duration Fund - Regular Plan - Growth Option,INF846K01644,,Open Ended Schemes,Debt Scheme - Short Duration Fund,32.0075,02-Apr-2026
112355,Axis Mutual Fund,Axis Short Duration Fund - Regular Plan - Monthly IDCW,INF846K01651,INF846K01669,Open Ended Schemes,Debt Scheme - Short Duration Fund,10.0085,02-Apr-2026
112356,Aditya Birla Sun Life Mutual Fund,Aditya Birla Sun Life Short Term Fund - REGULAR - Quarterly IDCW,INF209K01BU3,,Open Ended Schemes,Debt Scheme - Short Duration Fund,10.2775,02-Apr-2026
112369,Axis Mutual Fund,Axis Short Duration Fund - Regular Plan - Weekly IDCW,INF846K01677,INF846K01685,Open Ended Schemes,Debt Scheme - Short Duration Fund,10.3479,02-Apr-2026
112635,UTI Mutual Fund,UTI Money Market Fund - Regular Plan - Weekly IDCW,INF789F01PY6,INF789F01PZ3,Open Ended Schemes,Debt Scheme - Money Market Fund,1117.2264,02-Apr-2026
112636,Navi Mutual Fund,Navi Liquid Fund-Regular Plan-Growth Option,INF959L01GL9,,Open Ended Schemes,Debt Scheme - Liquid Fund,29.5979,03-Apr-2026
112645,Navi Mutual Fund,Navi Liquid Fund - Regular Plan Daily IDCW,,INF959L01GM7,Open Ended Schemes,Debt Scheme - Liquid Fund,10.0129,03-Apr-2026
112646,Navi Mutual Fund,Navi Liquid Fund - Regular Plan Weekly IDCW,INF959L01GP0,INF959L01GQ8,Open Ended Schemes,Debt Scheme - Liquid Fund,10.0183,03-Apr-2026
112647,Navi Mutual Fund,Navi Liquid Fund - Regular Plan Monthly IDCW,INF959L01GN5,INF959L01GO3,Open Ended Schemes,Debt Scheme - Liquid Fund,10.0319,03-Apr-2026
112712,Axis Mutual Fund,Axis Liquid Fund - Retail Plan - Daily IDCW,,INF846K01362,Open Ended Schemes,Debt Scheme - Liquid Fund,1000.9621,03-Apr-2026
112713,Axis Mutual Fund,Axis Liquid Fund - Retail Plan - Growth Option,INF846K01354,,Open Ended Schemes,Debt Scheme - Liquid Fund,2775.2226,03-Apr-2026
112714,Axis Mutual Fund,Axis Liquid Fund - Retail Plan - Monthly IDCW,INF846K01396,INF846K01404,Open Ended Schemes,Debt Scheme - Liquid Fund,1003.9669,03-Apr-2026
112715,Axis Mutual Fund,Axis Liquid Fund - Retail Plan - Weekly IDCW,INF846K01370,INF846K01388,Open Ended Schemes,Debt Scheme - Liquid Fund,1002.7451,03-Apr-2026
112717,Axis Mutual Fund,Axis Treasury Advantage Fund - Retail Plan - Growth Option,INF846K01479,,Open Ended Schemes,Debt Scheme - Low Duration Fund,3028.0473,02-Apr-2026
112718,Axis Mutual Fund,Axis Treasury Advantage Fund - Retail Plan - Monthly IDCW,INF846K01511,INF846K01529,Open Ended Schemes,Debt Scheme - Low Duration Fund,1011.0122,02-Apr-2026
112719,Axis Mutual Fund,Axis Treasury Advantage Fund - Retail Plan - Weekly IDCW,INF846K01495,INF846K01503,Open Ended Schemes,Debt Scheme - Low Duration Fund,1011.7157,02-Apr-2026
112720,Axis Mutual Fund,Axis Treasury Advantage Fund - Retail Plan - Daily IDCW,,INF846K01487,Open Ended Schemes,Debt Scheme - Low Duration Fund,1012.4736,02-Apr-2026
112721,Axis Mutual Fund,Axis Short Duration Fund - Retail Plan - Growth Option,INF846K01594,,Open Ended Schemes,Debt Scheme - Short Duration Fund,31.6374,02-Apr-2026
112722,Axis Mutual Fund,Axis Short Duration Fund - Retail Plan - Weekly IDCW,INF846K01628,INF846K01636,Open Ended Schemes,Debt Scheme - Short Duration Fund,10.1790,02-Apr-2026
112723,Axis Mutual Fund,Axis Short Duration Fund - Retail Plan - Monthly IDCW,INF846K01602,INF846K01610,Open Ended Schemes,Debt Scheme - Short Duration Fund,9.9856,02-Apr-2026
112938,Nippon India Mutual Fund,Nippon India Credit Risk Fund  - Growth Plan,INF204K01FQ3,,Open Ended Schemes,Debt Scheme - Credit Risk Fund,36.7430,02-Apr-2026
112939,Nippon India Mutual Fund,Nippon India Credit Risk Fund  - Institutional Growth Plan,INF204K01FT7,,Open Ended Schemes,Debt Scheme - Credit Risk Fund,38.5919,02-Apr-2026
112941,Nippon India Mutual Fund,NIPPON INDIA CREDIT RISK FUND - QUARTERLY IDCW Option,INF204K01FR1,INF204K01FS9,Open Ended Schemes,Debt Scheme - Credit Risk Fund,12.9704,02-Apr-2026
112942,Nippon India Mutual Fund,NIPPON INDIA FLOATER FUND - QUARTERLY IDCW Option,INF204K01HK2,INF204K01HL0,Open Ended Schemes,Debt Scheme - Floater Fund,10.9260,02-Apr-2026
113036,Baroda BNP Paribas Mutual Fund,Baroda BNP Paribas Short Duration Fund - Regular Plan - Growth Option,INF955L01153,,Open Ended Schemes,Debt Scheme - Short Duration Fund,30.1049,02-Apr-2026
113037,Baroda BNP Paribas Mutual Fund,Baroda BNP Paribas Short Duration Fund - Regular Plan - Monthly IDCW Option,INF955L01138,INF955L01146,Open Ended Schemes,Debt Scheme - Short Duration Fund,10.0927,02-Apr-2026
113047,HDFC Mutual Fund,HDFC Short Term  Debt Fund - Growth Option,INF179K01CU6,,Open Ended Schemes,Debt Scheme - Short Duration Fund,33.1716,02-Apr-2026
113048,HDFC Mutual Fund,HDFC Short Term  Debt Fund - Fortnightly IDCW Option,INF179K01CV4,INF179K01CW2,Open Ended Schemes,Debt Scheme - Short Duration Fund,10.1634,02-Apr-2026
113070,HDFC Mutual Fund,HDFC Corporate Bond Fund - Growth Option,INF179K01DC2,,Open Ended Schemes,Debt Scheme - Corporate Bond Fund,33.2725,02-Apr-2026
113071,HDFC Mutual Fund,HDFC Corporate Bond Fund - Quarterly IDCW Option,INF179K01DD0,INF179K01DE8,Open Ended Schemes,Debt Scheme - Corporate Bond Fund,10.4239,02-Apr-2026
113077,UTI Mutual Fund,UTI Dynamic Bond Fund - Regular Plan - Growth Option,INF789F01JQ5,,Open Ended Schemes,Debt Scheme - Dynamic Bond,31.5268,02-Apr-2026
113078,UTI Mutual Fund,UTI Dynamic Bond Fund - Regular Plan - Quarterly IDCW,INF789F01JO0,INF789F01JP7,Open Ended Schemes,Debt Scheme - Dynamic Bond,17.1661,02-Apr-2026
113080,ICICI Prudential Mutual Fund,ICICI Prudential Medium Term Bond Fund Plan A - Weekly Dividend,INF109K01UD1,INF109K01IP0,Open Ended Schemes,Debt Scheme - Medium Duration Fund,10.0458,17-Feb-2012
113135,Franklin Templeton Mutual Fund,Franklin India Low Duration Fund - Growth Plan,INF090I01BU1,,Open Ended Schemes,Debt Scheme - Low Duration Fund,32.6071,07-Aug-2022
113136,ICICI Prudential Mutual Fund,ICICI Prudential Medium Term Bond Fund Plan C - Quarterly Dividend,INF109K01UO8,INF109K01UN0,Open Ended Schemes,Debt Scheme - Medium Duration Fund,10.4491,28-Jan-2016
113137,ICICI Prudential Mutual Fund,ICICI Prudential Medium Term Bond Fund - Quarterly IDCW,INF109K01UF6,INF109K01IO3,Open Ended Schemes,Debt Scheme - Medium Duration Fund,10.7766,02-Apr-2026
113138,ICICI Prudential Mutual Fund,ICICI Prudential Medium Term Bond Fund Plan B - Quarterly Dividend,INF109K01UI0,INF109K01IQ8,Open Ended Schemes,Debt Scheme - Medium Duration Fund,10.6002,24-Apr-2020
113144,Canara Robeco Mutual Fund,CANARA ROBECO SAVINGS FUND - REGULAR PLAN - MONTHLY IDCW (Payout/Reinvestment),INF760K01AM4,INF760K01AN2,Open Ended Schemes,Debt Scheme - Low Duration Fund,10.2727,02-Apr-2026
113169,Bandhan Mutual Fund,Bandhan Medium Duration Fund - Regular Plan - Quarterly IDCW,INF194K01JZ9,INF194K01JY2,Open Ended Schemes,Debt Scheme - Medium Duration Fund,11.0372,02-Apr-2026
113218,ICICI Prudential Mutual Fund,ICICI Prudential All Seasons Bond Fund - Annual IDCW,INF109K01GO7,INF109K01GP4,Open Ended Schemes,Debt Scheme - Dynamic Bond,11.0770,02-Apr-2026
113220,ICICI Prudential Mutual Fund,ICICI Prudential All Seasons Bond Fund Retail - Annual Dividend,INF109K01GI9,INF109K01GJ7,Open Ended Schemes,Debt Scheme - Dynamic Bond,10.8538,21-Aug-2013
113242,ICICI Prudential Mutual Fund,ICICI Prudential Banking and PSU Debt Fund Retail Growth,INF109K01II5,,Open Ended Schemes,Debt Scheme - Banking and PSU Fund,21.631,24-Apr-2020
113243,ICICI Prudential Mutual Fund,ICICI Prudential Banking and PSU Debt Fund Retail Weekly Dividend,INF109K01WV9,INF109K01IJ3,Open Ended Schemes,Debt Scheme - Banking and PSU Fund,10.3305,20-Aug-2015
113247,ICICI Prudential Mutual Fund,ICICI Prudential Banking and PSU Debt Fund Retail Daily Dividend,INF109K01WW7,INF109K01JM5,Open Ended Schemes,Debt Scheme - Banking and PSU Fund,10.0122,24-Apr-2020
113307,Aditya Birla Sun Life Mutual Fund,Aditya Birla Sun Life Low Duration Fund -Regular - DAILY IDCW,,INF209KA1LP6,Open Ended Schemes,Debt Scheme - Low Duration Fund,100.2424,02-Apr-2026
113403,ICICI Prudential Mutual Fund,ICICI Prudential All Seasons Bond Fund - Quarterly IDCW,INF109K01GE8,INF109K01GF5,Open Ended Schemes,Debt Scheme - Dynamic Bond,11.5855,02-Apr-2026
113417,ICICI Prudential Mutual Fund,ICICI Prudential All Seasons Bond Fund Retail - Quarterly Dividend,INF109K01GG3,INF109K01GH1,Open Ended Schemes,Debt Scheme - Dynamic Bond,11.6831,24-Apr-2020
114239,ICICI Prudential Mutual Fund,ICICI Prudential Credit Risk Fund - Growth,INF109K01GU4,,Open Ended Schemes,Debt Scheme - Credit Risk Fund,33.4846,02-Apr-2026
114240,ICICI Prudential Mutual Fund,ICICI Prudential Credit Risk Fund - Quarterly IDCW,INF109K01GV2,INF109K01GW0,Open Ended Schemes,Debt Scheme - Credit Risk Fund,11.1309,02-Apr-2026
114241,ICICI Prudential Mutual Fund,ICICI Prudential Credit Risk Fund - Half Yearly IDCW,INF109K01GX8,INF109K01GY6,Open Ended Schemes,Debt Scheme - Credit Risk Fund,10.5892,16-Sep-2022
114251,Nippon India Mutual Fund,Reliance Liquid Fund-Cash Plan-Monthly Dividend Plan,,,Open Ended Schemes,Debt Scheme - Liquid Fund,1004.4865,20-May-2018
114252,Nippon India Mutual Fund,Reliance Liquid Fund-Cash Plan-Quarterly Dividend Plan,,,Open Ended Schemes,Debt Scheme - Liquid Fund,1013.8310,20-May-2018
114297,SBI Mutual Fund,SBI Overnight Fund - Regular Plan - Daily Income Distribution cum Capital Withdrawal Option (IDCW),,INF200K01LN6,Open Ended Schemes,Debt Scheme - Overnight Fund,1353.9180,03-Apr-2026
114348,SBI Mutual Fund,SBI Savings Fund - Regular Plan Daily Income Distribution cum Capital Withdrawal Option (IDCW),,INF200KA1K20,Open Ended Schemes,Debt Scheme - Money Market Fund,14.0922,02-Apr-2026
115068,Axis Mutual Fund,Axis Dynamic Bond Fund - Regular Plan - Growth Option,INF846K01917,,Open Ended Schemes,Debt Scheme - Dynamic Bond,30.2256,02-Apr-2026
115069,Axis Mutual Fund,Axis Dynamic Bond Fund - Regular Plan - Quarterly IDCW,INF846K01925,INF846K01933,Open Ended Schemes,Debt Scheme - Dynamic Bond,11.1736,02-Apr-2026
115077,Canara Robeco Mutual Fund,CANARA ROBECO SHORT DURATION FUND - REGULAR PLAN - GROWTH OPTION,INF760K01BM2,,Open Ended Schemes,Debt Scheme - Short Duration Fund,26.1849,02-Apr-2026
115078,Canara Robeco Mutual Fund,CANARA ROBECO SHORT DURATION FUND - REGULAR PLAN - MONTHLY IDCW (Payout/Reinvestment),INF760K01BO8,INF760K01BN0,Open Ended Schemes,Debt Scheme - Short Duration Fund,15.6491,02-Apr-2026
115079,Canara Robeco Mutual Fund,CANARA ROBECO SHORT DURATION FUND - REGULAR PLAN - QUARTERLY IDCW (Payout/Reinvestment),INF760K01BQ3,INF760K01BP5,Open Ended Schemes,Debt Scheme - Short Duration Fund,15.2738,02-Apr-2026
115131,Axis Mutual Fund,Axis Dynamic Bond Fund - Regular Plan - Half Yearly IDCW,INF846K01941,INF846K01958,Open Ended Schemes,Debt Scheme - Dynamic Bond,11.4923,02-Apr-2026
115328,ICICI Prudential Mutual Fund,ICICI Prudential Money Market Fund Dividend,INF109K01I72,,Open Ended Schemes,Debt Scheme - Money Market Fund,100.0952,24-Apr-2020
115398,Union Mutual Fund,Union Liquid Fund - Growth Option,INF582M01013,,Open Ended Schemes,Debt Scheme - Liquid Fund,2628.8266,05-Apr-2026
115399,Union Mutual Fund,Union Liquid Fund - Fortnightly IDCW Option,INF582M01062,INF582M01047,Open Ended Schemes,Debt Scheme - Liquid Fund,1004.3241,05-Apr-2026
115400,Union Mutual Fund,Union Liquid Fund - Monthly IDCW Option,INF582M01070,INF582M01054,Open Ended Schemes,Debt Scheme - Liquid Fund,1004.0111,05-Apr-2026
115401,Union Mutual Fund,Union Liquid Fund - Daily IDCW Option,,INF582M01021,Open Ended Schemes,Debt Scheme - Liquid Fund,1001.1995,05-Apr-2026
115402,Union Mutual Fund,Union Liquid Fund - Weekly IDCW Option,,INF582M01039,Open Ended Schemes,Debt Scheme - Liquid Fund,1003.3947,05-Apr-2026
115458,Invesco Mutual Fund,Invesco India Low Duration Fund - Discretionary IDCW (Payout / Reinvestment),INF205K01IG5,INF205K01IF7,Open Ended Schemes,Debt Scheme - Low Duration Fund,4033.7471,02-Apr-2026
115464,Tata Mutual Fund,Tata Treasury Advantage Fund Regular Plan - Periodic Payout of IDCW Option,INF277K01MC5,INF277K01ME1,Open Ended Schemes,Debt Scheme - Low Duration Fund,2595.3618,02-Apr-2026
115483,UTI Mutual Fund,UTI Low Duration Fund - Regular Plan - Quarterly IDCW,INF789F01OW3,INF789F01OX1,Open Ended Schemes,Debt Scheme - Low Duration Fund,1417.1031,02-Apr-2026
115489,Bandhan Mutual Fund,BANDHAN LIQUID Fund - Regular Plan - Periodic IDCW,INF194K01WC1,INF194K01WB3,Open Ended Schemes,Debt Scheme - Liquid Fund,1423.5775,03-Apr-2026
115505,ICICI Prudential Mutual Fund,ICICI Prudential Liquid Fund - IDCW Others,INF109K01VU3,INF109K01VT5,Open Ended Schemes,Debt Scheme - Liquid Fund,187.8146,02-Apr-2026
115510,ICICI Prudential Mutual Fund,ICICI Prudential Floating Interest Fund - IDCW Others,INF109K01WQ9,INF109K01WP1,Open Ended Schemes,Debt Scheme - Floater Fund,195.6576,02-Apr-2026
115511,ICICI Prudential Mutual Fund,ICICI Prudential Savings Fund - IDCW Others,INF109K01WO4,INF109K01WN6,Open Ended Schemes,Debt Scheme - Low Duration Fund,190.7447,02-Apr-2026
115515,Invesco Mutual Fund,Invesco India Money Market Fund - Daily IDCW (Reinvestment),,INF205K01RU7,Open Ended Schemes,Debt Scheme - Money Market Fund,1000.29,02-Apr-2026
115991,Groww Mutual Fund,Groww Liquid Fund (formerly known as Indiabulls Liquid Fund) - Regular Plan - Growth Option,INF666M01014,,Open Ended Schemes,Debt Scheme - Liquid Fund,2642.0648,04-Apr-2026
115992,Groww Mutual Fund,Groww Liquid Fund (formerly known as Indiabulls Liquid Fund)- Regular Plan- - Income Distribution cum capital withdrawal Option (Reinvestment),,INF666M01022,Open Ended Schemes,Debt Scheme - Liquid Fund,1002.4173,04-Apr-2026
115993,Groww Mutual Fund,Groww Liquid Fund (formerly known as Indiabulls Liquid Fund)- Regular Plan- Weekly - Income Distribution cum capital withdrawal Option (Payout & Reinvestment),INF666M01089,INF666M01030,Open Ended Schemes,Debt Scheme - Liquid Fund,1004.0034,04-Apr-2026
115994,Groww Mutual Fund,Groww Liquid Fund (formerly known as Indiabulls Liquid) Fund- Regular Plan- Fortnightly - Income Distribution cum capital withdrawal Option (Payout & Reinvestment),INF666M01063,INF666M01048,Open Ended Schemes,Debt Scheme - Liquid Fund,1005.3611,04-Apr-2026
115995,Groww Mutual Fund,Groww Liquid Fund (formerly known as Indiabulls Liquid Fund)- Regular Plan- Monthly - Income Distribution cum capital withdrawal Option (Payout & Reinvestment),INF666M01071,INF666M01055,Open Ended Schemes,Debt Scheme - Liquid Fund,1002.0444,04-Apr-2026
116020,Bandhan Mutual Fund,BANDHAN Low Duration Fund - Regular Plan - Periodic IDCW,INF194K01I29,INF194K01I37,Open Ended Schemes,Debt Scheme - Low Duration Fund,13.3356,02-Apr-2026
116109,Invesco Mutual Fund,Invesco India Corporate Bond Fund - Regular Plan - Discretionary IDCW (Payout / Reinvestment),INF205K01RK8,INF205K01RL6,Open Ended Schemes,Debt Scheme - Corporate Bond Fund,3423.5986,02-Apr-2026
116153,Franklin Templeton Mutual Fund,Franklin India Credit Risk Fund - Growth,INF090I01ET7,,Open Ended Schemes,Debt Scheme - Credit Risk Fund,25.3348,11-Jun-2023
116154,Franklin Templeton Mutual Fund,Franklin India Credit Risk Fund - IDCW,INF090I01ES9,INF090I01ER1,Open Ended Schemes,Debt Scheme - Credit Risk Fund,13.5858,11-Jun-2023
116174,ICICI Prudential Mutual Fund,ICICI Prudential Banking and PSU Debt Fund - Quarterly IDCW,INF109K01YE1,INF109K01YD3,Open Ended Schemes,Debt Scheme - Banking and PSU Fund,10.8903,02-Apr-2026
116413,Bandhan Mutual Fund,BANDHAN Low Duration Fund - Regular Plan - Quarterly IDCW,INF194K01UR3,INF194K01US1,Open Ended Schemes,Debt Scheme - Low Duration Fund,11.1325,02-Apr-2026
116470,Axis Mutual Fund,Axis Gilt Fund - Regular Plan - Regular IDCW,INF846K01CK1,INF846K01CL9,Open Ended Schemes,Debt Scheme - Gilt Fund,9.8024,02-Apr-2026
116471,Axis Mutual Fund,Axis Gilt Fund - Regular Plan - Growth Option,INF846K01AX8,,Open Ended Schemes,Debt Scheme - Gilt Fund,25.4601,02-Apr-2026
116472,Axis Mutual Fund,Axis Gilt Fund - Regular Plan - Half Yearly IDCW,INF846K01AZ3,INF846K01BB2,Open Ended Schemes,Debt Scheme - Gilt Fund,11.5235,02-Apr-2026
116483,PGIM India Mutual Fund,PGIM India Dynamic Bond Fund - Dividend Option - Monthly,INF663L01492,INF663L01500,Open Ended Schemes,Debt Scheme - Dynamic Bond,1075.7507,05-Mar-2021
116484,PGIM India Mutual Fund,PGIM India Dynamic Bond Fund - Dividend Option - Quarterly,INF663L01526,INF663L01534,Open Ended Schemes,Debt Scheme - Dynamic Bond,1040.9973,02-Apr-2026
116485,PGIM India Mutual Fund,PGIM India Dynamic Bond Fund - Growth Option,INF663L01484,,Open Ended Schemes,Debt Scheme - Dynamic Bond,2633.353,02-Apr-2026
116488,Invesco Mutual Fund,Invesco India Money Market Fund - Regular Plan - Daily IDCW (Reinvestment),,INF205K01UW7,Open Ended Schemes,Debt Scheme - Money Market Fund,1008.6058,02-Apr-2026
116555,Union Mutual Fund,Union Dynamic Bond Fund - Growth Option,INF582M01336,,Open Ended Schemes,Debt Scheme - Dynamic Bond,22.4996,02-Apr-2026
116556,Union Mutual Fund,Union Dynamic Bond Fund - IDCW Option,INF582M01351,INF582M01344,Open Ended Schemes,Debt Scheme - Dynamic Bond,15.0005,02-Apr-2026
116653,Invesco Mutual Fund,Invesco India Money Market Fund - Discretionary IDCW (Payout / Reinvestment),INF205K01SB5,INF205K01SC3,Open Ended Schemes,Debt Scheme - Money Market Fund,3184.1766,02-Apr-2026
116803,Baroda BNP Paribas Mutual Fund,Baroda BNP Paribas Liquid Fund - Regular - Weekly IDCW Option,INF955L01534,INF955L01542,Open Ended Schemes,Debt Scheme - Liquid Fund,0.0000,03-May-2013
116894,Axis Mutual Fund,Axis Strategic Bond Fund - Regular Plan - Growth Option,INF846K01BP2,,Open Ended Schemes,Debt Scheme - Medium Duration Fund,29.0527,02-Apr-2026
116895,Axis Mutual Fund,Axis Strategic Bond Fund - Regular Plan - Quarterly IDCW,INF846K01BQ0,INF846K01BS6,Open Ended Schemes,Debt Scheme - Medium Duration Fund,9.9903,02-Apr-2026
116896,Axis Mutual Fund,Axis Strategic Bond Fund - Regular Plan - Half Yearly IDCW,INF846K01BR8,INF846K01BT4,Open Ended Schemes,Debt Scheme - Medium Duration Fund,10.2243,02-Apr-2026
117061,DSP Mutual Fund,DSP Credit Risk Fund - Regular Plan - IDCW - Monthly,INF740K01JW6,INF740K01JV8,Open Ended Schemes,Debt Scheme - Credit Risk Fund,11.1424,02-Apr-2026
117062,DSP Mutual Fund,DSP Credit Risk Fund - Regular Plan - IDCW - Quarterly,INF740K01JY2,INF740K01JX4,Open Ended Schemes,Debt Scheme - Credit Risk Fund,11.2655,02-Apr-2026
117330,ICICI Prudential Mutual Fund,ICICI Prudential Medium Term Bond Fund - Half Yearly IDCW,INF109K01B53,INF109K01B61,Open Ended Schemes,Debt Scheme - Medium Duration Fund,10.6331,16-Sep-2022
117446,Axis Mutual Fund,Axis Banking & PSU Debt Fund - Regular Plan - Growth option,INF846K01CB0,,Open Ended Schemes,Debt Scheme - Banking and PSU Fund,2718.6173,02-Apr-2026
117447,Axis Mutual Fund,Axis Banking & PSU Debt Fund - Regular Plan - Daily IDCW,,INF846K01CC8,Open Ended Schemes,Debt Scheme - Banking and PSU Fund,1034.4759,02-Apr-2026
117448,Axis Mutual Fund,Axis Banking & PSU Debt Fund - Regular Plan - Weekly IDCW,INF846K01CD6,INF846K01CE4,Open Ended Schemes,Debt Scheme - Banking and PSU Fund,1033.5776,02-Apr-2026
117449,Axis Mutual Fund,Axis Banking & PSU Debt Fund - Regular Plan - Monthly IDCW,INF846K01CF1,INF846K01CG9,Open Ended Schemes,Debt Scheme - Banking and PSU Fund,1029.1358,02-Apr-2026
117706,ICICI Prudential Mutual Fund,ICICI Prudential Medium Term Bond Fund Plan B - Half Yearly Dividend,INF109K01B87,,Open Ended Schemes,Debt Scheme - Medium Duration Fund,10.8612,06-Jan-2020
117715,Kotak Mahindra Mutual Fund,Kotak Credit Risk Fund - Regular Plan - Standard Income Distribution cum capital withdrawal option,INF174K01EG2,INF174K01EF4,Open Ended Schemes,Debt Scheme - Credit Risk Fund,13.391,02-Apr-2026
117716,Kotak Mahindra Mutual Fund,Kotak Credit Risk Fund - Growth,INF174K01DY7,,Open Ended Schemes,Debt Scheme - Credit Risk Fund,30.7918,02-Apr-2026
117974,Nippon India Mutual Fund,NIPPON INDIA DYNAMIC BOND FUND - QUARTERLY IDCW Option,INF204K01XB8,INF204K01XC6,Open Ended Schemes,Debt Scheme - Dynamic Bond,10.1664,02-Apr-2026
117981,UTI Mutual Fund,UTI Credit Risk Fund  - Regular Plan - Growth Option,INF789F01QZ1,,Open Ended Schemes,Debt Scheme - Credit Risk Fund,17.7398,02-Apr-2026
117982,UTI Mutual Fund,UTI Credit Risk Fund - Regular Plan - Quarterly IDCW,INF789F01RA2,INF789F01RB0,Open Ended Schemes,Debt Scheme - Credit Risk Fund,12.6009,02-Apr-2026
117998,Kotak Mahindra Mutual Fund,Kotak Dynamic Bond Fund Regular Plan - Standard Income Distribution cum capital withdrawal option,INF174K01IY6,INF174K01IZ3,Open Ended Schemes,Debt Scheme - Dynamic Bond,14.2806,02-Apr-2026
118211,SBI Mutual Fund,SBI Credit Risk Fund - Regular Plan - Daily Income Distribution cum Capital Withdrawal Option (IDCW),,INF200K01QK1,Open Ended Schemes,Debt Scheme - Credit Risk Fund,15.7767,02-Apr-2026
118232,Invesco Mutual Fund,Invesco India Banking and PSU Fund - Regular Plan - Growth Option,INF205K01JV2,,Open Ended Schemes,Debt Scheme - Banking and PSU Fund,2322.5746,02-Apr-2026
118233,Invesco Mutual Fund,Invesco India Banking and PSU Fund - Regular Plan - Monthly IDCW (Payout / Reinvestment),INF205K01JW0,INF205K01JY6,Open Ended Schemes,Debt Scheme - Banking and PSU Fund,1052.1105,02-Apr-2026
118234,Invesco Mutual Fund,Invesco India Banking and PSU Fund - Regular Plan - Daily IDCW (Reinvestment),,INF205K01JX8,Open Ended Schemes,Debt Scheme - Banking and PSU Fund,1041.5822,02-Apr-2026
118281,Canara Robeco Mutual Fund,CANARA ROBECO INCOME FUND - DIRECT PLAN - QUARTERLY IDCW (Payout/Reinvestment),INF760K01FG5,INF760K01FH3,Open Ended Schemes,Debt Scheme - Medium to Long Duration Fund,16.5974,02-Apr-2026
118282,Canara Robeco Mutual Fund,CANARA ROBECO INCOME FUND - DIRECT PLAN - GROWTH OPTION,INF760K01FI1,,Open Ended Schemes,Debt Scheme - Medium to Long Duration Fund,62.7154,02-Apr-2026
118283,Canara Robeco Mutual Fund,CANARA ROBECO DYNAMIC BOND FUND - DIRECT PLAN - IDCW (Payout/Reinvestment),INF760K01EA1,INF760K01EB9,Open Ended Schemes,Debt Scheme - Dynamic Bond,14.9101,02-Apr-2026
118284,Canara Robeco Mutual Fund,CANARA ROBECO DYNAMIC BOND FUND - DIRECT PLAN - GROWTH OPTION,INF760K01EC7,,Open Ended Schemes,Debt Scheme - Dynamic Bond,32.2158,02-Apr-2026
118291,Canara Robeco Mutual Fund,CANARA ROBECO SAVINGS FUND - DIRECT PLAN - GROWTH OPTION,INF760K01ET1,,Open Ended Schemes,Debt Scheme - Low Duration Fund,45.2301,02-Apr-2026
118292,Canara Robeco Mutual Fund,CANARA ROBECO SAVINGS FUND - DIRECT PLAN - IDCW (Payout/Reinvestment),INF760K01EP9,INF760K01EQ7,Open Ended Schemes,Debt Scheme - Low Duration Fund,40.4072,02-Apr-2026
118293,Canara Robeco Mutual Fund,CANARA ROBECO SAVINGS FUND - DIRECT PLAN - DAILY IDCW (Reinvestment),,INF760K01EM6,Open Ended Schemes,Debt Scheme - Low Duration Fund,10.2600,02-Apr-2026
118294,Canara Robeco Mutual Fund,CANARA ROBECO SAVINGS FUND - DIRECT PLAN - WEEKLY IDCW (Payout/Reinvestment),INF760K01ER5,INF760K01ES3,Open Ended Schemes,Debt Scheme - Low Duration Fund,10.2600,02-Apr-2026
118295,Canara Robeco Mutual Fund,CANARA ROBECO SAVINGS FUND - DIRECT PLAN - MONTHLY IDCW (Payout/Reinvestment),INF760K01EN4,INF760K01EO2,Open Ended Schemes,Debt Scheme - Low Duration Fund,10.2732,02-Apr-2026
118298,Canara Robeco Mutual Fund,CANARA ROBECO GILT FUND - DIRECT PLAN - IDCW (Payout/Reinvestment),INF760K01FA8,INF760K01FB6,Open Ended Schemes,Debt Scheme - Gilt Fund,16.0766,02-Apr-2026
118299,Canara Robeco Mutual Fund,CANARA ROBECO GILT FUND - DIRECT PLAN - GROWTH OPTION,INF760K01FC4,,Open Ended Schemes,Debt Scheme - Gilt Fund,80.6065,02-Apr-2026
118304,Canara Robeco Mutual Fund,CANARA ROBECO LIQUID FUND - DIRECT PLAN - IDCW (Payout/Reinvestment),INF760K01FT8,,Open Ended Schemes,Debt Scheme - Liquid Fund,2368.4850,05-Apr-2026
118305,Canara Robeco Mutual Fund,CANARA ROBECO LIQUID FUND - DIRECT PLAN - GROWTH OPTION,INF760K01FU6,,Open Ended Schemes,Debt Scheme - Liquid Fund,3309.6622,05-Apr-2026
118306,Canara Robeco Mutual Fund,CANARA ROBECO LIQUID FUND - DIRECT PLAN - MONTHLY IDCW (Payout/Reinvestment),INF760K01FV4,INF760K01FW2,Open Ended Schemes,Debt Scheme - Liquid Fund,1003.7160,05-Apr-2026
118307,Canara Robeco Mutual Fund,CANARA ROBECO LIQUID FUND - DIRECT PLAN - DAILY IDCW (Reinvestment),,INF760K01FS0,Open Ended Schemes,Debt Scheme - Liquid Fund,1005.5000,05-Apr-2026
118308,Canara Robeco Mutual Fund,CANARA ROBECO LIQUID FUND - DIRECT PLAN - WEEKLY IDCW (Payout/Reinvestment),INF760K01FY8,INF760K01FX0,Open Ended Schemes,Debt Scheme - Liquid Fund,1001.9106,05-Apr-2026
118320,Canara Robeco Mutual Fund,CANARA ROBECO SHORT DURATION FUND - DIRECT PLAN - GROWTH OPTION,INF760K01DX5,,Open Ended Schemes,Debt Scheme - Short Duration Fund,28.7026,02-Apr-2026
118321,Canara Robeco Mutual Fund,CANARA ROBECO SHORT DURATION FUND - DIRECT PLAN - MONTHLY IDCW (Payout/Reinvestment),INF760K01DV9,INF760K01DW7,Open Ended Schemes,Debt Scheme - Short Duration Fund,18.2249,02-Apr-2026
118322,Canara Robeco Mutual Fund,CANARA ROBECO SHORT DURATION FUND - DIRECT PLAN - QUARTERLY IDCW (Payout/Reinvestment),INF760K01DY3,INF760K01DZ0,Open Ended Schemes,Debt Scheme - Short Duration Fund,17.0549,02-Apr-2026
118326,Sundaram Mutual Fund,Sundaram Banking & PSU Fund (Formerly Known as Sundaram Banking and PSU Debt Fund) Regular Plan - Bonus,INF903J01LY4,,Open Ended Schemes,Debt Scheme - Banking and PSU Fund,21.7644,27-Jun-2025
118363,Bandhan Mutual Fund,BANDHAN LIQUID Fund -Direct Plan-Periodic IDCW,INF194K01J02,INF194K01I94,Open Ended Schemes,Debt Scheme - Liquid Fund,1342.7059,03-Apr-2026
118364,Bandhan Mutual Fund,BANDHAN LIQUID Fund -Direct Plan-Growth,INF194K01I60,,Open Ended Schemes,Debt Scheme - Liquid Fund,3332.8946,03-Apr-2026
118365,Bandhan Mutual Fund,BANDHAN LIQUID Fund -Direct Plan -Monthly IDCW,INF194K01J36,INF194K01J28,Open Ended Schemes,Debt Scheme - Liquid Fund,1010.6629,03-Apr-2026
118366,Bandhan Mutual Fund,BANDHAN LIQUID Fund -Direct Plan-Daily IDCW,,INF194K01I78,Open Ended Schemes,Debt Scheme - Liquid Fund,1001.8362,03-Apr-2026
118367,Bandhan Mutual Fund,BANDHAN LIQUID Fund -Direct Plan -Weekly IDCW,INF194KB1JT8,INF194K01J51,Open Ended Schemes,Debt Scheme - Liquid Fund,1007.2841,03-Apr-2026
118368,Bandhan Mutual Fund,BANDHAN Low Duration Fund-Direct Plan-Daily IDCW,,INF194K01J85,Open Ended Schemes,Debt Scheme - Low Duration Fund,10.1104,02-Apr-2026
118369,Bandhan Mutual Fund,BANDHAN Low Duration Fund-Direct Plan-Quarterly IDCW,INF194K01K58,INF194K01K66,Open Ended Schemes,Debt Scheme - Low Duration Fund,11.0736,02-Apr-2026
118370,Bandhan Mutual Fund,BANDHAN Low Duration Fund-Direct Plan-Periodic IDCW,INF194K01K82,INF194K01K90,Open Ended Schemes,Debt Scheme - Low Duration Fund,13.5075,02-Apr-2026
118371,Bandhan Mutual Fund,BANDHAN Low Duration Fund-Direct Plan-Growth,INF194K01J77,,Open Ended Schemes,Debt Scheme - Low Duration Fund,41.2351,02-Apr-2026
118372,Bandhan Mutual Fund,BANDHAN Low Duration Fund-Direct Plan-Monthly IDCW,INF194K01K17,INF194K01K09,Open Ended Schemes,Debt Scheme - Low Duration Fund,10.1327,02-Apr-2026
118373,Bandhan Mutual Fund,BANDHAN Low Duration Fund-Direct Plan-Weekly IDCW,,INF194K01K33,Open Ended Schemes,Debt Scheme - Low Duration Fund,10.0985,02-Apr-2026
118383,Bandhan Mutual Fund,Bandhan Money Market Fund -Direct Plan-Daily IDCW,,INF194K01M98,Open Ended Schemes,Debt Scheme - Money Market Fund,10.0994,02-Apr-2026
118384,Bandhan Mutual Fund,Bandhan Money Market Fund -Direct Plan-Growth,INF194K01M80,,Open Ended Schemes,Debt Scheme - Money Market Fund,45.7373,02-Apr-2026
118385,Bandhan Mutual Fund,Bandhan Money Market Fund -Direct Plan-Monthly IDCW,INF194K01N22,INF194K01N14,Open Ended Schemes,Debt Scheme - Money Market Fund,10.2118,02-Apr-2026
118386,Bandhan Mutual Fund,Bandhan Money Market Fund -Direct Plan-Weekly IDCW,,INF194K01N48,Open Ended Schemes,Debt Scheme - Money Market Fund,10.1137,02-Apr-2026
118387,Bandhan Mutual Fund,Bandhan Gilt Fund with 10 year constant duration Fund - Direct Plan - Growth,INF194K01P38,,Open Ended Schemes,Debt Scheme - Gilt Fund with 10 year constant duration,46.8293,02-Apr-2026
118388,Bandhan Mutual Fund,Bandhan Gilt Fund with 10 year constant duration Fund - Direct Plan - Quarterly IDCW,INF194K01P87,INF194K01P79,Open Ended Schemes,Debt Scheme - Gilt Fund with 10 year constant duration,11.5035,02-Apr-2026
118389,Bandhan Mutual Fund,Bandhan Gilt Fund with 10 year constant duration Fund - Direct Plan - Weekly IDCW,,INF194K01Q03,Open Ended Schemes,Debt Scheme - Gilt Fund with 10 year constant duration,17.4457,02-Apr-2026
118390,Bandhan Mutual Fund,Bandhan Gilt Fund with 10 year constant duration Fund - Direct Plan - Monthly IDCW,INF194K01P53,INF194K01P46,Open Ended Schemes,Debt Scheme - Gilt Fund with 10 year constant duration,10.1775,02-Apr-2026
118393,Bandhan Mutual Fund,Bandhan Medium to Long Duration Fund - Direct Plan - Annual IDCW,INF194K01R77,INF194K01R69,Open Ended Schemes,Debt Scheme - Medium to Long Duration Fund,15.6862,02-Apr-2026
118394,Bandhan Mutual Fund,Bandhan Medium to Long Duration Fund - Direct Plan - Growth,INF194K01R51,,Open Ended Schemes,Debt Scheme - Medium to Long Duration Fund,71.6181,02-Apr-2026
118395,Bandhan Mutual Fund,Bandhan Medium to Long Duration Fund - Direct Plan - Half Yearly IDCW,INF194K01S01,INF194K01R93,Open Ended Schemes,Debt Scheme - Medium to Long Duration Fund,12.5847,02-Apr-2026
118396,Bandhan Mutual Fund,Bandhan Medium to Long Duration Fund - Direct Plan - Quarterly IDCW,INF194K01S35,INF194K01S27,Open Ended Schemes,Debt Scheme - Medium to Long Duration Fund,12.5214,02-Apr-2026
118399,Bandhan Mutual Fund,Bandhan Medium Duration Fund - Direct Plan - Bi Monthly IDCW,INF194K01T59,INF194K01T42,Open Ended Schemes,Debt Scheme - Medium Duration Fund,10.5122,02-Apr-2026
118400,Bandhan Mutual Fund,Bandhan Medium Duration Fund - Direct Plan - Daily IDCW,,INF194K01S68,Open Ended Schemes,Debt Scheme - Medium Duration Fund,10.3710,02-Apr-2026
118401,Bandhan Mutual Fund,Bandhan Medium Duration Fund - Direct Plan - Growth,INF194K01S50,,Open Ended Schemes,Debt Scheme - Medium Duration Fund,51.1940,02-Apr-2026
118402,Bandhan Mutual Fund,Bandhan Medium Duration Fund - Direct Plan - Monthly IDCW,INF194K01T26,INF194K01T18,Open Ended Schemes,Debt Scheme - Medium Duration Fund,10.4102,02-Apr-2026
118403,Bandhan Mutual Fund,Bandhan Medium Duration Fund - Direct Plan - Quarterly IDCW,INF194K01S92,INF194K01S84,Open Ended Schemes,Debt Scheme - Medium Duration Fund,11.2323,02-Apr-2026
118404,Bandhan Mutual Fund,Bandhan Medium Duration Fund - Direct Plan - Fortnightly IDCW,INF194K01T83,INF194K01T75,Open Ended Schemes,Debt Scheme - Medium Duration Fund,10.2659,24-Nov-2025
118405,Bandhan Mutual Fund,Bandhan Short Duration Fund - Direct Plan - Fortnightly IDCW,INF194K01U56,INF194K01U49,Open Ended Schemes,Debt Scheme - Short Duration Fund,10.3517,02-Apr-2026
118406,Bandhan Mutual Fund,Bandhan Short Duration Fund - Direct Plan - Monthly IDCW,INF194K01U23,INF194K01U15,Open Ended Schemes,Debt Scheme - Short Duration Fund,10.3544,02-Apr-2026
118407,Bandhan Mutual Fund,Bandhan Short Duration Fund - Direct Plan - Growth,INF194K01U07,,Open Ended Schemes,Debt Scheme - Short Duration Fund,63.4381,02-Apr-2026
118415,Bandhan Mutual Fund,BANDHAN Dynamic Bond Fund-Direct Plan-Annual IDCW,INF194K01O13,INF194K01O05,Open Ended Schemes,Debt Scheme - Dynamic Bond,11.4912,02-Apr-2026
118416,Bandhan Mutual Fund,BANDHAN Dynamic Bond Fund-Direct Plan-Growth,INF194K01N63,,Open Ended Schemes,Debt Scheme - Dynamic Bond,38.0652,02-Apr-2026
118417,Bandhan Mutual Fund,BANDHAN Dynamic Bond Fund-Direct Plan-IDCW,INF194K01O47,INF194K01O39,Open Ended Schemes,Debt Scheme - Dynamic Bond,16.3425,02-Apr-2026
118418,Bandhan Mutual Fund,BANDHAN Dynamic Bond Fund-Direct Plan-Quarterly IDCW,INF194K01N89,INF194K01N71,Open Ended Schemes,Debt Scheme - Dynamic Bond,13.2973,02-Apr-2026
118463,Bandhan Mutual Fund,Bandhan Gilt Fund - Direct Plan - IDCW,INF194K01R36,INF194K01R28,Open Ended Schemes,Debt Scheme - Gilt Fund,14.8100,02-Apr-2026
118464,Bandhan Mutual Fund,Bandhan Gilt Fund - Direct Plan - Growth,INF194K01Q29,,Open Ended Schemes,Debt Scheme - Gilt Fund,38.4110,02-Apr-2026
118465,Bandhan Mutual Fund,Bandhan Gilt Fund - Direct Plan - Half Yearly IDCW,INF194K01Q45,INF194K01Q37,Open Ended Schemes,Debt Scheme - Gilt Fund,11.9526,02-Apr-2026
118466,Bandhan Mutual Fund,Bandhan Gilt Fund - Direct Plan - Quarterly IDCW,INF194K01R02,INF194K01Q94,Open Ended Schemes,Debt Scheme - Gilt Fund,11.3183,02-Apr-2026
118467,Bandhan Mutual Fund,Bandhan Gilt Fund - Direct Plan - Annual IDCW,INF194K01Q78,INF194K01Q60,Open Ended Schemes,Debt Scheme - Gilt Fund,11.9533,02-Apr-2026
118495,Franklin Templeton Mutual Fund,Franklin India Dynamic Accrual Fund - Direct - Growth,INF090I01HB8,,Open Ended Schemes,Debt Scheme - Dynamic Bond,84.0329,07-Aug-2022
118496,Franklin Templeton Mutual Fund,Franklin India Dynamic Accrual Fund - Direct - IDCW,INF090I01GZ9,INF090I01HA0,Open Ended Schemes,Debt Scheme - Dynamic Bond,14.1635,07-Aug-2022
118497,Franklin Templeton Mutual Fund,Franklin India Government Securities Fund - Direct - IDCW,INF090I01HQ6,INF090I01HR4,Open Ended Schemes,Debt Scheme - Gilt Fund,11.5152,02-Apr-2026
118498,Franklin Templeton Mutual Fund,Franklin India Government Securities Fund - Direct - Growth,INF090I01HS2,,Open Ended Schemes,Debt Scheme - Gilt Fund,64.5293,02-Apr-2026
118505,Franklin Templeton Mutual Fund,Franklin India Money Market Fund Retail Option - Direct - Quarterly - IDCW,INF090I01GT2,INF090I01GU0,Open Ended Schemes,Debt Scheme - Money Market Fund,11.6052,02-Apr-2026
118506,Franklin Templeton Mutual Fund,Franklin India Money Market Fund - Direct - Growth,INF090I01GV8,,Open Ended Schemes,Debt Scheme - Money Market Fund,54.2777,02-Apr-2026
118507,Franklin Templeton Mutual Fund,Franklin India Floating Rate Fund - Direct - IDCW,INF090I01LL9,,Open Ended Schemes,Debt Scheme - Floater Fund,10.0942,02-Apr-2026
118508,Franklin Templeton Mutual Fund,Franklin India Floating Rate Fund - Direct - Growth,INF090I01LK1,,Open Ended Schemes,Debt Scheme - Floater Fund,46.6892,02-Apr-2026
118528,Franklin Templeton Mutual Fund,Franklin India Low Duration Fund - Direct - Monthly - IDCW,INF090I01HC6,INF090I01HD4,Open Ended Schemes,Debt Scheme - Low Duration Fund,13.3317,07-Aug-2022
118529,Franklin Templeton Mutual Fund,Franklin India Low Duration Fund - Direct - Quarterly - IDCW,INF090I01HE2,INF090I01HF9,Open Ended Schemes,Debt Scheme - Low Duration Fund,13.1009,07-Aug-2022
118530,Franklin Templeton Mutual Fund,Franklin India Low Duration Fund - Direct - Growth,INF090I01HG7,,Open Ended Schemes,Debt Scheme - Low Duration Fund,28.6858,07-Aug-2022
118552,Franklin Templeton Mutual Fund,Franklin India Credit Risk Fund - Direct - IDCW,INF090I01JJ7,INF090I01JK5,Open Ended Schemes,Debt Scheme - Credit Risk Fund,14.0105,11-Jun-2023
118553,Franklin Templeton Mutual Fund,Franklin India Credit Risk Fund - Direct - Growth,INF090I01JL3,,Open Ended Schemes,Debt Scheme - Credit Risk Fund,25.5650,11-Jun-2023
118554,Franklin Templeton Mutual Fund,Franklin India Income Opportunities Fund - Direct - Growth,INF090I01JI9,,Open Ended Schemes,Debt Scheme - Medium Duration Fund,26.5759,12-Dec-2021
118555,Franklin Templeton Mutual Fund,Franklin India Income Opportunities Fund - Direct - IDCW,INF090I01JG3,INF090I01JH1,Open Ended Schemes,Debt Scheme - Medium Duration Fund,12.4807,12-Dec-2021
118565,Franklin Templeton Mutual Fund,Franklin India SHORT TERM INCOME PLAN - Direct - GROWTH,INF090I01GK1,,Open Ended Schemes,Debt Scheme - Short Duration Fund,15097.5360,02-May-2025
118566,Franklin Templeton Mutual Fund,Franklin India Short Term Income Plan -  Retail Plan - Direct - Quarterly - IDCW,INF090I01GL9,INF090I01GM7,Open Ended Schemes,Debt Scheme - Short Duration Fund,4460.0426,02-May-2025
118567,Franklin Templeton Mutual Fund,Franklin India Short Term Income Plan -  Retail Plan - Direct - Monthly - IDCW,INF090I01GN5,INF090I01GO3,Open Ended Schemes,Debt Scheme - Short Duration Fund,4281.4140,02-May-2025
118568,Franklin Templeton Mutual Fund,Franklin India Short Term Income Plan -  Retail Plan - Direct - Weekly - IDCW,INF090I01GP0,,Open Ended Schemes,Debt Scheme - Short Duration Fund,3622.9808,02-May-2025
118569,Franklin Templeton Mutual Fund,Franklin India Corporate Debt Fund - Direct - GROWTH,INF090I01FW8,,Open Ended Schemes,Debt Scheme - Corporate Bond Fund,112.2884,02-Apr-2026
118570,Franklin Templeton Mutual Fund,Franklin India Corporate Debt Fund - Plan A - Direct - Annual - IDCW,INF090I01FX6,INF090I01FY4,Open Ended Schemes,Debt Scheme - Corporate Bond Fund,18.4793,02-Apr-2026
118571,Franklin Templeton Mutual Fund,Franklin India Corporate Debt Fund - Plan A - Direct - Monthly - IDCW,INF090I01FQ0,INF090I01FR8,Open Ended Schemes,Debt Scheme - Corporate Bond Fund,16.8903,02-Apr-2026
118572,Franklin Templeton Mutual Fund,Franklin India Corporate Debt Fund - Plan A - Direct - Quarterly - IDCW,INF090I01FS6,INF090I01FT4,Open Ended Schemes,Debt Scheme - Corporate Bond Fund,13.4871,02-Apr-2026
118573,Franklin Templeton Mutual Fund,Franklin India Corporate Debt Fund - Plan A - Direct - Half yearly - IDCW,INF090I01FU2,INF090I01FV0,Open Ended Schemes,Debt Scheme - Corporate Bond Fund,14.4882,02-Apr-2026
118577,Franklin Templeton Mutual Fund,Franklin India Liquid Fund - Super Institutional - Direct - Growth,INF090I01JV2,,Open Ended Schemes,Debt Scheme - Liquid Fund,4147.8052,03-Apr-2026
118578,Franklin Templeton Mutual Fund,Franklin India Liquid Fund - Super Institutional Plan - Direct - Daily - IDCW,INF090I01JW0,,Open Ended Schemes,Debt Scheme - Liquid Fund,1002.1637,02-Apr-2026
118579,Franklin Templeton Mutual Fund,Franklin India Liquid Fund - Super Institutional Plan - Direct - Weekly - IDCW,INF090I01JX8,INF090I01JY6,Open Ended Schemes,Debt Scheme - Liquid Fund,1023.7533,02-Apr-2026
118654,Nippon India Mutual Fund,NIPPON INDIA FLOATER FUND - DIRECT Plan - DAILY IDCW Option,,INF204K01D71,Open Ended Schemes,Debt Scheme - Floater Fund,10.2476,02-Apr-2026
118655,Nippon India Mutual Fund,NIPPON INDIA FLOATER FUND - DIRECT Plan - MONTHLY IDCW Option,INF204K01D89,INF204K01D97,Open Ended Schemes,Debt Scheme - Floater Fund,11.2991,02-Apr-2026
118656,Nippon India Mutual Fund,Nippon India Floater Fund  - Direct Plan Growth Plan - Growth Option,INF204K01E05,,Open Ended Schemes,Debt Scheme - Floater Fund,49.3976,02-Apr-2026
118660,Nippon India Mutual Fund,NIPPON INDIA FLOATER  FUND - DIRECT Plan - WEEKLY IDCW Option,INF204K01D14,INF204K01E13,Open Ended Schemes,Debt Scheme - Floater Fund,10.2380,02-Apr-2026
118661,Nippon India Mutual Fund,NIPPON INDIA FLOATER FUND - DIRECT Plan - QUARTERLY IDCW Option,INF204K01C98,INF204K01D06,Open Ended Schemes,Debt Scheme - Floater Fund,10.8244,02-Apr-2026
118669,Nippon India Mutual Fund,Nippon India Gilt  Fund - Direct Plan - P F Option - Automatic Capital Appreciation Payout Option,INF204K01E70,,Open Ended Schemes,Debt Scheme - Gilt Fund,42.1561,02-Apr-2026
118670,Nippon India Mutual Fund,NIPPON INDIA GILT  FUND - Direct Plan - MONTHLY IDCW Option,INF204K01XQ6,INF204K01XR4,Open Ended Schemes,Debt Scheme - Gilt Fund,11.3335,02-Apr-2026
118672,Nippon India Mutual Fund,Nippon India Gilt  Fund - Direct Plan Growth Plan - Growth Option,INF204K01XP8,,Open Ended Schemes,Debt Scheme - Gilt Fund,42.2656,02-Apr-2026
118673,Nippon India Mutual Fund,Nippon India Gilt  Fund - Direct Plan - P F Option - Defined Maturity Date Option,INF204K01E88,,Open Ended Schemes,Debt Scheme - Gilt Fund,42.3798,02-Apr-2026
118674,Nippon India Mutual Fund,Nippon India Gilt Fund - Direct Plan - P F Option - Automatic Annual Reinvest Option,,INF204K01E62,Open Ended Schemes,Debt Scheme - Gilt Fund,22.8770,02-Apr-2026
118679,Nippon India Mutual Fund,Nippon India Medium to Long Duration  Fund - Direct Plan Growth Plan-Bonus Option,INF204K01F38,,Open Ended Schemes,Debt Scheme - Medium to Long Duration Fund,28.7726,02-Apr-2026
118680,Nippon India Mutual Fund,NIPPON INDIA MEDIUM TO LONG DURATION  FUND - Direct Plan - ANNUAL IDCW Option,INF204K01YT8,INF204K01YU6,Open Ended Schemes,Debt Scheme - Medium to Long Duration Fund,13.7853,02-Apr-2026
118681,Nippon India Mutual Fund,NIPPON INDIA MEDIUM TO LONG DURATION  FUND - Direct Plan - HALF YEARLY IDCW Option,INF204K01YR2,INF204K01YS0,Open Ended Schemes,Debt Scheme - Medium to Long Duration Fund,13.2199,02-Apr-2026
118683,Nippon India Mutual Fund,NIPPON INDIA MEDIUM TO LONG DURATION  FUND - Direct Plan - MONTHLY IDCW Option,INF204K01YN1,,Open Ended Schemes,Debt Scheme - Medium to Long Duration Fund,11.2980,02-Apr-2026
118684,Nippon India Mutual Fund,NIPPON INDIA MEDIUM TO LONG DURATION FUND - Direct Plan - QUARTERLY IDCW Option,INF204K01YP6,INF204K01YQ4,Open Ended Schemes,Debt Scheme - Medium to Long Duration Fund,13.6549,02-Apr-2026
118687,Nippon India Mutual Fund,Nippon India Medium to Long Duration Fund - Direct Plan Growth Plan - Growth Option,INF204K01XS2,,Open Ended Schemes,Debt Scheme - Medium to Long Duration Fund,100.6885,02-Apr-2026
118695,Nippon India Mutual Fund,NIPPON INDIA LIQUID FUND - DIRECT Plan - DAILY IDCW OPTION,,INF204K01ZG2,Open Ended Schemes,Debt Scheme - Liquid Fund,1528.7400,05-Apr-2026
118696,Nippon India Mutual Fund,NIPPON INDIA LIQUID FUND - DIRECT Plan - MONTHLY IDCW OPTION,INF204K01ZI8,INF204K01ZJ6,Open Ended Schemes,Debt Scheme - Liquid Fund,1593.1057,05-Apr-2026
118698,Nippon India Mutual Fund,NIPPON INDIA LIQUID FUND - DIRECT Plan - QUARTERLY IDCW OPTION,INF204K01ZK4,INF204K01ZL2,Open Ended Schemes,Debt Scheme - Liquid Fund,1007.8360,05-Apr-2026
118700,Nippon India Mutual Fund,NIPPON INDIA LIQUID FUND - DIRECT Plan - WEEKLY IDCW OPTION,INF204KC1FN6,INF204K01ZM0,Open Ended Schemes,Debt Scheme - Liquid Fund,1531.0874,05-Apr-2026
118701,Nippon India Mutual Fund,Nippon India Liquid Fund - Direct Plan Growth Plan - Growth Option,INF204K01ZH0,,Open Ended Schemes,Debt Scheme - Liquid Fund,6758.7857,05-Apr-2026
118702,Nippon India Mutual Fund,Nippon India Low Duration Fund - Direct Plan Growth Plan - Bonus Option,INF204K01G03,,Open Ended Schemes,Debt Scheme - Low Duration Fund,2412.7987,02-Apr-2026
118703,Nippon India Mutual Fund,NIPPON INDIA LOW DURATION FUND - DIRECT Plan - DAILY IDCW Option,,INF204K01ZV1,Open Ended Schemes,Debt Scheme - Low Duration Fund,1012.2892,02-Apr-2026
118704,Nippon India Mutual Fund,NIPPON INDIA LOW DURATION FUND - DIRECT Plan - MONTHLY IDCW Option,INF204K01ZX7,INF204K01ZY5,Open Ended Schemes,Debt Scheme - Low Duration Fund,1039.7729,02-Apr-2026
118705,Nippon India Mutual Fund,NIPPON INDIA LOW DURATION FUND - DIRECT Plan - QUARTERLY IDCW Option,INF204K01ZZ2,INF204K01A09,Open Ended Schemes,Debt Scheme - Low Duration Fund,1017.9678,02-Apr-2026
118706,Nippon India Mutual Fund,NIPPON INDIA LOW DURATION FUND - DIRECT Plan - WEEKLY IDCW Option,INF204K01A17,,Open Ended Schemes,Debt Scheme - Low Duration Fund,1012.2050,02-Apr-2026
118709,Nippon India Mutual Fund,Nippon India Low Duration Fund - Direct Plan Growth Plan - Growth Option,INF204K01ZU3,,Open Ended Schemes,Debt Scheme - Low Duration Fund,4153.5803,02-Apr-2026
118715,Nippon India Mutual Fund,Nippon India Money Market Fund - Direct Plan Growth Plan - Bonus Option,INF204K01G11,,Open Ended Schemes,Debt Scheme - Money Market Fund,2588.2194,02-Apr-2026
118716,Nippon India Mutual Fund,NIPPON INDIA MONEY MARKET FUND - DIRECT Plan - QUARTERLY IDCW Option,INF204K01ZS7,INF204K01ZT5,Open Ended Schemes,Debt Scheme - Money Market Fund,1013.8071,02-Apr-2026
118717,Nippon India Mutual Fund,NIPPON INDIA MONEY MARKET FUND - DIRECT Plan - WEEKLY IDCW Option,,INF204K01ZO6,Open Ended Schemes,Debt Scheme - Money Market Fund,1008.2816,02-Apr-2026
118718,Nippon India Mutual Fund,NIPPON INDIA MONEY MARKET FUND - DIRECT Plan - DAILY IDCW Option,,INF204K01ZN8,Open Ended Schemes,Debt Scheme - Money Market Fund,1006.2296,02-Apr-2026
118719,Nippon India Mutual Fund,Nippon India Money Market Fund - Direct Plan Growth Plan - Growth Option,INF204K01ZP3,,Open Ended Schemes,Debt Scheme - Money Market Fund,4401.5844,02-Apr-2026
118720,Nippon India Mutual Fund,NIPPON INDIA MONEY MARKET FUND - DIRECT Plan - MONTHLY IDCW Option,INF204K01ZQ1,INF204K01ZR9,Open Ended Schemes,Debt Scheme - Money Market Fund,1024.7034,02-Apr-2026
118747,Nippon India Mutual Fund,Nippon India Dynamic Bond Fund - Direct Plan Growth Plan - Growth Option,INF204K01A25,,Open Ended Schemes,Debt Scheme - Dynamic Bond,41.0629,02-Apr-2026
118749,Nippon India Mutual Fund,NIPPON INDIA DYNAMIC BOND FUND - Direct Plan - QUARTERLY IDCW Option,INF204K01A58,INF204K01A66,Open Ended Schemes,Debt Scheme - Dynamic Bond,10.2640,02-Apr-2026
118750,Nippon India Mutual Fund,NIPPON INDIA DYNAMIC BOND FUND - Direct Plan - IDCW Option,INF204K01A33,INF204K01A41,Open Ended Schemes,Debt Scheme - Dynamic Bond,29.6670,02-Apr-2026
118780,Nippon India Mutual Fund,Nippon India Credit Risk Fund - Direct Plan - Growth Plan,INF204K01A74,,Open Ended Schemes,Debt Scheme - Credit Risk Fund,40.6639,02-Apr-2026
118781,Nippon India Mutual Fund,NIPPON INDIA CREDIT RISK FUND - DIRECT Plan - QUARTERLY IDCW Option,INF204K01A82,INF204K01A90,Open Ended Schemes,Debt Scheme - Credit Risk Fund,13.5635,02-Apr-2026
118807,Nippon India Mutual Fund,Nippon India Corporate Bond Fund - Direct Plan Growth Plan - Bonus,INF204K01D63,,Open Ended Schemes,Debt Scheme - Corporate Bond Fund,46.4328,02-Apr-2026
118808,Nippon India Mutual Fund,NIPPON INDIA CORPORATE BOND FUND - DIRECT Plan - DAILY IDCW Option,,INF204K01C23,Open Ended Schemes,Debt Scheme - Corporate Bond Fund,16.9915,02-Apr-2026
118809,Nippon India Mutual Fund,NIPPON INDIA CORPORATE BOND FUND - DIRECT Plan - MONTHLY IDCW Option,INF204K01C56,INF204K01C64,Open Ended Schemes,Debt Scheme - Corporate Bond Fund,11.7222,02-Apr-2026
118811,Nippon India Mutual Fund,NIPPON INDIA CORPORATE BOND FUND - DIRECT Plan - QUARTERLY IDCW Option,INF204K01C72,INF204K01C80,Open Ended Schemes,Debt Scheme - Corporate Bond Fund,12.0497,02-Apr-2026
118812,Nippon India Mutual Fund,NIPPON INDIA CORPORATE BOND FUND - DIRECT Plan - WEEKLY IDCW Option,INF204K01C31,INF204K01C49,Open Ended Schemes,Debt Scheme - Corporate Bond Fund,17.0091,02-Apr-2026
118814,Nippon India Mutual Fund,Nippon India Corporate Bond Fund - Direct Plan Growth Plan - Growth Option,INF204K01C15,,Open Ended Schemes,Debt Scheme - Corporate Bond Fund,65.0363,02-Apr-2026
118840,Mirae Asset Mutual Fund,Mirae Asset Low Duration Fund - Direct Plan - Growth,INF769K01BO9,,Open Ended Schemes,Debt Scheme - Low Duration Fund,2570.4718,02-Apr-2026
118841,Mirae Asset Mutual Fund,Mirae Asset Low Duration Fund - Direct Plan - Monthly IDCW,INF769K01BP6,INF769K01BT8,Open Ended Schemes,Debt Scheme - Low Duration Fund,1161.3315,02-Apr-2026
118842,Mirae Asset Mutual Fund,Mirae Asset Low Duration Fund - Direct Plan - Quarterly IDCW,INF769K01BQ4,INF769K01BU6,Open Ended Schemes,Debt Scheme - Low Duration Fund,1010.4873,02-Apr-2026
118843,Mirae Asset Mutual Fund,Mirae Asset Low Duration Fund - Direct Plan - Daily IDCW,,INF769K01BR2,Open Ended Schemes,Debt Scheme - Low Duration Fund,1208.9337,02-Apr-2026
118844,Mirae Asset Mutual Fund,Mirae Asset Low Duration Fund - Direct Plan - Weekly IDCW,,INF769K01BS0,Open Ended Schemes,Debt Scheme - Low Duration Fund,1454.3849,02-Apr-2026
118859,Mirae Asset Mutual Fund,Mirae Asset Liquid Fund - Direct Plan - Growth,INF769K01CM1,,Open Ended Schemes,Debt Scheme - Liquid Fund,2914.3160,02-Apr-2026
118860,Mirae Asset Mutual Fund,Mirae Asset Liquid Fund - Direct Plan -Monthly IDCW,INF769K01CN9,INF769K01CQ2,Open Ended Schemes,Debt Scheme - Liquid Fund,1138.3092,02-Apr-2026
118861,Mirae Asset Mutual Fund,Mirae Asset Liquid Fund - Direct Plan -Daily IDCW,,INF769K01CO7,Open Ended Schemes,Debt Scheme - Liquid Fund,1075.8332,02-Apr-2026
118862,Mirae Asset Mutual Fund,Mirae Asset Liquid Fund - Direct Plan - Weekly IDCW,INF769K01PD2,INF769K01CP4,Open Ended Schemes,Debt Scheme - Liquid Fund,1216.2089,02-Apr-2026
118901,HSBC Mutual Fund,HSBC Liquid Fund - Regular Daily IDCW,,INF336L01BM9,Open Ended Schemes,Debt Scheme - Liquid Fund,1001.3789,05-Apr-2026
118902,HSBC Mutual Fund,HSBC Liquid Fund - Regular Growth,INF336L01BN7,,Open Ended Schemes,Debt Scheme - Liquid Fund,2723.6206,05-Apr-2026
118903,HSBC Mutual Fund,HSBC Liquid Fund - Regular Monthly IDCW,INF336L01BP2,INF336L01BO5,Open Ended Schemes,Debt Scheme - Liquid Fund,1006.0898,05-Apr-2026
118904,HSBC Mutual Fund,HSBC Liquid Fund - Regular Weekly IDCW,INF336L01LJ4,INF336L01BQ0,Open Ended Schemes,Debt Scheme - Liquid Fund,1108.0297,05-Apr-2026
118906,HSBC Mutual Fund,HSBC Liquid Fund - IDCW,,INF336L01BK3,Open Ended Schemes,Debt Scheme - Liquid Fund,1019.3,05-Apr-2026
118907,HSBC Mutual Fund,HSBC Liquid Fund - Growth,INF336L01BL1,,Open Ended Schemes,Debt Scheme - Liquid Fund,3929.6511,05-Apr-2026
118908,HSBC Mutual Fund,HSBC Liquid Fund - Weekly IDCW,,INF336L01BR8,Open Ended Schemes,Debt Scheme - Liquid Fund,1001.8146,05-Apr-2026
118909,HSBC Mutual Fund,HSBC Liquid Fund - Institutional Daily IDCW,,INF336L01BS6,Open Ended Schemes,Debt Scheme - Liquid Fund,1562.8262,05-Apr-2026
118921,DSP Mutual Fund,DSP Bond Fund - Direct Plan - IDCW - Monthly,INF740K01NA4,INF740K01NC0,Open Ended Schemes,Debt Scheme - Medium Duration Fund,11.1830,02-Apr-2026
118922,DSP Mutual Fund,DSP Bond Fund - Direct Plan - IDCW,INF740K01NB2,INF740K01ND8,Open Ended Schemes,Debt Scheme - Medium Duration Fund,11.4120,02-Apr-2026
118924,DSP Mutual Fund,DSP Bond Fund - Direct Plan - Growth,INF740K01MZ3,,Open Ended Schemes,Debt Scheme - Medium Duration Fund,89.2738,02-Apr-2026
118942,HDFC Mutual Fund,HDFC Low Duration  Fund - Direct Plan - Growth,INF179K01VF7,,Open Ended Schemes,Debt Scheme - Low Duration Fund,65.5284,02-Apr-2026
118943,HDFC Mutual Fund,HDFC Low Duration  Fund - Direct Plan - Monthly IDCW,INF179K01VG5,INF179K01VH3,Open Ended Schemes,Debt Scheme - Low Duration Fund,10.1434,02-Apr-2026
118944,HDFC Mutual Fund,HDFC Low Duration  Fund - Direct Plan - Weekly IDCW,INF179KC1IS0,INF179KC1IT8,Open Ended Schemes,Debt Scheme - Low Duration Fund,10.0609,02-Apr-2026
118945,HDFC Mutual Fund,HDFC Low Duration  Fund - Direct Plan - Daily IDCW,,INF179KC1IR2,Open Ended Schemes,Debt Scheme - Low Duration Fund,10.0644,02-Apr-2026
118959,HDFC Mutual Fund,HDFC Floating Rate Debt Fund - Direct Plan - Daily IDCW,,INF179KC1IU6,Open Ended Schemes,Debt Scheme - Floater Fund,10.0626,02-Apr-2026
118960,HDFC Mutual Fund,HDFC Floating Rate Debt Fund - Direct Plan - Monthly IDCW,INF179K01VO9,INF179K01VP6,Open Ended Schemes,Debt Scheme - Floater Fund,10.1391,02-Apr-2026
118961,HDFC Mutual Fund,HDFC Floating Rate Debt Fund - Direct Plan - Growth Option,INF179K01VQ4,,Open Ended Schemes,Debt Scheme - Floater Fund,53.2072,02-Apr-2026
118962,HDFC Mutual Fund,HDFC Floating Rate Debt Fund - Direct Plan - Weekly IDCW,INF179KC1IW2,,Open Ended Schemes,Debt Scheme - Floater Fund,10.0326,02-Apr-2026
118986,HDFC Mutual Fund,HDFC Corporate Bond Fund - Quarterly IDCW Option - Direct Plan,INF179K01XB2,INF179K01XC0,Open Ended Schemes,Debt Scheme - Corporate Bond Fund,10.3236,02-Apr-2026
118987,HDFC Mutual Fund,HDFC Corporate Bond Fund - Growth Option - Direct Plan,INF179K01XD8,,Open Ended Schemes,Debt Scheme - Corporate Bond Fund,34.0641,02-Apr-2026
119015,HDFC Mutual Fund,HDFC Short Term  Debt Fund - Fortnightly IDCW - Direct Plan,,,Open Ended Schemes,Debt Scheme - Short Duration Fund,10.2714,02-Apr-2026
119016,HDFC Mutual Fund,HDFC Short Term  Debt Fund - Growth Option - Direct Plan,INF179K01YM7,,Open Ended Schemes,Debt Scheme - Short Duration Fund,34.3179,02-Apr-2026
119068,HDFC Mutual Fund,HDFC Income Fund - Quarterly IDCW- Direct Plan,INF179K01WJ7,INF179K01WK5,Open Ended Schemes,Debt Scheme - Medium to Long Duration Fund,12.5459,02-Apr-2026
119069,HDFC Mutual Fund,HDFC Income Fund - Growth Option - Direct Plan,INF179K01WL3,,Open Ended Schemes,Debt Scheme - Medium to Long Duration Fund,64.5034,02-Apr-2026
119072,HDFC Mutual Fund,HDFC Dynamic Debt Fund - Half Yearly IDCW - Direct Plan,INF179K01WC2,INF179K01WD0,Open Ended Schemes,Debt Scheme - Dynamic Bond,13.4234,02-Apr-2026
119073,HDFC Mutual Fund,HDFC Dynamic Debt Fund - Quarterly IDCW - Direct Plan,INF179K01WE8,INF179K01WF5,Open Ended Schemes,Debt Scheme - Dynamic Bond,13.8204,02-Apr-2026
119074,HDFC Mutual Fund,HDFC Dynamic Debt Fund - Yearly IDCW - Direct Plan,INF179K01WG3,INF179K01WH1,Open Ended Schemes,Debt Scheme - Dynamic Bond,14.7478,02-Apr-2026
119075,HDFC Mutual Fund,HDFC Dynamic Debt Fund - Growth Option - Direct Plan,INF179K01WB4,,Open Ended Schemes,Debt Scheme - Dynamic Bond,98.9113,02-Apr-2026
119080,HDFC Mutual Fund,HDFC Medium Term Debt Fund - Fortnightly IDCW Opt - Direct Plan,INF179KA1NP8,INF179KA1NO1,Open Ended Schemes,Debt Scheme - Medium Duration Fund,10.0449,02-Apr-2026
119081,HDFC Mutual Fund,HDFC Medium Term Debt Fund - Growth Option - Direct Plan,INF179K01WI9,,Open Ended Schemes,Debt Scheme - Medium Duration Fund,63.4387,02-Apr-2026
119082,DSP Mutual Fund,DSP Credit Risk Fund - Direct Plan - Growth,INF740K01OS4,,Open Ended Schemes,Debt Scheme - Credit Risk Fund,55.3368,02-Apr-2026
119083,DSP Mutual Fund,DSP Credit Risk Fund - Direct Plan - IDCW,INF740K01OT2,INF740K01OU0,Open Ended Schemes,Debt Scheme - Credit Risk Fund,11.5996,02-Apr-2026
119084,DSP Mutual Fund,DSP Credit Risk Fund - Direct Plan -  IDCW - Monthly,INF740K01OV8,INF740K01OW6,Open Ended Schemes,Debt Scheme - Credit Risk Fund,11.0944,02-Apr-2026
119085,DSP Mutual Fund,DSP Credit Risk Fund - Direct Plan - IDCW - Quarterly,INF740K01OX4,INF740K01OY2,Open Ended Schemes,Debt Scheme - Credit Risk Fund,11.4042,02-Apr-2026
119086,DSP Mutual Fund,DSP Credit Risk Fund - Direct Plan - IDCW - Weekly,INF740KA1NY0,INF740KA1NZ7,Open Ended Schemes,Debt Scheme - Credit Risk Fund,11.0386,02-Apr-2026
119087,DSP Mutual Fund,DSP Credit Risk Fund - Direct Plan - IDCW - Daily,,INF740KA1NX2,Open Ended Schemes,Debt Scheme - Credit Risk Fund,11.0362,02-Apr-2026
119088,HDFC Mutual Fund,HDFC Liquid Fund - IDCW Weekly - Direct Plan,,,Open Ended Schemes,Debt Scheme - Liquid Fund,1033.0812,02-Apr-2026
119089,HDFC Mutual Fund,HDFC Liquid Fund - IDCW Daily - Direct Plan,,INF179KB1HV7,Open Ended Schemes,Debt Scheme - Liquid Fund,1019.82,02-Apr-2026
119090,HDFC Mutual Fund,HDFC Liquid Fund - IDCW Monthly - Direct Plan,INF179KB1HO2,INF179KB1HQ7,Open Ended Schemes,Debt Scheme - Liquid Fund,1028.3425,02-Apr-2026
119091,HDFC Mutual Fund,HDFC Liquid Fund - Growth Option - Direct Plan,INF179KB1HP9,,Open Ended Schemes,Debt Scheme - Liquid Fund,5419.5615,02-Apr-2026
119092,HDFC Mutual Fund,HDFC Money Market Fund - Growth Option - Direct Plan,INF179KB1HU9,,Open Ended Schemes,Debt Scheme - Money Market Fund,6104.7264,02-Apr-2026
119093,HDFC Mutual Fund,HDFC Money Market Fund - Daily IDCW Option - Direct Plan,,INF179KB1HZ8,Open Ended Schemes,Debt Scheme - Money Market Fund,1063.64,02-Apr-2026
119094,HDFC Mutual Fund,HDFC Money Market Fund - Weekly IDCW Option -Direct Plan,INF179KB1IA9,INF179KB1IB7,Open Ended Schemes,Debt Scheme - Money Market Fund,1063.0525,02-Apr-2026
119097,Tata Mutual Fund,Tata Dynamic Bond Fund- Direct Plan-Growth Option,INF277K01MV5,,Open Ended Schemes,Debt Scheme - Dynamic Bond,38.2366,23-Sep-2022
119098,Tata Mutual Fund,Tata Dynamic Bond- Direct Plan - Payout of IDCW Option,INF277K01MT9,INF277K01MU7,Open Ended Schemes,Debt Scheme - Dynamic Bond,22.6907,23-Sep-2022
119099,DSP Mutual Fund,DSP Gilt Fund - Direct Plan - Growth,INF740K01NF3,,Open Ended Schemes,Debt Scheme - Gilt Fund,99.6327,02-Apr-2026
119100,DSP Mutual Fund,DSP Gilt Fund - Direct Plan - IDCW - Monthly,INF740K01NE6,INF740K01NH9,Open Ended Schemes,Debt Scheme - Gilt Fund,10.4171,02-Apr-2026
119101,DSP Mutual Fund,DSP Gilt Fund - Direct Plan - IDCW,INF740K01NG1,INF740K01NI7,Open Ended Schemes,Debt Scheme - Gilt Fund,12.1763,02-Apr-2026
119106,DSP Mutual Fund,DSP Savings Fund - Direct Plan - Growth,INF740K01NU2,,Open Ended Schemes,Debt Scheme - Money Market Fund,56.7465,02-Apr-2026
119107,DSP Mutual Fund,DSP Savings Fund - Direct Plan - IDCW - Monthly,INF740K01NT4,INF740K01NW8,Open Ended Schemes,Debt Scheme - Money Market Fund,11.0253,02-Apr-2026
119108,DSP Mutual Fund,DSP Savings Fund - Direct Plan - IDCW,INF740K01NV0,INF740K01NX6,Open Ended Schemes,Debt Scheme - Money Market Fund,12.2683,02-Apr-2026
119109,HDFC Mutual Fund,HDFC Overnight Fund - Daily IDCW Option - Direct Plan,,INF179KB1HY1,Open Ended Schemes,Debt Scheme - Overnight Fund,1042.66,02-Apr-2026
119110,HDFC Mutual Fund,HDFC Overnight Fund - Growth Option - Direct Plan,INF179KB1HT1,,Open Ended Schemes,Debt Scheme - Overnight Fund,3994.1412,02-Apr-2026
119115,HDFC Mutual Fund,HDFC Gilt Fund - IDCW Option - Direct Plan,INF179K01VR2,INF179K01VT8,Open Ended Schemes,Debt Scheme - Gilt Fund,12.6523,02-Apr-2026
119116,HDFC Mutual Fund,HDFC Gilt Fund - Growth Option - Direct Plan,INF179K01VS0,,Open Ended Schemes,Debt Scheme - Gilt Fund,57.7913,02-Apr-2026
119123,DSP Mutual Fund,DSP Liquidity Fund - Direct Plan - IDCW - Weekly,INF740KA1OC4,INF740KA1OD2,Open Ended Schemes,Debt Scheme - Liquid Fund,1001.1568,02-Apr-2026
119124,DSP Mutual Fund,DSP Liquidity Fund - Direct Plan - IDCW - Daily,,INF740KA1OB6,Open Ended Schemes,Debt Scheme - Liquid Fund,1001.1542,02-Apr-2026
119125,DSP Mutual Fund,DSP Liquidity Fund - Direct Plan - Growth,INF740K01QL4,,Open Ended Schemes,Debt Scheme - Liquid Fund,3946.9939,02-Apr-2026
119126,Tata Mutual Fund,Tata Medium Term Fund- Direct Plan - Payout of IDCW Option,INF277K01PG9,INF277K01PH7,Open Ended Schemes,Debt Scheme - Medium Duration Fund,15.2302,23-Sep-2022
119127,Tata Mutual Fund,Tata Medium Term Fund- Direct Plan- Growth Option,INF277K01PI5,,Open Ended Schemes,Debt Scheme - Medium Duration Fund,32.7645,23-Sep-2022
119135,Groww Mutual Fund,Groww Liquid Fund ( formerly known as Indiabulls Liquid )Fund - Direct Plan - Growth Option,INF666M01451,,Open Ended Schemes,Debt Scheme - Liquid Fund,2676.417,04-Apr-2026
119136,Groww Mutual Fund,Groww Liquid Fund (formerly known as Indiabulls Liquid Fund) - Direct Plan- - Income Distribution cum capital withdrawal Option ( Reinvestment),,INF666M01469,Open Ended Schemes,Debt Scheme - Liquid Fund,1002.4219,04-Apr-2026
119137,Groww Mutual Fund,Groww Liquid Fund (formerly known as Indiabulls Liquid Fund)- Direct Plan- Weekly - Income Distribution cum capital withdrawal Option (Payout & Reinvestment),INF666M01527,INF666M01477,Open Ended Schemes,Debt Scheme - Liquid Fund,1004.0188,04-Apr-2026
119138,Groww Mutual Fund,Groww Liquid Fund (formerly known as Indiabulls Liquid Fund)- Direct Plan- Fortnightly - Income Distribution cum capital withdrawal Option (Payout & Reinvestment),INF666M01501,INF666M01485,Open Ended Schemes,Debt Scheme - Liquid Fund,1005.3948,04-Apr-2026
119139,Groww Mutual Fund,Groww Liquid Fund (formerly known as Indiabulls Liquid Fund)- Direct Plan- Monthly - Income Distribution cum capital withdrawal Option (Payout & Reinvestment),INF666M01519,INF666M01493,Open Ended Schemes,Debt Scheme - Liquid Fund,1029.7048,04-Apr-2026
119161,Navi Mutual Fund,Navi Liquid Fund - Direct Plan Monthly IDCW - Payout,INF959L01GG9,INF959L01GH7,Open Ended Schemes,Debt Scheme - Liquid Fund,10.032,03-Apr-2026
119162,Navi Mutual Fund,Navi Liquid Fund - Direct Plan Weekly IDCW - Payout,INF959L01GI5,INF959L01GJ3,Open Ended Schemes,Debt Scheme - Liquid Fund,10.018,03-Apr-2026
119163,Navi Mutual Fund,Navi Liquid Fund - Direct Plan Daily IDCW - ReInvestment,,INF959L01GK1,Open Ended Schemes,Debt Scheme - Liquid Fund,10.0129,03-Apr-2026
119164,Navi Mutual Fund,Navi Liquid Fund-Direct Plan-Growth Option,INF959L01GF1,,Open Ended Schemes,Debt Scheme - Liquid Fund,29.8727,03-Apr-2026
119222,DSP Mutual Fund,DSP Short Term Fund - Direct Plan - IDCW,INF740K01NK3,INF740K01NN7,Open Ended Schemes,Debt Scheme - Short Duration Fund,11.9315,02-Apr-2026
119223,DSP Mutual Fund,DSP Short Term Fund - Direct Plan - IDCW - Weekly,INF740KA1PD9,INF740KA1PE7,Open Ended Schemes,Debt Scheme - Short Duration Fund,10.1246,02-Apr-2026
119224,DSP Mutual Fund,DSP Short Term Fund - Direct Plan - IDCW - Monthly,INF740K01NL1,INF740K01NM9,Open Ended Schemes,Debt Scheme - Short Duration Fund,11.6256,02-Apr-2026
119226,DSP Mutual Fund,DSP Short Term Fund - Direct Plan - Growth,INF740K01NJ5,,Open Ended Schemes,Debt Scheme - Short Duration Fund,52.2567,02-Apr-2026
119236,DSP Mutual Fund,DSP Strategic Bond Fund - Direct Plan - IDCW - Monthly,INF740K01QH2,INF740K01QJ8,Open Ended Schemes,Debt Scheme - Dynamic Bond,1046.1329,02-Apr-2026
119237,DSP Mutual Fund,DSP Strategic Bond Fund - Direct Plan - IDCW - Weekly,INF740KA1OY8,INF740KA1OZ5,Open Ended Schemes,Debt Scheme - Dynamic Bond,990.0000,04-May-2023
119238,DSP Mutual Fund,DSP Strategic Bond Fund - Direct Plan - IDCW,INF740K01QI0,INF740K01QK6,Open Ended Schemes,Debt Scheme - Dynamic Bond,2411.9528,02-Apr-2026
119239,DSP Mutual Fund,DSP Strategic Bond Fund - Direct Plan - Growth,INF740K01QG4,,Open Ended Schemes,Debt Scheme - Dynamic Bond,3540.0918,02-Apr-2026
119240,DSP Mutual Fund,DSP Strategic Bond Fund - Direct Plan - IDCW - Daily,,INF740KA1OX0,Open Ended Schemes,Debt Scheme - Dynamic Bond,1049.5175,28-Apr-2023
119289,Franklin Templeton Mutual Fund,Franklin India Corporate Debt Fund - Direct - Bonus,INF090I01KC0,,Open Ended Schemes,Debt Scheme - Corporate Bond Fund,0.0000,08-May-2015
119301,Union Mutual Fund,Union Liquid Fund - Direct Plan - Daily IDCW Option,,INF582M01682,Open Ended Schemes,Debt Scheme - Liquid Fund,1001.1995,05-Apr-2026
119302,Union Mutual Fund,Union Liquid Fund - Direct Plan - Monthly IDCW Option,INF582M01732,INF582M01716,Open Ended Schemes,Debt Scheme - Liquid Fund,1004.4332,05-Apr-2026
119303,Union Mutual Fund,Union Liquid Fund - Direct Plan - Growth Option,INF582M01674,,Open Ended Schemes,Debt Scheme - Liquid Fund,2663.0973,05-Apr-2026
119304,Union Mutual Fund,Union Liquid Fund - Direct Plan - Weekly IDCW Option,,INF582M01690,Open Ended Schemes,Debt Scheme - Liquid Fund,1003.2010,05-Apr-2026
119305,Union Mutual Fund,Union Liquid Fund - Direct Plan - Fortnightly IDCW Option,INF582M01724,INF582M01708,Open Ended Schemes,Debt Scheme - Liquid Fund,1004.3510,05-Apr-2026
119310,Union Mutual Fund,Union Dynamic Bond Fund - Direct Plan - IDCW Option,INF582M01815,INF582M01807,Open Ended Schemes,Debt Scheme - Dynamic Bond,15.9534,02-Apr-2026
119311,Union Mutual Fund,Union Dynamic Bond Fund - Direct Plan - Growth Option,INF582M01799,,Open Ended Schemes,Debt Scheme - Dynamic Bond,23.8171,02-Apr-2026
119340,Baroda BNP Paribas Mutual Fund,Baroda BNP Paribas GILT FUND - Direct Plan - IDCW Option,INF955L01AB1,INF955L01AC9,Open Ended Schemes,Debt Scheme - Gilt Fund,34.0327,02-Apr-2026
119341,Baroda BNP Paribas Mutual Fund,Baroda BNP Paribas GILT FUND - Direct Plan - Growth Option,INF955L01AD7,,Open Ended Schemes,Debt Scheme - Gilt Fund,46.3597,02-Apr-2026
119368,Bank of India Mutual Fund,BANK OF INDIA Liquid Fund- Direct Plan- Daily IDCW,,INF761K01CL0,Open Ended Schemes,Debt Scheme - Liquid Fund,1005.0000,05-Apr-2026
119369,Bank of India Mutual Fund,BANK OF INDIA Liquid Fund- Direct Plan- Growth,INF761K01785,,Open Ended Schemes,Debt Scheme - Liquid Fund,3179.6780,05-Apr-2026
119370,Bank of India Mutual Fund,BANK OF INDIA Liquid Fund- Direct Plan- Weekly IDCW,,INF761K01CM8,Open Ended Schemes,Debt Scheme - Liquid Fund,1007.1288,05-Apr-2026
119382,Bank of India Mutual Fund,BANK OF INDIA Short Term Income Fund-Direct Plan- Growth,INF761K01736,,Open Ended Schemes,Debt Scheme - Short Duration Fund,30.0524,02-Apr-2026
119383,Bank of India Mutual Fund,BANK OF INDIA Short Term Income Fund-Direct Plan- Monthly IDCW,INF761K01751,INF761K01744,Open Ended Schemes,Debt Scheme - Short Duration Fund,14.6114,02-Apr-2026
119384,Bank of India Mutual Fund,BANK OF INDIA Short Term Income Fund-Direct Plan- Quarterly IDCW,INF761K01777,INF761K01769,Open Ended Schemes,Debt Scheme - Short Duration Fund,13.8546,02-Apr-2026
119393,Bank of India Mutual Fund,BANK OF INDIA Conservative Hybrid Fund Fund-Direct Plan-Growth,INF761K01819,,Open Ended Schemes,Debt Scheme - Medium to Long Duration Fund,36.7506,02-Apr-2026
119394,Bank of India Mutual Fund,BANK OF INDIA Conservative Hybrid Fund-Direct Plan-Monthly IDCW,INF761K01835,INF761K01827,Open Ended Schemes,Debt Scheme - Medium to Long Duration Fund,16.3708,02-Apr-2026
119395,Bank of India Mutual Fund,BANK OF INDIA Conservative Hybrid  Fund-Direct Plan-Quarterly IDCW,INF761K01850,INF761K01843,Open Ended Schemes,Debt Scheme - Medium to Long Duration Fund,18.0568,02-Apr-2026
119396,Bank of India Mutual Fund,BANK OF INDIA Conservative Hybrid Fund-Direct Plan-Annual IDCW,INF761K01793,INF761K01801,Open Ended Schemes,Debt Scheme - Medium to Long Duration Fund,16.7464,02-Apr-2026
119399,Baroda BNP Paribas Mutual Fund,Baroda BNP Paribas Short Duration Fund - Direct Plan - Monthly IDCW Option,INF955L01BB9,,Open Ended Schemes,Debt Scheme - Short Duration Fund,10.3571,02-Apr-2026
119400,Baroda BNP Paribas Mutual Fund,Baroda BNP Paribas Short Duration Fund - Direct Plan - Growth Option,INF955L01BD5,,Open Ended Schemes,Debt Scheme - Short Duration Fund,32.8321,02-Apr-2026
119414,Baroda BNP Paribas Mutual Fund,Baroda BNP Paribas LIQUID FUND - DIRECT PLAN - DAILY IDCW OPTION,INF955L01AK2,,Open Ended Schemes,Debt Scheme - Liquid Fund,1002.0849,05-Apr-2026
119415,Baroda BNP Paribas Mutual Fund,Baroda BNP Paribas LIQUID FUND - DIRECT PLAN - GROWTH OPTION,INF955L01AL0,,Open Ended Schemes,Debt Scheme - Liquid Fund,3182.3728,05-Apr-2026
119416,Baroda BNP Paribas Mutual Fund,Baroda BNP Paribas LIQUID FUND - DIRECT PLAN - WEEKLY IDCW OPTION,INF251K01SL8,,Open Ended Schemes,Debt Scheme - Liquid Fund,1221.0517,05-Apr-2026
119421,Tata Mutual Fund,Tata Money Market Fund- Direct Plan - Daily Reinvestment of IDCW Option,,INF277K011C6,Open Ended Schemes,Debt Scheme - Money Market Fund,1114.5200,02-Apr-2026
119424,Tata Mutual Fund,Tata Money Market Fund- Direct Plan- Growth Option,INF277K01PR6,,Open Ended Schemes,Debt Scheme - Money Market Fund,5040.9493,02-Apr-2026
119496,Aditya Birla Sun Life Mutual Fund,Aditya Birla Sun Life Short Term Fund - DIRECT - IDCW,INF209KA1KQ6,INF209K01XL6,Open Ended Schemes,Debt Scheme - Short Duration Fund,10.7553,02-Apr-2026
119497,Aditya Birla Sun Life Mutual Fund,Aditya Birla Sun Life Short Term Fund-Quarterly-IDCW-Direct,INF209K01R96,INF209KA1KR4,Open Ended Schemes,Debt Scheme - Short Duration Fund,10.7667,02-Apr-2026
119498,Aditya Birla Sun Life Mutual Fund,Aditya Birla Sun Life Short Term Fund - Growth - Direct Plan,INF209K01XK8,,Open Ended Schemes,Debt Scheme - Short Duration Fund,53.4729,02-Apr-2026
119502,Aditya Birla Sun Life Mutual Fund,Aditya Birla Sun Life Dynamic Bond Fund -Direct - Quarterly IDCW,INF209K01R88,,Open Ended Schemes,Debt Scheme - Dynamic Bond,10.8166,02-Apr-2026
119503,Aditya Birla Sun Life Mutual Fund,Aditya Birla Sun Life Dynamic Bond Fund -DIRECT - MONTHLY IDCW,INF209K01R62,,Open Ended Schemes,Debt Scheme - Dynamic Bond,10.9706,02-Apr-2026
119505,Aditya Birla Sun Life Mutual Fund,Aditya Birla Sun Life Dynamic Bond Fund - Growth - Direct Plan,INF209K01N82,,Open Ended Schemes,Debt Scheme - Dynamic Bond,50.909,02-Apr-2026
119511,Aditya Birla Sun Life Mutual Fund,Aditya Birla Sun Life Money Manager Fund - Growth - Direct Plan,INF209K01UU3,,Open Ended Schemes,Debt Scheme - Money Market Fund,392.3299,02-Apr-2026
119512,Aditya Birla Sun Life Mutual Fund,Aditya Birla Sun Life Money Manager Fund - Direct - weekly IDCW,INF209K01UV1,INF209KA1LM3,Open Ended Schemes,Debt Scheme - Money Market Fund,100.2312,02-Apr-2026
119513,Aditya Birla Sun Life Mutual Fund,Aditya Birla Sun Life Money Manager Fund - Direct - daily IDCW,,INF209K01UT5,Open Ended Schemes,Debt Scheme - Money Market Fund,100.02,02-Apr-2026
119522,Aditya Birla Sun Life Mutual Fund,Aditya Birla Sun Life Low Duration Fund -Direct - weekly IDCW,,INF209K01XV5,Open Ended Schemes,Debt Scheme - Low Duration Fund,101.115,02-Apr-2026
119523,Aditya Birla Sun Life Mutual Fund,Aditya Birla Sun Life Low duration Fund - Growth - Direct Plan,INF209K01XU7,,Open Ended Schemes,Debt Scheme - Low Duration Fund,761.043,02-Apr-2026
119524,Aditya Birla Sun Life Mutual Fund,Aditya Birla Sun Life Low Duration Fund -Direct - daily IDCW,INF209K01XW3,,Open Ended Schemes,Debt Scheme - Low Duration Fund,100.3159,02-Apr-2026
119532,Aditya Birla Sun Life Mutual Fund,Aditya Birla Sun Life Corporate Bond Fund -DIRECT - MONTHLY IDCW,INF209K01N90,INF209KA1KU8,Open Ended Schemes,Debt Scheme - Corporate Bond Fund,12.6339,02-Apr-2026
119533,Aditya Birla Sun Life Mutual Fund,Aditya Birla Sun Life Corporate Bond Fund - Growth - Direct Plan,INF209K01S38,,Open Ended Schemes,Debt Scheme - Corporate Bond Fund,117.66,02-Apr-2026
119538,Aditya Birla Sun Life Mutual Fund,Aditya Birla Sun Life Medium Term Plan - Direct - IDCW,INF209KA1KO1,,Open Ended Schemes,Debt Scheme - Medium Duration Fund,17.5618,02-Apr-2026
119539,Aditya Birla Sun Life Mutual Fund,Aditya Birla Sun Life Medium Term Plan - Growth - Direct Plan,INF209K01XA9,,Open Ended Schemes,Debt Scheme - Medium Duration Fund,46.0995,02-Apr-2026
119540,Aditya Birla Sun Life Mutual Fund,Aditya Birla Sun Life Medium Term Plan - DIRECT - HALF YEARLY IDCW,INF209KA1KN3,,Open Ended Schemes,Debt Scheme - Medium Duration Fund,14.5263,02-Apr-2026
119541,Aditya Birla Sun Life Mutual Fund,Aditya Birla Sun Life Medium Term Plan - DIRECT - Quarterly IDCW,INF209KA1KP8,,Open Ended Schemes,Debt Scheme - Medium Duration Fund,14.1095,02-Apr-2026
119550,Aditya Birla Sun Life Mutual Fund,Aditya Birla Sun Life Banking & PSU Debt Fund- Direct Plan-Growth,INF209K01YN0,,Open Ended Schemes,Debt Scheme - Banking and PSU Fund,392.3164,02-Apr-2026
119551,Aditya Birla Sun Life Mutual Fund,Aditya Birla Sun Life Banking & PSU Debt Fund  - DIRECT - IDCW,INF209KA12Z1,INF209KA13Z9,Open Ended Schemes,Debt Scheme - Banking and PSU Fund,103.8813,02-Apr-2026
119552,Aditya Birla Sun Life Mutual Fund,Aditya Birla Sun Life Banking & PSU Debt Fund  - DIRECT - MONTHLY IDCW,INF209K01YM2,,Open Ended Schemes,Debt Scheme - Banking and PSU Fund,115.7636,02-Apr-2026
119553,Aditya Birla Sun Life Mutual Fund,Aditya Birla Sun Life Banking & PSU Debt Fund  - Direct - Quarterly IDCW,INF209K01YO8,,Open Ended Schemes,Debt Scheme - Banking and PSU Fund,103.1722,02-Apr-2026
119568,Aditya Birla Sun Life Mutual Fund,Aditya Birla Sun Life Liquid Fund - Growth - Direct Plan,INF209K01VA3,,Open Ended Schemes,Debt Scheme - Liquid Fund,445.7977,02-Apr-2026
119569,Aditya Birla Sun Life Mutual Fund,Aditya Birla Sun Life Liquid Fund -Direct - daily IDCW,INF209K01UZ2,,Open Ended Schemes,Debt Scheme - Liquid Fund,100.195,02-Apr-2026
119570,Aditya Birla Sun Life Mutual Fund,Aditya Birla Sun Life Liquid Fund -Direct - weekly IDCW,INF209K01VC9,,Open Ended Schemes,Debt Scheme - Liquid Fund,100.5057,02-Apr-2026
119571,Aditya Birla Sun Life Mutual Fund,Aditya Birla Sun Life Liquid Fund -DIRECT - IDCW,INF209K01VD7,,Open Ended Schemes,Debt Scheme - Liquid Fund,142.6509,02-Apr-2026
119605,Aditya Birla Sun Life Mutual Fund,Aditya Birla Sun Life Government Securities Fund - Growth - Direct Plan,INF209K01XP7,,Open Ended Schemes,Debt Scheme - Gilt Fund,83.941,02-Apr-2026
119606,Aditya Birla Sun Life Mutual Fund,Aditya Birla Sun Life Govenment Securities Fund -DIRECT - Quarterly IDCW,INF209KA1LC4,,Open Ended Schemes,Debt Scheme - Gilt Fund,11.1226,02-Apr-2026
119621,Sundaram Mutual Fund,Sundaram Corporate Bond Fund Direct Plan - Growth,INF903J01NR4,,Open Ended Schemes,Debt Scheme - Corporate Bond Fund,42.8089,02-Apr-2026
119622,Sundaram Mutual Fund,Sundaram Corporate Bond Fund Direct Plan - Income Distribution cum Capital Withdrawal(IDCW),INF903J01NS2,INF903J01NT0,Open Ended Schemes,Debt Scheme - Corporate Bond Fund,17.9673,27-Jun-2025
119624,Sundaram Mutual Fund,Sundaram Corporate Bond Fund Direct Plan - Income Distribution cum Capital Withdrawal (IDCW),INF903J01OW2,INF903J01OY8,Open Ended Schemes,Debt Scheme - Corporate Bond Fund,17.7706,27-Jun-2025
119625,Sundaram Mutual Fund,Sundaram Banking & PSU Fund (Formerly Known as Sundaram Banking and PSU Debt Fund) Direct Plan - Growth,INF903J01PA5,,Open Ended Schemes,Debt Scheme - Banking and PSU Fund,45.1056,02-Apr-2026
119626,Sundaram Mutual Fund,Sundaram Banking & PSU Fund (Formerly Known as Sundaram Banking and PSU Debt Fund) Direct Plan - Income Distribution cum Capital Withdrawal (IDCW),INF903J01PB3,INF903J01PE7,Open Ended Schemes,Debt Scheme - Banking and PSU Fund,11.2291,02-Apr-2026
119627,Sundaram Mutual Fund,Sundaram Banking & PSU Fund (Formerly Known as Sundaram Banking and PSU Debt Fund) Direct Plan - Daily Reinvestment of Income Distribution cum Capital Withdrawal (IDCW),,INF903J01PC1,Open Ended Schemes,Debt Scheme - Banking and PSU Fund,10.2300,28-Jun-2024
119628,Sundaram Mutual Fund,Sundaram Banking and PSU Debt Fund Direct Plan - Weekly Reinvestment of Income Distribution cum Capital Withdrawal (IDCW),,INF903J01PD9,Open Ended Schemes,Debt Scheme - Corporate Bond Fund,13.0091,28-Jun-2024
119629,Sundaram Mutual Fund,Sundaram Banking & PSU Fund (Formerly Known as Sundaram Banking and PSU Debt Fund) Direct Plan - Bonus,INF903J01RI4,,Open Ended Schemes,Debt Scheme - Banking and PSU Fund,21.8981,27-Jun-2025
119630,Sundaram Mutual Fund,Sundaram Corporate Bond Fund Direct Plan-Income Distribution cum Capital Withdrawal(IDCW),INF903J01NU8,INF903J01NV6,Open Ended Schemes,Debt Scheme - Corporate Bond Fund,19.1098,02-Apr-2026
119631,Sundaram Mutual Fund,Sundaram Corporate Bond Fund Direct Plan -Income Distribution cum Capital Withdrawal (IDCW),INF903J01OX0,INF903J01OZ5,Open Ended Schemes,Debt Scheme - Corporate Bond Fund,18.5296,27-Jun-2025
119655,Aditya Birla Sun Life Mutual Fund,Aditya Birla Sun Life Income Fund - Direct - Quarterly IDCW,INF209K01R13,INF209K01WZ8,Open Ended Schemes,Debt Scheme - Medium to Long Duration Fund,13.7102,02-Apr-2026
119657,Aditya Birla Sun Life Mutual Fund,Aditya Birla Sun Life Income Fund - Growth - Direct Plan,INF209K01WY1,,Open Ended Schemes,Debt Scheme - Medium to Long Duration Fund,135.1513,02-Apr-2026
119670,SBI Mutual Fund,SBI Dynamic Bond Fund - Direct Plan - Income Distribution cum Capital Withdrawal Option (IDCW),INF200K01RB8,INF200K01RC6,Open Ended Schemes,Debt Scheme - Dynamic Bond,22.3651,02-Apr-2026
119671,SBI Mutual Fund,SBI Dynamic Bond Fund - DIRECT PLAN - Growth,INF200K01RD4,,Open Ended Schemes,Debt Scheme - Dynamic Bond,40.0406,02-Apr-2026
119672,Sundaram Mutual Fund,Sundaram Medium Duration Fund (Formerly Known as Sundaram Medium Term Bond Fund) Direct Plan-Income Distribution cum Capital Withdrawal (IDCW),INF903J01PK4,INF903J01PL2,Open Ended Schemes,Debt Scheme - Medium Duration Fund,26.8174,02-Apr-2026
119675,Sundaram Mutual Fund,Sundaram Medium Duration Fund (Formerly Known as Sundaram Medium Term Bond Fund) Direct Plan - Growth,INF903J01PO6,,Open Ended Schemes,Debt Scheme - Medium Duration Fund,78.5505,02-Apr-2026
119676,Sundaram Mutual Fund,Sundaram Medium Duration Fund (Formerly Known as Sundaram Medium Term Bond Fund) Direct Plan -Income Distribution cum Capital Withdrawal (IDCW),INF903J01PH0,INF903J01PM0,Open Ended Schemes,Debt Scheme - Medium Duration Fund,15.6036,27-Jun-2025
119706,SBI Mutual Fund,SBI Gilt Fund - Direct Plan - Income Distribution cum Capital Withdrawal Option (IDCW),INF200K01SF7,INF200K01SG5,Open Ended Schemes,Debt Scheme - Gilt Fund,22.3684,02-Apr-2026
119707,SBI Mutual Fund,SBI GILT FUND - DIRECT PLAN - GROWTH,INF200K01SH3,,Open Ended Schemes,Debt Scheme - Gilt Fund,70.0860,02-Apr-2026
119712,SBI Mutual Fund,SBI Medium to Long Duration Fund-DIRECT PLAN - Bonus,INF200K01SO9,,Open Ended Schemes,Debt Scheme - Medium to Long Duration Fund,46.8636,02-Apr-2026
119713,SBI Mutual Fund,SBI Medium to Long Duration Fund - Direct Plan - Half Yearly - Income Distribution cum Capital Withdrawal Option (IDCW),INF200K01SP6,INF200K01SQ4,Open Ended Schemes,Debt Scheme - Medium to Long Duration Fund,21.9242,02-Apr-2026
119714,SBI Mutual Fund,SBI Medium to Long Duration Fund-DIRECT PLAN -Growth,INF200K01SR2,,Open Ended Schemes,Debt Scheme - Medium to Long Duration Fund,77.2730,02-Apr-2026
119734,Kotak Mahindra Mutual Fund,Kotak Bond Fund - Direct Plan - Standard IDCW option,INF174K01JD8,,Open Ended Schemes,Debt Scheme - Medium to Long Duration Fund,28.8869,02-Apr-2026
119735,Kotak Mahindra Mutual Fund,Kotak Bond Fund - Growth - Direct,INF174K01JC0,,Open Ended Schemes,Debt Scheme - Medium to Long Duration Fund,86.7911,02-Apr-2026
119740,Kotak Mahindra Mutual Fund,Kotak Credit Risk Fund - Direct Plan - Standard Income Distribution cum capital withdrawal option,INF174K01MG5,,Open Ended Schemes,Debt Scheme - Credit Risk Fund,26.1961,02-Apr-2026
119741,Kotak Mahindra Mutual Fund,Kotak Credit Risk Fund - Growth - Direct,INF174K01LZ7,,Open Ended Schemes,Debt Scheme - Credit Risk Fund,34.8772,02-Apr-2026
119746,Kotak Mahindra Mutual Fund,Kotak Money Market Fund - (Growth) - Direct,INF174K01MW2,,Open Ended Schemes,Debt Scheme - Money Market Fund,4746.5984,02-Apr-2026
119747,Kotak Mahindra Mutual Fund,Kotak Money Market Fund - (Monthly Payout of Income Distribution cum capital withdrawal option) - Direct,INF174K019O8,INF174K01MX0,Open Ended Schemes,Debt Scheme - Money Market Fund,1262.3639,02-Apr-2026
119753,Kotak Mahindra Mutual Fund,Kotak Dynamic Bond Fund - Direct Plan - Standard Income Distribution cum capital withdrawal option,INF174K01JX6,,Open Ended Schemes,Debt Scheme - Dynamic Bond,14.5934,02-Apr-2026
119755,Kotak Mahindra Mutual Fund,Kotak Dynamic Bond Fund - Growth - Direct,INF174K01JU2,,Open Ended Schemes,Debt Scheme - Dynamic Bond,41.5818,02-Apr-2026
119757,Kotak Mahindra Mutual Fund,Kotak Gilt-Investment  Provident Fund and Trust-Growth - Direct,INF174K01KM7,,Open Ended Schemes,Debt Scheme - Gilt Fund,108.7186,02-Apr-2026
119758,Kotak Mahindra Mutual Fund,Kotak Gilt-Investment Regular-Payout of Income Distribution cum capital withdrawal option - Direct,INF174K01KF1,,Open Ended Schemes,Debt Scheme - Gilt Fund,23.3577,02-Apr-2026
119759,Kotak Mahindra Mutual Fund,Kotak Gilt-Investment Regular-Growth - Direct,INF174K01KE4,,Open Ended Schemes,Debt Scheme - Gilt Fund,106.1462,02-Apr-2026
119764,Kotak Mahindra Mutual Fund,Kotak Liquid Fund - Direct Plan - Daily Reinvestment of Income Distribution cum capital withdrawal option,,INF174K01NH1,Open Ended Schemes,Debt Scheme - Liquid Fund,1223.2238,04-Apr-2026
119766,Kotak Mahindra Mutual Fund,Kotak Liquid Fund - Direct Plan - Growth,INF174K01NE8,,Open Ended Schemes,Debt Scheme - Liquid Fund,5576.7216,04-Apr-2026
119792,SBI Mutual Fund,SBI Credit Risk Fund - Direct Plan - Daily Income Distribution cum Capital Withdrawal Option (IDCW),,INF200K01SS0,Open Ended Schemes,Debt Scheme - Credit Risk Fund,16.4134,02-Apr-2026
119793,SBI Mutual Fund,SBI Credit Risk Fund - Direct Plan - Income Distribution cum Capital Withdrawal Option (IDCW),INF200K01ST8,INF200K01SU6,Open Ended Schemes,Debt Scheme - Credit Risk Fund,24.0712,02-Apr-2026
119798,SBI Mutual Fund,SBI CREDIT RISK FUND - DIRECT PLAN -GROWTH,INF200K01SV4,,Open Ended Schemes,Debt Scheme - Credit Risk Fund,51.7261,02-Apr-2026
119799,SBI Mutual Fund,SBI Liquid Fund - Direct Plan - Weekly Income Distribution cum Capital Withdrawal Option (IDCW),INF200K01UU2,INF200K01UV0,Open Ended Schemes,Debt Scheme - Liquid Fund,1385.7393,03-Apr-2026
119800,SBI Mutual Fund,SBI Liquid Fund - DIRECT PLAN -Growth,INF200K01UT4,,Open Ended Schemes,Debt Scheme - Liquid Fund,4314.3214,03-Apr-2026
119804,SBI Mutual Fund,SBI Liquid Fund - Direct Paln - Fortnightly Income Distribution cum Capital Withdrawal Option (IDCW),INF200K01UR8,INF200K01US6,Open Ended Schemes,Debt Scheme - Liquid Fund,1408.8425,03-Apr-2026
119805,SBI Mutual Fund,SBI Liquid Fund - Direct Plan - Daily Income Distribution cum Capital Withdrawal Option (IDCW),,INF200K01UQ0,Open Ended Schemes,Debt Scheme - Liquid Fund,1144.2483,03-Apr-2026
119810,SBI Mutual Fund,SBI Low Duration Fund - Direct Plan - Daily Income Distribution cum Capital Withdrawal Option (IDCW),,INF200K01VJ3,Open Ended Schemes,Debt Scheme - Low Duration Fund,1462.0519,02-Apr-2026
119811,SBI Mutual Fund,SBI Low Duration Fund - Direct Plan - Fortnightly Income Distribution cum Capital Withdrawal Option (IDCW),INF200K01VK1,INF200K01VL9,Open Ended Schemes,Debt Scheme - Low Duration Fund,1487.6107,02-Apr-2026
119812,SBI Mutual Fund,SBI LOW DURATION FUND - DIRECT PLAN - GROWTH,INF200K01VM7,,Open Ended Schemes,Debt Scheme - Low Duration Fund,3792.7273,02-Apr-2026
119818,SBI Mutual Fund,SBI Low Duration Fund - Direct Plan - Monthly Income Distribution cum Capital Withdrawal Option (IDCW),INF200K01VN5,INF200K01VO3,Open Ended Schemes,Debt Scheme - Low Duration Fund,1685.4051,02-Apr-2026
119819,SBI Mutual Fund,SBI Low Duration Fund - Direct Plan - Weekly Income Distribution cum Capital Withdrawal Option (IDCW),INF200K01VP0,INF200K01VQ8,Open Ended Schemes,Debt Scheme - Low Duration Fund,1464.1916,02-Apr-2026
119820,SBI Mutual Fund,SBI Savings Fund - Direct Plan - Income Distribution cum Capital Withdrawal Option (IDCW),INF200K01SX0,INF200K01SY8,Open Ended Schemes,Debt Scheme - Money Market Fund,18.4408,02-Apr-2026
119821,SBI Mutual Fund,SBI  SAVINGS FUND - DIRECT PLAN - GROWTH,INF200K01SZ5,,Open Ended Schemes,Debt Scheme - Money Market Fund,46.5243,02-Apr-2026
119822,SBI Mutual Fund,SBI Savings Fund - Direct Plan Daily Income Distribution cum Capital Withdrawal Option (IDCW),,INF200K01SW2,Open Ended Schemes,Debt Scheme - Money Market Fund,14.5274,02-Apr-2026
119823,SBI Mutual Fund,SBI Savings Fund - Direct Plan Weekly Income Distribution cum Capital Withdrawal Option (IDCW),INF200K01TA6,INF200K01TB4,Open Ended Schemes,Debt Scheme - Money Market Fund,16.7914,02-Apr-2026
119824,SBI Mutual Fund,SBI MEDIUM DURATION FUND - DIRECT PLAN - GROWTH,INF200K01VB0,,Open Ended Schemes,Debt Scheme - Medium Duration Fund,57.2213,02-Apr-2026
119825,SBI Mutual Fund,SBI Medium Duration Fund - Direct Plan - Income Distribution cum Capital Withdrawal Option (IDCW),INF200K01UZ1,INF200K01VA2,Open Ended Schemes,Debt Scheme - Medium Duration Fund,22.2429,02-Apr-2026
119831,SBI Mutual Fund,SBI Overnight Fund - Direct Plan - Daily Income Distribution cum Capital Withdrawal Option (IDCW),,INF200K01TJ7,Open Ended Schemes,Debt Scheme - Overnight Fund,1359.9761,03-Apr-2026
119832,SBI Mutual Fund,SBI Overnight Fund - Direct Plan - Weekly Income Distribution cum Capital Withdrawal Option (IDCW),INF200K01TL3,INF200K01TM1,Open Ended Schemes,Debt Scheme - Overnight Fund,1388.7290,03-Apr-2026
119833,SBI Mutual Fund,SBI OVERNIGHT FUND - DIRECT PLAN - GROWTH,INF200K01TK5,,Open Ended Schemes,Debt Scheme - Overnight Fund,4381.5348,03-Apr-2026
119861,Tata Mutual Fund,Tata Liquid Fund- Direct Plan-Growth Option,INF277K01YE6,,Open Ended Schemes,Debt Scheme - Liquid Fund,4358.0672,05-Apr-2026
119862,Tata Mutual Fund,Tata Liquid Fund- Direct Plan - Daily Reinvestment of IDCW Option,,INF277K012D2,Open Ended Schemes,Debt Scheme - Liquid Fund,1001.5187,05-Apr-2026
119863,Tata Mutual Fund,Tata Treasury Advantage Fund - Direct Plan - Growth Option,INF277K01OK4,,Open Ended Schemes,Debt Scheme - Low Duration Fund,4221.6480,02-Apr-2026
119864,Tata Mutual Fund,Tata Treasury Advantage Fund Direct Plan - Daily Reinvestment of IDCW Option,,INF277K018B3,Open Ended Schemes,Debt Scheme - Low Duration Fund,1003.5316,02-Apr-2026
119865,Tata Mutual Fund,Tata Treasury Advantage Fund Direct Plan - Weekly Payout of IDCW Option,INF277K019B1,INF277K010C8,Open Ended Schemes,Debt Scheme - Low Duration Fund,1008.0658,02-Apr-2026
119875,Tata Mutual Fund,TATA Income Fund Direct Plan - Periodic Payout of Income Distribution cum capital withdrawal option,INF277K01PC8,INF277K01PD6,Open Ended Schemes,Debt Scheme - Medium to Long Duration Fund,41.0962,23-Sep-2022
119876,Tata Mutual Fund,Tata Income Fund - Direct Plan - Growth Option,INF277K01OY5,,Open Ended Schemes,Debt Scheme - Medium to Long Duration Fund,72.1992,23-Sep-2022
119877,Tata Mutual Fund,TATA Income Fund-Direct Plan - Half Yearly Payout of IDCW Option,INF277K01PA2,INF277K01PB0,Open Ended Schemes,Debt Scheme - Medium to Long Duration Fund,16.8454,23-Sep-2022
119953,Tata Mutual Fund,Tata Gilt Securities Fund- Direct Plan - Growth Option,INF277K01OX7,,Open Ended Schemes,Debt Scheme - Gilt Fund,85.2495,02-Apr-2026
119954,Tata Mutual Fund,Tata Gilt Securities Fund - Direct Plan - Payout of IDCW Option,INF277K01OV1,INF277K01OW9,Open Ended Schemes,Debt Scheme - Gilt Fund,24.0042,02-Apr-2026
119957,Tata Mutual Fund,Tata Treasury Advantage Fund Direct Plan - Periodic Payout of IDCW Option,INF277K01OL2,INF277K01OM0,Open Ended Schemes,Debt Scheme - Low Duration Fund,2677.6853,02-Apr-2026
120037,HSBC Mutual Fund,HSBC Liquid Fund - Direct Daily IDCW,,INF336L01CB0,Open Ended Schemes,Debt Scheme - Liquid Fund,1001.576,05-Apr-2026
120038,HSBC Mutual Fund,HSBC Liquid Fund -  Growth Direct,INF336L01CC8,,Open Ended Schemes,Debt Scheme - Liquid Fund,2750.9361,05-Apr-2026
120039,HSBC Mutual Fund,HSBC Liquid Fund - Direct Monthly IDCW,INF336L01BZ1,INF336L01CA2,Open Ended Schemes,Debt Scheme - Liquid Fund,1041.8339,05-Apr-2026
120040,HSBC Mutual Fund,HSBC Liquid Fund - Direct Weekly IDCW,INF336L01LK2,INF336L01CD6,Open Ended Schemes,Debt Scheme - Liquid Fund,1195.7711,05-Apr-2026
120059,HSBC Mutual Fund,HSBC Medium to Long Duration Fund - Direct Growth,INF336L01DE2,,Open Ended Schemes,Debt Scheme - Medium to Long Duration Fund,47.2096,02-Apr-2026
120084,PGIM India Mutual Fund,PGIM India Dynamic Bond Fund - Direct Plan-Growth Option,INF663L01AD7,,Open Ended Schemes,Debt Scheme - Dynamic Bond,3018.7969,02-Apr-2026
120085,PGIM India Mutual Fund,PGIM India Dynamic Bond Fund - Direct Plan-Monthly Dividend Option,INF663L01AF2,INF663L01AE5,Open Ended Schemes,Debt Scheme - Dynamic Bond,1564.4811,05-Mar-2021
120086,PGIM India Mutual Fund,PGIM India Dynamic Bond Fund - Direct Plan-Quarterly Dividend Option,INF663L01AI6,INF663L01AH8,Open Ended Schemes,Debt Scheme - Dynamic Bond,1159.5435,02-Apr-2026
120101,HSBC Mutual Fund,HSBC Medium to Long Duration Fund - Direct Quarterly IDCW,INF336L01EO9,INF336L01EP6,Open Ended Schemes,Debt Scheme - Medium to Long Duration Fund,10.2406,02-Apr-2026
120136,SBI Mutual Fund,SBI Constant Maturity 10 Year Gilt Fund - Direct Plan - Income Distribution cum Capital Withdrawal Option (IDCW),INF200K01SI1,INF200K01SJ9,Open Ended Schemes,Debt Scheme - Gilt Fund with 10 year constant duration,21.6229,02-Apr-2026
120137,SBI Mutual Fund,SBI CONSTANT MATURITY 10 YEAR GILT FUND - DIRECT PLAN - GROWTH,INF200K01SK7,,Open Ended Schemes,Debt Scheme - Gilt Fund with 10 year constant duration,66.4739,02-Apr-2026
120187,ICICI Prudential Mutual Fund,ICICI Prudential Liquid Fund - Direct Plan -  Half Yearly IDCW,INF109K01Q56,INF109K01Q64,Open Ended Schemes,Debt Scheme - Liquid Fund,106.7325,16-Sep-2022
120188,ICICI Prudential Mutual Fund,ICICI Prudential Liquid Fund - Direct Plan - Daily IDCW,,INF109K01Q15,Open Ended Schemes,Debt Scheme - Liquid Fund,100.1082,02-Apr-2026
120189,ICICI Prudential Mutual Fund,ICICI Prudential Liquid Fund - Direct Plan - Monthly IDCW,INF109K01R06,,Open Ended Schemes,Debt Scheme - Liquid Fund,100.4287,16-Sep-2022
120190,ICICI Prudential Mutual Fund,ICICI Prudential Liquid Fund - Direct Plan - Weekly IDCW,INF109K01Q98,,Open Ended Schemes,Debt Scheme - Liquid Fund,100.3687,02-Apr-2026
120191,ICICI Prudential Mutual Fund,ICICI Prudential Liquid Fund - Direct Plan -  IDCW Others,INF109K01Q31,INF109K01Q23,Open Ended Schemes,Debt Scheme - Liquid Fund,189.3949,02-Apr-2026
120196,ICICI Prudential Mutual Fund,ICICI Prudential Liquid Fund - Direct Plan - Quarterly IDCW,INF109K01Q72,INF109K01Q80,Open Ended Schemes,Debt Scheme - Liquid Fund,102.2043,16-Sep-2022
120197,ICICI Prudential Mutual Fund,ICICI Prudential Liquid Fund - Direct Plan - Growth,INF109K01Q49,,Open Ended Schemes,Debt Scheme - Liquid Fund,408.4251,03-Apr-2026
120198,ICICI Prudential Mutual Fund,ICICI Prudential Liquid Fund - Direct Plan -  Annual IDCW,INF109K01P99,INF109K01Q07,Open Ended Schemes,Debt Scheme - Liquid Fund,103.9850,16-Sep-2022
120209,ICICI Prudential Mutual Fund,ICICI Prudential Money Market Fund Option - Direct Plan -  Daily IDCW,,INF109K01R22,Open Ended Schemes,Debt Scheme - Money Market Fund,100.1435,02-Apr-2026
120210,ICICI Prudential Mutual Fund,ICICI Prudential Money Market Fund Option - Direct Plan -  Fortnightly IDCW,INF109K01R55,,Open Ended Schemes,Debt Scheme - Money Market Fund,101.3351,16-Sep-2022
120211,ICICI Prudential Mutual Fund,ICICI Prudential Money Market Fund Option - Direct Plan -  Growth,INF109K01R14,,Open Ended Schemes,Debt Scheme - Money Market Fund,402.1189,02-Apr-2026
120212,ICICI Prudential Mutual Fund,ICICI Prudential Money Market Fund Option - Direct Plan -  Weekly IDCW,INF109K01R89,,Open Ended Schemes,Debt Scheme - Money Market Fund,100.8056,02-Apr-2026
120213,ICICI Prudential Mutual Fund,ICICI Prudential Money Market Fund Option - Direct Plan -  Monthly IDCW,INF109K01R63,INF109K01R71,Open Ended Schemes,Debt Scheme - Money Market Fund,101.0456,16-Sep-2022
120216,ICICI Prudential Mutual Fund,ICICI Prudential Money Market Fund Option - Direct Plan -  IDCW Others,INF109K01R30,,Open Ended Schemes,Debt Scheme - Money Market Fund,184.2489,02-Apr-2026
120248,LIC Mutual Fund,LIC MF Liquid Fund-Direct Plan-Daily IDCW,INF767K01DL5,INF767K01DM3,Open Ended Schemes,Debt Scheme - Liquid Fund,1034.6472,05-Apr-2026
120249,LIC Mutual Fund,LIC MF Liquid Fund-Direct Plan-Growth,INF767K01DN1,,Open Ended Schemes,Debt Scheme - Liquid Fund,5012.903,05-Apr-2026
120255,ICICI Prudential Mutual Fund,ICICI Prudential Banking and PSU Debt Fund - Direct Plan -  Weekly IDCW,INF109K013A0,INF109K014A8,Open Ended Schemes,Debt Scheme - Banking and PSU Fund,10.3708,16-Sep-2022
120256,ICICI Prudential Mutual Fund,ICICI Prudential Banking and PSU Debt Fund - Direct Plan -  Growth,INF109K010A6,,Open Ended Schemes,Debt Scheme - Banking and PSU Fund,35.3005,02-Apr-2026
120257,ICICI Prudential Mutual Fund,ICICI Prudential Banking and PSU Debt Fund - Direct Plan -  Daily IDCW,INF109K01Z89,INF109K01Z97,Open Ended Schemes,Debt Scheme - Banking and PSU Fund,10.2538,16-Sep-2022
120258,ICICI Prudential Mutual Fund,ICICI Prudential Banking and PSU Debt Fund - Direct Plan -  Quarterly IDCW,INF109K011A4,INF109K012A2,Open Ended Schemes,Debt Scheme - Banking and PSU Fund,12.8663,02-Apr-2026
120278,LIC Mutual Fund,LIC MF Medium to Long Duration Fund-Direct Plan-IDCW,INF767K01EV2,INF767K01EX8,Open Ended Schemes,Debt Scheme - Medium to Long Duration Fund,19.0778,02-Apr-2026
120279,LIC Mutual Fund,LIC MF Medium to Long Duration Fund-Direct Plan-Growth,INF767K01EW0,,Open Ended Schemes,Debt Scheme - Medium to Long Duration Fund,78.9625,02-Apr-2026
120282,LIC Mutual Fund,LIC MF Gilt Fund-Direct Plan-Growth,INF767K01EZ3,,Open Ended Schemes,Debt Scheme - Gilt Fund,63.1493,02-Apr-2026
120283,LIC Mutual Fund,LIC MF Gilt Fund-Direct Plan-IDCW,INF767K01EY6,INF767K01FA3,Open Ended Schemes,Debt Scheme - Gilt Fund,18.1923,02-Apr-2026
120299,UTI Mutual Fund,UTI MMF - Direct Plan - Growth Option,INF789F01XV6,,Open Ended Schemes,Debt Scheme - Money Market Fund,3267.9214,02-Apr-2026
120304,UTI Mutual Fund,UTI-  Liquid Cash Plan - Direct Plan - Growth Option,INF789F01XQ6,,Open Ended Schemes,Debt Scheme - Liquid Fund,4526.0231,04-Apr-2026
120315,LIC Mutual Fund,LIC MF Low Duration Fund-Direct Plan-Growth,INF767K01FM8,,Open Ended Schemes,Debt Scheme - Low Duration Fund,44.8221,02-Apr-2026
120316,LIC Mutual Fund,LIC MF Low Duration Fund-Direct Plan-Daily IDCW,INF767K01FL0,INF767K01FN6,Open Ended Schemes,Debt Scheme - Low Duration Fund,10.05,02-Apr-2026
120317,LIC Mutual Fund,LIC MF Low Duration Fund-Direct Plan-Monthly IDCW,INF767K01FP1,INF767K01FO4,Open Ended Schemes,Debt Scheme - Low Duration Fund,23.4077,02-Apr-2026
120318,LIC Mutual Fund,LIC MF Low Duration Fund-Direct Plan-Weekly IDCW,INF767K01JJ6,INF767K01JK4,Open Ended Schemes,Debt Scheme - Low Duration Fund,15.6124,02-Apr-2026
120336,LIC Mutual Fund,LIC MF Banking & PSU Fund-Direct Plan-Weekly IDCW,INF767K01GL8,INF767K01GO2,Open Ended Schemes,Debt Scheme - Banking and PSU Fund,10.0065,02-Apr-2026
120337,LIC Mutual Fund,LIC MF Banking & PSU Fund-Direct Plan-Daily IDCW,INF767K01GJ2,INF767K01GM6,Open Ended Schemes,Debt Scheme - Banking and PSU Fund,14.2461,02-Apr-2026
120338,LIC Mutual Fund,LIC MF Banking & PSU Fund-Direct Plan-Growth,INF767K01GI4,,Open Ended Schemes,Debt Scheme - Banking and PSU Fund,38.7401,02-Apr-2026
120339,LIC Mutual Fund,LIC MF Banking & PSU Fund-Direct Plan-Monthly IDCW,INF767K01GK0,INF767K01GN4,Open Ended Schemes,Debt Scheme - Banking and PSU Fund,14.59,02-Apr-2026
120388,Axis Mutual Fund,Axis Liquid Fund - Direct Plan - Daily IDCW,,INF846K01DA0,Open Ended Schemes,Debt Scheme - Liquid Fund,1000.9621,03-Apr-2026
120389,Axis Mutual Fund,Axis Liquid Fund - Direct Plan - Growth Option,INF846K01CX4,,Open Ended Schemes,Debt Scheme - Liquid Fund,3070.3249,03-Apr-2026
120390,Axis Mutual Fund,Axis Liquid Fund - Direct Plan - Weekly IDCW,INF846K01DB8,INF846K01DC6,Open Ended Schemes,Debt Scheme - Liquid Fund,1004.1597,03-Apr-2026
120391,Axis Mutual Fund,Axis Liquid Fund - Direct Plan - Monthly IDCW,INF846K01CY2,INF846K01CZ9,Open Ended Schemes,Debt Scheme - Liquid Fund,1004.1141,03-Apr-2026
120396,ICICI Prudential Mutual Fund,ICICI Prudential Savings Fund - Direct Plan - Weekly IDCW,INF109K01P08,INF109K01P16,Open Ended Schemes,Debt Scheme - Low Duration Fund,105.5110,02-Apr-2026
120397,ICICI Prudential Mutual Fund,ICICI Prudential Savings Fund - Direct Plan - Daily IDCW,,INF109K01O66,Open Ended Schemes,Debt Scheme - Low Duration Fund,105.7358,02-Apr-2026
120398,ICICI Prudential Mutual Fund,ICICI Prudential Savings Fund - Direct Plan - Growth,INF109K01O82,,Open Ended Schemes,Debt Scheme - Low Duration Fund,577.4067,02-Apr-2026
120399,ICICI Prudential Mutual Fund,ICICI Prudential Savings Fund - Direct Plan - IDCW Others,INF109K01O90,INF109K01O74,Open Ended Schemes,Debt Scheme - Low Duration Fund,193.7403,02-Apr-2026
120406,JM Financial Mutual Fund,JM Liquid Fund (Direct) - Growth Option,INF192K01CM6,,Open Ended Schemes,Debt Scheme - Liquid Fund,75.33,05-Apr-2026
120407,JM Financial Mutual Fund,JM Liquid Fund (Direct) - Weekly IDCW,INF192K01CI4,INF192K01CJ2,Open Ended Schemes,Debt Scheme - Liquid Fund,11.0278,05-Apr-2026
120408,JM Financial Mutual Fund,JM Liquid Fund (Direct) - Quarterly IDCW,INF192K01CK0,INF192K01CL8,Open Ended Schemes,Debt Scheme - Liquid Fund,42.7679,05-Apr-2026
120410,JM Financial Mutual Fund,JM Liquid Fund (Direct) - Bonus Option - Bonus Option - Principal units,INF192K01CN4,,Open Ended Schemes,Debt Scheme - Liquid Fund,22.4898,27-Jan-2025
120411,JM Financial Mutual Fund,JM Liquid Fund (Direct) - Daily IDCW,,INF192K01CH6,Open Ended Schemes,Debt Scheme - Liquid Fund,10.4302,05-Apr-2026
120423,ICICI Prudential Mutual Fund,ICICI Prudential Floating Interest Fund - Direct Plan - Daily IDCW,,INF109K01P24,Open Ended Schemes,Debt Scheme - Floater Fund,100.1318,02-Apr-2026
120424,ICICI Prudential Mutual Fund,ICICI Prudential Floating Interest Fund - Direct Plan - Weekly IDCW,INF109K01P73,INF109K01P81,Open Ended Schemes,Debt Scheme - Floater Fund,102.2143,02-Apr-2026
120425,ICICI Prudential Mutual Fund,ICICI Prudential Floating Interest Fund - Direct Plan - Growth,INF109K01P57,,Open Ended Schemes,Debt Scheme - Floater Fund,486.3238,02-Apr-2026
120426,ICICI Prudential Mutual Fund,ICICI Prudential Floating Interest Fund - Direct Plan - IDCW Others,INF109K01P65,INF109K01P32,Open Ended Schemes,Debt Scheme - Floater Fund,207.9200,02-Apr-2026
120427,ICICI Prudential Mutual Fund,ICICI Prudential Floating Interest Fund - Direct Plan - Fortnightly IDCW,INF109K01P40,,Open Ended Schemes,Debt Scheme - Floater Fund,101.9935,16-Sep-2022
120428,JM Financial Mutual Fund,JM Medium to Long Duration Fund (Direct) - Bonus Option - Principal Units,INF192K01CX3,,Open Ended Schemes,Debt Scheme - Medium to Long Duration Fund,28.556,27-Jan-2025
120430,JM Financial Mutual Fund,JM Medium to Long Duration Fund (Direct) - Growth Option,INF192K01CW5,,Open Ended Schemes,Debt Scheme - Medium to Long Duration Fund,70.0384,02-Apr-2026
120431,JM Financial Mutual Fund,JM Medium to Long Duration Fund (Direct) - Quarterly IDCW,INF192K01CU9,INF192K01CV7,Open Ended Schemes,Debt Scheme - Medium to Long Duration Fund,24.7485,02-Apr-2026
120432,JM Financial Mutual Fund,JM Dynamic Bond Fund (Direct) - Daily IDCW,,INF192K01CZ8,Open Ended Schemes,Debt Scheme - Dynamic Bond,10.0034,02-Apr-2026
120433,JM Financial Mutual Fund,JM Dynamic Bond Fund (Direct) - Weekly IDCW,,INF192K01DA9,Open Ended Schemes,Debt Scheme - Dynamic Bond,10.4519,02-Apr-2026
120434,JM Financial Mutual Fund,JM Dynamic Bond Fund (Direct) - IDCW,INF192K01DB7,INF192K01DC5,Open Ended Schemes,Debt Scheme - Dynamic Bond,45.3922,02-Apr-2026
120435,JM Financial Mutual Fund,JM Dynamic Bond Fund - (Direct) - Growth Option,INF192K01DD3,,Open Ended Schemes,Debt Scheme - Dynamic Bond,45.1496,02-Apr-2026
120436,Axis Mutual Fund,Axis Banking & PSU Debt Fund - Direct Plan - Weekly IDCW,INF846K01CV8,INF846K01CW6,Open Ended Schemes,Debt Scheme - Banking and PSU Fund,1033.8266,02-Apr-2026
120437,Axis Mutual Fund,Axis Banking & PSU Debt Fund - Direct Plan - Daily IDCW,,INF846K01CU0,Open Ended Schemes,Debt Scheme - Banking and PSU Fund,1034.6520,02-Apr-2026
120438,Axis Mutual Fund,Axis Banking & PSU Debt Fund - Direct Plan - Growth Option,INF846K01CR6,,Open Ended Schemes,Debt Scheme - Banking and PSU Fund,2809.3339,02-Apr-2026
120439,Axis Mutual Fund,Axis Banking & PSU Debt Fund - Direct Plan - Monthly IDCW,INF846K01CT2,INF846K01CS4,Open Ended Schemes,Debt Scheme - Banking and PSU Fund,1029.4287,02-Apr-2026
120443,Invesco Mutual Fund,Invesco India Banking and PSU Fund - Direct Plan - Daily IDCW (Reinvestment),,INF205K01KS6,Open Ended Schemes,Debt Scheme - Banking and PSU Fund,1054.8161,02-Apr-2026
120444,Invesco Mutual Fund,Invesco India Banking and PSU Fund - Direct Plan -  Growth Option,INF205K01KT4,,Open Ended Schemes,Debt Scheme - Banking and PSU Fund,2493.518,02-Apr-2026
120445,Invesco Mutual Fund,Invesco India Banking and PSU Fund - Direct Plan - Monthly IDCW (Payout / Reinvestment),INF205K01KU2,INF205K01KV0,Open Ended Schemes,Debt Scheme - Banking and PSU Fund,1001.8519,02-Apr-2026
120447,Axis Mutual Fund,Axis Gilt Fund - Direct Plan - Growth Option,INF846K01DD4,,Open Ended Schemes,Debt Scheme - Gilt Fund,27.2055,02-Apr-2026
120448,Axis Mutual Fund,Axis Gilt Fund - Direct Plan - Half Yearly IDCW,INF846K01DF9,INF846K01DE2,Open Ended Schemes,Debt Scheme - Gilt Fund,12.0352,02-Apr-2026
120449,Axis Mutual Fund,Axis Gilt Fund - Direct Plan - Regular IDCW,INF846K01DG7,INF846K01DH5,Open Ended Schemes,Debt Scheme - Gilt Fund,9.8081,02-Apr-2026
120450,Axis Mutual Fund,Axis Dynamic Bond Fund - Direct Plan - Half Yearly IDCW,INF846K01DJ1,INF846K01DK9,Open Ended Schemes,Debt Scheme - Dynamic Bond,12.6296,02-Apr-2026
120451,Axis Mutual Fund,Axis Dynamic Bond Fund - Direct Plan - Growth Option,INF846K01DI3,,Open Ended Schemes,Debt Scheme - Dynamic Bond,33.2708,02-Apr-2026
120452,Axis Mutual Fund,Axis Dynamic Bond Fund - Direct Plan - Quarterly IDCW,INF846K01DL7,INF846K01DM5,Open Ended Schemes,Debt Scheme - Dynamic Bond,11.1475,02-Apr-2026
120474,Axis Mutual Fund,Axis Strategic Bond Fund - Direct Plan - Half Yearly IDCW,INF846K01DU8,INF846K01DV6,Open Ended Schemes,Debt Scheme - Medium Duration Fund,11.6521,02-Apr-2026
120475,Axis Mutual Fund,Axis Strategic Bond Fund - Direct Plan - Growth Option,INF846K01DT0,,Open Ended Schemes,Debt Scheme - Medium Duration Fund,32.0712,02-Apr-2026
120476,Axis Mutual Fund,Axis Strategic Bond Fund - Direct Plan - Quarterly IDCW,INF846K01DW4,INF846K01DX2,Open Ended Schemes,Debt Scheme - Medium Duration Fund,10.2733,02-Apr-2026
120496,Invesco Mutual Fund,Invesco India Corporate Bond Fund - Direct Plan - Monthly IDCW (Payout / Reinvestment),INF205K01RG6,INF205K01RH4,Open Ended Schemes,Debt Scheme - Corporate Bond Fund,1244.8219,02-Apr-2026
120497,Invesco Mutual Fund,Invesco India Corporate Bond Fund - Direct Plan - Growth,INF205K01RF8,,Open Ended Schemes,Debt Scheme - Corporate Bond Fund,3502.5832,02-Apr-2026
120499,Invesco Mutual Fund,Invesco India Corporate Bond Fund - Direct Plan - Discretionary IDCW (Payout / Reinvestment),INF205K01RD3,INF205K01RE1,Open Ended Schemes,Debt Scheme - Corporate Bond Fund,3503.7017,02-Apr-2026
120500,Invesco Mutual Fund,Invesco India Corporate Bond Fund - Direct Plan - Annual IDCW (Payout / Reinvestment),INF205K01RA9,INF205K01RB7,Open Ended Schemes,Debt Scheme - Corporate Bond Fund,1203.2623,02-Apr-2026
120501,Invesco Mutual Fund,Invesco India Corporate Bond Fund - Direct Plan - Quarterly IDCW (Payout / Reinvestment),INF205K01RI2,INF205K01RJ0,Open Ended Schemes,Debt Scheme - Corporate Bond Fund,1147.6992,02-Apr-2026
120506,Invesco Mutual Fund,Invesco India Money Market Fund - Direct Plan - Daily IDCW (Reinvestment),,INF205K01RV5,Open Ended Schemes,Debt Scheme - Money Market Fund,1012.2021,02-Apr-2026
120507,Invesco Mutual Fund,Invesco India Money Market Fund - Direct Plan - Growth,INF205K01RY9,,Open Ended Schemes,Debt Scheme - Money Market Fund,3296.6244,02-Apr-2026
120508,Invesco Mutual Fund,Invesco India Money Market Fund - Direct Plan - Discretionary IDCW (Payout / Reinvestment),INF205K01RW3,INF205K01RX1,Open Ended Schemes,Debt Scheme - Money Market Fund,2953.2898,02-Apr-2026
120509,Invesco Mutual Fund,Invesco India Money Market Fund - Direct Plan - Monthly IDCW (Payout / Reinvestment),INF205K01RZ6,INF205K01SA7,Open Ended Schemes,Debt Scheme - Money Market Fund,1202.2274,02-Apr-2026
120510,Axis Mutual Fund,Axis Short Duration Fund - Direct Plan - Growth Option,INF846K01EI1,,Open Ended Schemes,Debt Scheme - Short Duration Fund,35.0576,02-Apr-2026
120511,Axis Mutual Fund,Axis Short Duration Fund - Direct Plan - Monthly IDCW,INF846K01EJ9,INF846K01EK7,Open Ended Schemes,Debt Scheme - Short Duration Fund,9.9878,02-Apr-2026
120512,Axis Mutual Fund,Axis Short Duration Fund - Direct Plan - Weekly IDCW,INF846K01EL5,INF846K01EM3,Open Ended Schemes,Debt Scheme - Short Duration Fund,10.2014,02-Apr-2026
120513,Axis Mutual Fund,Axis Treasury Advantage Fund - Direct Plan - Growth Option,INF846K01EN1,,Open Ended Schemes,Debt Scheme - Low Duration Fund,3394.4163,02-Apr-2026
120514,Axis Mutual Fund,Axis Treasury Advantage Fund - Direct Plan - Weekly IDCW,INF846K01ER2,INF846K01ES0,Open Ended Schemes,Debt Scheme - Low Duration Fund,1011.7499,02-Apr-2026
120515,Axis Mutual Fund,Axis Treasury Advantage Fund - Direct Plan - Daily IDCW,,INF846K01EQ4,Open Ended Schemes,Debt Scheme - Low Duration Fund,1012.4737,02-Apr-2026
120516,Axis Mutual Fund,Axis Treasury Advantage Fund - Direct Plan - Monthly IDCW,INF846K01EO9,INF846K01EP6,Open Ended Schemes,Debt Scheme - Low Duration Fund,1011.1035,02-Apr-2026
120519,Invesco Mutual Fund,Invesco India Gilt Fund - Direct Plan - Annual IDCW (Payout / Reinvestment),INF205K01SL4,INF205K01SM2,Open Ended Schemes,Debt Scheme - Gilt Fund,1146.5106,02-Apr-2026
120520,Invesco Mutual Fund,Invesco India Gilt Fund - Direct  Plan - Growth,INF205K01SN0,,Open Ended Schemes,Debt Scheme - Gilt Fund,3061.5165,02-Apr-2026
120521,Invesco Mutual Fund,Invesco India Gilt Fund - Direct Plan - Monthly IDCW (Reinvestment),,INF205K01SO8,Open Ended Schemes,Debt Scheme - Gilt Fund,2389.0431,02-Apr-2026
120522,Invesco Mutual Fund,Invesco India Gilt Fund - Direct Plan - Quarterly IDCW (Payout / Reinvestment),INF205K01SP5,INF205K01SQ3,Open Ended Schemes,Debt Scheme - Gilt Fund,1060.9292,02-Apr-2026
120534,Invesco Mutual Fund,Invesco India Liquid Fund - Direct Plan- Daily IDCW (Reinvestment),,INF205K01ME2,Open Ended Schemes,Debt Scheme - Liquid Fund,1005.8604,03-Apr-2026
120535,Invesco Mutual Fund,Invesco India Liquid Fund - Direct Plan - Weekly IDCW (Reinvestment),INF205KA1BE5,INF205K01MI3,Open Ended Schemes,Debt Scheme - Liquid Fund,1074.5641,03-Apr-2026
120536,Invesco Mutual Fund,Invesco India Liquid Fund - Direct Plan - Monthly IDCW (Payout / Reinvestment),INF205K01MG7,INF205K01MH5,Open Ended Schemes,Debt Scheme - Liquid Fund,1085.3088,03-Apr-2026
120537,Invesco Mutual Fund,Invesco India Liquid Fund - Direct Plan - Growth,INF205K01MF9,,Open Ended Schemes,Debt Scheme - Liquid Fund,3787.6757,03-Apr-2026
120558,UTI Mutual Fund,UTI Liquid Fund - Direct Plan - Daily IDCW (Reinvestment),,INF789F01XP8,Open Ended Schemes,Debt Scheme - Liquid Fund,1065.3388,04-Apr-2026
120566,Invesco Mutual Fund,Invesco India Low Duration Fund - Direct Plan -Daily IDCW (Reinvestment),,INF205K01NV4,Open Ended Schemes,Debt Scheme - Low Duration Fund,1018.9655,02-Apr-2026
120567,Invesco Mutual Fund,Invesco India Low Duration Fund - Direct Plan - Discretionary IDCW (Payout / Reinvestment),INF205K01NW2,INF205K01NX0,Open Ended Schemes,Debt Scheme - Low Duration Fund,4115.6014,02-Apr-2026
120568,Invesco Mutual Fund,Invesco India Low Duration Fund - Direct Plan - Weekly IDCW (Payout / Reinvestment),INF205K01OB4,INF205K01OC2,Open Ended Schemes,Debt Scheme - Low Duration Fund,1206.0279,02-Apr-2026
120570,Invesco Mutual Fund,Invesco India Low Duration Fund - Direct Plan - Growth,INF205K01NY8,,Open Ended Schemes,Debt Scheme - Low Duration Fund,4113.7496,02-Apr-2026
120571,Invesco Mutual Fund,Invesco India Low Duration Fund - Direct Plan - Monthly IDCW (Payout / Reinvestment),INF205K01NZ5,INF205K01OA6,Open Ended Schemes,Debt Scheme - Low Duration Fund,1086.0039,02-Apr-2026
120589,ICICI Prudential Mutual Fund,ICICI Prudential Gilt Fund - Direct Plan - IDCW,INF109K016C9,INF109K017C7,Open Ended Schemes,Debt Scheme - Gilt Fund,17.7497,02-Apr-2026
120590,ICICI Prudential Mutual Fund,ICICI Prudential Gilt Fund - Direct Plan - Growth,INF109K018C5,,Open Ended Schemes,Debt Scheme - Gilt Fund,111.2253,02-Apr-2026
120600,ICICI Prudential Mutual Fund,ICICI Prudential All Seasons Bond Fund - Direct Plan - IDCW,INF109K014E0,INF109K015E7,Open Ended Schemes,Debt Scheme - Dynamic Bond,26.5049,02-Apr-2026
120601,ICICI Prudential Mutual Fund,ICICI Prudential All Seasons Bond Fund - Direct Plan - Annual IDCW,INF109K012E4,INF109K013E2,Open Ended Schemes,Debt Scheme - Dynamic Bond,11.0866,02-Apr-2026
120602,ICICI Prudential Mutual Fund,ICICI Prudential All Seasons Bond Fund - Direct Plan - Quarterly IDCW,INF109K017E3,INF109K018E1,Open Ended Schemes,Debt Scheme - Dynamic Bond,11.8862,02-Apr-2026
120603,ICICI Prudential Mutual Fund,ICICI Prudential All Seasons Bond Fund - Direct Plan - Growth,INF109K016E5,,Open Ended Schemes,Debt Scheme - Dynamic Bond,40.8440,02-Apr-2026
120604,ICICI Prudential Mutual Fund,ICICI Prudential All Seasons Bond Fund - Direct Plan - Weekly IDCW,INF109K019E9,INF109K010F5,Open Ended Schemes,Debt Scheme - Dynamic Bond,10.4151,02-Apr-2026
120607,ICICI Prudential Mutual Fund,ICICI Prudential Short Term Gilt Fund - Direct Plan -  Dividend,INF109K012D6,INF109K013D4,Open Ended Schemes,Debt Scheme - Gilt Fund,12.2962,25-May-2018
120608,ICICI Prudential Mutual Fund,ICICI Prudential Short Term Gilt Fund - Direct Plan -  Growth,INF109K014D2,,Open Ended Schemes,Debt Scheme - Gilt Fund,44.6880,25-May-2018
120609,ICICI Prudential Mutual Fund,ICICI Prudential Short Term Gilt Fund - Direct Plan -  Half Yearly Dividend,INF109K015D9,INF109K016D7,Open Ended Schemes,Debt Scheme - Gilt Fund,10.7239,06-Oct-2017
120617,ICICI Prudential Mutual Fund,ICICI Prudential Bond Fund - Direct Plan - IDCW Monthly,INF109K01V59,INF109K01V67,Open Ended Schemes,Debt Scheme - Medium to Long Duration Fund,11.3258,02-Apr-2026
120618,ICICI Prudential Mutual Fund,ICICI Prudential Bond Fund - Direct Plan - IDCW Quarterly,INF109K01V75,INF109K01V91,Open Ended Schemes,Debt Scheme - Medium to Long Duration Fund,11.5535,02-Apr-2026
120619,ICICI Prudential Mutual Fund,ICICI Prudential Bond Fund - Direct Plan - Growth,INF109K01V83,,Open Ended Schemes,Debt Scheme - Medium to Long Duration Fund,43.1168,02-Apr-2026
120670,ICICI Prudential Mutual Fund,ICICI Prudential Medium Term Bond Fund - Direct Plan - Growth,INF109K015A5,,Open Ended Schemes,Debt Scheme - Medium Duration Fund,51.5768,02-Apr-2026
120671,ICICI Prudential Mutual Fund,ICICI Prudential Medium Term Bond Fund - Direct Plan - Quarterly IDCW,INF109K018A9,INF109K019A7,Open Ended Schemes,Debt Scheme - Medium Duration Fund,11.3688,02-Apr-2026
120672,ICICI Prudential Mutual Fund,ICICI Prudential Medium Term Bond Fund - Direct Plan - Half Yearly IDCW,INF109K016A3,INF109K017A1,Open Ended Schemes,Debt Scheme - Medium Duration Fund,11.1332,16-Sep-2022
120689,UTI Mutual Fund,UTI Medium to Long Duration Fund-Growth - Direct,INF789F01SQ6,,Open Ended Schemes,Debt Scheme - Medium to Long Duration Fund,80.4835,02-Apr-2026
120690,UTI Mutual Fund,UTI Medium to Long Duration Fund - Direct Plan - Quarterly IDCW,INF789F01SO1,INF789F01SP8,Open Ended Schemes,Debt Scheme - Medium to Long Duration Fund,25.3993,02-Apr-2026
120692,ICICI Prudential Mutual Fund,ICICI Prudential Corporate Bond Fund - Direct Plan - Growth,INF109K016B1,,Open Ended Schemes,Debt Scheme - Corporate Bond Fund,32.4082,02-Apr-2026
120693,ICICI Prudential Mutual Fund,ICICI Prudential Corporate Bond Fund - Direct Plan - Weekly IDCW,INF109K010C2,INF109K011C0,Open Ended Schemes,Debt Scheme - Corporate Bond Fund,10.2332,16-Sep-2022
120694,ICICI Prudential Mutual Fund,ICICI Prudential Corporate Bond Fund - Direct Plan - Quarterly IDCW,INF109K019B5,INF109K012C8,Open Ended Schemes,Debt Scheme - Corporate Bond Fund,15.3262,02-Apr-2026
120695,ICICI Prudential Mutual Fund,ICICI Prudential Corporate Bond Fund - Direct Plan - Daily IDCW,INF109K013B8,,Open Ended Schemes,Debt Scheme - Corporate Bond Fund,10.1008,16-Sep-2022
120696,ICICI Prudential Mutual Fund,ICICI Prudential Corporate Bond Fund - Direct Plan - Fortnightly IDCW,INF109K014B6,INF109K015B3,Open Ended Schemes,Debt Scheme - Corporate Bond Fund,12.1669,16-Sep-2022
120697,ICICI Prudential Mutual Fund,ICICI Prudential Corporate Bond Fund - Direct Plan - Monthly IDCW,INF109K017B9,INF109K018B7,Open Ended Schemes,Debt Scheme - Corporate Bond Fund,10.1703,02-Apr-2026
120709,ICICI Prudential Mutual Fund,ICICI Prudential Credit Risk Fund - Direct Plan - Quarterly IDCW,INF109K01V34,INF109K01V42,Open Ended Schemes,Debt Scheme - Credit Risk Fund,11.8150,02-Apr-2026
120710,ICICI Prudential Mutual Fund,ICICI Prudential Credit Risk Fund - Direct Plan - Half Yearly IDCW,INF109K01V18,INF109K01V26,Open Ended Schemes,Debt Scheme - Credit Risk Fund,10.9750,16-Sep-2022
120711,ICICI Prudential Mutual Fund,ICICI Prudential Credit Risk Fund - Direct Plan - Growth,INF109K01V00,,Open Ended Schemes,Debt Scheme - Credit Risk Fund,37.0768,02-Apr-2026
120734,UTI Mutual Fund,UTI Low Duration Fund - Direct Plan - Quarterly IDCW,INF789F01XL7,INF789F01XM5,Open Ended Schemes,Debt Scheme - Low Duration Fund,2020.0338,02-Apr-2026
120735,UTI Mutual Fund,UTI Low Duration Fund - Direct Plan - Growth Option,INF789F01XI3,,Open Ended Schemes,Debt Scheme - Low Duration Fund,3767.5256,02-Apr-2026
120736,UTI Mutual Fund,UTI Low Duration Fund - Direct Plan - Monthly IDCW,INF789F01XJ1,INF789F01XK9,Open Ended Schemes,Debt Scheme - Low Duration Fund,1470.9493,02-Apr-2026
120737,UTI Mutual Fund,UTI Low Duration Fund - Direct Plan - Daily IDCW (Reinvestment),,INF789F01XE2,Open Ended Schemes,Debt Scheme - Low Duration Fund,1438.4239,02-Apr-2026
120738,UTI Mutual Fund,UTI Low Duration Fund - Direct Plan - Bonus Option,INF789F01XH5,,Open Ended Schemes,Debt Scheme - Low Duration Fund,2199.7192,01-Mar-2021
120739,UTI Mutual Fund,UTI Low Duration Fund - Direct Plan - Weekly IDCW,INF789F01XN3,INF789F01XO1,Open Ended Schemes,Debt Scheme - Low Duration Fund,1022.9878,02-Apr-2026
120743,ICICI Prudential Mutual Fund,ICICI Prudential Long Term Bond Fund - Direct Plan - Growth,INF109K017L8,,Open Ended Schemes,Debt Scheme - Long Duration Fund,96.1899,02-Apr-2026
120747,ICICI Prudential Mutual Fund,ICICI Prudential Long Term Bond Fund - Direct Plan - Quarterly IDCW,INF109K010M1,INF109K011M9,Open Ended Schemes,Debt Scheme - Long Duration Fund,12.3050,02-Apr-2026
120748,ICICI Prudential Mutual Fund,ICICI Prudential Long Term Bond Fund - Direct Plan - Half Yearly IDCW,INF109K018L6,INF109K019L4,Open Ended Schemes,Debt Scheme - Long Duration Fund,11.9879,16-Sep-2022
120754,ICICI Prudential Mutual Fund,ICICI Prudential Short Term Fund - Direct Plan - Growth Option,INF109K013N3,,Open Ended Schemes,Debt Scheme - Short Duration Fund,68.3626,02-Apr-2026
120762,UTI Mutual Fund,UTI Dynamic Bond Fund - Direct Plan - Growth Option,INF789F01XD4,,Open Ended Schemes,Debt Scheme - Dynamic Bond,34.4815,02-Apr-2026
120763,UTI Mutual Fund,UTI Dynamic Bond Fund - Direct Plan - Quarterly IDCW,INF789F01XB8,INF789F01XC6,Open Ended Schemes,Debt Scheme - Dynamic Bond,26.5349,02-Apr-2026
120764,UTI Mutual Fund,UTI Credit Risk Fund - Direct Plan - Growth Option,INF789F01YB6,,Open Ended Schemes,Debt Scheme - Credit Risk Fund,20.1503,02-Apr-2026
120765,UTI Mutual Fund,UTI Credit Risk Fund - Direct Plan - Quarterly IDCW,INF789F01YC4,INF789F01YD2,Open Ended Schemes,Debt Scheme - Credit Risk Fund,14.2191,02-Apr-2026
120772,UTI Mutual Fund,UTI Money Market Fund - Direct Plan - Daily IDCW (Reinvestment),,INF789F01XU8,Open Ended Schemes,Debt Scheme - Money Market Fund,1030.8797,02-Apr-2026
120777,UTI Mutual Fund,UTI Liquid Fund - Direct Plan - Weekly IDCW,,INF789F01XT0,Open Ended Schemes,Debt Scheme - Liquid Fund,1160.2738,04-Apr-2026
120785,UTI Mutual Fund,UTI - Overnight Fund - Direct Plan - Growth Option,INF789FB1S71,,Open Ended Schemes,Debt Scheme - Overnight Fund,3689.0756,04-Apr-2026
120786,UTI Mutual Fund,UTI Overnight Fund - Direct Plan - Periodic IDCW,INF789FB1T05,INF789FB1S97,Open Ended Schemes,Debt Scheme - Overnight Fund,1936.0782,04-Apr-2026
120791,UTI Mutual Fund,UTI Gilt Fund - Direct Plan - IDCW,INF789F01TJ9,INF789F01TK7,Open Ended Schemes,Debt Scheme - Gilt Fund,30.5472,02-Apr-2026
120792,UTI Mutual Fund,UTI - GILT FUND - Direct Plan - Growth Option,INF789F01TL5,,Open Ended Schemes,Debt Scheme - Gilt Fund,66.0071,02-Apr-2026
120793,UTI Mutual Fund,UTI Money Market Fund - Direct Plan - Weekly IDCW,INF789F01XW4,INF789F01XX2,Open Ended Schemes,Debt Scheme - Money Market Fund,1117.4759,02-Apr-2026
120794,UTI Mutual Fund,UTI Liquid Fund - Direct Plan - Monthly IDCW,INF789F01XR4,INF789F01XS2,Open Ended Schemes,Debt Scheme - Liquid Fund,1044.4613,04-Apr-2026
120836,quant Mutual Fund,quant Liquid Fund-Daily IDCW Option - Direct Plan,,INF966L01770,Open Ended Schemes,Debt Scheme - Liquid Fund,13.2077,02-Apr-2026
120837,quant Mutual Fund,quant Liquid Fund - Growth Option - Direct Plan,INF966L01820,,Open Ended Schemes,Debt Scheme - Liquid Fund,44.2992,02-Apr-2026
120838,quant Mutual Fund,quant Liquid Fund - Monthly IDCW Option - Direct Plan,INF966L01796,INF966L01812,Open Ended Schemes,Debt Scheme - Liquid Fund,15.7607,02-Apr-2026
120839,quant Mutual Fund,quant Liquid Fund - Weekly IDCW Option - Direct Plan,INF966L01788,INF966L01804,Open Ended Schemes,Debt Scheme - Liquid Fund,14.6726,02-Apr-2026
121279,Bandhan Mutual Fund,Bandhan Banking and PSU Fund - Direct Growth,INF194K015G8,,Open Ended Schemes,Debt Scheme - Banking and PSU Fund,26.2054,02-Apr-2026
121280,Bandhan Mutual Fund,Bandhan Banking and PSU Fund - Regular Growth,INF194K01SN6,,Open Ended Schemes,Debt Scheme - Banking and PSU Fund,25.4052,02-Apr-2026
121281,Bandhan Mutual Fund,Bandhan Banking and PSU Fund - Direct IDCW,INF194K016G6,INF194K017G4,Open Ended Schemes,Debt Scheme - Banking and PSU Fund,13.7846,02-Apr-2026
121282,Bandhan Mutual Fund,Bandhan Banking and PSU Fund - Regular IDCW,INF194K01SO4,INF194K012D2,Open Ended Schemes,Debt Scheme - Banking and PSU Fund,13.7187,02-Apr-2026
121931,Bandhan Mutual Fund,Bandhan Banking and PSU Fund - Regular Fortnightly IDCW,,INF194K016M4,Open Ended Schemes,Debt Scheme - Banking and PSU Fund,10.5884,02-Apr-2026
121932,Bandhan Mutual Fund,Bandhan Banking and PSU Fund - Regular Monthly IDCW,,INF194K017M2,Open Ended Schemes,Debt Scheme - Banking and PSU Fund,10.6517,02-Apr-2026
121933,Bandhan Mutual Fund,Bandhan Banking and PSU Fund - Regular Annual IDCW,INF194K015M6,,Open Ended Schemes,Debt Scheme - Banking and PSU Fund,11.0426,02-Apr-2026
121934,Bandhan Mutual Fund,Bandhan Banking and PSU Fund - Direct Fortnightly IDCW,,INF194K010N5,Open Ended Schemes,Debt Scheme - Banking and PSU Fund,10.4356,02-Apr-2026
121935,Bandhan Mutual Fund,Bandhan Banking and PSU Fund - Direct Monthly IDCW,,INF194K011N3,Open Ended Schemes,Debt Scheme - Banking and PSU Fund,10.4110,02-Apr-2026
121936,Bandhan Mutual Fund,Bandhan Banking and PSU Fund - Direct Annual IDCW,INF194K019M8,,Open Ended Schemes,Debt Scheme - Banking and PSU Fund,11.9820,02-Apr-2026
121937,Bandhan Mutual Fund,Bandhan Banking and PSU Fund - Regular Quarterly IDCW,INF194K014M9,,Open Ended Schemes,Debt Scheme - Banking and PSU Fund,10.8131,02-Apr-2026
121938,Bandhan Mutual Fund,Bandhan Banking and PSU Fund - Direct Quarterly IDCW,INF194K018M0,,Open Ended Schemes,Debt Scheme - Banking and PSU Fund,10.9157,02-Apr-2026
121940,SBI Mutual Fund,SBI Medium to Long Duration Fund - Direct Plan - Quarterly Income Distribution cum Capital Withdrawal Option (IDCW),INF200K01YS8,INF200K01YT6,Open Ended Schemes,Debt Scheme - Medium to Long Duration Fund,22.4451,02-Apr-2026
121944,SBI Mutual Fund,SBI Medium to Long Duration Fund - Regular Plan - Quarterly Income Distribution cum Capital Withdrawal Option (IDCW),INF200K01YQ2,INF200K01YR0,Open Ended Schemes,Debt Scheme - Medium to Long Duration Fund,20.0620,02-Apr-2026
122260,PGIM India Mutual Fund,PGIM India Dynamic Bond Fund-Bonus Option,INF663L01BF0,,Open Ended Schemes,Debt Scheme - Dynamic Bond,1631.8015,21-Jun-2017
122315,JM Financial Mutual Fund,JM Dynamic Bond Fund - (Direct) - Bonus Option-Principal Units,INF192K01EZ4,,Open Ended Schemes,Debt Scheme - Dynamic Bond,42.4963,27-Jan-2025
122323,JM Financial Mutual Fund,JM Dynamic Bond Fund (Regular) - Bonus Option - Principal Units,INF192K01EX9,,Open Ended Schemes,Debt Scheme - Dynamic Bond,40.0725,27-Jan-2025
122443,Franklin Templeton Mutual Fund,Franklin India Money Market Fund Retail Option - Daily - IDCW,,INF090I01KM9,Open Ended Schemes,Debt Scheme - Money Market Fund,10.0751,02-Apr-2026
122444,Franklin Templeton Mutual Fund,Franklin India Money Market Fund Retail Option - Direct - Daily - IDCW,,INF090I01KN7,Open Ended Schemes,Debt Scheme - Money Market Fund,10.0865,02-Apr-2026
122531,ICICI Prudential Mutual Fund,ICICI Prudential Savings Fund - Monthly IDCW,INF109K014Z5,INF109K013Z7,Open Ended Schemes,Debt Scheme - Low Duration Fund,101.6450,02-Apr-2026
122606,ICICI Prudential Mutual Fund,ICICI Prudential Floating Interest Fund - Monthly IDCW,INF109KA1038,INF109KA1020,Open Ended Schemes,Debt Scheme - Floater Fund,103.1015,16-Sep-2022
122607,ICICI Prudential Mutual Fund,ICICI Prudential Floating Interest Fund - Direct Plan - Monthly IDCW,INF109K018Z6,INF109K017Z8,Open Ended Schemes,Debt Scheme - Floater Fund,102.6565,16-Sep-2022
122612,360 ONE Mutual Fund,360 ONE Dynamic Bond Fund - Regular Plan - Growth Option,INF579M01183,,Open Ended Schemes,Debt Scheme - Dynamic Bond,23.2305,02-Apr-2026
122618,Bandhan Mutual Fund,BANDHAN Dynamic Bond Fund-Direct Plan-Half Yearly IDCW,INF194K011P8,INF194K012P6,Open Ended Schemes,Debt Scheme - Dynamic Bond,10.8435,02-Apr-2026
122643,Aditya Birla Sun Life Mutual Fund,Aditya Birla Sun Life Floating Rate Fund-Regular - DAILY IDCW,,INF209KA1LN1,Open Ended Schemes,Debt Scheme - Floater Fund,100.4304,02-Apr-2026
122644,Aditya Birla Sun Life Mutual Fund,Aditya Birla Sun Life Floating Rate Fund-Regular Plan-Growth,INF209K01MG9,,Open Ended Schemes,Debt Scheme - Floater Fund,363.1944,02-Apr-2026
122645,Aditya Birla Sun Life Mutual Fund,Aditya Birla Sun Life Floating Rate Fund-Direct - daily IDCW,INF209K01UW9,,Open Ended Schemes,Debt Scheme - Floater Fund,100.1014,02-Apr-2026
122646,Aditya Birla Sun Life Mutual Fund,Aditya Birla Sun Life Floating Rate Fund-Direct Plan-Growth,INF209K01UX7,,Open Ended Schemes,Debt Scheme - Floater Fund,373.8546,02-Apr-2026
122647,Aditya Birla Sun Life Mutual Fund,Aditya Birla Sun Life Floating Rate Fund-REGULAR - WEEKLY IDCW,,INF209K01MH7,Open Ended Schemes,Debt Scheme - Floater Fund,101.1644,02-Apr-2026
122648,Aditya Birla Sun Life Mutual Fund,Aditya Birla Sun Life Floating Rate Fund-Direct - weekly IDCW,INF209K01UY5,,Open Ended Schemes,Debt Scheme - Floater Fund,101.2323,02-Apr-2026
122649,Aditya Birla Sun Life Mutual Fund,Aditya Birla Sun Life Floating Rate Fund-RETAIL - WEEKLY IDCW,,INF209K01MI5,Open Ended Schemes,Debt Scheme - Floater Fund,101.2948,02-Apr-2026
122650,Aditya Birla Sun Life Mutual Fund,Aditya Birla Sun Life Floating Rate Fund-Retail Plan-Growth,INF209K01MF1,,Open Ended Schemes,Debt Scheme - Floater Fund,525.3148,02-Apr-2026
122651,ICICI Prudential Mutual Fund,ICICI Prudential Savings Fund - Direct Plan - Monthly IDCW,INF109K018Y9,INF109K017Y1,Open Ended Schemes,Debt Scheme - Low Duration Fund,101.6464,02-Apr-2026
122673,ICICI Prudential Mutual Fund,ICICI Prudential Long Term Bond Fund - Bonus,INF109KA1335,,Open Ended Schemes,Debt Scheme - Long Duration Fund,68.2598,24-Apr-2020
122674,ICICI Prudential Mutual Fund,ICICI Prudential Short Term Fund - Bonus,INF109KA1376,,Open Ended Schemes,Debt Scheme - Short Duration Fund,42.3355,24-Apr-2020
122711,360 ONE Mutual Fund,360 ONE Dynamic Bond Fund Regular Plan Bonus,INF579M01191,,Open Ended Schemes,Debt Scheme - Dynamic Bond,23.2304,02-Apr-2026
122712,360 ONE Mutual Fund,360 ONE Dynamic Bond Fund Regular Plan Quarterly Dividend,INF579M01217,INF579M01241,Open Ended Schemes,Debt Scheme - Dynamic Bond,22.4175,02-Apr-2026
122715,360 ONE Mutual Fund,360 ONE Dynamic Bond Fund Direct Plan Growth,INF579M01266,,Open Ended Schemes,Debt Scheme - Dynamic Bond,24.5546,02-Apr-2026
122717,360 ONE Mutual Fund,360 ONE Dynamic Bond Fund Direct Plan Quarterly Dividend,INF579M01290,INF579M01324,Open Ended Schemes,Debt Scheme - Dynamic Bond,22.6548,02-Apr-2026
122719,360 ONE Mutual Fund,360 ONE Dynamic Bond Fund Regular Plan Monthly Dividend,INF579M01209,INF579M01233,Open Ended Schemes,Debt Scheme - Dynamic Bond,12.8015,02-Apr-2026
122720,360 ONE Mutual Fund,360 ONE Dynamic Bond Fund Regular Plan Half Yearly Dividend,INF579M01225,INF579M01258,Open Ended Schemes,Debt Scheme - Dynamic Bond,22.4174,02-Apr-2026
122721,360 ONE Mutual Fund,360 ONE Dynamic Bond Fund Direct Plan Monthly Dividend,INF579M01282,INF579M01316,Open Ended Schemes,Debt Scheme - Dynamic Bond,13.8675,02-Apr-2026
122748,ICICI Prudential Mutual Fund,ICICI Prudential Savings Fund - Fortnightly IDCW,INF109K012Z9,INF109K011Z1,Open Ended Schemes,Debt Scheme - Low Duration Fund,101.6631,02-Apr-2026
122868,Bandhan Mutual Fund,BANDHAN Dynamic Bond Fund - Regular Plan B - Half Yearly IDCW,INF194K018R9,INF194K019R7,Open Ended Schemes,Debt Scheme - Dynamic Bond,10.6419,02-Apr-2026
122891,ICICI Prudential Mutual Fund,ICICI Prudential Floating Interest Fund - Quarterly IDCW,INF109KA1053,INF109KA1046,Open Ended Schemes,Debt Scheme - Floater Fund,107.1895,16-Sep-2022
122904,ICICI Prudential Mutual Fund,ICICI Prudential Savings Fund - Direct Plan - Fortnightly IDCW,INF109K016Y3,INF109K015Y5,Open Ended Schemes,Debt Scheme - Low Duration Fund,101.6645,02-Apr-2026
122909,ICICI Prudential Mutual Fund,ICICI Prudential Short Term Fund - Direct Plan - Bonus,INF109KA1368,,Open Ended Schemes,Debt Scheme - Short Duration Fund,40.9620,28-May-2019
122982,ICICI Prudential Mutual Fund,ICICI Prudential Savings Fund - Direct Plan - Quarterly IDCW,INF109K010Z3,INF109K019Y7,Open Ended Schemes,Debt Scheme - Low Duration Fund,109.5978,02-Apr-2026
122995,ICICI Prudential Mutual Fund,ICICI Prudential Savings Fund - Quarterly IDCW,INF109K016Z0,INF109K015Z2,Open Ended Schemes,Debt Scheme - Low Duration Fund,109.3259,02-Apr-2026
123287,DSP Mutual Fund,DSP Savings Fund - Regular Plan - IDCW - Daily,,INF740KA1PC1,Open Ended Schemes,Debt Scheme - Money Market Fund,10.1021,02-Apr-2026
123288,DSP Mutual Fund,DSP Savings Fund - Direct Plan -  IDCW - Daily,,INF740KA1PB3,Open Ended Schemes,Debt Scheme - Money Market Fund,10.1527,02-Apr-2026
123689,Kotak Mahindra Mutual Fund,Kotak Banking and PSU Debt Direct - Annual Dividend,INF174K01KI5,INF174K01KJ3,Open Ended Schemes,Debt Scheme - Banking and PSU Fund,17.1427,15-Sep-2017
123690,Kotak Mahindra Mutual Fund,Kotak Banking and PSU Debt - Growth,INF174K01FO3,,Open Ended Schemes,Debt Scheme - Banking and PSU Fund,67.5947,02-Apr-2026
123691,Kotak Mahindra Mutual Fund,Kotak Banking and PSU Debt - Monthly Payout of Income Distribution cum capital withdrawal option,INF174K01FQ8,INF174K01FP0,Open Ended Schemes,Debt Scheme - Banking and PSU Fund,12.6997,02-Apr-2026
123692,Kotak Mahindra Mutual Fund,Kotak Banking and PSU Debt Direct - Monthly Payout of Income Distribution cum capital withdrawal option,INF174K01KK1,INF174K01KL9,Open Ended Schemes,Debt Scheme - Banking and PSU Fund,10.2056,02-Apr-2026
123693,Kotak Mahindra Mutual Fund,Kotak Banking and PSU Debt Direct - Growth,INF174K01KH7,,Open Ended Schemes,Debt Scheme - Banking and PSU Fund,70.615,02-Apr-2026
123704,Groww Mutual Fund,Groww Short Duration Fund (formerly known as Indiabulls Short Term Fund) - Direct Plan - Growth Option,INF666M01AC0,,Open Ended Schemes,Debt Scheme - Short Duration Fund,2477.255,02-Apr-2026
123705,Groww Mutual Fund,Groww Short Duration Fund (formerly known as Indiabulls Short Term Fund)- Direct Plan- Weekly - Income Distribution cum capital withdrawal Option (Payout & Reinvestment),INF666M01AG1,INF666M01AD8,Open Ended Schemes,Debt Scheme - Short Duration Fund,1016.8106,02-Apr-2026
123706,Groww Mutual Fund,Groww Short Duration Fund (formerly known as Indiabulls Short Term Fund)- Direct Plan- Fortnightly - Income Distribution cum capital withdrawal Option (Payout & Reinvestment),INF666M01AH9,INF666M01AE6,Open Ended Schemes,Debt Scheme - Short Duration Fund,1016.4778,02-Apr-2026
123707,Groww Mutual Fund,Groww Short Duration Fund (formerly known as Indiabulls Short Term Fund)- Direct Plan- Monthly - Income Distribution cum capital withdrawal Option (Payout & Reinvestment),INF666M01AI7,INF666M01AF3,Open Ended Schemes,Debt Scheme - Short Duration Fund,1016.8726,02-Apr-2026
123708,Groww Mutual Fund,Groww Short Duration Fund (formerly known as Indiabulls Short Term Fund )- Regular Plan - Growth Option,INF666M01AJ5,,Open Ended Schemes,Debt Scheme - Short Duration Fund,2146.4359,02-Apr-2026
123709,Groww Mutual Fund,Groww Short Duration Fund (formerly known as Indiabulls Short Term Fund)- Regular Plan- Weekly - Income Distribution cum capital withdrawal Option (Payout & Reinvestment),INF666M01AN7,INF666M01AK3,Open Ended Schemes,Debt Scheme - Short Duration Fund,1016.2245,02-Apr-2026
123710,Groww Mutual Fund,Groww Short Duration Fund (formerly known as Indiabulls Short Term Fund)- Regular Plan- Fortnightly - Income Distribution cum capital withdrawal Option (Payout & Reinvestment),INF666M01AO5,INF666M01AL1,Open Ended Schemes,Debt Scheme - Short Duration Fund,1015.9565,02-Apr-2026
123711,Groww Mutual Fund,Groww Short Duration Fund (formerly known as Indiabulls Short Term Fund)- Regular Plan- Monthly - Income Distribution cum capital withdrawal Option (Payout & Reinvestment),INF666M01AP2,INF666M01AM9,Open Ended Schemes,Debt Scheme - Short Duration Fund,1022.4826,02-Apr-2026
124172,DSP Mutual Fund,DSP Banking & PSU Debt Fund - Regular Plan - Growth,INF740K01ZP6,,Open Ended Schemes,Debt Scheme - Banking and PSU Fund,24.5479,02-Apr-2026
124173,DSP Mutual Fund,DSP Banking & PSU Debt Fund - Regular Plan - IDCW - Daily Reinvest,,INF740KA1OI1,Open Ended Schemes,Debt Scheme - Banking and PSU Fund,10.0756,02-Apr-2026
124174,DSP Mutual Fund,DSP Banking & PSU Debt Fund - Regular Plan - IDCW,INF740K01ZU6,INF740K01ZV4,Open Ended Schemes,Debt Scheme - Banking and PSU Fund,10.2754,02-Apr-2026
124175,DSP Mutual Fund,DSP Banking & PSU Debt Fund - Direct Plan - Growth,INF740K01ZW2,,Open Ended Schemes,Debt Scheme - Banking and PSU Fund,25.4694,02-Apr-2026
124176,DSP Mutual Fund,DSP Banking & PSU Debt Fund - Direct Plan - IDCW - Monthly,INF740K01ZX0,INF740K01ZY8,Open Ended Schemes,Debt Scheme - Banking and PSU Fund,10.2826,02-Apr-2026
124177,DSP Mutual Fund,DSP Banking & PSU Debt Fund - Direct Plan - IDCW - Quarterly,INF740K01ZZ5,INF740K01A00,Open Ended Schemes,Debt Scheme - Banking and PSU Fund,10.3394,02-Apr-2026
124178,DSP Mutual Fund,DSP Banking & PSU Debt Fund - Direct Plan - IDCW,INF740K01A18,INF740K01A26,Open Ended Schemes,Debt Scheme - Banking and PSU Fund,10.2789,02-Apr-2026
124179,DSP Mutual Fund,DSP Banking & PSU Debt Fund - Regular Plan - IDCW - Weekly,INF740KA1OJ9,INF740KA1OK7,Open Ended Schemes,Debt Scheme - Banking and PSU Fund,10.0796,02-Apr-2026
124180,DSP Mutual Fund,DSP Banking & PSU Debt Fund - Regular Plan - IDCW - Monthly,INF740K01ZQ4,INF740K01ZR2,Open Ended Schemes,Debt Scheme - Banking and PSU Fund,10.2686,02-Apr-2026
124181,DSP Mutual Fund,DSP Banking & PSU Debt Fund - Regular Plan - IDCW - Quarterly,INF740K01ZS0,INF740K01ZT8,Open Ended Schemes,Debt Scheme - Banking and PSU Fund,10.3312,02-Apr-2026
124182,DSP Mutual Fund,DSP Banking & PSU Debt Fund - Direct Plan - IDCW - Daily Reinvest,,INF740KA1OF7,Open Ended Schemes,Debt Scheme - Banking and PSU Fund,10.0780,02-Apr-2026
124183,DSP Mutual Fund,DSP Banking & PSU Debt Fund - Direct Plan - IDCW - Weekly,INF740KA1OG5,INF740KA1OH3,Open Ended Schemes,Debt Scheme - Banking and PSU Fund,10.0818,02-Apr-2026
124265,UTI Mutual Fund,UTI Overnight Fund - Regular Plan - Daily IDCW,,INF789FB1T13,Open Ended Schemes,Debt Scheme - Overnight Fund,1370.8617,04-Apr-2026
124266,UTI Mutual Fund,UTI Overnight Fund - Direct Plan - Daily IDCW,,INF789FB1S89,Open Ended Schemes,Debt Scheme - Overnight Fund,1371.6621,04-Apr-2026
124589,Nippon India Mutual Fund,NIPPON INDIA FLOATER FUND - IDCW Option,INF204KA1DS2,INF204KA1DT0,Open Ended Schemes,Debt Scheme - Floater Fund,21.1508,02-Apr-2026
124590,Nippon India Mutual Fund,NIPPON INDIA FLOATER FUND - DIRECT Plan - IDCW Option,INF204KA1DU8,INF204KA1DV6,Open Ended Schemes,Debt Scheme - Floater Fund,22.0390,02-Apr-2026
124832,Aditya Birla Sun Life Mutual Fund,Aditya Birla Sun Life Corporate Bond Fund -DIRECT - IDCW,INF209KA1KT0,,Open Ended Schemes,Debt Scheme - Corporate Bond Fund,10.2974,02-Apr-2026
124833,Aditya Birla Sun Life Mutual Fund,Aditya Birla Sun Life Corporate Bond Fund -REGULAR - IDCW,INF209KA1KS2,,Open Ended Schemes,Debt Scheme - Corporate Bond Fund,11.5489,02-Apr-2026
125216,ICICI Prudential Mutual Fund,ICICI Prudential Floating Interest Fund - Direct Plan - Quarterly IDCW,INF109KA1012,INF109K019Z4,Open Ended Schemes,Debt Scheme - Floater Fund,108.6397,16-Sep-2022
125259,360 ONE Mutual Fund,360 ONE LIQUID FUND REGULAR PLAN  GROWTH,INF579M01506,,Open Ended Schemes,Debt Scheme - Liquid Fund,2100.8162,05-Apr-2026
125264,Nippon India Mutual Fund,NIPPON INDIA LOW DURATION FUND - DIRECT Plan - IDCW Option,INF204KA1EK7,INF204KA1EL5,Open Ended Schemes,Debt Scheme - Low Duration Fund,2196.7834,02-Apr-2026
125265,Nippon India Mutual Fund,NIPPON INDIA LOW DURATION FUND - IDCW Option,INF204KA1EI1,INF204KA1EJ9,Open Ended Schemes,Debt Scheme - Low Duration Fund,2072.9354,02-Apr-2026
125266,Nippon India Mutual Fund,NIPPON INDIA CORPORATE BOND FUND - DIRECT Plan - IDCW Option,INF204KA1EO9,INF204KA1EP6,Open Ended Schemes,Debt Scheme - Corporate Bond Fund,20.6083,02-Apr-2026
125267,Nippon India Mutual Fund,NIPPON INDIA CORPORATE BOND FUND - IDCW Option,INF204KA1EM3,INF204KA1EN1,Open Ended Schemes,Debt Scheme - Corporate Bond Fund,19.7959,02-Apr-2026
125337,360 ONE Mutual Fund,360 ONE LIQUID FUND REGULAR PLAN  WEEKLY DIVIDEND,INF579M01514,INF579M01571,Open Ended Schemes,Debt Scheme - Liquid Fund,1006.8626,05-Apr-2026
125342,360 ONE Mutual Fund,360 ONE LIQUID FUND REGULAR PLAN  DAILY DIVIDEND REINVESTMENT,,INF579M01563,Open Ended Schemes,Debt Scheme - Liquid Fund,1001.2124,05-Apr-2026
125343,360 ONE Mutual Fund,360 ONE LIQUID FUND DIRECT PLAN  WEEKLY DIVIDEND,INF579M01639,INF579M01696,Open Ended Schemes,Debt Scheme - Liquid Fund,1006.8801,05-Apr-2026
125345,360 ONE Mutual Fund,360 ONE LIQUID FUND DIRECT PLAN  GROWTH,INF579M01621,,Open Ended Schemes,Debt Scheme - Liquid Fund,2115.4963,05-Apr-2026
125349,360 ONE Mutual Fund,360 ONE LIQUID FUND DIRECT PLAN  DAILY DIVIDEND REINVESTMENT,,INF579M01688,Open Ended Schemes,Debt Scheme - Liquid Fund,1001.2124,05-Apr-2026
125498,SBI Mutual Fund,SBI BANKING & PSU FUND - Regular Paln - Growth,INF200K01U41,,Open Ended Schemes,Debt Scheme - Banking and PSU Fund,3204.5427,02-Apr-2026
125499,SBI Mutual Fund,SBI Banking & PSU Fund - Regular Plan - Daily Income Distribution cum Capital Withdrawal Option (IDCW),,INF200K01U58,Open Ended Schemes,Debt Scheme - Banking and PSU Fund,1462.0006,02-Apr-2026
125500,SBI Mutual Fund,SBI Banking & PSU Fund - Regular Plan - Weekly Income Distribution cum Capital Withdrawal Option (IDCW),INF200K01U74,INF200K01U66,Open Ended Schemes,Debt Scheme - Banking and PSU Fund,1461.6536,02-Apr-2026
125501,SBI Mutual Fund,SBI Banking & PSU Fund - Regular Plan - Monthly Income Distribution cum Capital Withdrawal Option (IDCW),INF200K01U82,INF200K01U90,Open Ended Schemes,Debt Scheme - Banking and PSU Fund,1210.7816,02-Apr-2026
125502,SBI Mutual Fund,SBI Banking & PSU Fund - Direct Plan - Daily Income Distribution cum Capital Withdrawal Option (IDCW),,INF200K01V16,Open Ended Schemes,Debt Scheme - Banking and PSU Fund,1504.4512,02-Apr-2026
125503,SBI Mutual Fund,SBI BANKING & PSU FUND - Direct Plan - Growth,INF200K01V08,,Open Ended Schemes,Debt Scheme - Banking and PSU Fund,3415.5410,02-Apr-2026
125504,SBI Mutual Fund,SBI Banking & PSU Fund - Direct Plan - Weekly Income Distribution cum Capital Withdrawal Option (IDCW),INF200K01V32,INF200K01V24,Open Ended Schemes,Debt Scheme - Banking and PSU Fund,1501.1104,02-Apr-2026
125505,SBI Mutual Fund,SBI Banking & PSU Fund - Direct Plan - Monthly Income Distribution cum Capital Withdrawal Option (IDCW),INF200K01V40,INF200K01V57,Open Ended Schemes,Debt Scheme - Banking and PSU Fund,1297.9565,02-Apr-2026
126685,Canara Robeco Mutual Fund,CANARA ROBECO CORPORATE BOND FUND - DIRECT PLAN - GROWTH OPTION,INF760K01HB2,,Open Ended Schemes,Debt Scheme - Corporate Bond Fund,23.9720,02-Apr-2026
126686,Canara Robeco Mutual Fund,CANARA ROBECO CORPORATE BOND FUND - DIRECT PLAN - IDCW (Payout/Reinvestment),INF760K01HC0,INF760K01HD8,Open Ended Schemes,Debt Scheme - Corporate Bond Fund,12.4421,02-Apr-2026
126687,Canara Robeco Mutual Fund,CANARA ROBECO CORPORATE BOND FUND - REGULAR PLAN - GROWTH OPTION,INF760K01GY6,,Open Ended Schemes,Debt Scheme - Corporate Bond Fund,22.2648,02-Apr-2026
126688,Canara Robeco Mutual Fund,CANARA ROBECO CORPORATE BOND FUND - REGULAR PLAN - IDCW (Payout/Reinvestment),INF760K01GZ3,INF760K01HA4,Open Ended Schemes,Debt Scheme - Corporate Bond Fund,11.5726,02-Apr-2026
126939,UTI Mutual Fund,UTI Banking & PSU Fund- Regular Plan - Growth Option,INF789F014Z9,,Open Ended Schemes,Debt Scheme - Banking and PSU Fund,22.8109,02-Apr-2026
126940,UTI Mutual Fund,UTI Banking & PSU Fund - Direct Plan - Growth Option,INF789F015Z6,,Open Ended Schemes,Debt Scheme - Banking and PSU Fund,23.2446,02-Apr-2026
126941,UTI Mutual Fund,UTI Banking & PSU Fund - Regular Plan - Quarterly IDCW,INF789F012Z3,INF789F013Z1,Open Ended Schemes,Debt Scheme - Banking and PSU Fund,15.654,02-Apr-2026
126942,UTI Mutual Fund,UTI Banking & PSU Fund - Direct Plan - Quarterly IDCW,INF789F016Z4,INF789F017Z2,Open Ended Schemes,Debt Scheme - Banking and PSU Fund,17.3006,02-Apr-2026
127470,Bandhan Mutual Fund,Bandhan Banking and PSU Fund - Regular Daily IDCW,,INF194KA1JC5,Open Ended Schemes,Debt Scheme - Banking and PSU Fund,10.8528,02-Apr-2026
127471,Bandhan Mutual Fund,Bandhan Banking and PSU Fund - Direct Daily IDCW,,INF194KA1JD3,Open Ended Schemes,Debt Scheme - Banking and PSU Fund,10.4537,02-Apr-2026
128006,Kotak Mahindra Mutual Fund,Kotak Medium Term Fund - Direct Growth,INF174K01VQ5,,Open Ended Schemes,Debt Scheme - Medium Duration Fund,26.4702,02-Apr-2026
128009,Kotak Mahindra Mutual Fund,Kotak Medium Term Fund - Growth,INF174K01VL6,,Open Ended Schemes,Debt Scheme - Medium Duration Fund,23.6422,02-Apr-2026
128050,HDFC Mutual Fund,HDFC Credit Risk Debt Fund - Quarterly IDCW - Direct Plan,INF179KA1GA4,INF179KA1GB2,Open Ended Schemes,Debt Scheme - Credit Risk Fund,10.7067,02-Apr-2026
128051,HDFC Mutual Fund,HDFC Credit Risk Debt Fund - Growth Option - Direct Plan,INF179KA1FZ3,,Open Ended Schemes,Debt Scheme - Credit Risk Fund,27.2079,02-Apr-2026
128052,HDFC Mutual Fund,HDFC Credit Risk Debt Fund - Quarterly IDCW Option,INF179KA1GD8,INF179KA1GE6,Open Ended Schemes,Debt Scheme - Credit Risk Fund,10.3612,02-Apr-2026
128053,HDFC Mutual Fund,HDFC Credit Risk Debt Fund - Growth Option,INF179KA1GC0,,Open Ended Schemes,Debt Scheme - Credit Risk Fund,25.0726,02-Apr-2026
128078,Kotak Mahindra Mutual Fund,Kotak Medium Term Fund - Standard Income Distribution cum capital withdrawal option,INF174K01VN2,INF174K01VP7,Open Ended Schemes,Debt Scheme - Medium Duration Fund,14.5113,02-Apr-2026
128079,Kotak Mahindra Mutual Fund,Kotak Medium Term Fund - Direct - Standard Income Distribution cum capital withdrawal option,INF174K01VS1,INF174K01VU7,Open Ended Schemes,Debt Scheme - Medium Duration Fund,26.4726,02-Apr-2026
128626,HDFC Mutual Fund,HDFC Banking and PSU Debt Fund - IDCW Option - Direct Plan,INF179KA1JA8,INF179KA1JB6,Open Ended Schemes,Debt Scheme - Banking and PSU Fund,9.9572,02-Apr-2026
128627,HDFC Mutual Fund,HDFC Banking and PSU Debt Fund - IDCW Option,INF179KA1JD2,INF179KA1JE0,Open Ended Schemes,Debt Scheme - Banking and PSU Fund,10.0635,02-Apr-2026
128628,HDFC Mutual Fund,HDFC Banking and PSU Debt Fund - Growth Option,INF179KA1JC4,,Open Ended Schemes,Debt Scheme - Banking and PSU Fund,23.6401,02-Apr-2026
128629,HDFC Mutual Fund,HDFC Banking and PSU Debt Fund - Growth Option - Direct Plan,INF179KA1IZ7,,Open Ended Schemes,Debt Scheme - Banking and PSU Fund,24.6848,02-Apr-2026
128950,Axis Mutual Fund,Axis Short Duration Fund - Regular Plan - Bonus Option,INF846K01NS1,,Open Ended Schemes,Debt Scheme - Short Duration Fund,22.3737,04-May-2020
128952,Axis Mutual Fund,Axis Banking & PSU Debt Fund - Direct Plan - Bonus Option,INF846K01NF8,,Open Ended Schemes,Debt Scheme - Banking and PSU Fund,1532.8272,14-Jun-2017
128953,Axis Mutual Fund,Axis Banking & PSU Debt Fund - Regular Plan - Bonus Option,INF846K01NG6,,Open Ended Schemes,Debt Scheme - Banking and PSU Fund,1289.4075,18-May-2015
128954,Axis Mutual Fund,Axis Liquid Fund - Direct plan - Bonus Option,INF846K01NH4,,Open Ended Schemes,Debt Scheme - Liquid Fund,2215.5705,05-May-2020
128957,Axis Mutual Fund,Axis Gilt Fund - Direct Plan - Bonus Option,INF846K01NJ0,,Open Ended Schemes,Debt Scheme - Gilt Fund,14.7352,06-Oct-2016
128958,Axis Mutual Fund,Axis Strategic Bond Fund - Regular Plan - Bonus Option,INF846K01NO0,,Open Ended Schemes,Debt Scheme - Medium Duration Fund,13.2560,30-Jan-2015
128961,Axis Mutual Fund,Axis Treasury Advantage Fund - Direct Plan - Bonus Option,INF846K01NQ5,,Open Ended Schemes,Debt Scheme - Low Duration Fund,1847.5931,10-Apr-2017
129006,Franklin Templeton Mutual Fund,Franklin India Banking & PSU Debt Fund - Growth,INF090I01KO5,,Open Ended Schemes,Debt Scheme - Banking and PSU Fund,23.2939,02-Apr-2026
129007,Franklin Templeton Mutual Fund,Franklin India Banking and PSU Debt Fund - IDCW,INF090I01KP2,INF090I01KQ0,Open Ended Schemes,Debt Scheme - Banking and PSU Fund,10.7619,02-Apr-2026
129008,Franklin Templeton Mutual Fund,Franklin India Banking & PSU Debt Fund - Direct - Growth,INF090I01KR8,,Open Ended Schemes,Debt Scheme - Banking and PSU Fund,24.3919,02-Apr-2026
129009,Franklin Templeton Mutual Fund,Franklin India Banking and PSU Debt Fund - Direct - IDCW,INF090I01KS6,INF090I01KT4,Open Ended Schemes,Debt Scheme - Banking and PSU Fund,11.3786,02-Apr-2026
129436,Franklin Templeton Mutual Fund,Franklin India Money Market Fund Retail Option - Monthly - IDCW,INF090I01LA2,INF090I01LB0,Open Ended Schemes,Debt Scheme - Money Market Fund,10.4609,02-Apr-2026
129437,Franklin Templeton Mutual Fund,Franklin India Money Market Fund Retail Option - Direct - Monthly - IDCW,INF090I01LC8,INF090I01LD6,Open Ended Schemes,Debt Scheme - Money Market Fund,10.8600,02-Apr-2026
130013,ICICI Prudential Mutual Fund,ICICI Prudential Money Market Fund Option - IDCW Others,INF109K01I64,,Open Ended Schemes,Debt Scheme - Money Market Fund,182.2931,02-Apr-2026
130037,Nippon India Mutual Fund,Nippon India Medium Duration Fund - Growth Option,INF204KA1PZ1,,Open Ended Schemes,Debt Scheme - Medium Duration Fund,16.2969,02-Apr-2026
130050,Nippon India Mutual Fund,Nippon India Medium Duration Fund - Direct Plan - Growth Option,INF204KA1QF1,,Open Ended Schemes,Debt Scheme - Medium Duration Fund,17.7187,02-Apr-2026
130051,Nippon India Mutual Fund,Nippon India Medium Duration  Fund - Bonus Option,INF204KA1QA2,,Open Ended Schemes,Debt Scheme - Medium Duration Fund,10.5217,11-Nov-2020
130052,Nippon India Mutual Fund,Nippon India Medium Duration Fund - Direct Plan - Bonus Option,INF204KA1QG9,,Open Ended Schemes,Debt Scheme - Medium Duration Fund,17.7222,02-Apr-2026
130053,Nippon India Mutual Fund,NIPPON INDIA MEDIUM DURATION FUND - IDCW Option,INF204KA1QB0,INF204KA1QD6,Open Ended Schemes,Debt Scheme - Medium Duration Fund,13.9455,02-Apr-2026
130054,Nippon India Mutual Fund,NIPPON INDIA MEDIUM DURATION FUND - DIRECT Plan - IDCW Option,INF204KA1QH7,INF204KA1QJ3,Open Ended Schemes,Debt Scheme - Medium Duration Fund,14.9451,02-Apr-2026
130055,Nippon India Mutual Fund,NIPPON INDIA MEDIUM DURATION FUND - DIRECT Plan - QUARTERLY IDCW Option,INF204KA1QI5,INF204KA1QK1,Open Ended Schemes,Debt Scheme - Medium Duration Fund,10.8935,02-Apr-2026
130056,Nippon India Mutual Fund,NIPPON INDIA MEDIUM DURATION FUND - QUARTERLY IDCW Option,INF204KA1QC8,INF204KA1QE4,Open Ended Schemes,Debt Scheme - Medium Duration Fund,10.8033,02-Apr-2026
130309,Axis Mutual Fund,Axis Credit Risk Fund - Regular Plan - Growth,INF846K01PO5,,Open Ended Schemes,Debt Scheme - Credit Risk Fund,22.4791,02-Apr-2026
130310,Axis Mutual Fund,Axis Credit Risk Fund - Regular Plan - Weekly IDCW,INF846K01PP2,INF846K01PQ0,Open Ended Schemes,Debt Scheme - Credit Risk Fund,10.1424,02-Apr-2026
130311,Axis Mutual Fund,Axis Credit Risk Fund - Direct Plan - Weekly IDCW,INF846K01PK3,INF846K01PL1,Open Ended Schemes,Debt Scheme - Credit Risk Fund,10.2767,02-Apr-2026
130312,Axis Mutual Fund,Axis Credit Risk Fund - Direct Plan - Monthly IDCW,INF846K01PM9,INF846K01PN7,Open Ended Schemes,Debt Scheme - Credit Risk Fund,10.1322,02-Apr-2026
130313,Axis Mutual Fund,Axis Credit Risk Fund - Regular Plan - Monthly IDCW,INF846K01PR8,INF846K01PS6,Open Ended Schemes,Debt Scheme - Credit Risk Fund,10.0619,02-Apr-2026
130314,Axis Mutual Fund,Axis Credit Risk Fund - Direct Plan - Growth,INF846K01PJ5,,Open Ended Schemes,Debt Scheme - Credit Risk Fund,25.2853,02-Apr-2026
130721,Invesco Mutual Fund,Invesco India Credit Risk Fund - Regular Plan - Growth,INF205K01I34,,Open Ended Schemes,Debt Scheme - Credit Risk Fund,1993.0746,02-Apr-2026
130722,Invesco Mutual Fund,Invesco India Credit Risk Fund - Direct Plan - Growth,INF205K01I83,,Open Ended Schemes,Debt Scheme - Credit Risk Fund,2237.7318,02-Apr-2026
130723,Invesco Mutual Fund,Invesco India Credit Risk Fund - Regular Plan - Monthly IDCW (Payout / Reinvestment),INF205K01I42,INF205K01I67,Open Ended Schemes,Debt Scheme - Credit Risk Fund,1186.4045,02-Apr-2026
130724,Invesco Mutual Fund,Invesco India Credit Risk Fund - Direct Plan - Monthly IDCW (Payout / Reinvestment),INF205K01I91,INF205K01J17,Open Ended Schemes,Debt Scheme - Credit Risk Fund,1175.609,02-Apr-2026
130725,Invesco Mutual Fund,Invesco India Credit Risk Fund - Direct Plan - Discretionary IDCW (Payout / Reinvestment),INF205K01J09,INF205K01J25,Open Ended Schemes,Debt Scheme - Credit Risk Fund,2254.437,02-Apr-2026
130726,Invesco Mutual Fund,Invesco India Credit Risk Fund - Regular Plan - Discretionary IDCW (Payout / Reinvestment),INF205K01I59,INF205K01I75,Open Ended Schemes,Debt Scheme - Credit Risk Fund,1992.455,02-Apr-2026
130897,ICICI Prudential Mutual Fund,ICICI Prudential Banking and PSU Debt Fund - Bonus,INF109KA1B57,,Open Ended Schemes,Debt Scheme - Banking and PSU Fund,15.8889,24-Apr-2020
130899,ICICI Prudential Mutual Fund,ICICI Prudential Floating Interest Fund - Bonus,INF109KA1I43,,Open Ended Schemes,Debt Scheme - Floater Fund,151.7062,24-Apr-2020
130900,ICICI Prudential Mutual Fund,ICICI Prudential Savings Fund - Bonus,INF109KA1I92,,Open Ended Schemes,Debt Scheme - Low Duration Fund,154.9446,24-Apr-2020
130902,ICICI Prudential Mutual Fund,ICICI Prudential Short Term Gilt Fund - Bonus,INF109KA1I68,,Open Ended Schemes,Debt Scheme - Gilt Fund,10.0481,12-May-2015
130903,ICICI Prudential Mutual Fund,ICICI Prudential Gilt Fund - Bonus,INF109KA1H10,,Open Ended Schemes,Debt Scheme - Gilt Fund,12.8414,18-Aug-2016
130932,ICICI Prudential Mutual Fund,ICICI Prudential Bond Fund - Bonus,INF109KA1C72,,Open Ended Schemes,Debt Scheme - Medium to Long Duration Fund,12.4602,02-Jul-2018
130933,ICICI Prudential Mutual Fund,ICICI Prudential Liquid Fund - Bonus,INF109KA1G94,,Open Ended Schemes,Debt Scheme - Liquid Fund,121.0704,08-Mar-2017
130934,ICICI Prudential Mutual Fund,ICICI Prudential Liquid Fund - Direct Plan Bonus,INF109KA1G86,,Open Ended Schemes,Debt Scheme - Liquid Fund,149.1904,24-Apr-2020
130935,ICICI Prudential Mutual Fund,ICICI Prudential Medium Term Bond Fund - Bonus,INF109KA1B99,,Open Ended Schemes,Debt Scheme - Medium Duration Fund,15.0013,24-Apr-2020
130936,ICICI Prudential Mutual Fund,ICICI Prudential Medium Term Bond Fund - Direct Plan Bonus,INF109KA1B81,,Open Ended Schemes,Debt Scheme - Medium Duration Fund,16.1701,24-Apr-2020
130937,ICICI Prudential Mutual Fund,ICICI Prudential All Seasons Bond Fund - Bonus,INF109KA1H36,,Open Ended Schemes,Debt Scheme - Dynamic Bond,17.0248,24-Apr-2020
130938,ICICI Prudential Mutual Fund,ICICI Prudential All Seasons Bond Fund - Direct Plan Bonus,INF109KA1H28,,Open Ended Schemes,Debt Scheme - Dynamic Bond,17.8505,24-Apr-2020
130943,ICICI Prudential Mutual Fund,ICICI Prudential Credit Risk Fund - Bonus,INF109KA1I27,,Open Ended Schemes,Debt Scheme - Credit Risk Fund,15.7498,24-Apr-2020
130944,ICICI Prudential Mutual Fund,ICICI Prudential Credit Risk Fund - Direct Plan Bonus,INF109KA1I19,,Open Ended Schemes,Debt Scheme - Credit Risk Fund,14.6853,06-Feb-2019
130945,ICICI Prudential Mutual Fund,ICICI Prudential Money Market Fund -Bonus,INF109KA1H93,,Open Ended Schemes,Debt Scheme - Money Market Fund,118.0134,21-Nov-2016
130946,ICICI Prudential Mutual Fund,ICICI Prudential Money Market Fund - Direct Plan Bonus,INF109KA1H85,,Open Ended Schemes,Debt Scheme - Money Market Fund,151.2089,24-Apr-2020
130947,ICICI Prudential Mutual Fund,ICICI Prudential Corporate Bond Fund - Bonus,INF109KA1I84,,Open Ended Schemes,Debt Scheme - Corporate Bond Fund,14.9782,24-Apr-2020
130950,ICICI Prudential Mutual Fund,ICICI Prudential Banking and PSU Debt Fund - Direct Plan Bonus,INF109KA1B40,,Open Ended Schemes,Debt Scheme - Banking and PSU Fund,13.8665,10-Apr-2018
130952,ICICI Prudential Mutual Fund,ICICI Prudential Savings Fund - Direct Plan Bonus,INF109KA1I01,,Open Ended Schemes,Debt Scheme - Low Duration Fund,123.8923,15-Mar-2017
130955,ICICI Prudential Mutual Fund,ICICI Prudential Gilt Fund - Direct Plan Bonus,INF109KA1H02,,Open Ended Schemes,Debt Scheme - Gilt Fund,18.0717,24-Apr-2020
130956,ICICI Prudential Mutual Fund,ICICI Prudential Short Term Gilt Fund - Direct Plan Bonus,INF109KA1I50,,Open Ended Schemes,Debt Scheme - Gilt Fund,12.8615,27-Mar-2018
131051,ICICI Prudential Mutual Fund,ICICI Prudential Constant Maturity Gilt Fund - Growth,INF109KA1N46,,Open Ended Schemes,Debt Scheme - Gilt Fund with 10 year constant duration,24.8667,02-Apr-2026
131053,ICICI Prudential Mutual Fund,ICICI Prudential Constant Maturity Gilt Fund - Direct Plan - Monthly IDCW,INF109KA1O45,INF109KA1O86,Open Ended Schemes,Debt Scheme - Gilt Fund with 10 year constant duration,11.3870,16-Sep-2022
131054,ICICI Prudential Mutual Fund,ICICI Prudential Constant Maturity Gilt Fund - Direct Plan - Quarterly IDCW,INF109KA1O52,INF109KA1O94,Open Ended Schemes,Debt Scheme - Gilt Fund with 10 year constant duration,11.3296,02-Apr-2026
131055,ICICI Prudential Mutual Fund,ICICI Prudential Constant Maturity Gilt Fund - Direct Plan - Half Yearly IDCW,INF109KA1O60,INF109KA1P02,Open Ended Schemes,Debt Scheme - Gilt Fund with 10 year constant duration,10.6790,16-Sep-2022
131056,ICICI Prudential Mutual Fund,ICICI Prudential Constant Maturity Gilt Fund - Direct Plan - Annual IDCW,INF109KA1O78,INF109KA1P10,Open Ended Schemes,Debt Scheme - Gilt Fund with 10 year constant duration,10.6928,16-Sep-2022
131057,ICICI Prudential Mutual Fund,ICICI Prudential Constant Maturity Gilt Fund - quarterly IDCW,INF109KA1N61,INF109KA1O03,Open Ended Schemes,Debt Scheme - Gilt Fund with 10 year constant duration,11.0757,02-Apr-2026
131058,ICICI Prudential Mutual Fund,ICICI Prudential Constant Maturity Gilt Fund - Half Yearly IDCW,INF109KA1N79,INF109KA1O11,Open Ended Schemes,Debt Scheme - Gilt Fund with 10 year constant duration,10.3816,16-Sep-2022
131059,ICICI Prudential Mutual Fund,ICICI Prudential Constant Maturity Gilt Fund - Annual IDCW,INF109KA1N87,INF109KA1O29,Open Ended Schemes,Debt Scheme - Gilt Fund with 10 year constant duration,10.4889,16-Sep-2022
131061,ICICI Prudential Mutual Fund,ICICI Prudential Constant Maturity Gilt Fund - Direct Plan - Growth,INF109KA1O37,,Open Ended Schemes,Debt Scheme - Gilt Fund with 10 year constant duration,25.4496,02-Apr-2026
131062,ICICI Prudential Mutual Fund,ICICI Prudential Constant Maturity Gilt Fund - Monthly IDCW,INF109KA1N53,INF109KA1N95,Open Ended Schemes,Debt Scheme - Gilt Fund with 10 year constant duration,11.1867,16-Sep-2022
131147,ICICI Prudential Mutual Fund,ICICI Prudential Banking and PSU Debt Fund Half Yearly IDCW Option,INF109KA1M70,INF109KA1M62,Open Ended Schemes,Debt Scheme - Banking and PSU Fund,12.9261,16-Sep-2022
131148,ICICI Prudential Mutual Fund,ICICI Prudential Banking and PSU Debt Fund - Direct Plan Half Yearly IDCW Option,INF109KA1M96,INF109KA1M88,Open Ended Schemes,Debt Scheme - Banking and PSU Fund,13.1098,16-Sep-2022
131151,ICICI Prudential Mutual Fund,ICICI Prudential Corporate Bond Fund - Half Yearly IDCW Option,INF109KA1N12,INF109KA1N04,Open Ended Schemes,Debt Scheme - Corporate Bond Fund,12.6555,16-Sep-2022
131152,ICICI Prudential Mutual Fund,ICICI Prudential Corporate Bond Fund - Direct Plan - Half Yearly IDCW Option,INF109KA1N38,INF109KA1N20,Open Ended Schemes,Debt Scheme - Corporate Bond Fund,12.8827,16-Sep-2022
131297,DSP Mutual Fund,DSP 10Y G-Sec Fund - Regular Plan - Growth,INF740K012I0,,Open Ended Schemes,Debt Scheme - Gilt Fund with 10 year constant duration,21.6527,02-Apr-2026
131298,DSP Mutual Fund,DSP 10Y G-Sec Fund - Regular Plan - IDCW,INF740K013I8,INF740K014I6,Open Ended Schemes,Debt Scheme - Gilt Fund with 10 year constant duration,10.2223,02-Apr-2026
131299,DSP Mutual Fund,DSP 10Y G-Sec Fund - Regular Plan - IDCW - Monthly,INF740K015I3,INF740K016I1,Open Ended Schemes,Debt Scheme - Gilt Fund with 10 year constant duration,10.4659,02-Apr-2026
131300,DSP Mutual Fund,DSP 10Y G-Sec Fund - Regular Plan - IDCW - Quarterly,INF740K017I9,INF740K018I7,Open Ended Schemes,Debt Scheme - Gilt Fund with 10 year constant duration,10.7040,02-Apr-2026
131301,DSP Mutual Fund,DSP 10Y G-Sec Fund - Direct Plan - Growth,INF740K019I5,,Open Ended Schemes,Debt Scheme - Gilt Fund with 10 year constant duration,22.2176,02-Apr-2026
131302,DSP Mutual Fund,DSP 10Y G-Sec Fund - Direct Plan - IDCW - Quarterly,INF740K014J4,INF740K015J1,Open Ended Schemes,Debt Scheme - Gilt Fund with 10 year constant duration,10.6506,02-Apr-2026
131303,DSP Mutual Fund,DSP 10Y G-Sec Fund - Direct Plan - IDCW - Monthly,INF740K012J8,INF740K013J6,Open Ended Schemes,Debt Scheme - Gilt Fund with 10 year constant duration,10.3173,02-Apr-2026
131304,DSP Mutual Fund,DSP 10Y G-Sec Fund - Direct Plan - IDCW,INF740K010J2,INF740K011J0,Open Ended Schemes,Debt Scheme - Gilt Fund with 10 year constant duration,10.4159,02-Apr-2026
131382,Bandhan Mutual Fund,Bandhan Short Duration Fund - Direct Plan - Periodic IDCW,INF194KA1SR4,INF194KA1SS2,Open Ended Schemes,Debt Scheme - Short Duration Fund,22.8992,02-Apr-2026
131383,Bandhan Mutual Fund,Bandhan Short Duration Fund - Regular Plan - Periodic IDCW,INF194KA1SO1,INF194KA1SP8,Open Ended Schemes,Debt Scheme - Short Duration Fund,21.9043,02-Apr-2026
131384,Bandhan Mutual Fund,Bandhan Medium Duration Fund - Direct Plan - Periodic IDCW,INF194KA1TD2,INF194KA1TE0,Open Ended Schemes,Debt Scheme - Medium Duration Fund,13.3645,02-Apr-2026
131385,Bandhan Mutual Fund,Bandhan Medium Duration Fund - Regular Plan - Periodic IDCW,INF194KA1TA8,INF194KA1TB6,Open Ended Schemes,Debt Scheme - Medium Duration Fund,14.7188,02-Apr-2026
131386,Bandhan Mutual Fund,Bandhan Medium to Long Duration Fund - Direct Plan - Periodic IDCW,INF194KA1SX2,INF194KA1SY0,Open Ended Schemes,Debt Scheme - Medium to Long Duration Fund,17.4102,02-Apr-2026
131387,Bandhan Mutual Fund,Bandhan Medium to Long Duration Fund - Regular Plan - Periodic IDCW,INF194KA1SU8,INF194KA1SV6,Open Ended Schemes,Debt Scheme - Medium to Long Duration Fund,13.9791,02-Apr-2026
131388,Bandhan Mutual Fund,Bandhan Money Market Fund -Direct Plan-Periodic IDCW,INF194KA1TJ9,INF194KA1TK7,Open Ended Schemes,Debt Scheme - Money Market Fund,16.7740,02-Apr-2026
131389,Bandhan Mutual Fund,Bandhan Money Market Fund - Regular Plan - Periodic IDCW,INF194KA1TG5,INF194KA1TH3,Open Ended Schemes,Debt Scheme - Money Market Fund,13.8272,02-Apr-2026
131390,Bandhan Mutual Fund,Bandhan Gilt Fund with 10 year constant duration Fund - Direct Plan - Periodic IDCW,INF194KA1SL7,INF194KA1SM5,Open Ended Schemes,Debt Scheme - Gilt Fund with 10 year constant duration,13.9495,02-Apr-2026
131391,Bandhan Mutual Fund,Bandhan Gilt Fund with 10 year constant duration Fund - Regular Plan - Periodic IDCW,INF194KA1SI3,INF194KA1SJ1,Open Ended Schemes,Debt Scheme - Gilt Fund with 10 year constant duration,16.4609,02-Apr-2026
131394,Bandhan Mutual Fund,Bandhan Gilt Fund - Direct Plan - Periodic IDCW,INF194KA1RZ9,INF194KA1SA0,Open Ended Schemes,Debt Scheme - Gilt Fund,18.1808,02-Apr-2026
131395,Bandhan Mutual Fund,Bandhan Gilt Fund - Regular Plan B - Periodic IDCW,INF194KA1RW6,INF194KA1RX4,Open Ended Schemes,Debt Scheme - Gilt Fund,16.6125,02-Apr-2026
131396,Bandhan Mutual Fund,BANDHAN Dynamic Bond Fund-Direct Plan-Periodic IDCW,INF194KA1TP6,INF194KA1TQ4,Open Ended Schemes,Debt Scheme - Dynamic Bond,13.3471,02-Apr-2026
131397,Bandhan Mutual Fund,BANDHAN Dynamic Bond Fund - Regular Plan B - Periodic IDCW,INF194KA1TM3,INF194KA1TN1,Open Ended Schemes,Debt Scheme - Dynamic Bond,13.5214,02-Apr-2026
131418,UTI Mutual Fund,UTI Credit Risk Fund - Regular Plan - Monthly IDCW,INF789FB1T88,INF789FB1T96,Open Ended Schemes,Debt Scheme - Credit Risk Fund,10.653,02-Apr-2026
131419,UTI Mutual Fund,UTI Credit Risk Fund - Direct Plan - Monthly IDCW,INF789FB1U02,INF789FB1U10,Open Ended Schemes,Debt Scheme - Credit Risk Fund,11.2252,02-Apr-2026
131478,ICICI Prudential Mutual Fund,ICICI Prudential Short Term Fund - Direct Plan - Half Yearly IDCW,INF109KA1X36,INF109KA1X28,Open Ended Schemes,Debt Scheme - Short Duration Fund,13.7741,16-Sep-2022
131480,ICICI Prudential Mutual Fund,ICICI Prudential Bond Fund - Direct Plan - Half Yearly IDCW,INF109KA1X77,INF109KA1X69,Open Ended Schemes,Debt Scheme - Medium to Long Duration Fund,10.5746,02-Apr-2026
131481,ICICI Prudential Mutual Fund,ICICI Prudential Bond Fund - Half Yearly IDCW,INF109KA1X51,INF109KA1X44,Open Ended Schemes,Debt Scheme - Medium to Long Duration Fund,10.8951,02-Apr-2026
131622,ICICI Prudential Mutual Fund,ICICI Prudential Long Term Bond Fund Direct Plan - Annual IDCW,INF109KA13C0,INF109KA12C2,Open Ended Schemes,Debt Scheme - Long Duration Fund,11.5873,16-Sep-2022
131623,ICICI Prudential Mutual Fund,ICICI Prudential Long Term Bond Fund - Annual IDCW,INF109KA11C4,INF109KA10C6,Open Ended Schemes,Debt Scheme - Long Duration Fund,10.4720,16-Sep-2022
132848,HDFC Mutual Fund,HDFC Corporate Bond Fund - IDCW Option,INF179KA1D33,INF179KA1D25,Open Ended Schemes,Debt Scheme - Corporate Bond Fund,20.1421,02-Apr-2026
132849,HDFC Mutual Fund,HDFC Corporate Bond Fund - IDCW Option - Direct Plan,INF179KA1D17,,Open Ended Schemes,Debt Scheme - Corporate Bond Fund,20.8721,02-Apr-2026
132852,HDFC Mutual Fund,HDFC Medium Term Debt Fund - IDCW Option,INF179KA1E16,INF179KA1E08,Open Ended Schemes,Debt Scheme - Medium Duration Fund,19.6303,02-Apr-2026
132853,HDFC Mutual Fund,HDFC Medium Term Debt Fund - IDCW Option - Direct Plan,INF179KA1D90,INF179KA1D82,Open Ended Schemes,Debt Scheme - Medium Duration Fund,21.1973,02-Apr-2026
132871,Nippon India Mutual Fund,NIPPON INDIA CREDIT RISK FUND - IDCW Option,INF204KA1WT0,INF204KA1WS2,Open Ended Schemes,Debt Scheme - Credit Risk Fund,20.1545,02-Apr-2026
132873,Nippon India Mutual Fund,NIPPON INDIA CREDIT RISK FUND - DIRECT Plan - IDCW Option,INF204KA1WV6,,Open Ended Schemes,Debt Scheme - Credit Risk Fund,22.0164,02-Apr-2026
132917,Aditya Birla Sun Life Mutual Fund,Aditya Birla Sun Life Dynamic Bond Fund -Regular - IDCW,INF209KA1TV7,,Open Ended Schemes,Debt Scheme - Dynamic Bond,11.7509,02-Apr-2026
132918,Aditya Birla Sun Life Mutual Fund,Aditya Birla Sun Life Dynamic Bond Fund -Direct - IDCW,INF209KA1TX3,,Open Ended Schemes,Debt Scheme - Dynamic Bond,12.7768,02-Apr-2026
132981,ICICI Prudential Mutual Fund,ICICI Prudential Medium Term Bond Fund - Annual IDCW,INF109KA12G3,INF109KA13G1,Open Ended Schemes,Debt Scheme - Medium Duration Fund,12.9357,16-Sep-2022
132982,ICICI Prudential Mutual Fund,ICICI Prudential Medium Term Bond Fund -Direct Plan - Annual IDCW,INF109KA10G7,INF109KA11G5,Open Ended Schemes,Debt Scheme - Medium Duration Fund,14.3488,16-Sep-2022
133127,UTI Mutual Fund,UTI Low Duration Fund - Direct Plan - Flexi IDCW,INF789FA1O44,INF789FA1O51,Open Ended Schemes,Debt Scheme - Low Duration Fund,1599.3579,02-Apr-2026
133130,UTI Mutual Fund,UTI Low Duration Fund - Regular Plan - Flexi IDCW,INF789FA1N86,INF789FA1N94,Open Ended Schemes,Debt Scheme - Low Duration Fund,1409.5792,02-Apr-2026
133147,HDFC Mutual Fund,HDFC Credit Risk Debt Fund - IDCW Option - Direct Plan,INF179KA1I61,INF179KA1I53,Open Ended Schemes,Debt Scheme - Credit Risk Fund,23.8505,02-Apr-2026
133148,HDFC Mutual Fund,HDFC Credit Risk Debt Fund - IDCW Option,INF179KA1I87,INF179KA1I79,Open Ended Schemes,Debt Scheme - Credit Risk Fund,23.0877,02-Apr-2026
133180,UTI Mutual Fund,UTI Dynamic Bond Fund - Direct Plan - Flexi IDCW,INF789FA1S81,INF789FA1S99,Open Ended Schemes,Debt Scheme - Dynamic Bond,17.3045,02-Apr-2026
133264,Nippon India Mutual Fund,Nippon India Gilt  Fund- Growth Plan- Bonus Option,INF204KA1YU4,,Open Ended Schemes,Debt Scheme - Gilt Fund,13.0522,02-Jul-2018
133265,Nippon India Mutual Fund,Nippon India Gilt  Fund- Direct Plan- Growth Plan- Bonus Option,INF204KA1YV2,,Open Ended Schemes,Debt Scheme - Gilt Fund,23.6224,02-Apr-2026
133280,UTI Mutual Fund,UTI Medium to Long Duration Fund - Direct Plan - Flexi IDCW,INF789FA1U04,INF789FA1U12,Open Ended Schemes,Debt Scheme - Medium to Long Duration Fund,15.6583,02-Apr-2026
133344,UTI Mutual Fund,UTI Credit Risk Fund - Regular Plan - Annual IDCW,INF789FA1V60,INF789FA1V78,Open Ended Schemes,Debt Scheme - Credit Risk Fund,11.8374,02-Apr-2026
133365,HDFC Mutual Fund,HDFC Income Fund - Normal IDCW - Direct Plan,INF179KA1Q12,,Open Ended Schemes,Debt Scheme - Medium to Long Duration Fund,20.3987,02-Apr-2026
133366,HDFC Mutual Fund,HDFC Income Fund - Normal IDCW Option,INF179KA1Q38,,Open Ended Schemes,Debt Scheme - Medium to Long Duration Fund,18.3066,02-Apr-2026
133367,HDFC Mutual Fund,HDFC Short Term  Debt Fund - Normal IDCW - Direct Plan,INF179KA1Q53,,Open Ended Schemes,Debt Scheme - Short Duration Fund,20.333,02-Apr-2026
133368,HDFC Mutual Fund,HDFC Short Term  Debt Fund - Normal IDCW Option,INF179KA1Q79,,Open Ended Schemes,Debt Scheme - Short Duration Fund,19.7119,02-Apr-2026
133369,HDFC Mutual Fund,HDFC Dynamic Debt Fund - Normal IDCW - Direct Plan,INF179KA1Q95,,Open Ended Schemes,Debt Scheme - Dynamic Bond,20.8264,02-Apr-2026
133370,HDFC Mutual Fund,HDFC Dynamic Debt Fund - Normal IDCW Option,INF179KA1R11,,Open Ended Schemes,Debt Scheme - Dynamic Bond,19.0996,02-Apr-2026
133387,UTI Mutual Fund,UTI Money Market Fund - Direct Plan - Monthly IDCW,INF789FA1M46,INF789FA1M53,Open Ended Schemes,Debt Scheme - Money Market Fund,1599.6514,02-Apr-2026
133388,JM Financial Mutual Fund,JM Dynamic Bond Fund - (Direct) - Half Yearly Bonus Option - Principal Units,INF192K01IP6,,Open Ended Schemes,Debt Scheme - Dynamic Bond,42.9228,27-Jan-2025
133389,JM Financial Mutual Fund,JM Dynamic Bond Fund (Regular) - Half Yearly Bonus Option - Principal Units,INF192K01IN1,,Open Ended Schemes,Debt Scheme - Dynamic Bond,40.4031,27-Jan-2025
133390,JM Financial Mutual Fund,JM Dynamic Bond Fund (Regular) - Monthly IDCW,INF192K01IJ9,INF192K01IK7,Open Ended Schemes,Debt Scheme - Dynamic Bond,42.4866,02-Apr-2026
133414,JM Financial Mutual Fund,JM Dynamic Bond Fund (Direct) - Monthly IDCW,INF192K01IL5,INF192K01IM3,Open Ended Schemes,Debt Scheme - Dynamic Bond,45.7408,02-Apr-2026
133445,Aditya Birla Sun Life Mutual Fund,Aditya Birla Sun Life Income Fund - Regular - IDCW,INF209KA1WJ6,INF209KA1WK4,Open Ended Schemes,Debt Scheme - Medium to Long Duration Fund,11.8037,02-Apr-2026
133446,Aditya Birla Sun Life Mutual Fund,Aditya Birla Sun Life Income Fund - Direct - IDCW,INF209KA1WL2,INF209KA1WM0,Open Ended Schemes,Debt Scheme - Medium to Long Duration Fund,12.6207,02-Apr-2026
133469,UTI Mutual Fund,UTI Low Duration Fund - Direct Plan - Half-Yearly IDCW,INF789FA1O28,INF789FA1O36,Open Ended Schemes,Debt Scheme - Low Duration Fund,1457.6905,02-Apr-2026
133484,UTI Mutual Fund,UTI Money Market Fund - Regular Plan - Monthly IDCW,INF789FA1L21,INF789FA1L39,Open Ended Schemes,Debt Scheme - Money Market Fund,1040.6854,02-Apr-2026
133486,Baroda BNP Paribas Mutual Fund,Baroda BNP Paribas Credit Risk Fund -Regular-Growth Option,INF955L01FP0,,Open Ended Schemes,Debt Scheme - Credit Risk Fund,23.1873,02-Apr-2026
133488,Baroda BNP Paribas Mutual Fund,Baroda BNP Paribas Credit Risk Fund -Direct-Growth Option,INF955L01FR6,,Open Ended Schemes,Debt Scheme - Credit Risk Fund,25.6680,02-Apr-2026
133517,Baroda BNP Paribas Mutual Fund,Baroda BNP Paribas Credit Risk Fund -Regular-Monthly IDCW,INF955L01FU0,,Open Ended Schemes,Debt Scheme - Credit Risk Fund,11.1639,02-Apr-2026
133518,Baroda BNP Paribas Mutual Fund,Baroda BNP Paribas Credit Risk Fund -Regular-Quarterly IDCW,INF955L01FV8,,Open Ended Schemes,Debt Scheme - Credit Risk Fund,11.5505,02-Apr-2026
133520,Baroda BNP Paribas Mutual Fund,Baroda BNP Paribas Credit Risk Fund -Direct- Monthly IDCW,INF955L01FZ9,,Open Ended Schemes,Debt Scheme - Credit Risk Fund,14.2366,02-Apr-2026
133524,Baroda BNP Paribas Mutual Fund,Baroda BNP Paribas Credit Risk Fund -Direct- Quarterly IDCW,INF955L01GA0,,Open Ended Schemes,Debt Scheme - Credit Risk Fund,12.5993,02-Apr-2026
133733,UTI Mutual Fund,UTI Low Duration Fund - Regular Plan - Fortnightly IDCW,INF789FA1N45,INF789FA1N52,Open Ended Schemes,Debt Scheme - Low Duration Fund,1331.5186,02-Apr-2026
133770,Kotak Mahindra Mutual Fund,Kotak Coporate Bond Fund- Retail Plan-Growth Option,,,Open Ended Schemes,Debt Scheme - Corporate Bond Fund,2034.9063,21-Oct-2016
133771,Kotak Mahindra Mutual Fund,Kotak Corporate Bond Fund- Retail Plan- Weekly Dividend Option,INF178L01897,,Open Ended Schemes,Debt Scheme - Corporate Bond Fund,1052.3061,21-Oct-2016
133772,Kotak Mahindra Mutual Fund,Kotak Corporate Bond Fund- Institutional Plan-Growth Option,INF178L01921,,Open Ended Schemes,Debt Scheme - Corporate Bond Fund,2090.4924,21-Oct-2016
133776,Kotak Mahindra Mutual Fund,Kotak Corporate Bond Fund- Standard Plan-Daily Dividend Option,INF178L01BU8,,Open Ended Schemes,Debt Scheme - Corporate Bond Fund,1052.7994,21-Oct-2016
133777,Kotak Mahindra Mutual Fund,Kotak Corporate Bond Fund- Regular Plan-Quarterly Dividend Option,INF178L01BR4,,Open Ended Schemes,Debt Scheme - Corporate Bond Fund,1066.6837,15-Sep-2017
133779,Kotak Mahindra Mutual Fund,Kotak Corporate Bond Fund- Retail Plan- Monthly Dividend Option,INF178L01855,,Open Ended Schemes,Debt Scheme - Corporate Bond Fund,1040.0538,21-Oct-2016
133782,Kotak Mahindra Mutual Fund,Kotak Corporate Bond Fund- Regular Plan-Growth Option,INF178L01BO1,,Open Ended Schemes,Debt Scheme - Corporate Bond Fund,3892.5519,02-Apr-2026
133783,Kotak Mahindra Mutual Fund,Kotak Corporate Bond Fund- Retail Plan-Daily Dividend Option,,,Open Ended Schemes,Debt Scheme - Corporate Bond Fund,1052.6393,21-Oct-2016
133786,Kotak Mahindra Mutual Fund,Kotak Corporate Bond Fund- Standard Plan-Weekly Dividend Option,,INF178L01BT0,Open Ended Schemes,Debt Scheme - Corporate Bond Fund,1202.9939,21-Oct-2016
133787,Kotak Mahindra Mutual Fund,Kotak Corporate Bond Fund- Regular Plan-Monthly Dividend Option,INF178L01BQ6,INF178L01BP8,Open Ended Schemes,Debt Scheme - Corporate Bond Fund,1268.0446,02-Apr-2026
133791,Kotak Mahindra Mutual Fund,Kotak Corporate Bond Fund- Direct Plan- Growth Option,INF178L01BY0,,Open Ended Schemes,Debt Scheme - Corporate Bond Fund,4074.553,02-Apr-2026
133792,Kotak Mahindra Mutual Fund,Kotak Corporate Bond Fund- Direct Plan- Monthly Payout of Income Distribution cum capital withdrawal option,INF178L01BZ7,,Open Ended Schemes,Debt Scheme - Corporate Bond Fund,1066.1393,02-Apr-2026
133805,Kotak Mahindra Mutual Fund,Kotak Low Duration Fund- Regular Plan-Growth Option,INF178L01202,,Open Ended Schemes,Debt Scheme - Low Duration Fund,3480.7663,02-Apr-2026
133809,Kotak Mahindra Mutual Fund,Kotak Low Duration Fund- Regular Plan-Standard Income Distribution cum capital withdrawal option,INF178L01210,INF178L01228,Open Ended Schemes,Debt Scheme - Low Duration Fund,1243.9896,02-Apr-2026
133810,Kotak Mahindra Mutual Fund,Kotak Low Duration Fund- Direct Plan- Growth Option,INF178L01AX4,,Open Ended Schemes,Debt Scheme - Low Duration Fund,3818.0142,02-Apr-2026
133812,Kotak Mahindra Mutual Fund,Kotak Low Duration Fund - Direct Plan- Standard Income Distribution cum capital withdrawal option,INF178L01AZ9,INF178L01AY2,Open Ended Schemes,Debt Scheme - Low Duration Fund,1521.3427,02-Apr-2026
133852,UTI Mutual Fund,UTI Dynamic Bond Fund - Regular Plan - Annual IDCW,INF789FA1S08,INF789FA1S16,Open Ended Schemes,Debt Scheme - Dynamic Bond,13.5275,02-Apr-2026
133867,Bank of India Mutual Fund,BANK OF INDIA Credit Risk Fund - Regular Plan,INF761K01DH6,,Open Ended Schemes,Debt Scheme - Credit Risk Fund,13.3529,02-Apr-2026
133868,Bank of India Mutual Fund,BANK OF INDIA Credit Risk  Fund - Direct Plan,INF761K01DG8,,Open Ended Schemes,Debt Scheme - Credit Risk Fund,13.7214,02-Apr-2026
133869,UTI Mutual Fund,UTI Medium to Long Duration Fund - Regular Plan - Annual IDCW,INF789FA1T23,INF789FA1T31,Open Ended Schemes,Debt Scheme - Medium to Long Duration Fund,12.7038,02-Apr-2026
133872,UTI Mutual Fund,UTI Medium to Long Duration Fund - Regular Plan - Flexi IDCW,INF789FA1T49,INF789FA1T56,Open Ended Schemes,Debt Scheme - Medium to Long Duration Fund,14.3233,02-Apr-2026
133894,Axis Mutual Fund,Axis Short Duration Fund - Direct Plan - Regular IDCW,INF846K01RH5,INF846K01RI3,Open Ended Schemes,Debt Scheme - Short Duration Fund,21.4483,02-Apr-2026
133895,Axis Mutual Fund,Axis Short Duration Fund - Regular Plan - Regular IDCW,INF846K01RJ1,INF846K01RK9,Open Ended Schemes,Debt Scheme - Short Duration Fund,21.4124,02-Apr-2026
133919,DSP Mutual Fund,DSP Low Duration Fund - Regular Plan - IDCW - Daily,,INF740KA1OO9,Open Ended Schemes,Debt Scheme - Low Duration Fund,10.1814,02-Apr-2026
133920,DSP Mutual Fund,DSP Low Duration Fund - Regular Plan - IDCW - Monthly,INF740K019P0,INF740K010Q7,Open Ended Schemes,Debt Scheme - Low Duration Fund,10.6588,02-Apr-2026
133921,DSP Mutual Fund,DSP Low Duration Fund - Regular Plan - IDCW - Quarterly,INF740K011Q5,INF740K012Q3,Open Ended Schemes,Debt Scheme - Low Duration Fund,10.8234,02-Apr-2026
133922,DSP Mutual Fund,DSP Low Duration Fund - Direct Plan - IDCW - Daily,,INF740KA1OL5,Open Ended Schemes,Debt Scheme - Low Duration Fund,10.1268,02-Apr-2026
133923,DSP Mutual Fund,DSP Low Duration Fund - Direct Plan - IDCW - Weekly,INF740KA1OM3,INF740KA1ON1,Open Ended Schemes,Debt Scheme - Low Duration Fund,10.1269,02-Apr-2026
133924,DSP Mutual Fund,DSP Low Duration Fund - Direct Plan - IDCW - Quarterly,INF740K016Q4,INF740K017Q2,Open Ended Schemes,Debt Scheme - Low Duration Fund,10.8578,02-Apr-2026
133925,DSP Mutual Fund,DSP Low Duration Fund - Direct Plan - Growth,INF740K013Q1,,Open Ended Schemes,Debt Scheme - Low Duration Fund,21.3608,02-Apr-2026
133926,DSP Mutual Fund,DSP Low Duration Fund - Regular Plan - Growth,INF740K018P2,,Open Ended Schemes,Debt Scheme - Low Duration Fund,20.6350,02-Apr-2026
133927,DSP Mutual Fund,DSP Low Duration Fund - Regular Plan - IDCW - Weekly,INF740KA1OP6,INF740KA1OQ4,Open Ended Schemes,Debt Scheme - Low Duration Fund,10.1269,02-Apr-2026
133928,DSP Mutual Fund,DSP Low Duration Fund - Direct Plan - IDCW - Monthly,INF740K014Q9,INF740K015Q6,Open Ended Schemes,Debt Scheme - Low Duration Fund,11.8076,02-Apr-2026
133971,UTI Mutual Fund,UTI Banking & PSU Fund - Regular Plan - Flexi IDCW,INF789FA1U61,INF789FA1U79,Open Ended Schemes,Debt Scheme - Banking and PSU Fund,15.2972,02-Apr-2026
133972,UTI Mutual Fund,UTI Banking & PSU Fund - Direct Plan - Flexi IDCW,INF789FA1V29,INF789FA1V37,Open Ended Schemes,Debt Scheme - Banking and PSU Fund,20.0306,02-Apr-2026
133973,UTI Mutual Fund,UTI Liquid Fund - Regular Plan - Annual IDCW,INF789FA1J66,INF789FA1J74,Open Ended Schemes,Debt Scheme - Liquid Fund,1976.4317,04-Apr-2026
134026,UTI Mutual Fund,UTI Banking & PSU Fund - Direct Plan - Monthly IDCW,INF789FC1HE1,INF789FC1HF8,Open Ended Schemes,Debt Scheme - Banking and PSU Fund,13.5706,02-Apr-2026
134341,ICICI Prudential Mutual Fund,ICICI Prudential Credit Risk Fund - Direct Plan - Annual IDCW,INF109KB1AD5,INF109KB1AE3,Open Ended Schemes,Debt Scheme - Credit Risk Fund,10.4846,16-Sep-2022
134342,ICICI Prudential Mutual Fund,ICICI Prudential Credit Risk Fund - Annual IDCW,INF109KB1AF0,INF109KB1AG8,Open Ended Schemes,Debt Scheme - Credit Risk Fund,10.3035,16-Sep-2022
134355,Sundaram Mutual Fund,Sundaram Banking & PSU Fund (Formerly Known as Sundaram Banking & PSU Debt Fund) - Regular Annual Bonus,INF903J016I7,,Open Ended Schemes,Debt Scheme - Banking and PSU Fund,11.6319,17-Feb-2017
134356,Sundaram Mutual Fund,Sundaram Banking & PSU Fund (Formerly Known as Sundaram Banking & PSU Debt Fund) - Regular Growth,INF903J016H9,,Open Ended Schemes,Debt Scheme - Banking and PSU Fund,11.6493,17-Mar-2017
134358,Sundaram Mutual Fund,Sundaram Banking & PSU Fund (Formerly Known as Sundaram Banking & PSU Debt Fund) - Regular Daily Dividend Reinvestment,,INF903J010I0,Open Ended Schemes,Debt Scheme - Banking and PSU Fund,11.6582,17-Mar-2017
134359,Sundaram Mutual Fund,Sundaram Banking & PSU Fund (Formerly Known as Sundaram Banking & PSU Debt Fund) - Regular Monthly Dividend,INF903J018H5,INF903J012I6,Open Ended Schemes,Debt Scheme - Banking and PSU Fund,11.1411,17-Mar-2017
134360,Sundaram Mutual Fund,Sundaram Banking & PSU Fund (Formerly Known as Sundaram Banking & PSU Debt Fund) - Regular Weekly Dividend,INF903J017H7,INF903J011I8,Open Ended Schemes,Debt Scheme - Banking and PSU Fund,10.1418,17-Mar-2017
134361,Sundaram Mutual Fund,Sundaram Banking & PSU Fund (Formerly Known as Sundaram Banking & PSU Debt Fund) - Regular Quarterly Bonus,INF903J014I2,,Open Ended Schemes,Debt Scheme - Banking and PSU Fund,11.1681,16-Aug-2016
134362,Sundaram Mutual Fund,Sundaram Banking & PSU Fund (Formerly Known as Sundaram Banking & PSU Debt Fund) - Regular Quarterly Dividend,INF903J019H3,INF903J013I4,Open Ended Schemes,Debt Scheme - Banking and PSU Fund,11.0236,17-Mar-2017
134363,Sundaram Mutual Fund,Sundaram Banking & PSU Fund (Formerly Known as Sundaram Banking & PSU Debt Fund) - Direct Growth,INF903J017I5,,Open Ended Schemes,Debt Scheme - Banking and PSU Fund,11.7065,17-Mar-2017
134369,Sundaram Mutual Fund,Sundaram Banking & PSU Fund (Formerly Known as Sundaram Banking & PSU Debt Fund) - Direct Quarterly Dividend,INF903J019I1,INF903J014J0,Open Ended Schemes,Debt Scheme - Banking and PSU Fund,10.6356,31-Mar-2016
134370,Sundaram Mutual Fund,Sundaram Banking & PSU Fund (Formerly Known as Sundaram Banking & PSU Debt Fund) - Direct Monthly Dividend,INF903J012J4,INF903J013J2,Open Ended Schemes,Debt Scheme - Banking and PSU Fund,11.4008,17-Mar-2017
134383,Aditya Birla Sun Life Mutual Fund,Aditya Birla Sun Life Credit Risk Fund - Regular Plan - Growth,INF209KA1K47,,Open Ended Schemes,Debt Scheme - Credit Risk Fund,24.384,02-Apr-2026
134384,Aditya Birla Sun Life Mutual Fund,Aditya Birla Sun Life Credit Risk Fund - Regular Plan - Bonus,INF209KA1K70,,Open Ended Schemes,Debt Scheme - Credit Risk Fund,17.7004,23-May-2023
134385,Aditya Birla Sun Life Mutual Fund,Aditya Birla Sun Life Credit Risk Fund - Direct - IDCW,INF209KA1K96,INF209KA1L04,Open Ended Schemes,Debt Scheme - Credit Risk Fund,14.0689,02-Apr-2026
134386,Aditya Birla Sun Life Mutual Fund,Aditya Birla Sun Life Credit Risk Fund - Regular - IDCW,INF209KA1K54,INF209KA1K62,Open Ended Schemes,Debt Scheme - Credit Risk Fund,12.744,02-Apr-2026
134387,Aditya Birla Sun Life Mutual Fund,Aditya Birla Sun Life Credit Risk Fund - Direct Plan - Growth,INF209KA1K88,,Open Ended Schemes,Debt Scheme - Credit Risk Fund,26.8952,02-Apr-2026
134388,Aditya Birla Sun Life Mutual Fund,Aditya Birla Sun Life Credit Risk Fund - Direct Plan - Bonus,INF209KA1L12,,Open Ended Schemes,Debt Scheme - Credit Risk Fund,26.8941,02-Apr-2026
134427,UTI Mutual Fund,UTI Liquid Fund - Direct Plan - Annual IDCW,INF789FA1K63,INF789FA1K71,Open Ended Schemes,Debt Scheme - Liquid Fund,1990.4871,04-Apr-2026
134493,Quantum Mutual Fund,Quantum Dynamic Bond Fund - Direct Plan Monthly IDCW,INF082J01184,INF082J01192,Open Ended Schemes,Debt Scheme - Dynamic Bond,10.1159,02-Apr-2026
134494,Quantum Mutual Fund,Quantum Dynamic Bond Fund - Direct Plan Growth Option,INF082J01176,,Open Ended Schemes,Debt Scheme - Dynamic Bond,21.9830,02-Apr-2026
134495,UTI Mutual Fund,UTI Medium Duration Fund - Regular Plan - Monthly IDCW,INF789FB1JV2,INF789FB1KP2,Open Ended Schemes,Debt Scheme - Medium Duration Fund,13.4394,02-Apr-2026
134496,UTI Mutual Fund,UTI Medium Duration Fund - Regular Plan - Quarterly IDCW,INF789FB1JW0,INF789FB1JX8,Open Ended Schemes,Debt Scheme - Medium Duration Fund,14.1332,11-Jul-2025
134497,UTI Mutual Fund,UTI Medium Duration Fund - Regular Plan - Half-Yearly IDCW,INF789FB1JY6,INF789FB1JZ3,Open Ended Schemes,Debt Scheme - Medium Duration Fund,13.4487,27-Jan-2026
134498,UTI Mutual Fund,UTI Medium Duration Fund - Regular Plan - Flexi IDCW,INF789FB1KC0,INF789FB1KD8,Open Ended Schemes,Debt Scheme - Medium Duration Fund,13.7671,02-Apr-2026
134499,UTI Mutual Fund,UTI Medium Duration Fund - Regular Plan - Growth Option,INF789FB1JU4,,Open Ended Schemes,Debt Scheme - Medium Duration Fund,18.6353,02-Apr-2026
134500,UTI Mutual Fund,UTI Medium Duration Fund - Regular Plan - Annual IDCW,INF789FB1KA4,INF789FB1KB2,Open Ended Schemes,Debt Scheme - Medium Duration Fund,13.6682,02-Apr-2026
134501,UTI Mutual Fund,UTI Medium Duration Fund - Direct Plan - Monthly IDCW,INF789FB1KF3,INF789FB1KG1,Open Ended Schemes,Debt Scheme - Medium Duration Fund,10.4138,02-Apr-2026
134502,UTI Mutual Fund,UTI Medium Duration Fund - Direct Plan - Quarterly IDCW,INF789FB1KH9,INF789FB1KI7,Open Ended Schemes,Debt Scheme - Medium Duration Fund,15.0271,02-Apr-2026
134503,UTI Mutual Fund,UTI Medium Duration Fund - Direct Plan - Growth Option,INF789FB1KE6,,Open Ended Schemes,Debt Scheme - Medium Duration Fund,20.0839,02-Apr-2026
134504,UTI Mutual Fund,UTI Medium Duration Fund - Direct Plan - Half-Yearly IDCW,INF789FB1KJ5,INF789FB1KK3,Open Ended Schemes,Debt Scheme - Medium Duration Fund,15.0433,02-Apr-2026
134505,UTI Mutual Fund,UTI Medium Duration Fund - Direct Plan - Annual IDCW,INF789FB1KL1,INF789FB1KM9,Open Ended Schemes,Debt Scheme - Medium Duration Fund,14.8757,02-Apr-2026
134506,UTI Mutual Fund,UTI Medium Duration Fund - Direct Plan - Flexi IDCW,INF789FB1KO5,INF789FB1KN7,Open Ended Schemes,Debt Scheme - Medium Duration Fund,15.6144,02-Apr-2026
134545,Nippon India Mutual Fund,Nippon India Banking and PSU Fund- Growth Plan- Growth Option,INF204KA1T56,,Open Ended Schemes,Debt Scheme - Banking and PSU Fund,21.2869,02-Apr-2026
134546,Nippon India Mutual Fund,Nippon India Banking and PSU Fund- Growth Plan- Bonus Option,INF204KA1T64,,Open Ended Schemes,Debt Scheme - Banking and PSU Fund,12.3452,02-Feb-2018
134547,Nippon India Mutual Fund,Nippon India Banking and PSU  Fund- Direct Plan-Growth Plan- Growth Option,INF204KA1U53,,Open Ended Schemes,Debt Scheme - Banking and PSU Fund,22.1568,02-Apr-2026
134548,Nippon India Mutual Fund,NIPPON INDIA BANKING and PSU FUND - IDCW Option,INF204KA1T72,INF204KA1T80,Open Ended Schemes,Debt Scheme - Banking and PSU Fund,21.2869,02-Apr-2026
134549,Nippon India Mutual Fund,NIPPON INDIA BANKING and PSU FUND - MONTHLY IDCW Option,INF204KA1U38,INF204KA1U46,Open Ended Schemes,Debt Scheme - Banking and PSU Fund,10.6316,02-Apr-2026
134550,Nippon India Mutual Fund,NIPPON INDIA BANKING and PSU FUND - Direct Plan - MONTHLY IDCW Option,INF204KA1V37,INF204KA1V45,Open Ended Schemes,Debt Scheme - Banking and PSU Fund,10.7043,02-Apr-2026
134551,Nippon India Mutual Fund,NIPPON INDIA BANKING and PSU FUND - QUARTERLY IDCW Option,INF204KA1T98,INF204KA1U04,Open Ended Schemes,Debt Scheme - Banking and PSU Fund,10.7012,02-Apr-2026
134552,Nippon India Mutual Fund,Nippon India Banking and PSU Fund- Direct Plan-Growth Plan- Bonus Option,INF204KA1U61,,Open Ended Schemes,Debt Scheme - Banking and PSU Fund,22.1563,02-Apr-2026
134553,Nippon India Mutual Fund,NIPPON INDIA BANKING and PSU  FUND - WEEKLY IDCW Option,INF204KA1U12,INF204KA1U20,Open Ended Schemes,Debt Scheme - Banking and PSU Fund,10.2194,02-Apr-2026
134554,Nippon India Mutual Fund,NIPPON INDIA BANKING and PSU FUND - Direct Plan - WEEKLY IDCW Option,INF204KA1V11,INF204KA1V29,Open Ended Schemes,Debt Scheme - Banking and PSU Fund,10.2209,02-Apr-2026
134555,Nippon India Mutual Fund,NIPPON INDIA BANKING and PSU  FUND - Direct Plan - IDCW Option,INF204KA1U79,INF204KA1U87,Open Ended Schemes,Debt Scheme - Banking and PSU Fund,22.1568,02-Apr-2026
134556,Nippon India Mutual Fund,NIPPON INDIA BANKING and PSU FUND - Direct Plan - QUARTERLY IDCW Option,INF204KA1U95,INF204KA1V03,Open Ended Schemes,Debt Scheme - Banking and PSU Fund,10.7630,02-Apr-2026
134763,UTI Mutual Fund,UTI Money Market Fund - Regular Plan - Half-Yearly IDCW,INF789FA1L62,INF789FA1L70,Open Ended Schemes,Debt Scheme - Money Market Fund,1813.2473,02-Apr-2026
134788,UTI Mutual Fund,UTI Dynamic Bond Fund - Direct Plan - Half-Yearly IDCW,INF789FA1S40,INF789FA1S57,Open Ended Schemes,Debt Scheme - Dynamic Bond,16.9733,02-Apr-2026
134972,UTI Mutual Fund,UTI Money Market Fund - Regular Plan - Annual IDCW,INF789FA1L88,INF789FA1L96,Open Ended Schemes,Debt Scheme - Money Market Fund,1921.966,02-Apr-2026
134973,UTI Mutual Fund,UTI Money Market Fund - Direct Plan - Annual IDCW,INF789FA1N03,INF789FA1N11,Open Ended Schemes,Debt Scheme - Money Market Fund,1939.6672,02-Apr-2026
134998,UTI Mutual Fund,UTI Medium to Long Duration Fund - Direct Plan - Half-Yearly IDCW,INF789FA1T64,INF789FA1T72,Open Ended Schemes,Debt Scheme - Medium to Long Duration Fund,15.0699,02-Apr-2026
135051,UTI Mutual Fund,UTI Credit Risk Fund - Regular Plan - Flexi IDCW,INF789FA1V86,INF789FA1V94,Open Ended Schemes,Debt Scheme - Credit Risk Fund,11.516,02-Apr-2026
135191,UTI Mutual Fund,UTI Low Duration Fund - Direct Plan - Fortnightly IDCW,INF789FA1O02,INF789FA1O10,Open Ended Schemes,Debt Scheme - Low Duration Fund,1340.297,02-Apr-2026
135290,UTI Mutual Fund,UTI Credit Risk Fund - Direct Plan - Annual IDCW,INF789FB1U28,INF789FB1U36,Open Ended Schemes,Debt Scheme - Credit Risk Fund,12.7841,02-Apr-2026
135336,UTI Mutual Fund,UTI Dynamic Bond Fund - Regular Plan - Flexi IDCW,INF789FA1S24,INF789FA1S32,Open Ended Schemes,Debt Scheme - Dynamic Bond,16.7105,02-Apr-2026
135371,UTI Mutual Fund,UTI Money Market Fund - Regular Plan - Fortnightly IDCW,INF789FA1L05,INF789FA1L13,Open Ended Schemes,Debt Scheme - Money Market Fund,1161.2075,02-Apr-2026
135418,UTI Mutual Fund,UTI Credit Risk Fund - Direct Plan - Half-Yearly IDCW,INF789FA1W02,INF789FA1W10,Open Ended Schemes,Debt Scheme - Credit Risk Fund,12.8361,02-Apr-2026
135419,UTI Mutual Fund,UTI Credit Risk Fund - Regular Plan - Half-Yearly IDCW,INF789FA1V45,INF789FA1V52,Open Ended Schemes,Debt Scheme - Credit Risk Fund,11.9006,02-Apr-2026
135536,UTI Mutual Fund,UTI Dynamic Bond Fund - Direct Plan - Annual IDCW,INF789FA1S65,INF789FA1S73,Open Ended Schemes,Debt Scheme - Dynamic Bond,14.6286,02-Apr-2026
135581,UTI Mutual Fund,UTI Medium to Long Duration Fund - Regular Plan - Half-Yearly IDCW,INF789FA1T07,INF789FA1T15,Open Ended Schemes,Debt Scheme - Medium to Long Duration Fund,14.5532,02-Apr-2026
135606,UTI Mutual Fund,UTI Money Market Fund - Direct Plan - Fortnightly IDCW,INF789FA1M20,INF789FA1M38,Open Ended Schemes,Debt Scheme - Money Market Fund,1253.2593,02-Apr-2026
135721,UTI Mutual Fund,UTI Liquid Fund - Regular Plan - Quarterly IDCW,INF789FA1J25,INF789FA1J33,Open Ended Schemes,Debt Scheme - Liquid Fund,1866.1907,04-Apr-2026
135914,Bandhan Mutual Fund,BANDHAN Corporate Bond Fund - Regular Growth,INF194KA1L81,,Open Ended Schemes,Debt Scheme - Corporate Bond Fund,19.8630,02-Apr-2026
135915,Bandhan Mutual Fund,BANDHAN Corporate Bond Fund - Regular Periodic IDCW,INF194KA1L99,INF194KA1M07,Open Ended Schemes,Debt Scheme - Corporate Bond Fund,13.3902,02-Apr-2026
135916,Bandhan Mutual Fund,BANDHAN Corporate Bond Fund - Direct Growth,INF194KA1M23,,Open Ended Schemes,Debt Scheme - Corporate Bond Fund,20.5030,02-Apr-2026
135917,Bandhan Mutual Fund,BANDHAN Corporate Bond Fund - Direct Periodic IDCW,INF194KA1M31,INF194KA1M49,Open Ended Schemes,Debt Scheme - Corporate Bond Fund,13.6025,02-Apr-2026
136110,UTI Mutual Fund,UTI Banking & PSU Fund - Regular Plan - Monthly IDCW,INF789FC1HC5,INF789FC1HD3,Open Ended Schemes,Debt Scheme - Banking and PSU Fund,13.3135,02-Apr-2026
136302,UTI Mutual Fund,UTI Credit Risk Fund - Direct Plan - Flexi IDCW,INF789FB1U44,INF789FB1U51,Open Ended Schemes,Debt Scheme - Credit Risk Fund,12.7887,02-Apr-2026
136345,UTI Mutual Fund,UTI Low Duration Fund - Regular Plan - Half-Yearly IDCW,INF789FA1N60,INF789FA1N78,Open Ended Schemes,Debt Scheme - Low Duration Fund,1462.9693,02-Apr-2026
138278,PGIM India Mutual Fund,PGIM India Insta Cash Fund-DIVIDEND-WEEKLY DIVIDEND,INF223J01BN1,,Open Ended Schemes,Debt Scheme - Liquid Fund,10.3577,28-Jul-2019
138279,PGIM India Mutual Fund,PGIM India Liquid Fund-DIVIDEND-MONTHLY DIVIDEND,INF223J01BR2,INF223J01BS0,Open Ended Schemes,Debt Scheme - Liquid Fund,10.0577,30-Jul-2018
138280,PGIM India Mutual Fund,PGIM India Liquid Fund-DIVIDEND-Daily Dividend,,INF223J01BI1,Open Ended Schemes,Debt Scheme - Liquid Fund,10.301,28-Jul-2019
138281,PGIM India Mutual Fund,PGIM India Liquid Fund-Growth-GROWTH,INF223J01BJ9,,Open Ended Schemes,Debt Scheme - Liquid Fund,27.706,28-Jul-2019
138282,PGIM India Mutual Fund,PGIM India Insta Cash Fund-Institutional Plan-Growth,INF223J01BB6,,Open Ended Schemes,Debt Scheme - Liquid Fund,26.2743,28-Jul-2019
138283,PGIM India Mutual Fund,PGIM India Insta Cash Fund-Institutional Plan-Daily Dividend,INF223J01BA8,,Open Ended Schemes,Debt Scheme - Liquid Fund,10.0516,28-Jul-2019
138284,PGIM India Mutual Fund,PGIM India INSTA CASH FUND - Regular Plan BONUS OPTION,INF223J01BH3,,Open Ended Schemes,Debt Scheme - Liquid Fund,13.7989,11-Sep-2018
138285,PGIM India Mutual Fund,PGIM India Liquid Fund - Daily Dividend,,INF223J01BO9,Open Ended Schemes,Debt Scheme - Liquid Fund,100.304,05-Apr-2026
138286,PGIM India Mutual Fund,PGIM India Liquid Fund - Bonus Option,INF223J01BQ4,,Open Ended Schemes,Debt Scheme - Liquid Fund,186.8975,21-Jan-2022
138287,PGIM India Mutual Fund,PGIM India Liquid Fund - Monthly Dividend,INF223J01BL5,,Open Ended Schemes,Debt Scheme - Liquid Fund,117.0649,05-Apr-2026
138288,PGIM India Mutual Fund,PGIM India Liquid Fund - Growth,INF223J01BP6,,Open Ended Schemes,Debt Scheme - Liquid Fund,355.6847,05-Apr-2026
138289,PGIM India Mutual Fund,PGIM India Liquid Fund - Weekly Dividend,INF223J01BU6,,Open Ended Schemes,Debt Scheme - Liquid Fund,100.5565,05-Apr-2026
138292,PGIM India Mutual Fund,PGIM India Insta Cash Fund- Annual Dividend Option,INF223J01IP1,INF223J01IQ9,Open Ended Schemes,Debt Scheme - Liquid Fund,144.7569,28-Jul-2019
138294,PGIM India Mutual Fund,PGIM India Insta Cash Fund - Quarterly Dividend Option,INF223J01IN6,INF223J01IO4,Open Ended Schemes,Debt Scheme - Liquid Fund,143.9385,28-Jul-2019
138296,PGIM India Mutual Fund,PGIM India Insta Cash Fund - Direct Plan - Annual Dividend,INF223J01NO4,INF223J01NP1,Open Ended Schemes,Debt Scheme - Liquid Fund,144.7765,28-Jul-2019
138297,PGIM India Mutual Fund,PGIM India Liquid Fund - Direct Plan - Daily Dividend,INF223J01NR7,,Open Ended Schemes,Debt Scheme - Liquid Fund,128.3841,05-Apr-2026
138298,PGIM India Mutual Fund,PGIM India Liquid Fund - Direct Plan - Monthly Dividend,INF223J01NT3,INF223J01NU1,Open Ended Schemes,Debt Scheme - Liquid Fund,116.6169,05-Apr-2026
138299,PGIM India Mutual Fund,PGIM India Liquid Fund - Direct Plan - Growth,INF223J01NS5,,Open Ended Schemes,Debt Scheme - Liquid Fund,360.2324,05-Apr-2026
138300,PGIM India Mutual Fund,PGIM India Insta Cash Fund - Direct Plan - Quarterly Dividend,INF223J01NX5,,Open Ended Schemes,Debt Scheme - Liquid Fund,145.6889,28-Jul-2019
138301,PGIM India Mutual Fund,PGIM India Liquid Fund - Direct Plan - Weekly Dividend,INF223J01NV9,INF223J01NW7,Open Ended Schemes,Debt Scheme - Liquid Fund,100.5571,05-Apr-2026
138302,PGIM India Mutual Fund,PGIM India Insta Cash Fund - Direct Plan -  Regular Bonus,INF223J01NQ9,,Open Ended Schemes,Debt Scheme - Liquid Fund,138.2962,01-Aug-2016
138303,PGIM India Mutual Fund,PGIM India Insta Cash Fund - Direct Plan -Monthly Bonus,INF223J01VE8,,Open Ended Schemes,Debt Scheme - Liquid Fund,132.9596,01-Aug-2016
138304,PGIM India Mutual Fund,PGIM India INSTA CASH FUND-Monthly Bonus Option,INF223J01VD0,,Open Ended Schemes,Debt Scheme - Liquid Fund,140.0664,28-Jul-2019
138305,PGIM India Mutual Fund,PGIM India Insta Cash Fund - Direct Plan -  Annual Bonus Option,INF223J01WW8,,Open Ended Schemes,Debt Scheme - Liquid Fund,148.9974,11-Jun-2019
138306,PGIM India Mutual Fund,PGIM India INSTA CASH FUND - Annual Bonus Option,INF223J01WV0,,Open Ended Schemes,Debt Scheme - Liquid Fund,144.9174,08-May-2019
138315,PGIM India Mutual Fund,PGIM India Corporate Bond Fund - Quarterly Dividend,INF223J01DE6,INF223J01DF3,Open Ended Schemes,Debt Scheme - Corporate Bond Fund,11.2191,02-Apr-2026
138316,PGIM India Mutual Fund,PGIM India Corporate Bond Fund - Monthly Dividend,INF223J01DC0,INF223J01DD8,Open Ended Schemes,Debt Scheme - Corporate Bond Fund,12.4555,02-Apr-2026
138317,PGIM India Mutual Fund,PGIM India Corporate Bond Fund - Annual Dividend,INF223J01CY6,INF223J01CZ3,Open Ended Schemes,Debt Scheme - Corporate Bond Fund,9.9974,02-Apr-2026
138318,PGIM India Mutual Fund,PGIM India Corporate Bond Fund - Growth,INF223J01DB2,,Open Ended Schemes,Debt Scheme - Corporate Bond Fund,44.2361,02-Apr-2026
138323,PGIM India Mutual Fund,PGIM India Corporate Bond Fund - Premium Plus Plan - Growth,INF223J01CQ2,,Open Ended Schemes,Debt Scheme - Corporate Bond Fund,21.588,21-Jan-2022
138324,PGIM India Mutual Fund,PGIM India Premier Bond Fund - Bonus,INF223J01DA4,,Open Ended Schemes,Debt Scheme - Corporate Bond Fund,15.2260,01-Aug-2016
138329,PGIM India Mutual Fund,PGIM India Corporate Bond Fund - Direct Plan - Annual Dividend,INF223J01OM6,,Open Ended Schemes,Debt Scheme - Corporate Bond Fund,15.4358,02-Apr-2026
138330,PGIM India Mutual Fund,PGIM India Corporate Bond Fund - Direct Plan - Growth,INF223J01OO2,,Open Ended Schemes,Debt Scheme - Corporate Bond Fund,49.5563,02-Apr-2026
138331,PGIM India Mutual Fund,PGIM India Corporate Bond Fund - Direct Plan - Monthly Dividend,INF223J01OP9,,Open Ended Schemes,Debt Scheme - Corporate Bond Fund,14.5397,02-Apr-2026
138332,PGIM India Mutual Fund,PGIM India Corporate Bond Fund - Direct Plan - Quarterly Dividend,INF223J01OR5,INF223J01OS3,Open Ended Schemes,Debt Scheme - Corporate Bond Fund,12.7662,02-Apr-2026
138333,PGIM India Mutual Fund,PGIM India Premier Bond Fund - Direct Plan - Half-Yearly Bonus,INF223J01WG1,,Open Ended Schemes,Debt Scheme - Corporate Bond Fund,13.2164,01-Aug-2016
138334,PGIM India Mutual Fund,PGIM India Premier Bond Fund - Half-Yearly Bonus,INF223J01WF3,,Open Ended Schemes,Debt Scheme - Corporate Bond Fund,13.5688,24-May-2019
138336,PGIM India Mutual Fund,PGIM India Premier Bond Fund - Annual Bonus,INF223J01WZ1,,Open Ended Schemes,Debt Scheme - Corporate Bond Fund,24.9334,01-Aug-2016
138467,PGIM India Mutual Fund,PGIM India Gilt Fund - Quarterly Dividend,INF223J01AO1,INF223J01AP8,Open Ended Schemes,Debt Scheme - Gilt Fund,13.0017,02-Apr-2026
138470,PGIM India Mutual Fund,PGIM India Gilt Fund - Growth,INF223J01AQ6,,Open Ended Schemes,Debt Scheme - Gilt Fund,29.5509,02-Apr-2026
138471,PGIM India Mutual Fund,PGIM India Gilt Fund - Bonus,INF223J01AR4,,Open Ended Schemes,Debt Scheme - Gilt Fund,13.8662,01-Aug-2016
138472,PGIM India Mutual Fund,PGIM India Gilt Fund - Direct Plan - Growth,INF223J01ND7,,Open Ended Schemes,Debt Scheme - Gilt Fund,32.1767,02-Apr-2026
138474,PGIM India Mutual Fund,PGIM India Gilt Fund - Direct Plan - Quarterly Dividend,INF223J01NB1,,Open Ended Schemes,Debt Scheme - Gilt Fund,13.8572,02-Apr-2026
138475,PGIM India Mutual Fund,PGIM India Gilt Fund - Half Yearly Bonus,INF223J01VL3,,Open Ended Schemes,Debt Scheme - Gilt Fund,12.6178,05-Jul-2018
138476,PGIM India Mutual Fund,PGIM India Gilt Fund - Direct Plan - Half Yearly Bonus,INF223J01VM1,,Open Ended Schemes,Debt Scheme - Gilt Fund,12.8877,03-Apr-2018
139181,UTI Mutual Fund,UTI Dynamic Bond Fund - Regular Plan - Half-Yearly IDCW,INF789FA1R82,INF789FA1R90,Open Ended Schemes,Debt Scheme - Dynamic Bond,15.5356,02-Apr-2026
139198,Bandhan Mutual Fund,BANDHAN Corporate Bond Fund - Direct Monthly IDCW,INF194KA1S43,INF194KA1S50,Open Ended Schemes,Debt Scheme - Corporate Bond Fund,10.3347,02-Apr-2026
139199,Bandhan Mutual Fund,BANDHAN Corporate Bond Fund - Direct Quarterly IDCW,INF194KA1S76,INF194KA1S84,Open Ended Schemes,Debt Scheme - Corporate Bond Fund,10.6026,02-Apr-2026
139200,Bandhan Mutual Fund,BANDHAN Corporate Bond Fund - Direct Half Yearly IDCW,INF194KA1T00,INF194KA1T18,Open Ended Schemes,Debt Scheme - Corporate Bond Fund,11.4917,02-Apr-2026
139201,Bandhan Mutual Fund,BANDHAN Corporate Bond Fund - Direct Annual IDCW,INF194KA1T34,INF194KA1T42,Open Ended Schemes,Debt Scheme - Corporate Bond Fund,10.2147,02-Apr-2026
139202,Bandhan Mutual Fund,BANDHAN Corporate Bond Fund - Regular Monthly IDCW,INF194KA1R28,INF194KA1R36,Open Ended Schemes,Debt Scheme - Corporate Bond Fund,10.5849,02-Apr-2026
139203,Bandhan Mutual Fund,BANDHAN Corporate Bond Fund - Regular Half Yearly IDCW,INF194KA1R85,INF194KA1R93,Open Ended Schemes,Debt Scheme - Corporate Bond Fund,10.8918,02-Apr-2026
139204,Bandhan Mutual Fund,BANDHAN Corporate Bond Fund - Regular Annual IDCW,INF194KA1S19,INF194KA1S27,Open Ended Schemes,Debt Scheme - Corporate Bond Fund,10.2062,02-Apr-2026
139205,Bandhan Mutual Fund,BANDHAN Corporate Bond Fund - Regular Quarterly IDCW,INF194KA1R51,INF194KA1R69,Open Ended Schemes,Debt Scheme - Corporate Bond Fund,10.6351,02-Apr-2026
139235,Canara Robeco Mutual Fund,Canara Robeco Liquid Fund -Unclaimed Redemption and Dividend Plan -Direct Growth Option,INF760K01IC8,,Open Ended Schemes,Debt Scheme - Liquid Fund,1806.0842,05-Apr-2026
139236,UTI Mutual Fund,UTI MMF - Regular Plan - Flexi Dividend Option,INF789FA1M04,INF789FA1M12,Open Ended Schemes,Debt Scheme - Money Market Fund,1248.5485,02-Apr-2026
139257,JM Financial Mutual Fund,JM Liquid Fund Unclaimed Redemption (Direct) Growth Plan,INF192K01LA2,,Open Ended Schemes,Debt Scheme - Liquid Fund,57.8230,24-Jan-2022
139258,JM Financial Mutual Fund,JM Liquid Fund Unclaimed Dividend (Direct) Growth Plan,INF192K01LB0,,Open Ended Schemes,Debt Scheme - Liquid Fund,57.8229,24-Jan-2022
139259,JM Financial Mutual Fund,JM Liquid Fund Unclaimed Redemption IEF (Direct) Growth Plan,INF192K01LC8,,Open Ended Schemes,Debt Scheme - Liquid Fund,41.4437,24-Jan-2022
139260,JM Financial Mutual Fund,JM Liquid Fund Unclaimed Dividend IEF (Direct) Growth Plan,INF192K01LD6,,Open Ended Schemes,Debt Scheme - Liquid Fund,41.4437,24-Jan-2022
139339,UTI Mutual Fund,UTI Medium to Long Duration Fund - Direct Plan - Annual IDCW,INF789FA1T80,,Open Ended Schemes,Debt Scheme - Medium to Long Duration Fund,12.9196,02-Apr-2026
139344,Baroda BNP Paribas Mutual Fund,Baroda BNP Paribas Liquid Fund - Plan C,INF955L01GR4,,Open Ended Schemes,Debt Scheme - Liquid Fund,1422.9738,14-Mar-2022
139386,Navi Mutual Fund,Navi Liquid Fund-Unclaimed Redemption and Dividend Plan less than 3 years,INF959L01CN4,,Open Ended Schemes,Debt Scheme - Liquid Fund,29.7719,03-Apr-2026
139387,Invesco Mutual Fund,Invesco India Liquid Fund - Unclaimed Redemption Plan - Below 3 years,,,Open Ended Schemes,Debt Scheme - Liquid Fund,1794.8757,03-Apr-2026
139388,Invesco Mutual Fund,Invesco India Liquid Fund - Unclaimed Redemption Plan - Above 3 Years,,,Open Ended Schemes,Debt Scheme - Liquid Fund,999.9996,03-Apr-2026
139389,Invesco Mutual Fund,Invesco India Liquid Fund - Unclaimed Dividend Plan - Below 3 Years,,,Open Ended Schemes,Debt Scheme - Liquid Fund,1795.28,03-Apr-2026
139390,Invesco Mutual Fund,Invesco India Liquid Fund - Unclaimed Dividend Plan - Above 3 Years,,,Open Ended Schemes,Debt Scheme - Liquid Fund,999.9996,03-Apr-2026
139407,UTI Mutual Fund,UTI Banking & PSU Fund - Regular Plan - Half-Yearly IDCW,INF789FA1U20,INF789FA1U38,Open Ended Schemes,Debt Scheme - Banking and PSU Fund,15.2331,02-Apr-2026
139431,ICICI Prudential Mutual Fund,ICICI Prudential Liquid Fund - Unclaimed Redemption Investor Education,INF109KB1WT5,,Open Ended Schemes,Debt Scheme - Liquid Fund,100.0000,30-Nov-2021
139432,ICICI Prudential Mutual Fund,ICICI Prudential Liquid Fund - Unclaimed IDCW Investor Education,INF109KB1WS7,,Open Ended Schemes,Debt Scheme - Liquid Fund,100.0000,30-Nov-2021
139433,ICICI Prudential Mutual Fund,ICICI Prudential Liquid Fund - Unclaimed Redemption,INF109KB1WQ1,,Open Ended Schemes,Debt Scheme - Liquid Fund,137.2884,30-Nov-2021
139434,ICICI Prudential Mutual Fund,ICICI Prudential Liquid Fund - Unclaimed IDCW,INF109KB1WR9,,Open Ended Schemes,Debt Scheme - Liquid Fund,137.2884,30-Nov-2021
139534,Mahindra Manulife Mutual Fund,Mahindra Manulife Liquid Fund - Regular Plan - Daily IDCW,,INF174V01028,Open Ended Schemes,Debt Scheme - Liquid Fund,1001.1415,05-Apr-2026
139535,Mahindra Manulife Mutual Fund,Mahindra Manulife Liquid Fund - Direct Plan - Daily IDCW,,INF174V01051,Open Ended Schemes,Debt Scheme - Liquid Fund,1262.5485,05-Apr-2026
139536,Mahindra Manulife Mutual Fund,Mahindra Manulife Liquid Fund - Direct Plan - Weekly IDCW,,INF174V01069,Open Ended Schemes,Debt Scheme - Liquid Fund,1003.6701,05-Apr-2026
139537,Mahindra Manulife Mutual Fund,Mahindra Manulife Liquid Fund - Regular Plan - Growth,INF174V01010,,Open Ended Schemes,Debt Scheme - Liquid Fund,1777.6824,05-Apr-2026
139538,Mahindra Manulife Mutual Fund,Mahindra Manulife Liquid Fund - Direct Plan -Growth,INF174V01044,,Open Ended Schemes,Debt Scheme - Liquid Fund,1798.2744,05-Apr-2026
139539,Mahindra Manulife Mutual Fund,Mahindra Manulife Liquid Fund - Unclaimed Redemption / IDCW Upto three years,,,Open Ended Schemes,Debt Scheme - Liquid Fund,1218.6343,30-Nov-2021
139540,Mahindra Manulife Mutual Fund,Mahindra Manulife Liquid Fund - Unclaimed Redemption / IDCW Beyond 3 years,,,Open Ended Schemes,Debt Scheme - Liquid Fund,1000.0000,30-Nov-2021
139541,Mahindra Manulife Mutual Fund,Mahindra Manulife Liquid Fund - Regular Plan - Weekly IDCW,,INF174V01036,Open Ended Schemes,Debt Scheme - Liquid Fund,1010.0817,05-Apr-2026
139582,Bandhan Mutual Fund,BANDHAN LIQUID Fund - Unclaimed IDCW Less than 3 years,INF194KA14C0,,Open Ended Schemes,Debt Scheme - Liquid Fund,1.7751,03-Apr-2026
139583,Bandhan Mutual Fund,BANDHAN LIQUID Fund - Unclaimed IDCW More than 3 years,INF194KA15C7,,Open Ended Schemes,Debt Scheme - Liquid Fund,1.0000,03-Apr-2026
139584,Bandhan Mutual Fund,BANDHAN LIQUID Fund - Unclaimed Redemption Less than 3 years,INF194KA12C4,,Open Ended Schemes,Debt Scheme - Liquid Fund,1.7751,03-Apr-2026
139585,Bandhan Mutual Fund,BANDHAN LIQUID Fund - Unclaimed Redemption More than 3 years,INF194KA13C2,,Open Ended Schemes,Debt Scheme - Liquid Fund,1.0000,03-Apr-2026
139646,UTI Mutual Fund,UTI Money Market Fund - Regular Plan - Quarterly IDCW,INF789FA1L47,INF789FA1L54,Open Ended Schemes,Debt Scheme - Money Market Fund,1003.4241,24-Feb-2026
139838,UTI Mutual Fund,UTI Liquid Fund - Regular Plan - Fortnightly IDCW,INF789FA1J09,INF789FA1J17,Open Ended Schemes,Debt Scheme - Liquid Fund,1158.228,04-Apr-2026
139889,Franklin Templeton Mutual Fund,Franklin India Liquid Fund - Unclaimed Redemption Plan - Growth,INF090I01LO3,,Open Ended Schemes,Debt Scheme - Liquid Fund,17.4998,02-Apr-2026
139890,Franklin Templeton Mutual Fund,Franklin India Liquid Fund - Unclaimed IDCW Plan - Growth,INF090I01LP0,,Open Ended Schemes,Debt Scheme - Liquid Fund,17.4998,02-Apr-2026
139891,Franklin Templeton Mutual Fund,Franklin India Liquid Fund - Unclaimed Redemption Investor Education Plan - Growth,INF090I01LQ8,,Open Ended Schemes,Debt Scheme - Liquid Fund,10.0000,02-Apr-2026
139892,Franklin Templeton Mutual Fund,Franklin India Liquid Fund - Unclaimed IDCW Investor Education Plan - Growth,INF090I01LR6,,Open Ended Schemes,Debt Scheme - Liquid Fund,10.0000,02-Apr-2026
140023,UTI Mutual Fund,UTI Money Market Fund - Direct Plan - Half-Yearly IDCW,INF789FA1M87,INF789FA1M95,Open Ended Schemes,Debt Scheme - Money Market Fund,1825.9896,02-Apr-2026
140024,UTI Mutual Fund,UTI Liquid Fund - Direct Plan - Quarterly IDCW,INF789FA1K22,INF789FA1K30,Open Ended Schemes,Debt Scheme - Liquid Fund,1879.8791,04-Apr-2026
140116,UTI Mutual Fund,UTI Banking & PSU Fund - Regular Plan - Annual IDCW,INF789FA1U46,INF789FA1U53,Open Ended Schemes,Debt Scheme - Banking and PSU Fund,13.0337,02-Apr-2026
140135,UTI Mutual Fund,UTI Banking & PSU Fund - Direct Plan - Annual IDCW,INF789FA1V03,INF789FA1V11,Open Ended Schemes,Debt Scheme - Banking and PSU Fund,13.3112,02-Apr-2026
140176,Edelweiss Mutual Fund,Edelweiss Liquid Fund - Retail Plan - Growth Option,INF754K01HE9,,Open Ended Schemes,Debt Scheme - Liquid Fund,3177.9115,05-Apr-2026
140177,Edelweiss Mutual Fund,Edelweiss Liquid Fund - Retail Plan Daily - IDCW Option,,INF754K01HF6,Open Ended Schemes,Debt Scheme - Liquid Fund,1138.7511,05-Apr-2026
140178,Edelweiss Mutual Fund,Edelweiss Liquid Fund - Retail Plan - Weekly Dividend Option,,INF754K01HG4,Open Ended Schemes,Debt Scheme - Liquid Fund,1233.5966,05-Apr-2026
140180,Edelweiss Mutual Fund,Edelweiss Liquid Fund - Retail Plan Monthly - IDCW Option,,INF754K01HI0,Open Ended Schemes,Debt Scheme - Liquid Fund,1248.1125,05-Apr-2026
140181,Edelweiss Mutual Fund,Edelweiss Liquid Fund - Regular Plan Daily - IDCW Option,,INF754K01HA7,Open Ended Schemes,Debt Scheme - Liquid Fund,1293.8921,05-Apr-2026
140182,Edelweiss Mutual Fund,Edelweiss Liquid Fund - Regular Plan - Growth Option,INF754K01GZ6,,Open Ended Schemes,Debt Scheme - Liquid Fund,3494.4447,05-Apr-2026
140183,Edelweiss Mutual Fund,Edelweiss Liquid Fund - Regular Plan Monthly - IDCW Option,INF754K01HL4,INF754K01HD1,Open Ended Schemes,Debt Scheme - Liquid Fund,1086.3692,05-Apr-2026
140184,Edelweiss Mutual Fund,Edelweiss Liquid Fund - Regular Plan Fortnightly - IDCW Option,INF754K01HK6,INF754K01HC3,Open Ended Schemes,Debt Scheme - Liquid Fund,2159.2485,05-Apr-2026
140185,Edelweiss Mutual Fund,Edelweiss Liquid Fund - Regular Plan Weekly - IDCW Option,INF754K01HJ8,INF754K01HB5,Open Ended Schemes,Debt Scheme - Liquid Fund,1217.8024,05-Apr-2026
140188,Edelweiss Mutual Fund,Edelweiss Liquid Fund - Regular Plan Annual - IDCW Option,INF754K01HQ3,INF754K01HP5,Open Ended Schemes,Debt Scheme - Liquid Fund,2417.8544,05-Apr-2026
140189,Edelweiss Mutual Fund,Edelweiss Liquid Fund - Regular Plan - Bonus Option,INF754K01HR1,,Open Ended Schemes,Debt Scheme - Liquid Fund,2035.6301,05-Apr-2026
140190,Edelweiss Mutual Fund,Edelweiss Liquid Fund - Regular Plan - IDCW Option,INF754K01GK8,INF754K01GL6,Open Ended Schemes,Debt Scheme - Liquid Fund,3494.4475,05-Apr-2026
140192,Edelweiss Mutual Fund,Edelweiss Liquid Fund - Direct Plan Annual - IDCW Option,INF754K01GX1,INF754K01GT9,Open Ended Schemes,Debt Scheme - Liquid Fund,3568.5014,05-Apr-2026
140193,Edelweiss Mutual Fund,Edelweiss Liquid Fund - Direct Plan daily - IDCW Option,,INF754K01GP7,Open Ended Schemes,Debt Scheme - Liquid Fund,1191.6362,05-Apr-2026
140194,Edelweiss Mutual Fund,Edelweiss Liquid Fund - Direct Plan - Bonus Option,INF754K01GY9,,Open Ended Schemes,Debt Scheme - Liquid Fund,2076.1027,05-Apr-2026
140195,Edelweiss Mutual Fund,Edelweiss Liquid Fund - Direct Plan weekly - IDCW Option,INF754K01GU7,INF754K01GQ5,Open Ended Schemes,Debt Scheme - Liquid Fund,2177.7214,05-Apr-2026
140196,Edelweiss Mutual Fund,Edelweiss Liquid Fund - Direct Plan - Growth Option,INF754K01GM4,,Open Ended Schemes,Debt Scheme - Liquid Fund,3568.5265,05-Apr-2026
140197,Edelweiss Mutual Fund,Edelweiss Liquid Fund - Direct Plan Monthly - IDCW Option,INF754K01GW3,INF754K01GS1,Open Ended Schemes,Debt Scheme - Liquid Fund,1007.9565,05-Apr-2026
140198,Edelweiss Mutual Fund,Edelweiss Liquid Fund - Direct Plan - IDCW Option,INF754K01GO0,INF754K01GN2,Open Ended Schemes,Debt Scheme - Liquid Fund,3568.54,05-Apr-2026
140199,Edelweiss Mutual Fund,Edelweiss Liquid Fund - Direct Plan Fortnightly - IDCW Option,INF754K01GV5,INF754K01GR3,Open Ended Schemes,Debt Scheme - Liquid Fund,2480.5663,05-Apr-2026
140229,Edelweiss Mutual Fund,Edelweiss Money Market Fund - Regular Plan - Growth Option,INF843K01344,,Open Ended Schemes,Debt Scheme - Money Market Fund,29.6194,02-Apr-2026
140230,Edelweiss Mutual Fund,Edelweiss Money Market Fund - Institutional Plan - Growth Option,INF843K01377,,Open Ended Schemes,Debt Scheme - Money Market Fund,25.3463,02-Apr-2026
140232,Edelweiss Mutual Fund,Edelweiss Money Market Fund - Regular Plan - IDCW Option,INF843K01351,INF843K01369,Open Ended Schemes,Debt Scheme - Money Market Fund,27.8634,02-Apr-2026
140233,Edelweiss Mutual Fund,Edelweiss Money Market Fund - Regular Plan - Annual - IDCW Option,INF843K01922,INF843K01914,Open Ended Schemes,Debt Scheme - Money Market Fund,29.3753,02-Apr-2026
140235,Edelweiss Mutual Fund,Edelweiss Money Market Fund - Direct Plan - IDCW Option,INF843K01CF8,INF843K01CG6,Open Ended Schemes,Debt Scheme - Money Market Fund,30.597,02-Apr-2026
140236,Edelweiss Mutual Fund,Edelweiss Money Market Fund - Direct Plan - Annual - IDCW Option,INF843K01CI2,INF843K01CH4,Open Ended Schemes,Debt Scheme - Money Market Fund,32.8001,02-Apr-2026
140237,Edelweiss Mutual Fund,Edelweiss Money Market Fund - Direct Plan - Growth Option,INF843K01CE1,,Open Ended Schemes,Debt Scheme - Money Market Fund,32.8075,02-Apr-2026
140283,Edelweiss Mutual Fund,Edelweiss Banking and PSU Debt Fund - Regular Plan - Growth Option,INF843K01FK1,,Open Ended Schemes,Debt Scheme - Banking and PSU Fund,25.2826,02-Apr-2026
140284,Edelweiss Mutual Fund,Edelweiss Banking and PSU Debt Fund - Regular Plan - IDCW Option,INF843K01FL9,INF843K01FM7,Open Ended Schemes,Debt Scheme - Banking and PSU Fund,17.5823,02-Apr-2026
140286,Edelweiss Mutual Fund,Edelweiss Banking and PSU Debt Fund - Direct Plan - Growth Option,INF843K01FC8,,Open Ended Schemes,Debt Scheme - Banking and PSU Fund,26.2571,02-Apr-2026
140288,Edelweiss Mutual Fund,Edelweiss Banking and PSU Debt Fund - Direct Plan - IDCW Option,INF843K01FD6,INF843K01FE4,Open Ended Schemes,Debt Scheme - Banking and PSU Fund,18.4863,02-Apr-2026
140289,Edelweiss Mutual Fund,Edelweiss Banking and PSU Debt Fund - Regular Plan Weekly - IDCW Option,INF843K01FN5,,Open Ended Schemes,Debt Scheme - Banking and PSU Fund,10.0786,02-Apr-2026
140290,Edelweiss Mutual Fund,Edelweiss Banking and PSU Debt Fund - Direct Plan weekly - IDCW Option,INF843K01FF1,,Open Ended Schemes,Debt Scheme - Banking and PSU Fund,10.4835,02-Apr-2026
140291,Edelweiss Mutual Fund,Edelweiss Banking and PSU Debt Fund - Direct Plan Fortnightly - IDCW Option,INF843K01FG9,,Open Ended Schemes,Debt Scheme - Banking and PSU Fund,14.3725,02-Apr-2026
140292,Edelweiss Mutual Fund,Edelweiss Banking and PSU Debt Fund - Regular Plan Monthly - IDCW Option,INF843K01FQ8,INF843K01FP0,Open Ended Schemes,Debt Scheme - Banking and PSU Fund,11.0835,02-Apr-2026
140293,Edelweiss Mutual Fund,Edelweiss Banking and PSU Debt Fund - Direct Plan Monthly - IDCW Option,INF843K01FI5,INF843K01FH7,Open Ended Schemes,Debt Scheme - Banking and PSU Fund,10.842,02-Apr-2026
140294,Edelweiss Mutual Fund,Edelweiss Banking and PSU Debt Fund - Regular Plan Fortnightly - IDCW Option,INF843K01FO3,,Open Ended Schemes,Debt Scheme - Banking and PSU Fund,13.8985,02-Apr-2026
140297,Edelweiss Mutual Fund,Edelweiss Government Securities Fund - Regular Plan - Growth Option,INF843K01HC4,,Open Ended Schemes,Debt Scheme - Gilt Fund,24.1787,02-Apr-2026
140298,Edelweiss Mutual Fund,Edelweiss Government Securities Fund - Direct Plan - Growth Option,INF843K01GS2,,Open Ended Schemes,Debt Scheme - Gilt Fund,25.8509,02-Apr-2026
140301,Edelweiss Mutual Fund,Edelweiss Government Securities Fund - Regular Plan - IDCW Option,INF843K01HE0,INF843K01HF7,Open Ended Schemes,Debt Scheme - Gilt Fund,24.1946,02-Apr-2026
140302,Edelweiss Mutual Fund,Edelweiss Government Securities Fund - Direct Plan - IDCW Option,INF843K01GU8,INF843K01GV6,Open Ended Schemes,Debt Scheme - Gilt Fund,25.7479,02-Apr-2026
140303,Edelweiss Mutual Fund,Edelweiss Government Securities Fund - Regular Plan Weekly - IDCW Option,INF843K01HG5,,Open Ended Schemes,Debt Scheme - Gilt Fund,9.9843,02-Apr-2026
140304,Edelweiss Mutual Fund,Edelweiss Government Securities Fund - Direct Plan weekly - IDCW Option,INF843K01GW4,,Open Ended Schemes,Debt Scheme - Gilt Fund,13.8992,02-Apr-2026
140305,Edelweiss Mutual Fund,Edelweiss Government Securities Fund - Regular Plan Fortnightly - IDCW Option,INF843K01HH3,,Open Ended Schemes,Debt Scheme - Gilt Fund,23.9973,02-Apr-2026
140306,Edelweiss Mutual Fund,Edelweiss Government Securities Fund - Direct Plan Fortnightly - IDCW Option,INF843K01GX2,,Open Ended Schemes,Debt Scheme - Gilt Fund,22.5822,02-Apr-2026
140307,Edelweiss Mutual Fund,Edelweiss Government Securities Fund - Regular Plan Monthly - IDCW Option,INF843K01HJ9,INF843K01HI1,Open Ended Schemes,Debt Scheme - Gilt Fund,10.0656,02-Apr-2026
140308,Edelweiss Mutual Fund,Edelweiss Government Securities Fund - Direct Plan Monthly - IDCW Option,INF843K01GZ7,INF843K01GY0,Open Ended Schemes,Debt Scheme - Gilt Fund,16.1976,02-Apr-2026
140309,Edelweiss Mutual Fund,Edelweiss Government Securities Fund - Direct Plan - Annual Dividend Option,INF843K01HB6,INF843K01HA8,Open Ended Schemes,Debt Scheme - Gilt Fund,25.8605,02-Apr-2026
140310,Edelweiss Mutual Fund,Edelweiss Government Securities Fund - Regular Plan - Annual - IDCW Option,INF843K01HL5,INF843K01HK7,Open Ended Schemes,Debt Scheme - Gilt Fund,24.1893,02-Apr-2026
140437,Navi Mutual Fund,Navi Liquid Fund-Unclaimed Redemption and Dividend Plan greater than 3 years,INF959L01CO2,,Open Ended Schemes,Debt Scheme - Liquid Fund,10,03-Apr-2026
140463,Baroda BNP Paribas Mutual Fund,Baroda BNP Paribas Short Duration Fund - Direct Plan - Quarterly IDCW,INF955L01GU8,,Open Ended Schemes,Debt Scheme - Short Duration Fund,11.0513,02-Apr-2026
140465,Baroda BNP Paribas Mutual Fund,Baroda BNP Paribas Short Duration Fund - Regular Plan - Quarterly IDCW,INF955L01GS2,,Open Ended Schemes,Debt Scheme - Short Duration Fund,10.4650,02-Apr-2026
140504,UTI Mutual Fund,UTI Liquid Fund - Direct Plan - Half-Yearly IDCW,INF789FA1K48,INF789FA1K55,Open Ended Schemes,Debt Scheme - Liquid Fund,1554.8302,04-Apr-2026
140517,UTI Mutual Fund,UTI Liquid Fund - Regular Plan - Flexi IDCW,INF789FA1J82,INF789FA1J90,Open Ended Schemes,Debt Scheme - Liquid Fund,1628.9316,04-Apr-2026
140603,Bandhan Mutual Fund,BANDHAN Credit Risk Fund-Direct Plan-Growth,INF194KA1X61,,Open Ended Schemes,Debt Scheme - Credit Risk Fund,18.4271,02-Apr-2026
140604,Bandhan Mutual Fund,BANDHAN Credit Risk Fund-Direct Plan-Quarterly IDCW,INF194KA1W70,INF194KA1W88,Open Ended Schemes,Debt Scheme - Credit Risk Fund,10.7006,02-Apr-2026
140605,Bandhan Mutual Fund,BANDHAN CREDIT RISK FUND - DIRECT PLAN HALF YEARLY IDCW,INF194KA1X04,INF194KA1X12,Open Ended Schemes,Debt Scheme - Credit Risk Fund,10.4517,25-Aug-2020
140606,Bandhan Mutual Fund,BANDHAN Credit Risk Fund-Direct Plan-Periodic IDCW,INF194KA1W47,INF194KA1W54,Open Ended Schemes,Debt Scheme - Credit Risk Fund,13.6253,02-Apr-2026
140607,Bandhan Mutual Fund,BANDHAN Credit Risk Fund - Regular Plan Quarterly IDCW,INF194KA1V48,INF194KA1V55,Open Ended Schemes,Debt Scheme - Credit Risk Fund,10.5010,02-Apr-2026
140608,Bandhan Mutual Fund,BANDHAN Credit Risk Fund - Regular Plan Annual IDCW,INF194KA1W05,INF194KA1W13,Open Ended Schemes,Debt Scheme - Credit Risk Fund,10.1740,02-Apr-2026
140609,Bandhan Mutual Fund,BANDHAN Credit Risk Fund - Regular Plan Growth,INF194KA1W39,,Open Ended Schemes,Debt Scheme - Credit Risk Fund,16.8487,02-Apr-2026
140610,Bandhan Mutual Fund,BANDHAN Credit Risk Fund-Direct Plan-Annual IDCW,INF194KA1X38,INF194KA1X46,Open Ended Schemes,Debt Scheme - Credit Risk Fund,10.2438,02-Apr-2026
140611,Bandhan Mutual Fund,BANDHAN Credit Risk Fund - Regular Plan Half Yearly IDCW,INF194KA1V71,INF194KA1V89,Open Ended Schemes,Debt Scheme - Credit Risk Fund,10.1257,02-Apr-2026
140612,Bandhan Mutual Fund,BANDHAN Credit Risk Fund - Regular Plan Periodic IDCW,INF194KA1V14,INF194KA1V22,Open Ended Schemes,Debt Scheme - Credit Risk Fund,13.0838,02-Apr-2026
140613,Mahindra Manulife Mutual Fund,Mahindra Manulife Low Duration Fund - Direct Plan -Growth,INF174V01267,,Open Ended Schemes,Debt Scheme - Low Duration Fund,1833.8680,02-Apr-2026
140614,Mahindra Manulife Mutual Fund,Mahindra Manulife Low Duration Fund - Regular Plan - Daily IDCW,,INF174V01226,Open Ended Schemes,Debt Scheme - Low Duration Fund,1004.0408,02-Apr-2026
140615,Mahindra Manulife Mutual Fund,Mahindra Manulife Low Duration Fund - Regular Plan - Weekly IDCW,,INF174V01234,Open Ended Schemes,Debt Scheme - Low Duration Fund,1052.9073,02-Apr-2026
140616,Mahindra Manulife Mutual Fund,Mahindra Manulife Low Duration Fund - Regular Plan - Monthly IDCW,INF174V01259,INF174V01242,Open Ended Schemes,Debt Scheme - Low Duration Fund,1114.0113,02-Apr-2026
140617,Mahindra Manulife Mutual Fund,Mahindra Manulife Low Duration Fund - Direct Plan - Daily IDCW,,INF174V01275,Open Ended Schemes,Debt Scheme - Low Duration Fund,1234.1446,02-Apr-2026
140618,Mahindra Manulife Mutual Fund,Mahindra Manulife Low Duration Fund - Direct Plan - Weekly IDCW,,INF174V01283,Open Ended Schemes,Debt Scheme - Low Duration Fund,1030.7551,02-Apr-2026
140619,Mahindra Manulife Mutual Fund,Mahindra Manulife Low Duration Fund - Direct Plan - Monthly IDCW,INF174V01309,INF174V01291,Open Ended Schemes,Debt Scheme - Low Duration Fund,1133.6453,02-Apr-2026
140620,Mahindra Manulife Mutual Fund,Mahindra Manulife Low Duration Fund - Regular Plan - Growth,INF174V01218,,Open Ended Schemes,Debt Scheme - Low Duration Fund,1699.5857,02-Apr-2026
140769,Mirae Asset Mutual Fund,Mirae Asset Dynamic Bond Fund -Direct Plan -Growth,INF769K01DR8,,Open Ended Schemes,Debt Scheme - Dynamic Bond,18.4423,02-Apr-2026
140770,Mirae Asset Mutual Fund,Mirae Asset Dynamic Bond Fund Direct IDCW,INF769K01DS6,INF769K01DT4,Open Ended Schemes,Debt Scheme - Dynamic Bond,18.4214,02-Apr-2026
140771,Mirae Asset Mutual Fund,Mirae Asset Dynamic Bond Fund-Regular Plan Growth,INF769K01DO5,,Open Ended Schemes,Debt Scheme - Dynamic Bond,16.7615,02-Apr-2026
140772,Mirae Asset Mutual Fund,Mirae Asset Dynamic Bond Fund Regular IDCW,INF769K01DP2,INF769K01DQ0,Open Ended Schemes,Debt Scheme - Dynamic Bond,16.7619,02-Apr-2026
140913,UTI Mutual Fund,UTI Liquid Fund - Direct Plan - Fortnightly IDCW,INF789FA1K06,INF789FA1K14,Open Ended Schemes,Debt Scheme - Liquid Fund,1159.0811,04-Apr-2026
141060,Quantum Mutual Fund,Quantum Dynamic Bond Fund - Regular Plan Monthly IDCW,INF082J01226,INF082J01234,Open Ended Schemes,Debt Scheme - Dynamic Bond,10.1740,02-Apr-2026
141061,Quantum Mutual Fund,Quantum Dynamic Bond Fund - Regular Plan Growth Option,INF082J01218,,Open Ended Schemes,Debt Scheme - Dynamic Bond,21.5536,02-Apr-2026
141065,Quantum Mutual Fund,Quantum Liquid Fund - Regular Plan Daily IDCW,,INF082J01317,Open Ended Schemes,Debt Scheme - Liquid Fund,10.0002,05-Apr-2026
141066,Quantum Mutual Fund,Quantum Liquid Fund - Regular Plan Growth Option,INF082J01309,,Open Ended Schemes,Debt Scheme - Liquid Fund,36.4893,05-Apr-2026
141067,Quantum Mutual Fund,Quantum Liquid Fund - Regular Plan Monthly IDCW,INF082J01325,INF082J01333,Open Ended Schemes,Debt Scheme - Liquid Fund,10.0329,05-Apr-2026
141375,UTI Mutual Fund,UTI Banking & PSU Fund - Direct Plan - Half-Yearly IDCW,INF789FA1U87,INF789FA1U95,Open Ended Schemes,Debt Scheme - Banking and PSU Fund,15.4245,02-Apr-2026
141586,Axis Mutual Fund,Axis Corporate Bond Fund - Direct Plan - Daily IDCW,INF846K01ZN6,,Open Ended Schemes,Debt Scheme - Corporate Bond Fund,10.1845,02-Apr-2026
141587,Axis Mutual Fund,Axis Corporate Bond Fund - Direct Plan - Weekly IDCW,INF846K01ZO4,INF846K01ZP1,Open Ended Schemes,Debt Scheme - Corporate Bond Fund,10.3131,02-Apr-2026
141588,Axis Mutual Fund,Axis Corporate Bond Fund - Direct Plan Growth,INF846K01ZM8,,Open Ended Schemes,Debt Scheme - Corporate Bond Fund,18.7302,02-Apr-2026
141589,Axis Mutual Fund,Axis Corporate Bond Fund - Regular Plan - Daily IDCW,INF846K01ZV9,,Open Ended Schemes,Debt Scheme - Corporate Bond Fund,10.1793,02-Apr-2026
141590,Axis Mutual Fund,Axis Corporate Bond Fund - Direct Plan - Monthly IDCW,INF846K01ZQ9,INF846K01ZR7,Open Ended Schemes,Debt Scheme - Corporate Bond Fund,10.1500,02-Apr-2026
141591,Axis Mutual Fund,Axis Corporate Bond Fund - Direct Plan - Regular IDCW,INF846K01ZS5,INF846K01ZT3,Open Ended Schemes,Debt Scheme - Corporate Bond Fund,14.6124,02-Apr-2026
141592,Axis Mutual Fund,Axis Corporate Bond Fund - Regular Plan - Weekly IDCW,INF846K01ZW7,INF846K01ZX5,Open Ended Schemes,Debt Scheme - Corporate Bond Fund,10.1906,02-Apr-2026
141593,Axis Mutual Fund,Axis Corporate Bond Fund - Regular Plan Growth,INF846K01ZU1,,Open Ended Schemes,Debt Scheme - Corporate Bond Fund,17.6190,02-Apr-2026
141594,Axis Mutual Fund,Axis Corporate Bond Fund - Regular Plan - Monthly IDCW,INF846K01ZY3,INF846K01ZZ0,Open Ended Schemes,Debt Scheme - Corporate Bond Fund,10.1414,02-Apr-2026
141595,Axis Mutual Fund,Axis Corporate Bond Fund - Regular Plan - Regular IDCW,INF846K01A03,INF846K01A11,Open Ended Schemes,Debt Scheme - Corporate Bond Fund,13.6128,02-Apr-2026
141768,UTI Mutual Fund,UTI Liquid Fund - Direct Plan - Flexi IDCW,INF789FA1K89,INF789FA1K97,Open Ended Schemes,Debt Scheme - Liquid Fund,1639.4547,04-Apr-2026
141887,Bank of India Mutual Fund,BANK OF INDIA Liquid Fund  Unclaimed Dividend greater than  3 years,,,Open Ended Schemes,Debt Scheme - Liquid Fund,1000.0000,30-Nov-2021
141888,Bank of India Mutual Fund,BANK OF INDIA Liquid Fund  Unclaimed Redemption greater than  3 years,,,Open Ended Schemes,Debt Scheme - Liquid Fund,1000.0000,30-Nov-2021
141889,Bank of India Mutual Fund,BANK OF INDIA Liquid Fund  Unclaimed Dividend Upto 3 years,,,Open Ended Schemes,Debt Scheme - Liquid Fund,1226.9964,30-Nov-2021
141890,Bank of India Mutual Fund,BANK OF INDIA Liquid Fund  Unclaimed Redemption Upto 3 years,,,Open Ended Schemes,Debt Scheme - Liquid Fund,1226.8682,30-Nov-2021
141958,UTI Mutual Fund,UTI Low Duration Fund - Direct Plan - Annual IDCW,INF789F01XF9,INF789F01XG7,Open Ended Schemes,Debt Scheme - Low Duration Fund,1394.6114,02-Apr-2026
142245,Baroda BNP Paribas Mutual Fund,BARODA BNP PARIBAS LIQUID FUND PLAN C REDEMPTION ABOVE 3 YRS,,,Open Ended Schemes,Debt Scheme - Liquid Fund,1000,14-Mar-2022
142246,Baroda BNP Paribas Mutual Fund,BARODA BNP PARIBAS LIQUID FUND PLAN C IDCW UPTO 3YRS,,,Open Ended Schemes,Debt Scheme - Liquid Fund,1391.4327,14-Mar-2022
142247,Baroda BNP Paribas Mutual Fund,BARODA BNP PARIBAS LIQUID FUND PLAN C REDEMPTION UPTO 3YRS,,,Open Ended Schemes,Debt Scheme - Liquid Fund,1387.3652,14-Mar-2022
142248,Baroda BNP Paribas Mutual Fund,BARODA BNP PARIBAS LIQUID FUND PLAN C IDCW ABOVE 3 YRS,,,Open Ended Schemes,Debt Scheme - Liquid Fund,1000,14-Mar-2022
142249,UTI Mutual Fund,UTI Money Market Fund - Direct Plan - Quarterly IDCW,INF789FA1M61,INF789FA1M79,Open Ended Schemes,Debt Scheme - Money Market Fund,1733.9999,02-Apr-2026
142342,Union Mutual Fund,Union Liquid Fund - Unclaimed Amounts Plan - Redemption Upto 3 years,,,Open Ended Schemes,Debt Scheme - Liquid Fund,1167.3290,30-Nov-2021
142343,Union Mutual Fund,Union Liquid Fund - Unclaimed Amounts Plan - Redemption Beyond 3 years,,,Open Ended Schemes,Debt Scheme - Liquid Fund,1000.0000,30-Nov-2021
142344,Union Mutual Fund,Union Liquid Fund - Unclaimed Amounts Plan - IDCW Upto 3 years,,,Open Ended Schemes,Debt Scheme - Liquid Fund,1167.6169,30-Nov-2021
142345,Union Mutual Fund,Union Liquid Fund - Unclaimed Amounts Plan - IDCW Beyond 3 years,,,Open Ended Schemes,Debt Scheme - Liquid Fund,1000.0000,30-Nov-2021
143125,UTI Mutual Fund,UTI Money Market Fund - Direct Plan - Flexi IDCW,INF789FA1N29,INF789FA1N37,Open Ended Schemes,Debt Scheme - Money Market Fund,1675.1165,02-Apr-2026
143239,Union Mutual Fund,Union Corporate Bond Fund - Regular Plan - Growth Option,INF582M01DY7,,Open Ended Schemes,Debt Scheme - Corporate Bond Fund,15.6540,02-Apr-2026
143240,Union Mutual Fund,Union Corporate Bond Fund - Regular Plan - IDCW Option,INF582M01EA5,INF582M01DZ4,Open Ended Schemes,Debt Scheme - Corporate Bond Fund,15.6540,02-Apr-2026
143241,Union Mutual Fund,Union Corporate Bond Fund - Direct Plan - Growth Option,INF582M01DU5,,Open Ended Schemes,Debt Scheme - Corporate Bond Fund,16.0448,02-Apr-2026
143242,Union Mutual Fund,Union Corporate Bond Fund - Direct Plan - IDCW Option,INF582M01DW1,INF582M01DV3,Open Ended Schemes,Debt Scheme - Corporate Bond Fund,16.0448,02-Apr-2026
143260,PPFAS Mutual Fund,Parag Parikh Liquid Fund- Regular Plan- Growth,INF879O01035,,Open Ended Schemes,Debt Scheme - Liquid Fund,1514.5749,05-Apr-2026
143261,PPFAS Mutual Fund,Parag Parikh Liquid Fund- Regular Plan- Monthly IDCW,INF879O01043,INF879O01050,Open Ended Schemes,Debt Scheme - Liquid Fund,1005.3097,05-Apr-2026
143262,PPFAS Mutual Fund,Parag Parikh Liquid Fund- Direct Plan- Monthly IDCW,INF879O01076,INF879O01084,Open Ended Schemes,Debt Scheme - Liquid Fund,1005.3251,05-Apr-2026
143263,PPFAS Mutual Fund,Parag Parikh Liquid Fund- Direct Plan- Daily Reinvestment of IDCW,,INF879O01118,Open Ended Schemes,Debt Scheme - Liquid Fund,1001.0722,05-Apr-2026
143264,PPFAS Mutual Fund,Parag Parikh Liquid Fund- Regular Plan- Daily Reinvestment of IDCW,,INF879O01126,Open Ended Schemes,Debt Scheme - Liquid Fund,1001.0722,05-Apr-2026
143265,PPFAS Mutual Fund,Parag Parikh Liquid Fund- Direct Plan- Weekly Reinvestment of IDCW,,INF879O01134,Open Ended Schemes,Debt Scheme - Liquid Fund,1003.3208,05-Apr-2026
143266,PPFAS Mutual Fund,Parag Parikh Liquid Fund- Regular Plan- Weekly Reinvestment of IDCW,,INF879O01142,Open Ended Schemes,Debt Scheme - Liquid Fund,1003.3053,05-Apr-2026
143269,PPFAS Mutual Fund,Parag Parikh Liquid Fund- Direct Plan- Growth,INF879O01068,,Open Ended Schemes,Debt Scheme - Liquid Fund,1526.7107,05-Apr-2026
143366,Bandhan Mutual Fund,Bandhan Short Duration Fund - Regular Plan - Quarterly IDCW,INF194KA12K7,INF194KA13K5,Open Ended Schemes,Debt Scheme - Short Duration Fund,10.7207,02-Apr-2026
143367,Bandhan Mutual Fund,Bandhan Short Duration Fund - Direct Plan - Quarterly IDCW,INF194KA18K4,INF194KA19K2,Open Ended Schemes,Debt Scheme - Short Duration Fund,10.6497,02-Apr-2026
143368,Bandhan Mutual Fund,Bandhan Short Duration Fund - Regular Plan - Annual IDCW,INF194KA15K0,INF194KA16K8,Open Ended Schemes,Debt Scheme - Short Duration Fund,10.5464,02-Apr-2026
143369,Bandhan Mutual Fund,Bandhan Short Duration Fund - Direct Plan - Annual IDCW,INF194KA11L7,INF194KA12L5,Open Ended Schemes,Debt Scheme - Short Duration Fund,10.7528,02-Apr-2026
143592,JM Financial Mutual Fund,JM Money Market Fund (Direct) Bonus Option - Principal Units,INF192K01FH9,,Open Ended Schemes,Debt Scheme - Money Market Fund,15.9606,25-Sep-2020
143594,JM Financial Mutual Fund,JM Money Market Fund - Daily Dividend,,INF192K01AR9,Open Ended Schemes,Debt Scheme - Money Market Fund,10.0418,25-Sep-2020
143595,JM Financial Mutual Fund,JM Money Market Fund (Direct)- Daily Dividend Option,,INF192K01DP7,Open Ended Schemes,Debt Scheme - Money Market Fund,10.0508,25-Sep-2020
143596,JM Financial Mutual Fund,JM Money Market Fund - Fortnighly Dividend,,INF192K01AT5,Open Ended Schemes,Debt Scheme - Money Market Fund,10.3110,25-Sep-2020
143597,JM Financial Mutual Fund,JM Money Market Fund (Direct) - Growth,INF192K01DS1,,Open Ended Schemes,Debt Scheme - Money Market Fund,28.7506,25-Sep-2020
143598,JM Financial Mutual Fund,JM Money Market Fund - Growth,INF192K01AU3,,Open Ended Schemes,Debt Scheme - Money Market Fund,28.2812,25-Sep-2020
143599,JM Financial Mutual Fund,JM Money Market Fund (Direct) - Weekly Dividend,,INF192K01DQ5,Open Ended Schemes,Debt Scheme - Money Market Fund,10.6743,25-Sep-2020
143600,JM Financial Mutual Fund,JM Money Market Fund - Weekly Dividend,,INF192K01AS7,Open Ended Schemes,Debt Scheme - Money Market Fund,10.6454,25-Sep-2020
143601,JM Financial Mutual Fund,JM Money Market Fund - Bonus Option - Principal Units,INF192K01FF3,,Open Ended Schemes,Debt Scheme - Money Market Fund,15.7555,25-Sep-2020
143602,JM Financial Mutual Fund,JM Money Market Fund (Direct) - Fortnightly Dividend Option,,INF192K01DR3,Open Ended Schemes,Debt Scheme - Money Market Fund,10.3279,25-Sep-2020
143603,JM Financial Mutual Fund,JM Low Duration Fund (Regular) - Daily IDCW,,INF192K01AV1,Open Ended Schemes,Debt Scheme - Low Duration Fund,10.82,02-Apr-2026
143604,JM Financial Mutual Fund,JM Low Duration Fund (Direct) - Daily IDCW,,INF192K01DT9,Open Ended Schemes,Debt Scheme - Low Duration Fund,10.85,02-Apr-2026
143605,JM Financial Mutual Fund,JM Low Duration Fund (Regular) - Fortnightly IDCW,,INF192K01AX7,Open Ended Schemes,Debt Scheme - Low Duration Fund,11.0939,02-Apr-2026
143606,JM Financial Mutual Fund,JM Low Duration Fund (Direct) - Fortnightly IDCW,,INF192K01DV5,Open Ended Schemes,Debt Scheme - Low Duration Fund,11.1371,02-Apr-2026
143607,JM Financial Mutual Fund,JM Low Duration Fund (Regular) - Growth Option,INF192K01AY5,,Open Ended Schemes,Debt Scheme - Low Duration Fund,38.5707,02-Apr-2026
143608,JM Financial Mutual Fund,JM Low Duration Fund (Regular) - Weekly IDCW,,INF192K01AW9,Open Ended Schemes,Debt Scheme - Low Duration Fund,11.41,02-Apr-2026
143609,JM Financial Mutual Fund,JM Low Duration Fund - Bonus Option - Principal Units,INF192K01FJ5,,Open Ended Schemes,Debt Scheme - Low Duration Fund,23.238,02-Apr-2026
143610,JM Financial Mutual Fund,JM Low Duration Fund (Direct) - Bonus Option - Principal Units,INF192K01FL1,,Open Ended Schemes,Debt Scheme - Low Duration Fund,23.9456,02-Apr-2026
143611,JM Financial Mutual Fund,JM Low Duration Fund (Direct) - Weekly IDCW,,INF192K01DU7,Open Ended Schemes,Debt Scheme - Low Duration Fund,11.45,02-Apr-2026
143612,JM Financial Mutual Fund,JM Low Duration Fund (Direct) - Growth,INF192K01DW3,,Open Ended Schemes,Debt Scheme - Low Duration Fund,39.7703,02-Apr-2026
143701,Nippon India Mutual Fund,NIPPON INDIA NIVESH LAKSHYA LONG DURATION FUND - DIRECT Plan - HALF YEARLY IDCW Option,INF204KB1YX7,INF204KB1YY5,Open Ended Schemes,Debt Scheme - Long Duration Fund,11.8258,02-Apr-2026
143702,Nippon India Mutual Fund,Nippon India Nivesh Lakshya Long Duration Fund- Growth Option,INF204KB1ZB0,,Open Ended Schemes,Debt Scheme - Long Duration Fund,17.2629,02-Apr-2026
143703,Nippon India Mutual Fund,NIPPON INDIA NIVESH LAKSHYA LONG DURATION FUND - ANNUAL IDCW Option,INF204KB1ZK1,INF204KB1ZL9,Open Ended Schemes,Debt Scheme - Long Duration Fund,11.3648,02-Apr-2026
143704,Nippon India Mutual Fund,Nippon India Nivesh Lakshya Long Duration Fund- Direct Plan- Growth Option,INF204KB1YQ1,,Open Ended Schemes,Debt Scheme - Long Duration Fund,17.6904,02-Apr-2026
143705,Nippon India Mutual Fund,NIPPON INDIA NIVESH LAKSHYA LONG DURATION FUND - DIRECT Plan - MONTHLY IDCW Option,INF204KB1YT5,INF204KB1YU3,Open Ended Schemes,Debt Scheme - Long Duration Fund,11.2316,02-Apr-2026
143706,Nippon India Mutual Fund,NIPPON INDIA NIVESH LAKSHYA LONG DURATION FUND - IDCW Option,INF204KB1ZC8,INF204KB1ZD6,Open Ended Schemes,Debt Scheme - Long Duration Fund,17.2618,02-Apr-2026
143707,Nippon India Mutual Fund,NIPPON INDIA NIVESH LAKSHYA LONG DURATION FUND - DIRECT Plan - IDCW Option,INF204KB1YR9,INF204KB1YS7,Open Ended Schemes,Debt Scheme - Long Duration Fund,17.6906,02-Apr-2026
143708,Nippon India Mutual Fund,NIPPON INDIA NIVESH LAKSHYA LONG DURATION FUND - QUARTERLY IDCW Option,INF204KB1ZG9,INF204KB1ZH7,Open Ended Schemes,Debt Scheme - Long Duration Fund,11.1753,02-Apr-2026
143709,Nippon India Mutual Fund,NIPPON INDIA NIVESH LAKSHYA LONG DURATION  FUND - DIRECT Plan - QUARTERLY IDCW Option,INF204KB1YV1,INF204KB1YW9,Open Ended Schemes,Debt Scheme - Long Duration Fund,11.1850,02-Apr-2026
143710,Nippon India Mutual Fund,NIPPON INDIA NIVESH LAKSHYA LONG DURATION FUND LONG DURATION - HALF YEARLY IDCW Option,INF204KB1ZI5,INF204KB1ZJ3,Open Ended Schemes,Debt Scheme - Long Duration Fund,11.7928,02-Apr-2026
143711,Nippon India Mutual Fund,NIPPON INDIA NIVESH LAKSHYA LONG DURATION FUND - DIRECT Plan - ANNUAL IDCW Option,INF204KB1YZ2,INF204KB1ZA2,Open Ended Schemes,Debt Scheme - Long Duration Fund,11.3740,02-Apr-2026
143712,Nippon India Mutual Fund,NIPPON INDIA NIVESH LAKSHYA LONG DURATION FUND - MONTHLY IDCW Option,INF204KB1ZE4,INF204KB1ZF1,Open Ended Schemes,Debt Scheme - Long Duration Fund,11.1883,02-Apr-2026
144337,UTI Mutual Fund,UTI Corporate Bond Fund - Regular Plan - Annual IDCW,INF789F1A496,INF789F1A504,Open Ended Schemes,Debt Scheme - Corporate Bond Fund,13.0982,02-Apr-2026
144338,UTI Mutual Fund,UTI Corporate Bond Fund - Regular Plan - Flexi IDCW,INF789F1A512,INF789F1A520,Open Ended Schemes,Debt Scheme - Corporate Bond Fund,14.8752,02-Apr-2026
144339,UTI Mutual Fund,UTI Corporate Bond Fund - Direct Plan - Growth Option,INF789F1A538,,Open Ended Schemes,Debt Scheme - Corporate Bond Fund,17.3015,02-Apr-2026
144340,UTI Mutual Fund,UTI Corporate Bond Fund - Direct Plan - Half-Yearly IDCW,INF789F1A561,INF789F1A579,Open Ended Schemes,Debt Scheme - Corporate Bond Fund,14.7836,02-Apr-2026
144341,UTI Mutual Fund,UTI Corporate Bond Fund - Direct Plan - Flexi IDCW,INF789F1A603,INF789F1A611,Open Ended Schemes,Debt Scheme - Corporate Bond Fund,15.2492,02-Apr-2026
144342,UTI Mutual Fund,UTI Corporate Bond Fund - Regular Plan - Quarterly IDCW,INF789F1A454,INF789F1A462,Open Ended Schemes,Debt Scheme - Corporate Bond Fund,14.6896,02-Apr-2026
144343,UTI Mutual Fund,UTI Corporate Bond Fund - Regular Plan - Half-Yearly IDCW,INF789F1A470,INF789F1A488,Open Ended Schemes,Debt Scheme - Corporate Bond Fund,14.2734,02-Apr-2026
144344,UTI Mutual Fund,UTI Corporate Bond Fund - Direct Plan - Annual IDCW,INF789F1A587,INF789F1A595,Open Ended Schemes,Debt Scheme - Corporate Bond Fund,13.4643,02-Apr-2026
144345,UTI Mutual Fund,UTI Corporate Bond Fund - Regular Plan - Growth Option,INF789F1A447,,Open Ended Schemes,Debt Scheme - Corporate Bond Fund,16.8931,02-Apr-2026
144346,UTI Mutual Fund,UTI Corporate Bond Fund - Direct Plan - Quarterly IDCW,INF789F1A546,INF789F1A553,Open Ended Schemes,Debt Scheme - Corporate Bond Fund,15.1319,02-Apr-2026
144401,Mahindra Manulife Mutual Fund,Mahindra Manulife Dynamic Bond Fund - Regular Plan - Growth,INF174V01531,,Open Ended Schemes,Debt Scheme - Dynamic Bond,14.4695,02-Apr-2026
144402,Mahindra Manulife Mutual Fund,Mahindra Manulife Dynamic Bond Fund - Regular Plan - Quarterly IDCW,INF174V01572,INF174V01564,Open Ended Schemes,Debt Scheme - Dynamic Bond,10.1062,02-Apr-2026
144403,Mahindra Manulife Mutual Fund,Mahindra Manulife Dynamic Bond Fund - Direct Plan - Growth,INF174V01580,,Open Ended Schemes,Debt Scheme - Dynamic Bond,15.7643,02-Apr-2026
144404,Mahindra Manulife Mutual Fund,Mahindra Manulife Dynamic Bond Fund - Direct Plan - Quarterly IDCW,INF174V01622,INF174V01614,Open Ended Schemes,Debt Scheme - Dynamic Bond,11.2222,02-Apr-2026
144405,Mahindra Manulife Mutual Fund,Mahindra Manulife Dynamic Bond Fund - Regular Plan - IDCW,INF174V01556,INF174V01549,Open Ended Schemes,Debt Scheme - Dynamic Bond,11.2142,02-Apr-2026
144406,Mahindra Manulife Mutual Fund,Mahindra Manulife Dynamic Bond Fund - Direct Plan - IDCW,INF174V01606,INF174V01598,Open Ended Schemes,Debt Scheme - Dynamic Bond,12.4138,02-Apr-2026
144475,UTI Mutual Fund,UTI Liquid Fund - Regular Plan - Half-Yearly IDCW,INF789FA1J41,INF789FA1J58,Open Ended Schemes,Debt Scheme - Liquid Fund,1376.0912,04-Apr-2026
144644,DSP Mutual Fund,DSP Corporate Bond Fund - Regular - Growth,INF740KA1JX0,,Open Ended Schemes,Debt Scheme - Corporate Bond Fund,16.6171,02-Apr-2026
144645,DSP Mutual Fund,DSP Corporate Bond Fund - Regular - IDCW - Monthly,INF740KA1KA6,INF740KA1KB4,Open Ended Schemes,Debt Scheme - Corporate Bond Fund,10.5687,02-Apr-2026
144646,DSP Mutual Fund,DSP Corporate Bond Fund - Direct - Growth,INF740KA1KE8,,Open Ended Schemes,Debt Scheme - Corporate Bond Fund,16.9387,02-Apr-2026
144647,DSP Mutual Fund,DSP Corporate Bond Fund - Direct - IDCW,INF740KA1KF5,INF740KA1KG3,Open Ended Schemes,Debt Scheme - Corporate Bond Fund,11.2584,02-Apr-2026
144648,DSP Mutual Fund,DSP Corporate Bond Fund - Direct - IDCW - Quarterly,INF740KA1KJ7,INF740KA1KK5,Open Ended Schemes,Debt Scheme - Corporate Bond Fund,11.3574,02-Apr-2026
144649,DSP Mutual Fund,DSP Corporate Bond Fund - Regular - IDCW - Quarterly,INF740KA1KC2,INF740KA1KD0,Open Ended Schemes,Debt Scheme - Corporate Bond Fund,10.7092,02-Apr-2026
144650,DSP Mutual Fund,DSP Corporate Bond Fund - Regular - IDCW,INF740KA1JY8,INF740KA1JZ5,Open Ended Schemes,Debt Scheme - Corporate Bond Fund,11.2359,02-Apr-2026
144651,DSP Mutual Fund,DSP Corporate Bond Fund - Direct - IDCW - Monthly,INF740KA1KH1,INF740KA1KI9,Open Ended Schemes,Debt Scheme - Corporate Bond Fund,10.5927,02-Apr-2026
145042,Sundaram Mutual Fund,Sundaram Money Market Fund Regular Plan - Growth,INF903JA1FJ3,,Open Ended Schemes,Debt Scheme - Money Market Fund,15.6734,02-Apr-2026
145043,Sundaram Mutual Fund,Sundaram Money Market Fund Regular Plan - Daily Reinvestment of Income Distribution cum Capital Withdrawal (IDCW),,INF903JA1FM7,Open Ended Schemes,Debt Scheme - Money Market Fund,10.0620,28-Jun-2024
145044,Sundaram Mutual Fund,Sundaram Money Market Fund Regular Plan- Income Distribution cum Capital Withdrawal (IDCW),INF903JA1FK1,,Open Ended Schemes,Debt Scheme - Money Market Fund,11.0666,02-Apr-2026
145045,Sundaram Mutual Fund,Sundaram Money Market Fund Regular Plan - Income Distribution cum Capital Withdrawal (IDCW ),INF903JA1FL9,,Open Ended Schemes,Debt Scheme - Money Market Fund,12.6568,27-Jun-2025
145046,Sundaram Mutual Fund,Sundaram Money Market Fund Regular Plan -Income Distribution cum Capital Withdrawal (IDCW ),,INF903JA1FQ8,Open Ended Schemes,Debt Scheme - Money Market Fund,12.6568,27-Jun-2025
145047,Sundaram Mutual Fund,Sundaram Money Market Fund Regular Plan - Weekly Reinvestment of Income Distribution cum Capital Withdrawal (IDCW),,INF903JA1FN5,Open Ended Schemes,Debt Scheme - Money Market Fund,10.4944,28-Jun-2024
145048,Sundaram Mutual Fund,Sundaram Money Market Fund Regular Plan - Fortnightly Reinvestment of Income Distribution cum Capital Withdrawal (IDCW),,INF903JA1FO3,Open Ended Schemes,Debt Scheme - Money Market Fund,11.2320,06-Jun-2024
145049,Sundaram Mutual Fund,Sundaram Money Market Fund Regular Plan -Income Distribution cum Capital Withdrawal(IDCW),,INF903JA1FP0,Open Ended Schemes,Debt Scheme - Money Market Fund,11.0666,02-Apr-2026
145050,Sundaram Mutual Fund,Sundaram Money Market Fund Direct Plan - Growth,INF903JA1FR6,,Open Ended Schemes,Debt Scheme - Money Market Fund,15.7937,02-Apr-2026
145051,Sundaram Mutual Fund,Sundaram Money Market Fund Direct Plan - Income Distribution cum Capital Withdrawal (IDCW),INF903JA1FS4,,Open Ended Schemes,Debt Scheme - Money Market Fund,11.1046,02-Apr-2026
145052,Sundaram Mutual Fund,Sundaram Money Market Fund Direct Plan- Income Distribution cum Capital Withdrawal(IDCW),INF903JA1FT2,,Open Ended Schemes,Debt Scheme - Money Market Fund,12.7426,27-Jun-2025
145053,Sundaram Mutual Fund,Sundaram Money Market Fund Direct Plan - Fortnightly Reinvestment of Income Distribution cum Capital Withdrawal (IDCW),,INF903JA1FW6,Open Ended Schemes,Debt Scheme - Money Market Fund,10.3782,26-Jun-2023
145054,Sundaram Mutual Fund,Sundaram Money Market Fund Direct Plan - Daily Reinvestment of Income Distribution cum Capital Withdrawal (IDCW),,INF903JA1FU0,Open Ended Schemes,Debt Scheme - Money Market Fund,10.0620,28-Jun-2024
145055,Sundaram Mutual Fund,Sundaram Money Market Fund Direct Plan - Weekly Reinvestment of Income Distribution cum Capital Withdrawal (IDCW),,INF903JA1FV8,Open Ended Schemes,Debt Scheme - Money Market Fund,10.4933,08-Sep-2023
145056,Sundaram Mutual Fund,Sundaram Money Market Fund Direct Plan - Income Distribution cum Capital Withdrawal(IDCW),,INF903JA1FX4,Open Ended Schemes,Debt Scheme - Money Market Fund,11.1046,02-Apr-2026
145057,Sundaram Mutual Fund,Sundaram Money Market Fund Direct Plan-Income Distribution cum Capital Withdrawal(IDCW),,INF903JA1FY2,Open Ended Schemes,Debt Scheme - Money Market Fund,12.7426,27-Jun-2025
145287,UTI Mutual Fund,UTI - Floater Fund - Regular Plan  - Growth Option,INF789F1ACO4,,Open Ended Schemes,Debt Scheme - Floater Fund,1556.9462,02-Apr-2026
145288,UTI Mutual Fund,UTI Floater Fund - Regular Plan - Half-Yearly IDCW,INF789F1ACT3,INF789F1ACU1,Open Ended Schemes,Debt Scheme - Floater Fund,1375.0215,02-Apr-2026
145289,UTI Mutual Fund,UTI Floater Fund - Regular Plan - Annual IDCW,INF789F1ACR7,INF789F1ACS5,Open Ended Schemes,Debt Scheme - Floater Fund,1478.6179,02-Apr-2026
145290,UTI Mutual Fund,UTI Floater Fund - Direct Plan - Quarterly IDCW,INF789F1ACY3,INF789F1ACZ0,Open Ended Schemes,Debt Scheme - Floater Fund,1396.8966,02-Apr-2026
145291,UTI Mutual Fund,UTI Floater Fund - Direct Plan - Flexi IDCW,INF789F1ADE3,INF789F1ADF0,Open Ended Schemes,Debt Scheme - Floater Fund,1539.8381,02-Apr-2026
145292,UTI Mutual Fund,UTI Floater Fund - Regular Plan - Flexi IDCW,INF789F1ACV9,INF789F1ACW7,Open Ended Schemes,Debt Scheme - Floater Fund,1423.3242,02-Apr-2026
145293,UTI Mutual Fund,UTI Floater Fund - Direct Plan - Annual IDCW,INF789F1ADA1,INF789F1ADB9,Open Ended Schemes,Debt Scheme - Floater Fund,1496.2673,02-Apr-2026
145294,UTI Mutual Fund,UTI Floater Fund - Regular Plan - Quarterly IDCW,INF789F1ACP1,INF789F1ACQ9,Open Ended Schemes,Debt Scheme - Floater Fund,1266.1478,02-Apr-2026
145295,UTI Mutual Fund,UTI - Floater Fund - Direct Plan - Growth Option,INF789F1ACX5,,Open Ended Schemes,Debt Scheme - Floater Fund,1634.5159,02-Apr-2026
145296,UTI Mutual Fund,UTI Floater Fund - Direct Plan - Half-Yearly IDCW,INF789F1ADC7,INF789F1ADD5,Open Ended Schemes,Debt Scheme - Floater Fund,1489.863,02-Apr-2026
145481,Aditya Birla Sun Life Mutual Fund,ADITYA BIRLA SUNLIFE OVERNIGHT FUND-REGULAR PLAN-GROWTH,INF209KB1ZC3,,Open Ended Schemes,Debt Scheme - Overnight Fund,1444.8768,02-Apr-2026
145482,Aditya Birla Sun Life Mutual Fund,ADITYA BIRLA SUN LIFE OVERNIGHT FUND-  Regular - Weekly Reinvestment of IDCW option,,INF209KB1ZE9,Open Ended Schemes,Debt Scheme - Overnight Fund,1001.0075,02-Apr-2026
145483,Aditya Birla Sun Life Mutual Fund,ADITYA BIRLA SUN LIFE OVERNIGHT FUND- Regular - Daily Reinvestment of IDCW,,INF209KB1ZD1,Open Ended Schemes,Debt Scheme - Overnight Fund,1000.02,02-Apr-2026
145485,Aditya Birla Sun Life Mutual Fund,ADITYA BIRLA SUN LIFE OVERNIGHT FUND- Regular- Monthly Payout of IDCW option,INF209KB1ZG4,,Open Ended Schemes,Debt Scheme - Overnight Fund,1001.0075,02-Apr-2026
145486,Aditya Birla Sun Life Mutual Fund,ADITYA BIRLA SUN LIFE OVERNIGHT FUND-DIRECT PLAN-GROWTH,INF209KB1ZH2,,Open Ended Schemes,Debt Scheme - Overnight Fund,1457.21,02-Apr-2026
145487,Aditya Birla Sun Life Mutual Fund,ADITYA BIRLA SUN LIFE OVERNIGHT FUND- Direct - Daily Reinvestment of IDCW,,INF209KB1ZI0,Open Ended Schemes,Debt Scheme - Overnight Fund,1000.02,02-Apr-2026
145488,Aditya Birla Sun Life Mutual Fund,ADITYA BIRLA SUN LIFE OVERNIGHT FUND-  Direct - Monthly Payout of IDCW,INF209KB1ZL4,,Open Ended Schemes,Debt Scheme - Overnight Fund,1002.0666,02-Apr-2026
145489,Aditya Birla Sun Life Mutual Fund,ADITYA BIRLA SUN LIFE OVERNIGHT FUND-  Direct - Weekly Reinvestment of IDCW,,INF209KB1ZJ8,Open Ended Schemes,Debt Scheme - Overnight Fund,1001.0322,02-Apr-2026
145535,ICICI Prudential Mutual Fund,ICICI Prudential Overnight Fund - Growth,INF109KC17E3,,Open Ended Schemes,Debt Scheme - Overnight Fund,1443.2303,03-Apr-2026
145536,ICICI Prudential Mutual Fund,ICICI Prudential Overnight Fund - Direct Plan - Growth,INF109KC11G1,,Open Ended Schemes,Debt Scheme - Overnight Fund,1452.0974,03-Apr-2026
145537,ICICI Prudential Mutual Fund,ICICI Prudential Overnight Fund - Direct Plan - Daily IDCW,,INF109KC12G9,Open Ended Schemes,Debt Scheme - Overnight Fund,1000.0091,02-Apr-2026
145538,ICICI Prudential Mutual Fund,ICICI Prudential Overnight Fund - Weekly IDCW,INF109KC12F1,INF109KC11F3,Open Ended Schemes,Debt Scheme - Overnight Fund,1000.5320,02-Apr-2026
145539,ICICI Prudential Mutual Fund,ICICI Prudential Overnight Fund - Direct Plan - Weekly IDCW,INF109KC16G0,INF109KC15G2,Open Ended Schemes,Debt Scheme - Overnight Fund,1000.5376,02-Apr-2026
145540,ICICI Prudential Mutual Fund,ICICI Prudential Overnight Fund - Fortnightly IDCW,INF109KC14F7,INF109KC13F9,Open Ended Schemes,Debt Scheme - Overnight Fund,1000.1472,16-Sep-2022
145541,ICICI Prudential Mutual Fund,ICICI Prudential Overnight Fund - Direct Plan - Fortnightly IDCW,INF109KC18G6,INF109KC17G8,Open Ended Schemes,Debt Scheme - Overnight Fund,1000.1497,16-Sep-2022
145542,ICICI Prudential Mutual Fund,ICICI Prudential Overnight Fund - Direct Plan - Monthly IDCW,INF109KC13G7,INF109KC14G5,Open Ended Schemes,Debt Scheme - Overnight Fund,1002.3996,16-Sep-2022
145543,ICICI Prudential Mutual Fund,ICICI Prudential Overnight Fund - Quarterly IDCW,INF109KC15F4,INF109KC16F2,Open Ended Schemes,Debt Scheme - Overnight Fund,1004.0152,16-Sep-2022
145544,ICICI Prudential Mutual Fund,ICICI Prudential Overnight Fund - Direct Plan - Quarterly IDCW,INF109KC19G4,INF109KC10H1,Open Ended Schemes,Debt Scheme - Overnight Fund,1005.9571,16-Sep-2022
145545,ICICI Prudential Mutual Fund,ICICI Prudential Overnight Fund - Direct Plan - Half Yearly IDCW,INF109KC11H9,INF109KC12H7,Open Ended Schemes,Debt Scheme - Overnight Fund,1015.7798,16-Sep-2022
145546,ICICI Prudential Mutual Fund,ICICI Prudential Overnight Fund - Annual IDCW,INF109KC19F6,INF109KC10G3,Open Ended Schemes,Debt Scheme - Overnight Fund,1032.7746,16-Sep-2022
145547,ICICI Prudential Mutual Fund,ICICI Prudential Overnight Fund - Daily IDCW,,INF109KC18E1,Open Ended Schemes,Debt Scheme - Overnight Fund,1000.0091,02-Apr-2026
145548,ICICI Prudential Mutual Fund,ICICI Prudential Overnight Fund - Monthly IDCW,INF109KC19E9,INF109KC10F5,Open Ended Schemes,Debt Scheme - Overnight Fund,1002.3577,16-Sep-2022
145549,ICICI Prudential Mutual Fund,ICICI Prudential Overnight Fund - Half Yearly IDCW,INF109KC17F0,INF109KC18F8,Open Ended Schemes,Debt Scheme - Overnight Fund,1015.4753,16-Sep-2022
145550,ICICI Prudential Mutual Fund,ICICI Prudential Overnight Fund - Direct Plan - Annual IDCW,INF109KC13H5,INF109KC14H3,Open Ended Schemes,Debt Scheme - Overnight Fund,1033.5731,16-Sep-2022
145589,Groww Mutual Fund,Groww Dynamic Bond Fund (formerly known as Indiabulls Dynamic Bond Fund) - Direct Plan - Growth option,INF666M01EK5,,Open Ended Schemes,Debt Scheme - Dynamic Bond,1538.6051,02-Apr-2026
145590,Groww Mutual Fund,Groww Dynamic Bond Fund (formerly known as Indiabulls Dynamic Bond Fund) - Regular Plan - Growth option,INF666M01ES8,,Open Ended Schemes,Debt Scheme - Dynamic Bond,1465.2359,02-Apr-2026
145591,Groww Mutual Fund,Groww Dynamic Bond Fund (formerly known as Indiabulls Dynamic Bond Fund)- Direct Plan- Monthly - Income Distribution cum capital withdrawal Option (Payout & Reinvestment),INF666M01EQ2,INF666M01ER0,Open Ended Schemes,Debt Scheme - Dynamic Bond,1007.1969,02-Apr-2026
145592,Groww Mutual Fund,Groww Dynamic Bond Fund (formerly known as Indiabulls Dynamic Bond Fund)- Regular Plan- Monthly - Income Distribution cum capital withdrawal Option (Payout & Reinvestment),INF666M01EY6,INF666M01EZ3,Open Ended Schemes,Debt Scheme - Dynamic Bond,1000.9098,02-Apr-2026
145593,Groww Mutual Fund,Groww Dynamic Bond Fund (formerly known as Indiabulls Dynamic Bond Fund)- Regular Plan- - Income Distribution cum capital withdrawal Option ( Reinvestment),,INF666M01ET6,Open Ended Schemes,Debt Scheme - Dynamic Bond,1009.1919,02-Apr-2026
145594,Groww Mutual Fund,Groww Dynamic Bond Fund (formerly known as Indiabulls Dynamic Bond Fund)- Regular Plan- Weekly - Income Distribution cum capital withdrawal Option (Payout & Reinvestment),INF666M01EU4,INF666M01EV2,Open Ended Schemes,Debt Scheme - Dynamic Bond,1006.397,02-Apr-2026
145595,Groww Mutual Fund,Groww Dynamic Bond Fund (formerly known as Indiabulls Dynamic Bond Fund)- Direct Plan- Fortnightly - Income Distribution cum capital withdrawal Option (Payout & Reinvestment),INF666M01EO7,INF666M01EP4,Open Ended Schemes,Debt Scheme - Dynamic Bond,1015.824,02-Apr-2026
145596,Groww Mutual Fund,Groww Dynamic Bond Fund (formerly known as Indiabulls Dynamic Bond Fund)- Direct Plan- - Income Distribution cum capital withdrawal Option ( Reinvestment),,INF666M01EL3,Open Ended Schemes,Debt Scheme - Dynamic Bond,1013.3742,02-Apr-2026
145597,Groww Mutual Fund,Groww Dynamic Bond Fund (formerly known as Indiabulls Dynamic Bond Fund)- Direct Plan- Weekly - Income Distribution cum capital withdrawal Option (Payout & Reinvestment),INF666M01EM1,INF666M01EN9,Open Ended Schemes,Debt Scheme - Dynamic Bond,1012.0111,02-Apr-2026
145598,Groww Mutual Fund,Groww Dynamic Bond Fund (formerly known as Indiabulls Dynamic Bond Fund)- Regular Plan- Fortnightly - Income Distribution cum capital withdrawal Option (Payout & Reinvestment),INF666M01EW0,INF666M01EX8,Open Ended Schemes,Debt Scheme - Dynamic Bond,1006.6318,02-Apr-2026
145810,Nippon India Mutual Fund,Nippon India Overnight Fund - Direct Plan - Growth Option,INF204KB1R31,,Open Ended Schemes,Debt Scheme - Overnight Fund,144.7975,05-Apr-2026
145811,Nippon India Mutual Fund,Nippon India Overnight Fund - Regular Plan - Growth Option,INF204KB1Q65,,Open Ended Schemes,Debt Scheme - Overnight Fund,143.8280,05-Apr-2026
145812,Nippon India Mutual Fund,NIPPON INDIA OVERNIGHT FUND - DIRECT Plan - DAILY IDCW Option,,INF204KB1R49,Open Ended Schemes,Debt Scheme - Overnight Fund,100.0050,05-Apr-2026
145823,Nippon India Mutual Fund,NIPPON INDIA OVERNIGHT FUND - DIRECT Plan - WEEKLY IDCW Option,,INF204KB1R56,Open Ended Schemes,Debt Scheme - Overnight Fund,100.1501,05-Apr-2026
145824,Nippon India Mutual Fund,NIPPON INDIA OVERNIGHT FUND - DIRECT Plan - MONTHLY IDCW Option,INF204KB1R64,INF204KB1R72,Open Ended Schemes,Debt Scheme - Overnight Fund,100.2961,05-Apr-2026
145825,Nippon India Mutual Fund,NIPPON INDIA OVERNIGHT FUND - DIRECT Plan - QUARTERLY IDCW Option,INF204KB1R80,INF204KB1R98,Open Ended Schemes,Debt Scheme - Overnight Fund,100.5168,05-Apr-2026
145826,Nippon India Mutual Fund,NIPPON INDIA OVERNIGHT FUND - WEEKLY IDCW Option,,INF204KB1Q81,Open Ended Schemes,Debt Scheme - Overnight Fund,100.1481,05-Apr-2026
145827,Nippon India Mutual Fund,NIPPON INDIA OVERNIGHT FUND - MONTHLY IDCW Option,INF204KB1Q99,INF204KB1R07,Open Ended Schemes,Debt Scheme - Overnight Fund,100.2847,05-Apr-2026
145830,Nippon India Mutual Fund,NIPPON INDIA OVERNIGHT FUND - DAILY IDCW Option,,INF204KB1Q73,Open Ended Schemes,Debt Scheme - Overnight Fund,100.0050,05-Apr-2026
145833,Nippon India Mutual Fund,NIPPON INDIA OVERNIGHT FUND - QUARTERLY IDCW Option,INF204KB1R15,INF204KB1R23,Open Ended Schemes,Debt Scheme - Overnight Fund,100.5116,05-Apr-2026
145834,Motilal Oswal Mutual Fund,Motilal Oswal Liquid Fund - Direct Growth,INF247L01734,,Open Ended Schemes,Debt Scheme - Liquid Fund,14.5605,05-Apr-2026
145946,Motilal Oswal Mutual Fund,Motilal Oswal Liquid Fund - Regular Growth,INF247L01726,,Open Ended Schemes,Debt Scheme - Liquid Fund,14.3974,05-Apr-2026
145963,WhiteOak Capital Mutual Fund,WhiteOak Capital Liquid Fund- Regular plan-Daily Reinvestment of Income Distribution cum capital withdrawal option (IDCW),,INF03VN01092,Open Ended Schemes,Debt Scheme - Liquid Fund,1001.5950,05-Apr-2026
145964,WhiteOak Capital Mutual Fund,WhiteOak Capital Liquid Fund- Regular plan-Weekly Payout/ Reinvestment of Income Distribution cum capital withdrawal option (IDCW),INF03VN01159,INF03VN01167,Open Ended Schemes,Debt Scheme - Liquid Fund,1005.3865,05-Apr-2026
145965,WhiteOak Capital Mutual Fund,WhiteOak Capital Liquid Fund- Regular plan-Fortnightly Payout/ Reinvestment of Income Distribution cum capital withdrawal option (IDCW),INF03VN01100,INF03VN01118,Open Ended Schemes,Debt Scheme - Liquid Fund,1006.5492,05-Apr-2026
145966,WhiteOak Capital Mutual Fund,WhiteOak Capital Liquid Fund- Direct plan-Fortnightly Payout/ Reinvestment of Income Distribution cum capital withdrawal option (IDCW),INF03VN01027,INF03VN01035,Open Ended Schemes,Debt Scheme - Liquid Fund,1005.3247,05-Apr-2026
145967,WhiteOak Capital Mutual Fund,WhiteOak Capital Liquid Fund- Direct plan-Monthly  Payout/ Reinvestment of Income Distribution cum capital withdrawal option (IDCW),INF03VN01050,INF03VN01068,Open Ended Schemes,Debt Scheme - Liquid Fund,1006.4633,05-Apr-2026
145968,WhiteOak Capital Mutual Fund,WhiteOak Capital Liquid Fund- Regular plan-Growth Option,INF03VN01126,,Open Ended Schemes,Debt Scheme - Liquid Fund,1468.3249,05-Apr-2026
145969,WhiteOak Capital Mutual Fund,WhiteOak Capital Liquid Fund- Direct plan-Daily Reinvestment of Income Distribution cum capital withdrawal option (IDCW),,INF03VN01019,Open Ended Schemes,Debt Scheme - Liquid Fund,1001.5967,05-Apr-2026
145970,WhiteOak Capital Mutual Fund,WhiteOak Capital Liquid Fund- Direct plan-Weekly Payout/ Reinvestment of Income Distribution cum capital withdrawal option (IDCW),INF03VN01076,INF03VN01084,Open Ended Schemes,Debt Scheme - Liquid Fund,1005.4536,05-Apr-2026
145971,WhiteOak Capital Mutual Fund,WhiteOak Capital Liquid Fund- Direct plan-Growth Option,INF03VN01043,,Open Ended Schemes,Debt Scheme - Liquid Fund,1478.2691,05-Apr-2026
145972,WhiteOak Capital Mutual Fund,WhiteOak Capital Liquid Fund- Regular plan-Monthly Payout/ Reinvestment of Income Distribution cum capital withdrawal option (IDCW),INF03VN01134,INF03VN01142,Open Ended Schemes,Debt Scheme - Liquid Fund,1006.1434,05-Apr-2026
146061,DSP Mutual Fund,DSP Overnight Fund - Regular Plan - Growth,INF740KA1MB0,,Open Ended Schemes,Debt Scheme - Overnight Fund,1434.9246,02-Apr-2026
146062,DSP Mutual Fund,DSP Overnight Fund - Direct Plan - Growth,INF740KA1MC8,,Open Ended Schemes,Debt Scheme - Overnight Fund,1443.2538,02-Apr-2026
146063,DSP Mutual Fund,DSP Overnight Fund - Regular Plan - IDCW - Weekly,INF740KA1OV4,INF740KA1OW2,Open Ended Schemes,Debt Scheme - Overnight Fund,1000.9214,02-Apr-2026
146064,DSP Mutual Fund,DSP Overnight Fund - Direct Plan - IDCW - Weekly,INF740KA1OS0,INF740KA1OT8,Open Ended Schemes,Debt Scheme - Overnight Fund,1000.8946,22-May-2023
146065,DSP Mutual Fund,DSP Overnight Fund - Direct Plan - IDCW - Daily,,INF740KA1OR2,Open Ended Schemes,Debt Scheme - Overnight Fund,1000.0099,02-Apr-2026
146066,DSP Mutual Fund,DSP Overnight Fund - Regular Plan - IDCW - Daily,,INF740KA1OU6,Open Ended Schemes,Debt Scheme - Overnight Fund,1000.0099,02-Apr-2026
146138,Kotak Mahindra Mutual Fund,Kotak Overnight Fund-Regular Plan- Daily Reinvestment of Income Distribution cum capital withdrawal option,,INF174KA1BB8,Open Ended Schemes,Debt Scheme - Overnight Fund,1005.0315,04-Apr-2026
146140,Kotak Mahindra Mutual Fund,Kotak Overnight Fund-Direct Plan- Daily Reinvestment of Income Distribution cum capital withdrawal option,,INF174KA1BE2,Open Ended Schemes,Debt Scheme - Overnight Fund,1003.8856,04-Apr-2026
146141,Kotak Mahindra Mutual Fund,Kotak Overnight Fund -Direct Plan-Growth Option,INF174KA1BF9,,Open Ended Schemes,Debt Scheme - Overnight Fund,1437.9068,04-Apr-2026
146142,Kotak Mahindra Mutual Fund,Kotak Overnight Fund -Regular plan-Growth Option,INF174KA1BC6,,Open Ended Schemes,Debt Scheme - Overnight Fund,1428.5036,04-Apr-2026
146183,Bandhan Mutual Fund,BANDHAN Overnight Fund - Direct Plan - Monthly IDCW,INF194KB1496,INF194KB1504,Open Ended Schemes,Debt Scheme - Overnight Fund,1001.5754,03-Apr-2026
146184,Bandhan Mutual Fund,BANDHAN Overnight Fund - Direct Plan - Periodic IDCW,INF194KB1520,INF194KB1538,Open Ended Schemes,Debt Scheme - Overnight Fund,1309.5971,03-Apr-2026
146185,Bandhan Mutual Fund,BANDHAN Overnight Fund - Regular Plan - Monthly IDCW,INF194KB1363,INF194KB1371,Open Ended Schemes,Debt Scheme - Overnight Fund,1001.4541,03-Apr-2026
146186,Bandhan Mutual Fund,BANDHAN Overnight Fund - REGULAR PLAN PERIODIC IDCW,INF194KB1397,INF194KB1405,Open Ended Schemes,Debt Scheme - Overnight Fund,1304.8275,03-Apr-2026
146187,Bandhan Mutual Fund,BANDHAN Overnight Fund - Regular Plan - Growth,INF194KB1314,,Open Ended Schemes,Debt Scheme - Overnight Fund,1425.9949,03-Apr-2026
146188,Bandhan Mutual Fund,BANDHAN Overnight Fund - Regular Plan - Daily IDCW,INF194KB1330,INF194KB1348,Open Ended Schemes,Debt Scheme - Overnight Fund,1000.1063,03-Apr-2026
146189,Bandhan Mutual Fund,BANDHAN Overnight Fund - Regular Plan - Weekly IDCW,INF194KB1421,INF194KB1439,Open Ended Schemes,Debt Scheme - Overnight Fund,1001.0708,03-Apr-2026
146190,Bandhan Mutual Fund,BANDHAN Overnight Fund - Direct Plan - Daily IDCW,INF194KB1462,INF194KB1470,Open Ended Schemes,Debt Scheme - Overnight Fund,1000.1484,03-Apr-2026
146191,Bandhan Mutual Fund,BANDHAN Overnight Fund - Direct Plan - Growth,INF194KB1447,,Open Ended Schemes,Debt Scheme - Overnight Fund,1437.1186,03-Apr-2026
146192,Bandhan Mutual Fund,BANDHAN Overnight Fund - Direct Plan - Weekly IDCW,INF194KB1553,INF194KB1561,Open Ended Schemes,Debt Scheme - Overnight Fund,1000.1445,03-Apr-2026
146207,SBI Mutual Fund,SBI Corporate Bond Fund - Regular Plan - Growth,INF200KA1YM5,,Open Ended Schemes,Debt Scheme - Corporate Bond Fund,15.9438,02-Apr-2026
146208,SBI Mutual Fund,SBI Corporate Bond Fund - Regular Plan - Monthly Income Distribution cum Capital Withdrawal Option (IDCW),INF200KA1YN3,INF200KA1YO1,Open Ended Schemes,Debt Scheme - Corporate Bond Fund,15.0469,02-Apr-2026
146210,SBI Mutual Fund,SBI Corporate Bond Fund - Regular Plan - Quarterly Income Distribution cum Capital Withdrawal Option (IDCW),INF200KA1YP8,INF200KA1YQ6,Open Ended Schemes,Debt Scheme - Corporate Bond Fund,15.4912,02-Apr-2026
146212,SBI Mutual Fund,SBI Corporate Bond Fund - Direct Plan - Monthly Income Distribution cum Capital Withdrawal Option (IDCW),INF200KA1YS2,INF200KA1YT0,Open Ended Schemes,Debt Scheme - Corporate Bond Fund,15.5521,02-Apr-2026
146215,SBI Mutual Fund,SBI Corporate Bond Fund - Direct Plan - Growth,INF200KA1YR4,,Open Ended Schemes,Debt Scheme - Corporate Bond Fund,16.4764,02-Apr-2026
146216,SBI Mutual Fund,SBI Corporate Bond Fund - Direct Plan - Quarterly Income Distribution cum Capital Withdrawal Option (IDCW),INF200KA1YU8,INF200KA1YV6,Open Ended Schemes,Debt Scheme - Corporate Bond Fund,16.0174,02-Apr-2026
146218,Motilal Oswal Mutual Fund,Motilal Oswal Liquid Fund Direct - IDCW  Quarterly Payout/Reinvestment,INF247L01791,INF247L01783,Open Ended Schemes,Debt Scheme - Liquid Fund,10.1414,05-Apr-2026
146220,Motilal Oswal Mutual Fund,Motilal Oswal Liquid Fund Regular - IDCW Monthly Payout/Reinvestment,INF247L01841,INF247L01833,Open Ended Schemes,Debt Scheme - Liquid Fund,10.0559,05-Apr-2026
146222,Motilal Oswal Mutual Fund,Motilal Oswal Liquid Fund Regular - IDCW Quarterly Payout/Reinvestment,INF247L01866,INF247L01858,Open Ended Schemes,Debt Scheme - Liquid Fund,10.1368,05-Apr-2026
146223,Motilal Oswal Mutual Fund,Motilal Oswal Liquid Fund Direct - IDCW Monthly Payout/Reinvestment,INF247L01775,INF247L01767,Open Ended Schemes,Debt Scheme - Liquid Fund,10.0564,05-Apr-2026
146224,Motilal Oswal Mutual Fund,Motilal Oswal Liquid Fund Regular - IDCW Weekly Reinvestment,,INF247L01874,Open Ended Schemes,Debt Scheme - Liquid Fund,10.0388,05-Apr-2026
146226,Motilal Oswal Mutual Fund,Motilal Oswal Liquid Fund Direct - IDCW Fortnightly Reinvestment,,INF247L01759,Open Ended Schemes,Debt Scheme - Liquid Fund,10.0306,05-Apr-2026
146227,Motilal Oswal Mutual Fund,Motilal Oswal Liquid Fund Regular - IDCW Daily Reinvestment,,INF247L01817,Open Ended Schemes,Debt Scheme - Liquid Fund,10.0067,05-Apr-2026
146228,Motilal Oswal Mutual Fund,Motilal Oswal Liquid Fund Direct - IDCW Reinvestment,,INF247L01742,Open Ended Schemes,Debt Scheme - Liquid Fund,10.0077,05-Apr-2026
146229,Motilal Oswal Mutual Fund,Motilal Oswal Liquid Fund Direct - IDCW Weekly Reinvestment,,INF247L01809,Open Ended Schemes,Debt Scheme - Liquid Fund,10.0321,05-Apr-2026
146230,Motilal Oswal Mutual Fund,Motilal Oswal Liquid Fund Regular - IDCW Fortnightly Reinvestment,,INF247L01825,Open Ended Schemes,Debt Scheme - Liquid Fund,10.0300,05-Apr-2026
146675,Axis Mutual Fund,Axis Overnight Fund - Direct Plan - Growth Option,INF846K01N65,,Open Ended Schemes,Debt Scheme - Overnight Fund,1426.4233,03-Apr-2026
146676,Axis Mutual Fund,Axis Overnight Fund - Direct Plan - Weekly IDCW,INF846K01N40,INF846K01N57,Open Ended Schemes,Debt Scheme - Overnight Fund,1001.3828,03-Apr-2026
146677,Axis Mutual Fund,Axis Overnight Fund - Direct Plan - Monthly IDCW,INF846K01N73,INF846K01N81,Open Ended Schemes,Debt Scheme - Overnight Fund,1002.3313,03-Apr-2026
146678,Axis Mutual Fund,Axis Overnight Fund - Regular Plan - Growth Option,INF846K01O23,,Open Ended Schemes,Debt Scheme - Overnight Fund,1421.1406,03-Apr-2026
146679,Axis Mutual Fund,Axis Overnight Fund - Direct Plan - Daily IDCW,,INF846K01N99,Open Ended Schemes,Debt Scheme - Overnight Fund,1000.5073,03-Apr-2026
146680,Axis Mutual Fund,Axis Overnight Fund - Regular Plan - Weekly IDCW,INF846K01O07,INF846K01O15,Open Ended Schemes,Debt Scheme - Overnight Fund,1001.3427,03-Apr-2026
146681,Axis Mutual Fund,Axis Overnight Fund - Regular Plan - Monthly IDCW,INF846K01O31,INF846K01O49,Open Ended Schemes,Debt Scheme - Overnight Fund,1002.3150,03-Apr-2026
146682,Axis Mutual Fund,Axis Overnight Fund - Regular Plan - Daily IDCW,,INF846K01O56,Open Ended Schemes,Debt Scheme - Overnight Fund,1000.5032,03-Apr-2026
146953,Sundaram Mutual Fund,Sundaram Overnight Fund Regular Plan - Daily Reinvestment of Income Distribution cum Capital Withdrawal (IDCW),INF903JA1HC4,,Open Ended Schemes,Debt Scheme - Overnight Fund,1000.0300,13-Sep-2024
146954,Sundaram Mutual Fund,Sundaram Overnight Fund Regular Plan - Weekly Payout of Income Distribution cum Capital Withdrawal (IDCW),INF903JA1HD2,,Open Ended Schemes,Debt Scheme - Overnight Fund,1048.3636,13-Sep-2024
146955,Sundaram Mutual Fund,Sundaram Overnight Fund Direct Plan - Weekly Reinvestment of Income Distribution cum Capital Withdrawal (IDCW),INF903JA1HK7,,Open Ended Schemes,Debt Scheme - Overnight Fund,1049.5696,13-Sep-2024
146956,Sundaram Mutual Fund,Sundaram Overnight Fund Direct Plan - Fortnightly Reinvestment of Income Distribution cum Capital Withdrawal (IDCW),INF903JA1HL5,,Open Ended Schemes,Debt Scheme - Overnight Fund,1067.4522,13-Sep-2024
146957,Sundaram Mutual Fund,Sundaram Overnight Fund Direct Plan - Monthly Reinvestment of Income Distribution cum Capital Withdrawal (IDCW),INF903JA1HM3,,Open Ended Schemes,Debt Scheme - Overnight Fund,1034.6630,05-Apr-2026
146958,Sundaram Mutual Fund,Sundaram Overnight Fund Regular Plan - Fortnightly Reinvestment of Income Distribution cum Capital Withdrawal (IDCW),INF903JA1HE0,,Open Ended Schemes,Debt Scheme - Overnight Fund,1068.8381,13-Sep-2024
146959,Sundaram Mutual Fund,Sundaram Overnight Fund Regular Plan - Growth,INF903JA1GZ7,,Open Ended Schemes,Debt Scheme - Overnight Fund,1421.6916,05-Apr-2026
146960,Sundaram Mutual Fund,Sundaram Overnight Fund Regular Plan - Monthly Payout of Income Distribution cum Capital Withdrawal (IDCW),INF903JA1HA8,,Open Ended Schemes,Debt Scheme - Overnight Fund,1029.7730,05-Apr-2026
146961,Sundaram Mutual Fund,Sundaram Overnight Fund Regular Plan - Monthly Reinvestment of Income Distribution cum Capital Withdrawal (IDCW),INF903JA1HF7,,Open Ended Schemes,Debt Scheme - Overnight Fund,1029.7730,05-Apr-2026
146962,Sundaram Mutual Fund,Sundaram Overnight Fund Direct Plan - Monthly Payout of Income Distribution cum Capital Withdrawal (IDCW),INF903JA1HH3,,Open Ended Schemes,Debt Scheme - Overnight Fund,1034.6630,05-Apr-2026
146963,Sundaram Mutual Fund,Sundaram Overnight Fund Direct Plan - Growth,INF903JA1HG5,,Open Ended Schemes,Debt Scheme - Overnight Fund,1431.5737,05-Apr-2026
146964,Sundaram Mutual Fund,Sundaram Overnight Fund Direct Plan - Daily Reinvestment of Income Distribution cum Capital Withdrawal (IDCW),INF903JA1HJ9,,Open Ended Schemes,Debt Scheme - Overnight Fund,1000.0300,13-Sep-2024
146977,Tata Mutual Fund,Tata Overnight Fund-Regular Plan-Growth,INF277K016T9,,Open Ended Schemes,Debt Scheme - Overnight Fund,1411.6209,05-Apr-2026
146978,Tata Mutual Fund,TATA Overnight Fund Direct Plan - Daily Reinvestment of Income Distribution cum capital withdrawal option,,INF277K019T3,Open Ended Schemes,Debt Scheme - Overnight Fund,1000.0000,05-Apr-2026
146979,Tata Mutual Fund,TATA Overnight Fund Regular Plan - Daily Reinvestment of Income Distribution cum capital withdrawal option,,INF277K017T7,Open Ended Schemes,Debt Scheme - Overnight Fund,1000.0000,05-Apr-2026
146980,Tata Mutual Fund,Tata Overnight Fund-Direct Plan-Growth,INF277K018T5,,Open Ended Schemes,Debt Scheme - Overnight Fund,1422.8684,05-Apr-2026
146997,Union Mutual Fund,Union Overnight Fund - Regular Plan - Growth Option,INF582M01FJ3,,Open Ended Schemes,Debt Scheme - Overnight Fund,1408.9785,05-Apr-2026
146998,Union Mutual Fund,Union Overnight Fund - Regular Plan - Daily IDCW Option,,INF582M01FK1,Open Ended Schemes,Debt Scheme - Overnight Fund,1001.2621,05-Apr-2026
147000,Union Mutual Fund,Union Overnight Fund - Regular Plan - Monthly IDCW Option,INF582M01FP0,INF582M01FN5,Open Ended Schemes,Debt Scheme - Overnight Fund,1002.3346,05-Apr-2026
147002,Union Mutual Fund,Union Overnight Fund - Direct Plan - Daily IDCW Option,,INF582M01FB0,Open Ended Schemes,Debt Scheme - Overnight Fund,1000.8028,05-Apr-2026
147003,Union Mutual Fund,Union Overnight Fund - Direct Plan - Growth Option,INF582M01FA2,,Open Ended Schemes,Debt Scheme - Overnight Fund,1418.7999,05-Apr-2026
147006,Union Mutual Fund,Union Overnight Fund - Direct Plan - Monthly IDCW Option,INF582M01FG9,INF582M01FE4,Open Ended Schemes,Debt Scheme - Overnight Fund,1002.3921,05-Apr-2026
147153,ITI Mutual Fund,ITI Liquid Fund - Regular Plan - Growth Option,INF00XX01192,,Open Ended Schemes,Debt Scheme - Liquid Fund,1421.2308,05-Apr-2026
147154,ITI Mutual Fund,ITI Liquid Fund - Regular Plan - Daily IDCW Option,,INF00XX01200,Open Ended Schemes,Debt Scheme - Liquid Fund,1001.3560,05-Apr-2026
147155,ITI Mutual Fund,ITI Liquid Fund - Regular Plan - Fortnightly Income Distribution cum capital withdrawal option Option,INF00XX01259,INF00XX01226,Open Ended Schemes,Debt Scheme - Liquid Fund,1004.2414,05-Apr-2026
147156,ITI Mutual Fund,ITI Liquid Fund - Regular Plan - Monthly IDCW Option,INF00XX01267,INF00XX01234,Open Ended Schemes,Debt Scheme - Liquid Fund,1002.3077,05-Apr-2026
147157,ITI Mutual Fund,ITI Liquid Fund - Direct Plan - Growth Option,INF00XX01283,,Open Ended Schemes,Debt Scheme - Liquid Fund,1435.0747,05-Apr-2026
147158,ITI Mutual Fund,ITI Liquid Fund - Direct Plan - Daily IDCW Option,,INF00XX01291,Open Ended Schemes,Debt Scheme - Liquid Fund,1001.3560,05-Apr-2026
147159,ITI Mutual Fund,ITI Liquid Fund - Direct Plan - Weekly IDCW Option,,INF00XX01309,Open Ended Schemes,Debt Scheme - Liquid Fund,1003.0247,05-Apr-2026
147160,ITI Mutual Fund,ITI Liquid Fund - Direct Plan - Fortnightly IDCW Option,INF00XX01341,INF00XX01317,Open Ended Schemes,Debt Scheme - Liquid Fund,1004.2767,05-Apr-2026
147161,ITI Mutual Fund,ITI Liquid Fund - Direct Plan - Annually IDCW Option,INF00XX01366,INF00XX01333,Open Ended Schemes,Debt Scheme - Liquid Fund,1436.9794,05-Apr-2026
147162,ITI Mutual Fund,ITI Liquid Fund - Regular Plan - Annually IDCW Option,INF00XX01275,INF00XX01242,Open Ended Schemes,Debt Scheme - Liquid Fund,1429.6970,05-Apr-2026
147163,ITI Mutual Fund,ITI Liquid Fund - Direct Plan - Monthly IDCW Option,INF00XX01358,INF00XX01325,Open Ended Schemes,Debt Scheme - Liquid Fund,1004.2765,05-Apr-2026
147164,ITI Mutual Fund,ITI Liquid Fund - Regular Plan - Weekly IDCW Option,,INF00XX01218,Open Ended Schemes,Debt Scheme - Liquid Fund,1003.0072,05-Apr-2026
147193,Baroda BNP Paribas Mutual Fund,Baroda BNP Paribas Overnight Fund - Regular Plan - Growth,INF955L01HS0,,Open Ended Schemes,Debt Scheme - Overnight Fund,1409.2484,05-Apr-2026
147194,Baroda BNP Paribas Mutual Fund,Baroda BNP Paribas Overnight Fund - Regular Plan - Daily IDCW,,INF955L01HT8,Open Ended Schemes,Debt Scheme - Overnight Fund,1000.0018,05-Apr-2026
147195,Baroda BNP Paribas Mutual Fund,Baroda BNP Paribas Overnight Fund - Direct Plan - Weekly IDCW,,INF955L01HX0,Open Ended Schemes,Debt Scheme - Overnight Fund,1000.5293,05-Apr-2026
147196,Baroda BNP Paribas Mutual Fund,Baroda BNP Paribas Overnight Fund - Direct Plan - Growth,INF955L01HV4,,Open Ended Schemes,Debt Scheme - Overnight Fund,1415.7704,05-Apr-2026
147197,Baroda BNP Paribas Mutual Fund,Baroda BNP Paribas Overnight Fund - Direct Plan - Daily IDCW,,INF955L01HW2,Open Ended Schemes,Debt Scheme - Overnight Fund,1000.0028,05-Apr-2026
147198,Baroda BNP Paribas Mutual Fund,Baroda BNP Paribas Overnight Fund - Regular Plan - Weekly IDCW,,INF955L01HU6,Open Ended Schemes,Debt Scheme - Overnight Fund,1001.0083,05-Apr-2026
147211,Franklin Templeton Mutual Fund,Franklin India Overnight Fund - Direct Weekly Dividend Plan - Weekly - IDCW,INF090I01SR1,INF090I01SQ3,Open Ended Schemes,Debt Scheme - Overnight Fund,1000.7866,02-Apr-2026
147212,Franklin Templeton Mutual Fund,Franklin India Overnight Fund - Direct Daily Dividend Plan - Daily - IDCW,,INF090I01ST7,Open Ended Schemes,Debt Scheme - Overnight Fund,1000.0007,02-Apr-2026
147213,Franklin Templeton Mutual Fund,Franklin India Overnight fund- Growth,INF090I01SO8,,Open Ended Schemes,Debt Scheme - Overnight Fund,1400.8359,03-Apr-2026
147214,Franklin Templeton Mutual Fund,Franklin India Overnight Fund- Growth - Direct,INF090I01SS9,,Open Ended Schemes,Debt Scheme - Overnight Fund,1405.6315,03-Apr-2026
147215,Franklin Templeton Mutual Fund,Franklin India Overnight Fund - Daily Dividend Plan - Daily - IDCW,,INF090I01SM2,Open Ended Schemes,Debt Scheme - Overnight Fund,1000.0001,02-Apr-2026
147216,Franklin Templeton Mutual Fund,Franklin India Overnight Fund - Weekly Dividend Plan - Weekly - IDCW,INF090I01SN0,INF090I01SP5,Open Ended Schemes,Debt Scheme - Overnight Fund,1000.7895,02-Apr-2026
147265,Kotak Mahindra Mutual Fund,KOTAK FLOATING RATE FUND-REGULAR PLAN-STANDARD Reinvestment of Income Distribution cum capital withdrawal option,,INF174KA1EB2,Open Ended Schemes,Debt Scheme - Floater Fund,1404.1737,02-Apr-2026
147266,Kotak Mahindra Mutual Fund,KOTAK FLOATING RATE FUND-REGULAR PLAN-GROWTH OPTION,INF174KA1DY6,,Open Ended Schemes,Debt Scheme - Floater Fund,1575.5729,02-Apr-2026
147267,Kotak Mahindra Mutual Fund,KOTAK FLOATING RATE FUND-DIRECT PLAN-Standard Reinvestment of Income Distribution cum capital withdrawal option,,INF174KA1EF3,Open Ended Schemes,Debt Scheme - Floater Fund,1409.1924,02-Apr-2026
147269,Kotak Mahindra Mutual Fund,KOTAK FLOATING RATE FUND-DIRECT PLAN-GROWTH OPTION,INF174KA1EC0,,Open Ended Schemes,Debt Scheme - Floater Fund,1617.6152,02-Apr-2026
147287,HSBC Mutual Fund,HSBC Overnight Fund - Direct Growth,INF336L01OF6,,Open Ended Schemes,Debt Scheme - Overnight Fund,1410.5444,05-Apr-2026
147288,HSBC Mutual Fund,HSBC Overnight Fund - Regular Weekly IDCW,INF336L01OP5,INF336L01ON0,Open Ended Schemes,Debt Scheme - Overnight Fund,1000.4745,05-Apr-2026
147289,HSBC Mutual Fund,HSBC Overnight Fund - Regular Daily IDCW,,INF336L01OM2,Open Ended Schemes,Debt Scheme - Overnight Fund,1000.0149,05-Apr-2026
147290,HSBC Mutual Fund,HSBC Overnight Fund - Regular Growth,INF336L01OL4,,Open Ended Schemes,Debt Scheme - Overnight Fund,1398.7611,05-Apr-2026
147291,HSBC Mutual Fund,HSBC Overnight Fund - Direct Daily IDCW,,INF336L01OG4,Open Ended Schemes,Debt Scheme - Overnight Fund,1000.0149,05-Apr-2026
147296,HSBC Mutual Fund,HSBC Overnight Fund - Direct Weekly IDCW,INF336L01OJ8,INF336L01OH2,Open Ended Schemes,Debt Scheme - Overnight Fund,1000.4672,05-Apr-2026
147300,HSBC Mutual Fund,HSBC Overnight Fund - Direct Monthly IDCW,INF336L01OK6,INF336L01OI0,Open Ended Schemes,Debt Scheme - Overnight Fund,1001.7218,05-Apr-2026
147301,HSBC Mutual Fund,HSBC Overnight Fund - Regular Monthly IDCW,INF336L01OQ3,INF336L01OO8,Open Ended Schemes,Debt Scheme - Overnight Fund,1001.7383,05-Apr-2026
147373,Baroda BNP Paribas Mutual Fund,Baroda BNP Paribas Money Market Fund - Direct Plan - Monthly IDCW,INF955L01IG3,,Open Ended Schemes,Debt Scheme - Money Market Fund,1030.0857,02-Apr-2026
147376,Baroda BNP Paribas Mutual Fund,Baroda BNP Paribas Money Market Fund - Regular Plan - Monthly IDCW,INF955L01IB4,,Open Ended Schemes,Debt Scheme - Money Market Fund,1010.9790,02-Apr-2026
147377,Baroda BNP Paribas Mutual Fund,Baroda BNP Paribas Money Market Fund- Direct Plan - Growth,INF955L01ID0,,Open Ended Schemes,Debt Scheme - Money Market Fund,1464.1189,02-Apr-2026
147378,Baroda BNP Paribas Mutual Fund,Baroda BNP Paribas Money Market Fund - Direct Plan-Daily IDCW,,INF955L01IE8,Open Ended Schemes,Debt Scheme - Money Market Fund,1000.0000,02-Apr-2026
147379,Baroda BNP Paribas Mutual Fund,Baroda BNP Paribas Money Market Fund -Direct Plan - Weekly IDCW,,INF955L01IF5,Open Ended Schemes,Debt Scheme - Money Market Fund,1000.0000,02-Apr-2026
147380,Baroda BNP Paribas Mutual Fund,Baroda BNP Paribas Money Market Fund-Regular Plan- Daily IDCW,,INF955L01HZ5,Open Ended Schemes,Debt Scheme - Money Market Fund,1005.9753,02-Apr-2026
147381,Baroda BNP Paribas Mutual Fund,Baroda BNP Paribas Money Market Fund-Regular Plan-Weekly IDCW,,INF955L01IA6,Open Ended Schemes,Debt Scheme - Money Market Fund,1000.1563,02-Apr-2026
147382,Baroda BNP Paribas Mutual Fund,Baroda BNP Paribas Money Market Fund-Regular Plan - Growth,INF955L01HY8,,Open Ended Schemes,Debt Scheme - Money Market Fund,1440.8179,02-Apr-2026
147441,Motilal Oswal Mutual Fund,Motilal Oswal Liquid Fund - Unclaimed Dividend- Upto 3 years,,,Open Ended Schemes,Debt Scheme - Liquid Fund,14.1810,05-Apr-2026
147442,Motilal Oswal Mutual Fund,Motilal Oswal Liquid Fund - Unclaimed Dividend - Greater than 3 years,,,Open Ended Schemes,Debt Scheme - Liquid Fund,10.0000,05-Apr-2026
147443,Motilal Oswal Mutual Fund,Motilal Oswal Liquid Fund - Unclaimed Redemption - Greater than 3 years,,,Open Ended Schemes,Debt Scheme - Liquid Fund,10.0000,05-Apr-2026
147444,Motilal Oswal Mutual Fund,Motilal Oswal Liquid Fund - Unclaimed Redemption - Upto 3 years,,,Open Ended Schemes,Debt Scheme - Liquid Fund,13.8987,05-Apr-2026
147450,Groww Mutual Fund,Groww Overnight Fund (formerly known as Indiabulls Overnight Fund)- Direct Plan- Growth Option,INF666M01GL8,,Open Ended Schemes,Debt Scheme - Overnight Fund,1388.5465,04-Apr-2026
147451,Groww Mutual Fund,Groww Overnight Fund (formerly known as Indiabulls Overnight Fund)- Direct Plan- Weekly - Income Distribution cum capital withdrawal Option (Payout & Reinvestment),INF666M01GN4,INF666M01GO2,Open Ended Schemes,Debt Scheme - Overnight Fund,1002.9903,04-Apr-2026
147452,Groww Mutual Fund,Groww Overnight Fund (formerly known as Indiabulls Overnight Fund)- Direct Plan- Fortnightly - Income Distribution cum capital withdrawal Option (Payout & Reinvestment),INF666M01GP9,INF666M01GQ7,Open Ended Schemes,Debt Scheme - Overnight Fund,1216.7027,04-Apr-2026
147453,Groww Mutual Fund,Groww Overnight Fund (formerly known as Indiabulls Overnight Fund)- Direct Plan- Monthly - Income Distribution cum capital withdrawal Option (Payout & Reinvestment),INF666M01GR5,INF666M01GS3,Open Ended Schemes,Debt Scheme - Overnight Fund,1001.6378,04-Apr-2026
147454,Groww Mutual Fund,Groww Overnight Fund (formerly known as Indiabulls Overnight Fund)- Regular Plan- Growth Option,INF666M01GT1,,Open Ended Schemes,Debt Scheme - Overnight Fund,1379.8094,04-Apr-2026
147455,Groww Mutual Fund,Groww Overnight Fund (formerly known as Indiabulls Overnight Fund)- Regular Plan- - Income Distribution cum capital withdrawal Option ( Reinvestment),,INF666M01GU9,Open Ended Schemes,Debt Scheme - Overnight Fund,1001.332,04-Apr-2026
147456,Groww Mutual Fund,Groww Overnight Fund (formerly known as Indiabulls Overnight Fund)- Regular Plan- Weekly - Income Distribution cum capital withdrawal Option (Payout & Reinvestment),INF666M01GV7,INF666M01GW5,Open Ended Schemes,Debt Scheme - Overnight Fund,1001.7286,04-Apr-2026
147457,Groww Mutual Fund,Groww Overnight Fund (formerly known as Indiabulls Overnight Fund)- Regular Plan- Fortnightly - Income Distribution cum capital withdrawal Option (Payout & Reinvestment),INF666M01GX3,INF666M01GY1,Open Ended Schemes,Debt Scheme - Overnight Fund,1002.4959,04-Apr-2026
147458,Groww Mutual Fund,Groww Overnight Fund (formerly known as Indiabulls Overnight Fund)- Direct Plan- - Income Distribution cum capital withdrawal Option ( Reinvestment),,INF666M01GM6,Open Ended Schemes,Debt Scheme - Overnight Fund,1001.6903,04-Apr-2026
147459,Groww Mutual Fund,Groww Overnight Fund (formerly known as Indiabulls Overnight Fund)- Regular Plan- Monthly - Income Distribution cum capital withdrawal Option (Payout & Reinvestment),INF666M01GZ8,INF666M01HA9,Open Ended Schemes,Debt Scheme - Overnight Fund,1001.6593,04-Apr-2026
147512,LIC Mutual Fund,LIC MF Overnight Fund-Regular Plan-IDCW,INF767K01PZ9,INF767K01QA0,Open Ended Schemes,Debt Scheme - Overnight Fund,1225.6151,05-Apr-2026
147513,LIC Mutual Fund,LIC MF Overnight Fund-Direct Plan-IDCW,INF767K01QE2,INF767K01QF9,Open Ended Schemes,Debt Scheme - Overnight Fund,1397.374,05-Apr-2026
147514,LIC Mutual Fund,LIC MF Overnight Fund-Direct Plan-Weekly IDCW,,INF767K01QH5,Open Ended Schemes,Debt Scheme - Overnight Fund,1089.9838,05-Apr-2026
147515,LIC Mutual Fund,LIC MF Overnight Fund-Direct Plan-Growth,INF767K01QI3,,Open Ended Schemes,Debt Scheme - Overnight Fund,1397.2071,05-Apr-2026
147516,LIC Mutual Fund,LIC MF Overnight Fund-Direct Plan-Daily IDCW,,INF767K01QG7,Open Ended Schemes,Debt Scheme - Overnight Fund,1106.3159,05-Apr-2026
147517,LIC Mutual Fund,LIC MF Overnight Fund-Regular Plan-Daily IDCW,,INF767K01QB8,Open Ended Schemes,Debt Scheme - Overnight Fund,1104.5322,05-Apr-2026
147518,LIC Mutual Fund,LIC MF Overnight Fund-Regular Plan-Weekly IDCW,,INF767K01QC6,Open Ended Schemes,Debt Scheme - Overnight Fund,1180.1164,05-Apr-2026
147519,LIC Mutual Fund,LIC MF Overnight Fund-Regular Plan-Growth,INF767K01QD4,,Open Ended Schemes,Debt Scheme - Overnight Fund,1385.6884,05-Apr-2026
147531,Canara Robeco Mutual Fund,CANARA ROBECO OVERNIGHT FUND - DIRECT PLAN - GROWTH OPTION,INF760K01JM5,,Open Ended Schemes,Debt Scheme - Overnight Fund,1391.3856,05-Apr-2026
147532,Canara Robeco Mutual Fund,CANARA ROBECO OVERNIGHT FUND - DIRECT PLAN - DAILY IDCW (Reinvestment),,INF760K01JN3,Open Ended Schemes,Debt Scheme - Overnight Fund,1001.0012,05-Apr-2026
147533,Canara Robeco Mutual Fund,CANARA ROBECO OVERNIGHT FUND - REGULAR PLAN - DAILY IDCW (Reinvestment),,INF760K01JP8,Open Ended Schemes,Debt Scheme - Overnight Fund,1001.0000,05-Apr-2026
147534,Canara Robeco Mutual Fund,CANARA ROBECO OVERNIGHT FUND - REGULAR PLAN - GROWTH OPTION,INF760K01JO1,,Open Ended Schemes,Debt Scheme - Overnight Fund,1389.8979,05-Apr-2026
147549,Edelweiss Mutual Fund,Edelweiss Overnight Fund - Regular Plan - Fortnightly - IDCW Option,INF754K01KI4,INF754K01KH6,Open Ended Schemes,Debt Scheme - Overnight Fund,1096.5579,05-Apr-2026
147550,Edelweiss Mutual Fund,Edelweiss Overnight Fund - Direct Plan - Fortnightly - IDCW Option,INF754K01JZ0,INF754K01JY3,Open Ended Schemes,Debt Scheme - Overnight Fund,1376.9863,05-Apr-2026
147551,Edelweiss Mutual Fund,Edelweiss Overnight Fund - Direct Plan - Annual - IDCW Option,INF754K01KD5,INF754K01KC7,Open Ended Schemes,Debt Scheme - Overnight Fund,1394.7157,05-Apr-2026
147552,Edelweiss Mutual Fund,Edelweiss Overnight Fund - Regular Plan - Daily - IDCW Option,,INF754K01KF0,Open Ended Schemes,Debt Scheme - Overnight Fund,1008.3669,05-Apr-2026
147553,Edelweiss Mutual Fund,Edelweiss Overnight Fund - Regular Plan - Weekly - IDCW Option,,INF754K01KG8,Open Ended Schemes,Debt Scheme - Overnight Fund,1017.2851,05-Apr-2026
147554,Edelweiss Mutual Fund,Edelweiss Overnight Fund - Direct Plan - Monthly - IDCW Option,INF754K01KB9,INF754K01KA1,Open Ended Schemes,Debt Scheme - Overnight Fund,1059.2813,05-Apr-2026
147555,Edelweiss Mutual Fund,Edelweiss Overnight Fund - Regular Plan - Monthly - IDCW Option,INF754K01KK0,INF754K01KJ2,Open Ended Schemes,Debt Scheme - Overnight Fund,1006.0774,05-Apr-2026
147556,Edelweiss Mutual Fund,Edelweiss Overnight Fund - Regular Plan - Annual - IDCW Option,INF754K01KM6,INF754K01KL8,Open Ended Schemes,Debt Scheme - Overnight Fund,1389.143,05-Apr-2026
147557,Edelweiss Mutual Fund,Edelweiss Overnight Fund - Direct Plan - Daily - IDCW Option,,INF754K01JW7,Open Ended Schemes,Debt Scheme - Overnight Fund,1000.2112,05-Apr-2026
147558,Edelweiss Mutual Fund,Edelweiss Overnight Fund - Direct Plan - Weekly - IDCW Option,,INF754K01JX5,Open Ended Schemes,Debt Scheme - Overnight Fund,1379.3009,05-Apr-2026
147563,Mahindra Manulife Mutual Fund,Mahindra Manulife Overnight Fund - Direct Plan - Daily IDCW,,INF174V01846,Open Ended Schemes,Debt Scheme - Overnight Fund,1398.7110,05-Apr-2026
147564,Mahindra Manulife Mutual Fund,Mahindra Manulife Overnight Fund - Direct Plan -Growth,INF174V01838,,Open Ended Schemes,Debt Scheme - Overnight Fund,1395.2797,05-Apr-2026
147565,Mahindra Manulife Mutual Fund,Mahindra Manulife Overnight Fund - Regular Plan - Growth,INF174V01812,,Open Ended Schemes,Debt Scheme - Overnight Fund,1385.8502,05-Apr-2026
147566,Mahindra Manulife Mutual Fund,Mahindra Manulife Overnight Fund - Regular Plan - Daily IDCW,,INF174V01820,Open Ended Schemes,Debt Scheme - Overnight Fund,1229.0429,05-Apr-2026
147567,Axis Mutual Fund,Axis Money Market Fund - Direct Plan - Growth Option,INF846K01Q62,,Open Ended Schemes,Debt Scheme - Money Market Fund,1512.5456,02-Apr-2026
147568,Axis Mutual Fund,Axis Money Market Fund - Regular Plan - Growth Option,INF846K01R46,,Open Ended Schemes,Debt Scheme - Money Market Fund,1496.9138,02-Apr-2026
147569,Edelweiss Mutual Fund,Edelweiss Overnight Fund - Regular Plan - Growth,INF754K01KE3,,Open Ended Schemes,Debt Scheme - Overnight Fund,1389.1314,05-Apr-2026
147570,Edelweiss Mutual Fund,Edelweiss Overnight Fund - Direct Plan - Growth,INF754K01JV9,,Open Ended Schemes,Debt Scheme - Overnight Fund,1394.2526,05-Apr-2026
147571,Axis Mutual Fund,Axis Money Market Fund - Direct Plan - Daily IDCW,,INF846K01Q70,Open Ended Schemes,Debt Scheme - Money Market Fund,1005.6131,02-Apr-2026
147572,Axis Mutual Fund,Axis Money Market Fund - Direct Plan - Monthly IDCW,INF846K01R12,INF846K01R04,Open Ended Schemes,Debt Scheme - Money Market Fund,1010.6032,02-Apr-2026
147573,Axis Mutual Fund,Axis Money Market Fund - Direct Plan - Quarterly IDCW,INF846K01R38,INF846K01R20,Open Ended Schemes,Debt Scheme - Money Market Fund,1182.3375,02-Apr-2026
147574,Axis Mutual Fund,Axis Money Market Fund - Regular Plan - Quarterly IDCW,INF846K01S11,INF846K01S03,Open Ended Schemes,Debt Scheme - Money Market Fund,1167.4537,02-Apr-2026
147575,Axis Mutual Fund,Axis Money Market Fund - Regular Plan - Annual IDCW,INF846K01R79,INF846K01R61,Open Ended Schemes,Debt Scheme - Money Market Fund,1266.2857,02-Apr-2026
147576,Axis Mutual Fund,Axis Money Market Fund - Direct Plan - Annual IDCW,INF846K01Q96,INF846K01Q88,Open Ended Schemes,Debt Scheme - Money Market Fund,1281.1131,02-Apr-2026
147577,Axis Mutual Fund,Axis Money Market Fund - Regular Plan - Daily IDCW,,INF846K01R53,Open Ended Schemes,Debt Scheme - Money Market Fund,1005.6127,02-Apr-2026
147578,Axis Mutual Fund,Axis Money Market Fund - Regular Plan - Monthly IDCW,INF846K01R95,INF846K01R87,Open Ended Schemes,Debt Scheme - Money Market Fund,1007.7057,02-Apr-2026
147600,PGIM India Mutual Fund,PGIM India Overnight Fund - Regular Plan- Growth Option,INF663L01T43,,Open Ended Schemes,Debt Scheme - Overnight Fund,1383.5857,05-Apr-2026
147605,PGIM India Mutual Fund,PGIM India Overnight Fund - Direct Plan - Daily Dividend Option,,INF663L01T35,Open Ended Schemes,Debt Scheme - Overnight Fund,1000.0087,05-Apr-2026
147606,PGIM India Mutual Fund,PGIM India Overnight Fund - Direct Plan - Growth Option,INF663L01T01,,Open Ended Schemes,Debt Scheme - Overnight Fund,1389.7346,05-Apr-2026
147607,PGIM India Mutual Fund,PGIM India Overnight Fund - Regular Plan - Weekly Dividend Option,INF663L01T50,INF663L01T68,Open Ended Schemes,Debt Scheme - Overnight Fund,1007.4308,05-Apr-2026
147608,PGIM India Mutual Fund,PGIM India Overnight Fund - Direct Plan - Weekly Dividend Option,INF663L01T19,INF663L01T27,Open Ended Schemes,Debt Scheme - Overnight Fund,1000.7007,05-Apr-2026
147609,PGIM India Mutual Fund,PGIM India Overnight Fund - Regular Plan - Daily Dividend Option,,INF663L01T76,Open Ended Schemes,Debt Scheme - Overnight Fund,1000,05-Apr-2026
147649,UTI Mutual Fund,UTI - Credit Risk Fund (Segregated - 13092019) - Regular Plan - Quarterly Dividend Option,INF789F1AMT2,INF789F1AMU0,Open Ended Schemes,Debt Scheme - Credit Risk Fund,0,10-Mar-2022
147650,UTI Mutual Fund,UTI - Credit Risk Fund (Segregated - 13092019) - Regular Plan - Growth Option,INF789F1AMV8,,Open Ended Schemes,Debt Scheme - Credit Risk Fund,0,10-Mar-2022
147651,UTI Mutual Fund,UTI - Credit Risk Fund (Segregated - 13092019) - Direct Plan - Growth Option,INF789F1AMK1,,Open Ended Schemes,Debt Scheme - Credit Risk Fund,0,10-Mar-2022
147652,UTI Mutual Fund,UTI - Credit Risk Fund (Segregated - 13092019) - Regular Plan - Monthly Dividend Option,INF789F1ANC6,INF789F1AND4,Open Ended Schemes,Debt Scheme - Credit Risk Fund,0,10-Mar-2022
147653,UTI Mutual Fund,UTI - Credit Risk Fund (Segregated - 13092019) - Direct Plan - Monthly Dividend Option,INF789F1AMR6,INF789F1AMS4,Open Ended Schemes,Debt Scheme - Credit Risk Fund,0,10-Mar-2022
147654,UTI Mutual Fund,UTI - Credit Risk Fund (Segregated - 13092019) - Regular Plan - Flexi Dividend Option,INF789F1ANA0,INF789F1ANB8,Open Ended Schemes,Debt Scheme - Credit Risk Fund,0,10-Mar-2022
147655,UTI Mutual Fund,UTI - Credit Risk Fund (Segregated - 13092019) - Direct Plan - Quarterly Dividend Option,INF789F1AMI5,INF789F1AMJ3,Open Ended Schemes,Debt Scheme - Credit Risk Fund,0,10-Mar-2022
147656,UTI Mutual Fund,UTI - Credit Risk Fund (Segregated - 13092019) - Direct Plan - Flexi Dividend Option,INF789F1AMP0,INF789F1AMQ8,Open Ended Schemes,Debt Scheme - Credit Risk Fund,0,10-Mar-2022
147657,UTI Mutual Fund,UTI - Credit Risk Fund (Segregated - 13092019) - Regular Plan - Annual Dividend Option,INF789F1AMW6,INF789F1AMX4,Open Ended Schemes,Debt Scheme - Credit Risk Fund,0,10-Mar-2022
147658,UTI Mutual Fund,UTI - Credit Risk Fund (Segregated - 13092019) - Regular Plan - Half Yearly Dividend Option,INF789F1AMY2,INF789F1AMZ9,Open Ended Schemes,Debt Scheme - Credit Risk Fund,0,10-Mar-2022
147659,UTI Mutual Fund,UTI - Credit Risk Fund (Segregated - 13092019) - Direct Plan - Annual Dividend Option,INF789F1AML9,INF789F1AMM7,Open Ended Schemes,Debt Scheme - Credit Risk Fund,0,10-Mar-2022
147660,UTI Mutual Fund,UTI - Credit Risk Fund (Segregated - 13092019) - Direct Plan - Half Yearly Dividend Option,INF789F1AMN5,INF789F1AMO3,Open Ended Schemes,Debt Scheme - Credit Risk Fund,0,10-Mar-2022
147707,ITI Mutual Fund,ITI Overnight Fund - Direct Plan - Annual IDCW Option,INF00XX01648,INF00XX01614,Open Ended Schemes,Debt Scheme - Overnight Fund,1010.1100,05-Apr-2026
147708,ITI Mutual Fund,ITI Overnight Fund - Direct Plan - Daily IDCW Option,,INF00XX01572,Open Ended Schemes,Debt Scheme - Overnight Fund,1001.0008,05-Apr-2026
147709,ITI Mutual Fund,ITI Overnight Fund - Regular Plan - Daily IDCW Option,,INF00XX01481,Open Ended Schemes,Debt Scheme - Overnight Fund,1000.9999,05-Apr-2026
147710,ITI Mutual Fund,ITI Overnight Fund - Direct Plan - Fortnightly IDCW Option,INF00XX01622,INF00XX01598,Open Ended Schemes,Debt Scheme - Overnight Fund,1002.4375,05-Apr-2026
147711,ITI Mutual Fund,ITI Overnight Fund - Direct Plan - Weekly IDCW option,,INF00XX01580,Open Ended Schemes,Debt Scheme - Overnight Fund,1001.6759,05-Apr-2026
147712,ITI Mutual Fund,ITI Overnight Fund - Regular Plan - Weekly IDCW Option,,INF00XX01499,Open Ended Schemes,Debt Scheme - Overnight Fund,1001.6845,05-Apr-2026
147713,ITI Mutual Fund,ITI Overnight Fund - Direct Plan - Growth Option,INF00XX01564,,Open Ended Schemes,Debt Scheme - Overnight Fund,1364.2838,05-Apr-2026
147714,ITI Mutual Fund,ITI Overnight Fund - Regular Plan - Growth Option,INF00XX01473,,Open Ended Schemes,Debt Scheme - Overnight Fund,1355.3976,05-Apr-2026
147715,ITI Mutual Fund,ITI Overnight Fund - Regular Plan - Annual IDCW Option,INF00XX01556,INF00XX01523,Open Ended Schemes,Debt Scheme - Overnight Fund,1009.8020,05-Apr-2026
147716,ITI Mutual Fund,ITI Overnight Fund - Regular Plan - Fortnightly IDCW Option,INF00XX01531,INF00XX01507,Open Ended Schemes,Debt Scheme - Overnight Fund,1002.4745,05-Apr-2026
147717,ITI Mutual Fund,ITI Overnight Fund - Direct Plan - Monthly IDCW Option,INF00XX01630,INF00XX01606,Open Ended Schemes,Debt Scheme - Overnight Fund,1002.4381,05-Apr-2026
147718,ITI Mutual Fund,ITI Overnight Fund - Regular Plan - Monthly IDCW Option,INF00XX01549,INF00XX01515,Open Ended Schemes,Debt Scheme - Overnight Fund,1001.0714,05-Apr-2026
147736,Mirae Asset Mutual Fund,Mirae Asset Overnight Fund Direct Plan Growth,INF769K01FG6,,Open Ended Schemes,Debt Scheme - Overnight Fund,1381.7579,02-Apr-2026
147737,Mirae Asset Mutual Fund,Mirae Asset Overnight Fund Direct Daily IDCW,,INF769K01FJ0,Open Ended Schemes,Debt Scheme - Overnight Fund,1000.0252,02-Apr-2026
147738,Mirae Asset Mutual Fund,Mirae Asset Overnight Fund Direct Monthly IDCW,INF769K01FF8,INF769K01FI2,Open Ended Schemes,Debt Scheme - Overnight Fund,1001.3984,02-Apr-2026
147739,Mirae Asset Mutual Fund,Mirae Asset Overnight Fund Regular Plan Growth,INF769K01FE1,,Open Ended Schemes,Debt Scheme - Overnight Fund,1373.6357,02-Apr-2026
147740,Mirae Asset Mutual Fund,Mirae Asset Overnight Fund Direct Weekly IDCW,,INF769K01FK8,Open Ended Schemes,Debt Scheme - Overnight Fund,1000.0026,02-Apr-2026
147741,Mirae Asset Mutual Fund,Mirae Asset Overnight Fund Regular Weekly IDCW,,INF769K01FM4,Open Ended Schemes,Debt Scheme - Overnight Fund,1000.0005,02-Apr-2026
147742,Mirae Asset Mutual Fund,Mirae Asset Overnight Fund Regular Monthly IDCW,INF769K01FD3,INF769K01FH4,Open Ended Schemes,Debt Scheme - Overnight Fund,1001.3854,02-Apr-2026
147743,Mirae Asset Mutual Fund,Mirae Asset Overnight Fund Regular Daily  IDCW,,INF769K01FL6,Open Ended Schemes,Debt Scheme - Overnight Fund,1000.0076,02-Apr-2026
147834,JM Financial Mutual Fund,JM Overnight Fund (Regular) - Weekly IDCW,INF192K01LV8,INF192K01LW6,Open Ended Schemes,Debt Scheme - Overnight Fund,1000.7454,05-Apr-2026
147835,JM Financial Mutual Fund,JM Overnight Fund (Direct) - Weekly IDCW,INF192K01LZ9,INF192K01MA0,Open Ended Schemes,Debt Scheme - Overnight Fund,1000.7454,05-Apr-2026
147836,JM Financial Mutual Fund,JM Overnight Fund (Regular) - Growth,INF192K01LX4,,Open Ended Schemes,Debt Scheme - Overnight Fund,1360.1941,05-Apr-2026
147837,JM Financial Mutual Fund,JM Overnight Fund - (Direct) - Growth,INF192K01MB8,,Open Ended Schemes,Debt Scheme - Overnight Fund,1366.2259,05-Apr-2026
147838,JM Financial Mutual Fund,JM Overnight Fund (Direct) - Daily IDCW,,INF192K01LY2,Open Ended Schemes,Debt Scheme - Overnight Fund,1000,05-Apr-2026
147839,JM Financial Mutual Fund,JM Overnight Fund (Regular) - Daily IDCW,,INF192K01LU0,Open Ended Schemes,Debt Scheme - Overnight Fund,1000,05-Apr-2026
147878,Invesco Mutual Fund,Invesco India Overnight Fund - Regular Plan - Growth,INF205KA1114,,Open Ended Schemes,Debt Scheme - Overnight Fund,1356.7038,03-Apr-2026
147879,Invesco Mutual Fund,Invesco India Overnight Fund - Regular Plan - Monthly IDCW (Payout / Reinvestment),INF205KA1106,INF205KA1098,Open Ended Schemes,Debt Scheme - Overnight Fund,1001.5222,03-Apr-2026
147880,Invesco Mutual Fund,Invesco India Overnight Fund - Regular Plan - Daily IDCW (Reinvestment),,INF205KA1072,Open Ended Schemes,Debt Scheme - Overnight Fund,1000.1395,03-Apr-2026
147881,Invesco Mutual Fund,Invesco India Overnight Fund - Regular Plan - Weekly IDCW (Reinvestment),,INF205KA1080,Open Ended Schemes,Debt Scheme - Overnight Fund,1000.8839,03-Apr-2026
147883,Invesco Mutual Fund,Invesco India Overnight Fund - Direct Plan - Growth,INF205KA1163,,Open Ended Schemes,Debt Scheme - Overnight Fund,1361.4669,03-Apr-2026
147884,Invesco Mutual Fund,Invesco India Overnight Fund - Direct Plan - Daily IDCW (Reinvestment),,INF205KA1122,Open Ended Schemes,Debt Scheme - Overnight Fund,1000.5303,03-Apr-2026
147885,Invesco Mutual Fund,Invesco India Overnight Fund - Direct Plan - Weekly IDCW (Reinvestment),,INF205KA1130,Open Ended Schemes,Debt Scheme - Overnight Fund,1001.7173,22-Apr-2025
147886,Invesco Mutual Fund,Invesco India Overnight Fund - Direct Plan - Monthly IDCW (Payout / Reinvestment),INF205KA1155,INF205KA1148,Open Ended Schemes,Debt Scheme - Overnight Fund,1001.2103,03-Apr-2026
147936,Bank of India Mutual Fund,BANK OF INDIA Overnight Fund Regular Plan Growth,INF761K01EZ6,,Open Ended Schemes,Debt Scheme - Overnight Fund,1364.9133,05-Apr-2026
147947,Bank of India Mutual Fund,BANK OF INDIA Overnight Fund Regular Plan- Weekly IDCW,,INF761K01FB4,Open Ended Schemes,Debt Scheme - Overnight Fund,1000.2841,29-Jan-2026
147948,Bank of India Mutual Fund,BANK OF INDIA Overnight Fund Direct Plan- Monthly IDCW,INF761K01EY9,INF761K01EX1,Open Ended Schemes,Debt Scheme - Overnight Fund,1001.6069,05-Apr-2026
147949,Bank of India Mutual Fund,BANK OF INDIA Overnight Fund Regular Plan- Monthly IDCW,INF761K01FD0,INF761K01FC2,Open Ended Schemes,Debt Scheme - Overnight Fund,1001.5976,05-Apr-2026
147950,Bank of India Mutual Fund,BANK OF INDIA Overnight Fund Direct Plan- Weekly IDCW,,INF761K01EW3,Open Ended Schemes,Debt Scheme - Overnight Fund,1000.0019,24-Mar-2025
147951,Bank of India Mutual Fund,BANK OF INDIA Overnight Fund Direct Plan Growth,INF761K01EU7,,Open Ended Schemes,Debt Scheme - Overnight Fund,1368.9319,05-Apr-2026
147952,Bank of India Mutual Fund,BANK OF INDIA Overnight Fund Direct Plan- Daily IDCW,,INF761K01EV5,Open Ended Schemes,Debt Scheme - Overnight Fund,1000.0000,05-Apr-2026
147953,Bank of India Mutual Fund,BANK OF INDIA Overnight Fund Regular Plan- Daily IDCW,,INF761K01FA6,Open Ended Schemes,Debt Scheme - Overnight Fund,1000.0000,05-Apr-2026
147954,Franklin Templeton Mutual Fund,Franklin India Credit Risk Fund- Segregated Portfolio 1- 8.25% Vodafone Idea Ltd-10JUL20-Growth Plan,INF090I01TJ6,,Open Ended Schemes,Debt Scheme - Credit Risk Fund,0.0000,20-Jul-2020
147955,Franklin Templeton Mutual Fund,Franklin India Credit Risk Fund- Segregated Portfolio 1- 8.25% Vodafone Idea Ltd-10JUL20-Direct-Growth Plan,INF090I01TL2,,Open Ended Schemes,Debt Scheme - Credit Risk Fund,0.0000,20-Jul-2020
147956,Franklin Templeton Mutual Fund,Franklin India Credit Risk Fund- Segregated Portfolio 1- 8.25% Vodafone Idea Ltd-10JUL20-Direct-Dividend Plan,INF090I01TK4,,Open Ended Schemes,Debt Scheme - Credit Risk Fund,0.0000,20-Jul-2020
147957,Franklin Templeton Mutual Fund,Franklin India Credit Risk Fund- Segregated Portfolio 1- 8.25% Vodafone Idea Ltd-10JUL20-Dividend Plan,INF090I01TI8,,Open Ended Schemes,Debt Scheme - Credit Risk Fund,0.0000,20-Jul-2020
147958,Franklin Templeton Mutual Fund,Franklin India Credit Risk Fund- Segregated Portfolio 2- 10.90% Vodafone Idea Ltd 02Sep2023-Direct Growth Plan,INF090I01TP3,,Open Ended Schemes,Debt Scheme - Credit Risk Fund,0.0000,11-Sep-2023
147959,Franklin Templeton Mutual Fund,Franklin India Credit Risk Fund- Segregated Portfolio 2 - 10.90% Vodafone Idea Ltd (02-Sep-2023) - IDCW,INF090I01TM0,,Open Ended Schemes,Debt Scheme - Credit Risk Fund,0.0000,11-Sep-2023
147960,Franklin Templeton Mutual Fund,Franklin India Credit Risk Fund-Segregated Portfolio 2 - 10.90% Vodafone Idea Ltd (02-Sep-2023) - Direct IDCW,INF090I01TO6,,Open Ended Schemes,Debt Scheme - Credit Risk Fund,0.0000,11-Sep-2023
147961,Franklin Templeton Mutual Fund,Franklin India Credit Risk Fund- Segregated Portfolio 2- 10.90% Vodafone Idea Ltd 02Sep2023-Growth Plan,INF090I01TN8,,Open Ended Schemes,Debt Scheme - Credit Risk Fund,0.0000,11-Sep-2023
147962,Franklin Templeton Mutual Fund,Franklin India Income Opportunities Fund- Segregated Portfolio 1- 8.25% Vodafone Idea Ltd-10JUL20-Growth Plan,INF090I01TB3,,Open Ended Schemes,Debt Scheme - Medium Duration Fund,0.0000,20-Jul-2020
147963,Franklin Templeton Mutual Fund,Franklin India Income Opportunities Fund- Segregated Portfolio 1- 8.25% Vodafone Idea Ltd-10JUL20-Direct Growth Plan,INF090I01TD9,,Open Ended Schemes,Debt Scheme - Medium Duration Fund,0.0000,20-Jul-2020
147964,Franklin Templeton Mutual Fund,Franklin India Income Opportunities Fund- Segregated Portfolio 1- 8.25% Vodafone Idea Ltd-10JUL20-Dividend Plan,INF090I01TA5,,Open Ended Schemes,Debt Scheme - Medium Duration Fund,0.0000,20-Jul-2020
147965,Franklin Templeton Mutual Fund,Franklin India Income Opportunities Fund- Segregated Portfolio 1- 8.25% Vodafone Idea Ltd-10JUL20-Direct Dividend Plan,INF090I01TC1,,Open Ended Schemes,Debt Scheme - Medium Duration Fund,0.0000,20-Jul-2020
147966,Franklin Templeton Mutual Fund,Franklin India Income Opportunities Fund- Segregated Portfolio 2- 10.90% Vodafone Idea Ltd 02Sep2023-Direct Growth Plan,INF090I01TH0,,Open Ended Schemes,Debt Scheme - Medium Duration Fund,0.0000,11-Sep-2023
147967,Franklin Templeton Mutual Fund,Franklin India Income Opportunities Fund- Segregated Portfolio 2 - 10.90% Vodafone Idea Ltd (02-Sep-2023) - Direct IDCW,INF090I01TG2,,Open Ended Schemes,Debt Scheme - Medium Duration Fund,0.0000,11-Sep-2023
147968,Franklin Templeton Mutual Fund,Franklin India Income Opportunities Fund- Segregated Portfolio 2- 10.90% Vodafone Idea Ltd 02Sep2023-Growth Plan,INF090I01TF4,,Open Ended Schemes,Debt Scheme - Medium Duration Fund,0.0000,11-Sep-2023
147969,Franklin Templeton Mutual Fund,Franklin India Income Opportunities Fund- Segregated Portfolio 2 - 10.90% Vodafone Idea Ltd (02-Sep-2023) - IDCW,INF090I01TE7,,Open Ended Schemes,Debt Scheme - Medium Duration Fund,0.0000,11-Sep-2023
147981,Franklin Templeton Mutual Fund,Franklin India Dynamic Accrual Fund- Segregated Portfolio 1- 8.25% Vodafone Idea Ltd-10JUL20-Growth Plan,INF090I01TR9,,Open Ended Schemes,Debt Scheme - Dynamic Bond,0.0000,20-Jul-2020
147982,Franklin Templeton Mutual Fund,Franklin India Dynamic Accrual Fund- Segregated Portfolio 1- 8.25% Vodafone Idea Ltd-10JUL20-Direct-Dividend Plan,INF090I01TS7,,Open Ended Schemes,Debt Scheme - Dynamic Bond,0.0000,20-Jul-2020
147983,Franklin Templeton Mutual Fund,Franklin India Dynamic Accrual Fund- Segregated Portfolio 1- 8.25% Vodafone Idea Ltd-10JUL20-Dividend Plan,INF090I01TQ1,,Open Ended Schemes,Debt Scheme - Dynamic Bond,0.0000,20-Jul-2020
147984,Franklin Templeton Mutual Fund,Franklin India Dynamic Accrual Fund- Segregated Portfolio 1- 8.25% Vodafone Idea Ltd-10JUL20-Direct-Growth Plan,INF090I01TT5,,Open Ended Schemes,Debt Scheme - Dynamic Bond,0.0000,20-Jul-2020
147985,Franklin Templeton Mutual Fund,Franklin India Dynamic Accrual Fund- Segregated Portfolio 2 - 10.90% Vodafone Idea Ltd (02-Sep-2023) - IDCW,INF090I01TU3,,Open Ended Schemes,Debt Scheme - Dynamic Bond,0.0000,11-Sep-2023
147986,Franklin Templeton Mutual Fund,Franklin India Dynamic Accrual Fund-Segregated Portfolio 2 - 10.90% Vodafone Idea Ltd (02-Sep-2023) - Direct IDCW,INF090I01TW9,,Open Ended Schemes,Debt Scheme - Dynamic Bond,0.0000,11-Sep-2023
147987,Franklin Templeton Mutual Fund,Franklin India Dynamic Accrual Fund- Segregated Portfolio 2- 10.90% Vodafone Idea Ltd 02Sep2023-Growth Plan,INF090I01TV1,,Open Ended Schemes,Debt Scheme - Dynamic Bond,0.0000,11-Sep-2023
147988,Franklin Templeton Mutual Fund,Franklin India Dynamic Accrual Fund- Segregated Portfolio 2- 10.90% Vodafone Idea Ltd 02Sep2023-Direct-Growth Plan,INF090I01TX7,,Open Ended Schemes,Debt Scheme - Dynamic Bond,0.0000,11-Sep-2023
147989,Franklin Templeton Mutual Fund,Franklin India Low Duration Fund- Segregated Portfolio 1- 8.25% Vodafone Idea Ltd-10JUL20-Direct-Growth Plan,INF090I01UD7,,Open Ended Schemes,Debt Scheme - Low Duration Fund,0.0000,20-Jul-2020
147990,Franklin Templeton Mutual Fund,Franklin India Low Duration Fund- Segregated Portfolio 1- 8.25% Vodafone Idea Ltd-10JUL20-Monthly Dividend Plan,INF090I01TY5,,Open Ended Schemes,Debt Scheme - Low Duration Fund,0.0000,20-Jul-2020
147991,Franklin Templeton Mutual Fund,Franklin India Low Duration Fund- Segregated Portfolio 1- 8.25% Vodafone Idea Ltd-10JUL20-Direct-Monthly Dividend Plan,INF090I01UB1,,Open Ended Schemes,Debt Scheme - Low Duration Fund,0.0000,20-Jul-2020
147992,Franklin Templeton Mutual Fund,Franklin India Low Duration Fund- Segregated Portfolio 1- 8.25% Vodafone Idea Ltd-10JUL20-Quarterly Dividend Plan,INF090I01TZ2,,Open Ended Schemes,Debt Scheme - Low Duration Fund,0.0000,20-Jul-2020
147993,Franklin Templeton Mutual Fund,Franklin India Low Duration Fund- Segregated Portfolio 1- 8.25% Vodafone Idea Ltd-10JUL20-Direct- Quarterly Dividend Plan,INF090I01UC9,,Open Ended Schemes,Debt Scheme - Low Duration Fund,0.0000,20-Jul-2020
147994,Franklin Templeton Mutual Fund,Franklin India Low Duration Fund- Segregated Portfolio 1- 8.25% Vodafone Idea Ltd-10JUL20-Growth Plan,INF090I01UA3,,Open Ended Schemes,Debt Scheme - Low Duration Fund,0.0000,20-Jul-2020
147995,Franklin Templeton Mutual Fund,Franklin India Low Duration Fund- Segregated Portfolio 2 - 10.90% Vodafone Idea Ltd (02-Sep-2023) - Monthly - IDCW,INF090I01UE5,,Open Ended Schemes,Debt Scheme - Low Duration Fund,0.0000,11-Sep-2023
147996,Franklin Templeton Mutual Fund,Franklin India Low Duration Fund-Direct- Segregated Portfolio 2 - 10.90% Vodafone Idea Ltd (02-Sep-2023) - Direct Monthly - IDCW,INF090I01UH8,,Open Ended Schemes,Debt Scheme - Low Duration Fund,0.0000,11-Sep-2023
147997,Franklin Templeton Mutual Fund,Franklin India Low Duration Fund- Segregated Portfolio 2 - 10.90% Vodafone Idea Ltd (02-Sep-2023) - Quarterly - IDCW,INF090I01UF2,,Open Ended Schemes,Debt Scheme - Low Duration Fund,0.0000,11-Sep-2023
147998,Franklin Templeton Mutual Fund,Franklin India Low Duration Fund-Direct- Segregated Portfolio 2 - 10.90% Vodafone Idea Ltd (02-Sep-2023) - Direct Quarterly - IDCW,INF090I01UI6,,Open Ended Schemes,Debt Scheme - Low Duration Fund,0.0000,11-Sep-2023
147999,Franklin Templeton Mutual Fund,Franklin India Low Duration Fund- Segregated Portfolio 2- 10.90% Vodafone Idea Ltd 02Sep2023-Direct- Growth Plan,INF090I01UJ4,,Open Ended Schemes,Debt Scheme - Low Duration Fund,0.0000,11-Sep-2023
148000,Franklin Templeton Mutual Fund,Franklin India Low Duration Fund- Segregated Portfolio 2- 10.90% Vodafone Idea Ltd 02Sep2023-Growth Plan,INF090I01UG0,,Open Ended Schemes,Debt Scheme - Low Duration Fund,0.0000,11-Sep-2023
148001,Franklin Templeton Mutual Fund,Franklin India Short-Term Income Plan- Retail Plan-Segregated Portfolio 1- 8.25% Vodafone Idea Ltd-10JUL20-Growth Option,INF090I01UK2,,Open Ended Schemes,Debt Scheme - Short Duration Fund,0.0000,20-Jul-2020
148002,Franklin Templeton Mutual Fund,Franklin India Short-term Income Plan- Retail Plan - Segregated Portfolio 1- 8.25% Vodafone Idea Ltd-10JUL20-Direct- Growth Option,INF090I01UP1,,Open Ended Schemes,Debt Scheme - Short Duration Fund,0.0000,20-Jul-2020
148003,Franklin Templeton Mutual Fund,Franklin India Short Term Income Plan- Retail Plan-Segregated Portfolio 1- 8.25% Vodafone Idea Ltd-10JUL20-Monthly Dividend Option,INF090I01UM8,,Open Ended Schemes,Debt Scheme - Short Duration Fund,0.0000,20-Jul-2020
148004,Franklin Templeton Mutual Fund,Franklin India Short term Income Plan- Retail Plan-Segregated Portfolio 1- 8.25% Vodafone Idea Ltd-10JUL20-Direct- Monthly Dividend Option,INF090I01UR7,,Open Ended Schemes,Debt Scheme - Short Duration Fund,0.0000,20-Jul-2020
148005,Franklin Templeton Mutual Fund,Franklin India Short-term Income Plan- Retail Plan-Segregated Portfolio 1- 8.25% Vodafone Idea Ltd-10JUL20-Weekly Dividend Option,INF090I01UN6,,Open Ended Schemes,Debt Scheme - Short Duration Fund,0.0000,20-Jul-2020
148006,Franklin Templeton Mutual Fund,Franklin India Short-term Income Plan-Retail Plan- Segregated Portfolio 1- 8.25% Vodafone Idea Ltd-10JUL20-Direct-Weekly Dividend Option,INF090I01US5,,Open Ended Schemes,Debt Scheme - Short Duration Fund,0.0000,13-Jul-2020
148007,Franklin Templeton Mutual Fund,Franklin India Short term Income Plan- Retail Plan-Segregated Portfolio 1- 8.25% Vodafone Idea Ltd-10JUL20-Quarterly Dividend Option,INF090I01UL0,,Open Ended Schemes,Debt Scheme - Short Duration Fund,0.0000,20-Jul-2020
148008,Franklin Templeton Mutual Fund,Franklin India Short term Income Plan-Institutional Plan- Segregated Portfolio 1- 8.25% Vodafone Idea Ltd-10JUL20-Growth Option,INF090I01UO4,,Open Ended Schemes,Debt Scheme - Short Duration Fund,0.0000,13-Jul-2020
148009,Franklin Templeton Mutual Fund,Franklin India Short term Income Plan- Retail Plan-Segregated Portfolio 1- 8.25% Vodafone Idea Ltd-10JUL20-Direct- Quarterly Dividend Option,INF090I01UQ9,,Open Ended Schemes,Debt Scheme - Short Duration Fund,0.0000,20-Jul-2020
148010,Franklin Templeton Mutual Fund,Franklin India Short term Income Plan- Retail Plan- Segregated Portfolio 2- 10.90% Vodafone Idea Ltd 02Sep2023-Growth Option,INF090I01UT3,,Open Ended Schemes,Debt Scheme - Short Duration Fund,0.0000,11-Sep-2023
148011,Franklin Templeton Mutual Fund,Franklin India Short term Income Plan- Retail Plan-Segregated Portfolio 2 - 10.90% Vodafone Idea Ltd (02-Sep-2023) - Monthly - IDCW,INF090I01UV9,,Open Ended Schemes,Debt Scheme - Short Duration Fund,0.0000,11-Sep-2023
148012,Franklin Templeton Mutual Fund,Franklin India Short term Income Plan- Retail Plan-Segregated Portfolio 2 - 10.90% Vodafone Idea Ltd (02-Sep-2023) - Quarterly - IDCW,INF090I01UU1,,Open Ended Schemes,Debt Scheme - Short Duration Fund,0.0000,11-Sep-2023
148013,Franklin Templeton Mutual Fund,Franklin India Short term Income Plan- Institutional Plan- Segregated Portfolio 2- 10.90% Vodafone Idea Ltd 02Sep2023-Growth Option,INF090I01UX5,,Open Ended Schemes,Debt Scheme - Short Duration Fund,0.0000,04-Sep-2023
148014,Franklin Templeton Mutual Fund,Franklin India Short term Income Plan- Retail Plan-Segregated Portfolio 2 - 10.90% Vodafone Idea Ltd (02-Sep-2023) - Weekly - IDCW,INF090I01UW7,,Open Ended Schemes,Debt Scheme - Short Duration Fund,0.0000,11-Sep-2023
148015,Franklin Templeton Mutual Fund,Franklin India Short term Income Plan- Retail Plan- Segregated Portfolio 2- 10.90% Vodafone Idea Ltd 02Sep2023-Direct-Growth Option,INF090I01UY3,,Open Ended Schemes,Debt Scheme - Short Duration Fund,0.0000,11-Sep-2023
148016,Franklin Templeton Mutual Fund,Franklin India Short term Income Plan- Retail Plan-Segregated Portfolio 2 - 10.90% Vodafone Idea Ltd (02-Sep-2023) - Direct Weekly - IDCW,INF090I01VB9,,Open Ended Schemes,Debt Scheme - Short Duration Fund,0.0000,04-Sep-2023
148017,Franklin Templeton Mutual Fund,Franklin India Short term Income Plan- Retail Plan-Segregated Portfolio 2 - 10.90% Vodafone Idea Ltd (02-Sep-2023) - Direct Monthly - IDCW,INF090I01VA1,,Open Ended Schemes,Debt Scheme - Short Duration Fund,0.0000,11-Sep-2023
148018,Franklin Templeton Mutual Fund,Franklin India Short term Income Plan- Retail Plan-Segregated Portfolio 2 - 10.90% Vodafone Idea Ltd (02-Sep-2023) - Direct Quarterly - IDCW,INF090I01UZ0,,Open Ended Schemes,Debt Scheme - Short Duration Fund,0.0000,11-Sep-2023
148075,UTI Mutual Fund,UTI Bond Fund ( Segregated - 17022020) - Regular Plan - Annual IDCW,INF789F1APB3,INF789F1APC1,Open Ended Schemes,Debt Scheme - Corporate Bond Fund,1.4416,27-Jan-2022
148076,UTI Mutual Fund,UTI Bond Fund ( Segregated - 17022020) - Direct Plan - Annual IDCW,INF789F1APK4,INF789F1APL2,Open Ended Schemes,Debt Scheme - Corporate Bond Fund,1.504,27-Jan-2022
148077,Nippon India Mutual Fund,Nippon India Medium Duration Fund - Segregated Portfolio 1 - Bonus Option,INF204KB19M3,,Open Ended Schemes,Debt Scheme - Medium Duration Fund,0.1794,27-Jan-2022
148078,Nippon India Mutual Fund,Nippon India Medium Duration Fund - Segregated Portfolio 1 - Direct Plan - Bonus Option,INF204KB13M6,,Open Ended Schemes,Debt Scheme - Medium Duration Fund,0.1888,27-Jan-2022
148079,Nippon India Mutual Fund,NIPPON INDIA MEDIUM DURATION FUND - SEGREGATED PORTFOLIO 1 - Direct Plan - IDCW Option,INF204KB14M4,INF204KB15M1,Open Ended Schemes,Debt Scheme - Medium Duration Fund,0.1591,27-Jan-2022
148080,Nippon India Mutual Fund,Nippon India Medium Duration Fund - Segregated Portfolio 1 - Direct Plan - Growth Option,INF204KB18M5,,Open Ended Schemes,Debt Scheme - Medium Duration Fund,0.1886,27-Jan-2022
148081,Nippon India Mutual Fund,NIPPON INDIA MEDIUM DURATION  FUND - SEGREGATED PORTFOLIO 1 - Direct Plan - QUARTERLY IDCW Option,INF204KB16M9,INF204KB17M7,Open Ended Schemes,Debt Scheme - Medium Duration Fund,0.1343,27-Jan-2022
148082,Nippon India Mutual Fund,NIPPON INDIA MEDIUM DURATION FUND - SEGREGATED PORTFOLIO 1 - IDCW Option,INF204KB10N0,INF204KB11N8,Open Ended Schemes,Debt Scheme - Medium Duration Fund,0.1535,27-Jan-2022
148083,Nippon India Mutual Fund,Nippon India Medium Duration Fund - Segregated Portfolio 1 - Growth Option,INF204KB14N2,,Open Ended Schemes,Debt Scheme - Medium Duration Fund,0.1794,27-Jan-2022
148084,Nippon India Mutual Fund,NIPPON INDIA MEDIUM DURATION  FUND - SEGREGATED PORTFOLIO 1 - QUARTERLY IDCW Option,INF204KB12N6,INF204KB13N4,Open Ended Schemes,Debt Scheme - Medium Duration Fund,0.1323,27-Jan-2022
148085,UTI Mutual Fund,UTI - Bond Fund ( Segregated - 17022020) - Regular Plan - Growth Option,INF789F1AOW2,,Open Ended Schemes,Debt Scheme - Corporate Bond Fund,6.8146,27-Jan-2022
148086,UTI Mutual Fund,UTI - Bond Fund (Segregated - 17022020) - Direct Plan - Growth Option,INF789F1APF4,,Open Ended Schemes,Debt Scheme - Corporate Bond Fund,7.3484,27-Jan-2022
148087,UTI Mutual Fund,UTI Bond Fund ( Segregated - 17022020) - Regular Plan - Half-Yearly IDCW,INF789F1AOZ5,INF789F1APA5,Open Ended Schemes,Debt Scheme - Corporate Bond Fund,1.4131,27-Jan-2022
148088,UTI Mutual Fund,UTI Bond Fund ( Segregated - 17022020) - Regular Plan - Flexi IDCW,INF789F1APD9,INF789F1APE7,Open Ended Schemes,Debt Scheme - Corporate Bond Fund,1.4408,27-Jan-2022
148089,UTI Mutual Fund,UTI Bond Fund ( Segregated - 17022020) - Regular Plan - Quarterly IDCW,INF789F1AOX0,INF789F1AOY8,Open Ended Schemes,Debt Scheme - Corporate Bond Fund,1.8744,27-Jan-2022
148090,UTI Mutual Fund,UTI Bond Fund ( Segregated - 17022020) - Direct Plan - Flexi IDCW,INF789F1APM0,INF789F1APN8,Open Ended Schemes,Debt Scheme - Corporate Bond Fund,1.4941,27-Jan-2022
148091,UTI Mutual Fund,UTI Bond Fund ( Segregated - 17022020) - Direct Plan - Half-Yearly IDCW,INF789F1API8,INF789F1APJ6,Open Ended Schemes,Debt Scheme - Corporate Bond Fund,1.4429,27-Jan-2022
148092,UTI Mutual Fund,UTI Bond Fund ( Segregated - 17022020) - Direct Plan - Quarterly IDCW,INF789F1APG2,INF789F1APH0,Open Ended Schemes,Debt Scheme - Corporate Bond Fund,2.3467,27-Jan-2022
148094,Nippon India Mutual Fund,Nippon India Credit Risk Fund - Segregated Portfolio 1 - Growth Plan,INF204KB17L9,,Open Ended Schemes,Debt Scheme - Credit Risk Fund,0.5036,27-Jan-2022
148095,Nippon India Mutual Fund,NIPPON INDIA CREDIT RISK FUND - SEGREGATED PORTFOLIO 1 - QUARTERLY IDCW Option,INF204KB19L5,INF204KB10M2,Open Ended Schemes,Debt Scheme - Credit Risk Fund,0.2405,27-Jan-2022
148096,Nippon India Mutual Fund,NIPPON INDIA CREDIT RISK FUND - SEGREGATED PORTFOLIO 1 - Direct Plan - IDCW Option,INF204KB15L3,INF204KB16L1,Open Ended Schemes,Debt Scheme - Credit Risk Fund,0.2893,27-Jan-2022
148097,Nippon India Mutual Fund,NIPPON INDIA CREDIT RISK FUND - SEGREGATED PORTFOLIO 1 - IDCW Option,INF204KB11M0,INF204KB12M8,Open Ended Schemes,Debt Scheme - Credit Risk Fund,0.2763,27-Jan-2022
148098,Nippon India Mutual Fund,NIPPON INDIA CREDIT RISK FUND - SEGREGATED PORTFOLIO 1 - Direct Plan - QUARTERLY IDCW Option,INF204KB13L8,INF204KB14L6,Open Ended Schemes,Debt Scheme - Credit Risk Fund,0.2477,27-Jan-2022
148100,Nippon India Mutual Fund,Nippon India Credit Risk Fund - Segregated Portfolio 1 - Institutional Growth Plan,INF204KB18L7,,Open Ended Schemes,Debt Scheme - Credit Risk Fund,0.4333,27-Jan-2022
148101,Nippon India Mutual Fund,Nippon India Credit Risk Fund - Segregated Portfolio 1 - Direct Plan - Growth Plan,INF204KB12L0,,Open Ended Schemes,Debt Scheme - Credit Risk Fund,0.5342,27-Jan-2022
148117,UTI Mutual Fund,UTI - Dynamic Bond Fund (Segregated - 17022020) - Regular Plan - Growth Option,INF789F1APO6,,Open Ended Schemes,Debt Scheme - Dynamic Bond,1.2708,27-Jan-2022
148118,UTI Mutual Fund,UTI - Dynamic Bond Fund (Segregated - 17022020) - Direct Plan - Growth Option,INF789F1APX7,,Open Ended Schemes,Debt Scheme - Dynamic Bond,1.3473,27-Jan-2022
148119,UTI Mutual Fund,UTI Dynamic Bond Fund ( Segregated - 17022020 ) - Regular Plan - Half-Yearly IDCW,INF789F1APR9,INF789F1APS7,Open Ended Schemes,Debt Scheme - Dynamic Bond,0.6896,27-Jan-2022
148120,UTI Mutual Fund,UTI Dynamic Bond Fund ( Segregated - 17022020 ) - Direct Plan - Half-Yearly IDCW,INF789F1AQA3,INF789F1AQB1,Open Ended Schemes,Debt Scheme - Dynamic Bond,0.7258,27-Jan-2022
148121,UTI Mutual Fund,UTI Dynamic Bond Fund ( Segregated - 17022020 ) - Direct Plan - Quarterly IDCW,INF789F1APY5,INF789F1APZ2,Open Ended Schemes,Debt Scheme - Dynamic Bond,1.0369,27-Jan-2022
148122,UTI Mutual Fund,UTI Dynamic Bond Fund ( Segregated - 17022020 ) - Regular Plan - Annual IDCW,INF789F1APT5,INF789F1APU3,Open Ended Schemes,Debt Scheme - Dynamic Bond,0.6989,27-Jan-2022
148123,UTI Mutual Fund,UTI Dynamic Bond Fund ( Segregated - 17022020 ) - Regular Plan - Flexi IDCW,INF789F1APV1,INF789F1APW9,Open Ended Schemes,Debt Scheme - Dynamic Bond,0.7036,27-Jan-2022
148124,UTI Mutual Fund,UTI Dynamic Bond Fund ( Segregated - 17022020 ) - Direct Plan - Flexi IDCW,INF789F1AQE5,INF789F1AQF2,Open Ended Schemes,Debt Scheme - Dynamic Bond,0.7329,27-Jan-2022
148125,UTI Mutual Fund,UTI Dynamic Bond Fund ( Segregated - 17022020 ) - Direct Plan - Annual IDCW,INF789F1AQC9,INF789F1AQD7,Open Ended Schemes,Debt Scheme - Dynamic Bond,0.7238,27-Jan-2022
148126,UTI Mutual Fund,UTI Dynamic Bond Fund ( Segregated - 17022020 ) - Regular Plan - Quarterly IDCW,INF789F1APP3,INF789F1APQ1,Open Ended Schemes,Debt Scheme - Dynamic Bond,0.7527,27-Jan-2022
148127,UTI Mutual Fund,UTI Medium Term Fund ( Segregated - 17022020 ) - Regular Plan - Flexi IDCW,INF789F1AOS0,INF789F1AOT8,Open Ended Schemes,Debt Scheme - Medium Duration Fund,0.2488,27-Jan-2022
148128,UTI Mutual Fund,UTI Medium Term Fund ( Segregated - 17022020 ) - Regular Plan - Annual IDCW,INF789F1AOO9,INF789F1AOP6,Open Ended Schemes,Debt Scheme - Medium Duration Fund,0.2818,27-Jan-2022
148129,UTI Mutual Fund,UTI Medium Term Fund ( Segregated - 17022020 ) - Direct Plan - Annual IDCW,INF789F1AOD2,INF789F1AOE0,Open Ended Schemes,Debt Scheme - Medium Duration Fund,0.2973,27-Jan-2022
148130,UTI Mutual Fund,UTI Medium Term Fund ( Segregated - 17022020 ) - Regular Plan - Quarterly IDCW,INF789F1AOL5,INF789F1AOM3,Open Ended Schemes,Debt Scheme - Medium Duration Fund,0.2721,27-Jan-2022
148131,UTI Mutual Fund,UTI Medium Term Fund ( Segregated - 17022020 ) - Direct Plan - Quarterly IDCW,INF789F1AOA8,INF789F1AOB6,Open Ended Schemes,Debt Scheme - Medium Duration Fund,0.2867,27-Jan-2022
148132,UTI Mutual Fund,UTI Medium Term Fund ( Segregated - 17022020 ) - Regular Plan - Monthly IDCW,INF789F1AOU6,INF789F1AOV4,Open Ended Schemes,Debt Scheme - Medium Duration Fund,0.2515,27-Jan-2022
148133,UTI Mutual Fund,UTI Medium Term Fund ( Segregated - 17022020 ) - Regular Plan - Half-Yearly IDCW,INF789F1AOQ4,INF789F1AOR2,Open Ended Schemes,Debt Scheme - Medium Duration Fund,0.2764,27-Jan-2022
148134,UTI Mutual Fund,UTI Medium Term Fund ( Segregated - 17022020 ) - Direct Plan - Half-Yearly IDCW,INF789F1AOF7,INF789F1AOG5,Open Ended Schemes,Debt Scheme - Medium Duration Fund,0.2895,27-Jan-2022
148135,UTI Mutual Fund,UTI Medium Term Fund ( Segregated - 17022020 ) - Direct Plan - Flexi IDCW,INF789F1AOH3,INF789F1AOI1,Open Ended Schemes,Debt Scheme - Medium Duration Fund,0.2864,27-Jan-2022
148136,UTI Mutual Fund,UTI - Medium Term Fund (Segregated - 17022020) - Direct Plan - Growth Option,INF789F1AOC4,,Open Ended Schemes,Debt Scheme - Medium Duration Fund,0.3663,27-Jan-2022
148137,UTI Mutual Fund,UTI Medium Term Fund ( Segregated - 17022020 ) - Direct Plan - Monthly IDCW,INF789F1AOJ9,INF789F1AOK7,Open Ended Schemes,Debt Scheme - Medium Duration Fund,0.2595,27-Jan-2022
148138,UTI Mutual Fund,UTI - Medium Term Fund (Segregated - 17022020) - Regular Plan - Growth Option,INF789F1AON1,,Open Ended Schemes,Debt Scheme - Medium Duration Fund,0.3488,27-Jan-2022
148145,UTI Mutual Fund,UTI Credit Risk Fund ( Segregated - 17022020 ) - Direct Plan - Half-Yearly IDCW,INF789F1ANJ1,INF789F1ANK9,Open Ended Schemes,Debt Scheme - Credit Risk Fund,1.7067,31-Jan-2022
148146,UTI Mutual Fund,UTI - Credit Risk Fund (Segregated - 17022020) - Regular Plan - Growth Option,INF789F1ANR4,,Open Ended Schemes,Debt Scheme - Credit Risk Fund,2.4018,31-Jan-2022
148147,UTI Mutual Fund,UTI - Credit Risk Fund (Segregated - 17022020) - Direct Plan - Growth Option,INF789F1ANG7,,Open Ended Schemes,Debt Scheme - Credit Risk Fund,2.6874,31-Jan-2022
148148,UTI Mutual Fund,UTI Credit Risk Fund ( Segregated - 17022020 ) - Regular Plan - Quarterly IDCW,INF789F1ANP8,INF789F1ANQ6,Open Ended Schemes,Debt Scheme - Credit Risk Fund,1.706,31-Jan-2022
148149,UTI Mutual Fund,UTI Credit Risk Fund ( Segregated - 17022020 ) - Regular Plan - Flexi IDCW,INF789F1ANW4,INF789F1ANX2,Open Ended Schemes,Debt Scheme - Credit Risk Fund,1.559,31-Jan-2022
148150,UTI Mutual Fund,UTI Credit Risk Fund ( Segregated - 17022020 ) - Direct Plan - Quarterly IDCW,INF789F1ANE2,INF789F1ANF9,Open Ended Schemes,Debt Scheme - Credit Risk Fund,1.8964,31-Jan-2022
148151,UTI Mutual Fund,UTI Credit Risk Fund ( Segregated - 17022020 ) - Direct Plan - Flexi IDCW,INF789F1ANL7,INF789F1ANM5,Open Ended Schemes,Debt Scheme - Credit Risk Fund,1.7035,31-Jan-2022
148152,UTI Mutual Fund,UTI Credit Risk Fund ( Segregated - 17022020 ) - Regular Plan - Half-Yearly IDCW,INF789F1ANU8,INF789F1ANV6,Open Ended Schemes,Debt Scheme - Credit Risk Fund,1.6108,31-Jan-2022
148153,UTI Mutual Fund,UTI Credit Risk Fund ( Segregated - 17022020 ) - Regular Plan - Monthly IDCW,INF789F1ANY0,INF789F1ANZ7,Open Ended Schemes,Debt Scheme - Credit Risk Fund,1.4422,31-Jan-2022
148154,UTI Mutual Fund,UTI Credit Risk Fund ( Segregated - 17022020 ) - Direct Plan - Monthly IDCW,INF789F1ANN3,INF789F1ANO1,Open Ended Schemes,Debt Scheme - Credit Risk Fund,1.6036,31-Jan-2022
148155,UTI Mutual Fund,UTI Credit Risk Fund ( Segregated - 17022020 ) - Regular Plan - Annual IDCW,INF789F1ANS2,INF789F1ANT0,Open Ended Schemes,Debt Scheme - Credit Risk Fund,1.6027,31-Jan-2022
148156,UTI Mutual Fund,UTI Credit Risk Fund ( Segregated - 17022020 ) - Direct Plan - Annual IDCW,INF789F1ANH5,INF789F1ANI3,Open Ended Schemes,Debt Scheme - Credit Risk Fund,1.7437,31-Jan-2022
148157,PGIM India Mutual Fund,PGIM India Money Market Fund - Regular Plan - Monthly Dividend Option,INF663L01U32,,Open Ended Schemes,Debt Scheme - Money Market Fund,1054.4869,02-Apr-2026
148158,PGIM India Mutual Fund,PGIM India Money Market Fund - Regular Plan - Weekly Dividend Option,,INF663L01U40,Open Ended Schemes,Debt Scheme - Money Market Fund,1002.759,02-Apr-2026
148159,PGIM India Mutual Fund,PGIM India Money Market Fund - Regular Plan - Growth Option,INF663L01U24,,Open Ended Schemes,Debt Scheme - Money Market Fund,1384.561,02-Apr-2026
148160,PGIM India Mutual Fund,PGIM India Money Market Fund - Regular Plan - Daily Dividend Option,,INF663L01U57,Open Ended Schemes,Debt Scheme - Money Market Fund,1009.0935,02-Apr-2026
148161,PGIM India Mutual Fund,PGIM India Money Market Fund - Direct Plan - Growth Option,INF663L01T84,,Open Ended Schemes,Debt Scheme - Money Market Fund,1428.9146,02-Apr-2026
148162,PGIM India Mutual Fund,PGIM India Money Market Fund - Direct Plan - Daily Dividend Option,,INF663L01U16,Open Ended Schemes,Debt Scheme - Money Market Fund,1010.4294,02-Apr-2026
148163,PGIM India Mutual Fund,PGIM India Money Market Fund - Direct Plan - Monthly Dividend Option,INF663L01T92,,Open Ended Schemes,Debt Scheme - Money Market Fund,1064.4172,02-Apr-2026
148164,PGIM India Mutual Fund,PGIM India Money Market Fund - Direct Plan - Weekly Dividend Option,,INF663L01U08,Open Ended Schemes,Debt Scheme - Money Market Fund,1001.8659,02-Apr-2026
148234,UTI Mutual Fund,UTI - Credit Risk Fund (Segregated - 06032020) - Regular Plan - Annual Dividend Option,INF789F1ARR5,INF789F1ARS3,Open Ended Schemes,Debt Scheme - Credit Risk Fund,0,02-Apr-2026
148235,UTI Mutual Fund,UTI - Credit Risk Fund (Segregated - 06032020) - Regular Plan - Half Yearly Dividend Option,INF789F1ART1,INF789F1ARU9,Open Ended Schemes,Debt Scheme - Credit Risk Fund,0,02-Apr-2026
148236,UTI Mutual Fund,UTI - Credit Risk Fund (Segregated - 06032020) - Regular Plan - Flexi Dividend Option,INF789F1ARV7,INF789F1ARW5,Open Ended Schemes,Debt Scheme - Credit Risk Fund,0,02-Apr-2026
148237,UTI Mutual Fund,UTI - Credit Risk Fund (Segregated - 06032020) - Regular Plan - Growth Option,INF789F1ARQ7,,Open Ended Schemes,Debt Scheme - Credit Risk Fund,0,02-Apr-2026
148238,UTI Mutual Fund,UTI - Credit Risk Fund (Segregated - 06032020) - Direct Plan - Half Yearly Dividend Option,INF789F1ARI4,INF789F1ARJ2,Open Ended Schemes,Debt Scheme - Credit Risk Fund,0,02-Apr-2026
148239,UTI Mutual Fund,UTI - Credit Risk Fund (Segregated - 06032020) - Direct Plan - Annual Dividend Option,INF789F1ARG8,INF789F1ARH6,Open Ended Schemes,Debt Scheme - Credit Risk Fund,0,02-Apr-2026
148240,UTI Mutual Fund,UTI - Credit Risk Fund (Segregated - 06032020) - Direct Plan - Monthly Dividend Option,INF789F1ARM6,INF789F1ARN4,Open Ended Schemes,Debt Scheme - Credit Risk Fund,0,02-Apr-2026
148241,UTI Mutual Fund,UTI - Credit Risk Fund (Segregated - 06032020) - Direct Plan - Flexi Dividend Option,INF789F1ARK0,INF789F1ARL8,Open Ended Schemes,Debt Scheme - Credit Risk Fund,0,02-Apr-2026
148242,UTI Mutual Fund,UTI - Credit Risk Fund (Segregated - 06032020) - Direct Plan - Growth Option,INF789F1ARF0,,Open Ended Schemes,Debt Scheme - Credit Risk Fund,0,02-Apr-2026
148243,UTI Mutual Fund,UTI - Credit Risk Fund (Segregated - 06032020) - Regular Plan - Quarterly Dividend Option,INF789F1ARO2,INF789F1ARP9,Open Ended Schemes,Debt Scheme - Credit Risk Fund,0,02-Apr-2026
148244,UTI Mutual Fund,UTI - Credit Risk Fund (Segregated - 06032020) - Regular Plan - Monthly Dividend Option,INF789F1ARX3,INF789F1ARY1,Open Ended Schemes,Debt Scheme - Credit Risk Fund,0,02-Apr-2026
148245,UTI Mutual Fund,UTI - Credit Risk Fund (Segregated - 06032020) - Direct Plan - Quarterly Dividend Option,INF789F1ARD5,INF789F1ARE3,Open Ended Schemes,Debt Scheme - Credit Risk Fund,0,02-Apr-2026
148246,UTI Mutual Fund,UTI - Medium Term Fund (Segregated - 06032020) - Regular Plan - Monthly Dividend Option,INF789F1AST9,INF789F1ASU7,Open Ended Schemes,Debt Scheme - Medium Duration Fund,0,02-Apr-2026
148247,UTI Mutual Fund,UTI - Medium Term Fund (Segregated - 06032020) - Regular Plan - Annual Dividend Option,INF789F1ASN2,INF789F1ASO0,Open Ended Schemes,Debt Scheme - Medium Duration Fund,0,02-Apr-2026
148248,UTI Mutual Fund,UTI - Medium Term Fund (Segregated - 06032020) - Direct Plan - Annual Dividend Option,INF789F1ASC5,INF789F1ASD3,Open Ended Schemes,Debt Scheme - Medium Duration Fund,0,02-Apr-2026
148249,UTI Mutual Fund,UTI - Medium Term Fund (Segregated - 06032020) - Direct Plan - Flexi Dividend Option,INF789F1ASG6,INF789F1ASH4,Open Ended Schemes,Debt Scheme - Medium Duration Fund,0,02-Apr-2026
148250,UTI Mutual Fund,UTI - Medium Term Fund (Segregated - 06032020) - Direct Plan - Monthly Dividend Option,INF789F1ASI2,INF789F1ASJ0,Open Ended Schemes,Debt Scheme - Medium Duration Fund,0,02-Apr-2026
148251,UTI Mutual Fund,UTI - Medium Term Fund (Segregated - 06032020) - Regular Plan - Half Yearly Dividend Option,INF789F1ASP7,INF789F1ASQ5,Open Ended Schemes,Debt Scheme - Medium Duration Fund,0,02-Apr-2026
148252,UTI Mutual Fund,UTI - Medium Term Fund (Segregated - 06032020) - Regular Plan - Growth Option,INF789F1ASM4,,Open Ended Schemes,Debt Scheme - Medium Duration Fund,0,02-Apr-2026
148253,UTI Mutual Fund,UTI - Medium Term Fund (Segregated - 06032020) - Regular Plan - Quarterly Dividend Option,INF789F1ASK8,INF789F1ASL6,Open Ended Schemes,Debt Scheme - Medium Duration Fund,0,02-Apr-2026
148254,UTI Mutual Fund,UTI - Medium Term Fund (Segregated - 06032020) - Regular Plan - Flexi Dividend Option,INF789F1ASR3,INF789F1ASS1,Open Ended Schemes,Debt Scheme - Medium Duration Fund,0,02-Apr-2026
148255,UTI Mutual Fund,UTI - Medium Term Fund (Segregated - 06032020) - Direct Plan - Quarterly Dividend Option,INF789F1ARZ8,INF789F1ASA9,Open Ended Schemes,Debt Scheme - Medium Duration Fund,0,02-Apr-2026
148256,UTI Mutual Fund,UTI - Medium Term Fund (Segregated - 06032020) - Direct Plan - Half Yearly Dividend Option,INF789F1ASE1,INF789F1ASF8,Open Ended Schemes,Debt Scheme - Medium Duration Fund,0,02-Apr-2026
148257,UTI Mutual Fund,UTI - Medium Term Fund (Segregated - 06032020) - Direct Plan - Growth Option,INF789F1ASB7,,Open Ended Schemes,Debt Scheme - Medium Duration Fund,0,02-Apr-2026
148258,Nippon India Mutual Fund,Nippon India Credit Risk Fund - Segregated Portfolio 2 - Growth Plan,INF204KB19P6,,Open Ended Schemes,Debt Scheme - Credit Risk Fund,0.0000,02-Apr-2026
148259,Nippon India Mutual Fund,Nippon India Credit Risk Fund - Segregated Portfolio 2 - Institutional Growth Plan,INF204KB10Q3,,Open Ended Schemes,Debt Scheme - Credit Risk Fund,0.0000,02-Apr-2026
148260,Nippon India Mutual Fund,NIPPON INDIA CREDIT RISK FUND -  SEGREGATED PORTFOLIO 2 - QUARTERLY IDCW Option,INF204KB11Q1,INF204KB12Q9,Open Ended Schemes,Debt Scheme - Credit Risk Fund,0.0000,02-Apr-2026
148261,Nippon India Mutual Fund,Nippon India Credit Risk Fund - Segregated Portfolio 2 - Direct Plan - Growth Plan,INF204KB14P7,,Open Ended Schemes,Debt Scheme - Credit Risk Fund,0.0000,02-Apr-2026
148262,Nippon India Mutual Fund,NIPPON INDIA CREDIT RISK FUND -  SEGREGATED PORTFOLIO 2 - DIRECT Plan - IDCW Option,INF204KB17P0,INF204KB18P8,Open Ended Schemes,Debt Scheme - Credit Risk Fund,0.0000,02-Apr-2026
148263,Nippon India Mutual Fund,NIPPON INDIA CREDIT RISK FUND -  SEGREGATED PORTFOLIO 2 - IDCW Option,INF204KB13Q7,INF204KB14Q5,Open Ended Schemes,Debt Scheme - Credit Risk Fund,0.0000,02-Apr-2026
148264,Nippon India Mutual Fund,NIPPON INDIA CREDIT RISK FUND -  SEGREGATED PORTFOLIO 2 - DIRECT Plan - QUARTERLY IDCW Option,INF204KB15P4,INF204KB16P2,Open Ended Schemes,Debt Scheme - Credit Risk Fund,0.0000,02-Apr-2026
148283,Nippon India Mutual Fund,Nippon India Medium Duration  Fund - Segregated Portfolio 2 - Bonus Option,INF204KB11R9,,Open Ended Schemes,Debt Scheme - Medium Duration Fund,0.0000,02-Apr-2026
148284,Nippon India Mutual Fund,NIPPON INDIA MEDIUM DURATION FUND -  SEGREGATED PORTFOLIO 2 - DIRECT Plan - IDCW Option,INF204KB16Q0,INF204KB17Q8,Open Ended Schemes,Debt Scheme - Medium Duration Fund,0.0000,02-Apr-2026
148285,Nippon India Mutual Fund,Nippon India Medium Duration Fund - Segregated Portfolio 2 - Direct Plan - Growth Option,INF204KB10R1,,Open Ended Schemes,Debt Scheme - Medium Duration Fund,0.0000,02-Apr-2026
148286,Nippon India Mutual Fund,Nippon India Medium Duration Fund - Segregated Portfolio 2 - Growth Option,INF204KB16R8,,Open Ended Schemes,Debt Scheme - Medium Duration Fund,0.0000,02-Apr-2026
148287,Nippon India Mutual Fund,NIPPON INDIA MEDIUM DURATION FUND -  SEGREGATED PORTFOLIO 2 - QUARTERLY IDCW Option,INF204KB14R3,INF204KB15R0,Open Ended Schemes,Debt Scheme - Medium Duration Fund,0.0000,02-Apr-2026
148288,Nippon India Mutual Fund,Nippon India Medium Duration Fund - Segregated Portfolio 2 - Direct Plan - Bonus Option,INF204KB15Q2,,Open Ended Schemes,Debt Scheme - Medium Duration Fund,0.0000,02-Apr-2026
148289,Nippon India Mutual Fund,NIPPON INDIA MEDIUM DURATION FUND -  SEGREGATED PORTFOLIO 2 - DIRECT Plan - QUARTERLY IDCW Option,INF204KB18Q6,INF204KB19Q4,Open Ended Schemes,Debt Scheme - Medium Duration Fund,0.0000,02-Apr-2026
148290,Nippon India Mutual Fund,NIPPON INDIA MEDIUM DURATION FUND -  SEGREGATED PORTFOLIO 2 - IDCW Option,INF204KB12R7,INF204KB13R5,Open Ended Schemes,Debt Scheme - Medium Duration Fund,0.0000,02-Apr-2026
148303,Franklin Templeton Mutual Fund,Franklin India Credit Risk Fund - Segregated Portfolio 3 (9.50% Yes Bank Ltd CO 23Dec21) - Growth Plan,INF090I01VX3,,Open Ended Schemes,Debt Scheme - Credit Risk Fund,0.0000,02-Apr-2026
148304,Franklin Templeton Mutual Fund,Franklin India Credit Risk Fund - Segregated Portfolio 3 (9.50% Yes bank Ltd CO 23Dec21) - Direct Growth Plan,INF090I01VZ8,,Open Ended Schemes,Debt Scheme - Credit Risk Fund,0.0000,02-Apr-2026
148305,Franklin Templeton Mutual Fund,Franklin India Credit Risk Fund- Segregated Portfolio 3 (9.50% Yes Bank Ltd CO 23Dec21) - IDCW,INF090I01VW5,,Open Ended Schemes,Debt Scheme - Credit Risk Fund,0.0000,02-Apr-2026
148306,Franklin Templeton Mutual Fund,Franklin India Credit Risk Fund-Segregated Portfolio 3 (9.50% Yes Bank Ltd CO 23Dec21) - Direct IDCW,INF090I01VY1,,Open Ended Schemes,Debt Scheme - Credit Risk Fund,0.0000,02-Apr-2026
148307,Franklin Templeton Mutual Fund,Franklin India Dynamic Accrual Fund - Segregated Portfolio 3 (9.50% Yes Bank Ltd CO 23Dec21) - Growth Plan,INF090I01WB7,,Open Ended Schemes,Debt Scheme - Dynamic Bond,0.0000,02-Apr-2026
148308,Franklin Templeton Mutual Fund,Franklin India Dynamic Accrual Fund - Segregated Portfolio 3 (9.50% Yes Bank Ltd CO 23Dec21) - Direct Growth Plan,INF090I01WD3,,Open Ended Schemes,Debt Scheme - Dynamic Bond,0.0000,02-Apr-2026
148309,Franklin Templeton Mutual Fund,Franklin India Dynamic Accrual Fund- Segregated Portfolio 3 (9.50% Yes Bank Ltd CO 23Dec21) - IDCW,INF090I01WA9,,Open Ended Schemes,Debt Scheme - Dynamic Bond,0.0000,02-Apr-2026
148310,Franklin Templeton Mutual Fund,Franklin India Dynamic Accrual Fund-Segregated Portfolio 3 (9.50% Yes Bank Ltd CO 23Dec21) - Direct IDCW,INF090I01WC5,,Open Ended Schemes,Debt Scheme - Dynamic Bond,0.0000,02-Apr-2026
148311,Franklin Templeton Mutual Fund,Franklin India Short term Income Plan- Retail Plan-Segregated Portfolio 3 (9.50% Yes Bank Ltd CO 23Dec21) - Direct Quarterly - IDCW,INF090I01VT1,,Open Ended Schemes,Debt Scheme - Short Duration Fund,0.0000,02-Apr-2026
148312,Franklin Templeton Mutual Fund,Franklin India Short term Income Plan- Retail Plan-Segregated Portfolio 3 (9.50% Yes Bank Ltd CO 23Dec21) - Direct Monthly - IDCW,INF090I01VU9,,Open Ended Schemes,Debt Scheme - Short Duration Fund,0.0000,02-Apr-2026
148313,Franklin Templeton Mutual Fund,Franklin India Short Tem Income Plan - Segregated Portfolio 3 (9.50% Yes Bank Ltd CO 23Dec21) - Direct Retail Plan Growth Option,INF090I01VS3,,Open Ended Schemes,Debt Scheme - Short Duration Fund,0.0000,02-Apr-2026
148314,Franklin Templeton Mutual Fund,Franklin India Short Term Income Plan - Segregated Portfolio 3 (9.50% Yes Bank Ltd CO 23Dec21) - Institutional Plan Growth Option,INF090I01VR5,,Open Ended Schemes,Debt Scheme - Short Duration Fund,0.0000,02-Apr-2026
148315,Franklin Templeton Mutual Fund,Franklin India Short-term Income Plan- Retail Plan-Segregated Portfolio 3 (9.50% Yes Bank Ltd CO 23Dec21) - Weekly - IDCW,INF090I01VQ7,,Open Ended Schemes,Debt Scheme - Short Duration Fund,0.0000,02-Apr-2026
148316,Franklin Templeton Mutual Fund,Franklin India Short-term Income Plan-Retail Plan-Segregated Portfolio 3 (9.50% Yes Bank Ltd CO 23Dec21) - Direct Weekly - IDCW,INF090I01VV7,,Open Ended Schemes,Debt Scheme - Short Duration Fund,0.0000,02-Apr-2026
148317,Franklin Templeton Mutual Fund,Franklin India Short term Income Plan- Retail Plan-Segregated Portfolio 3 (9.50% Yes Bank Ltd CO 23Dec21) - Quarterly - IDCW,INF090I01VO2,,Open Ended Schemes,Debt Scheme - Short Duration Fund,0.0000,02-Apr-2026
148318,Franklin Templeton Mutual Fund,Franklin India Short Term Income Plan - Segregated Portfolio 3 (9.50% Yes Bank Ltd CO 23Dec21) - Retail Plan Growth Option,INF090I01VN4,,Open Ended Schemes,Debt Scheme - Short Duration Fund,0.0000,02-Apr-2026
148319,Franklin Templeton Mutual Fund,Franklin India Short Term Income Plan- Retail Plan-Segregated Portfolio 3 (9.50% Yes Bank Ltd CO 23Dec21) - Monthly - IDCW,INF090I01VP9,,Open Ended Schemes,Debt Scheme - Short Duration Fund,0.0000,02-Apr-2026
148330,Baroda BNP Paribas Mutual Fund,Baroda BNP Paribas Credit Risk Fund- Regular- Growth Option- Segregated Portfolio- 1,INF955L01IO7,,Open Ended Schemes,Debt Scheme - Credit Risk Fund,0.0000,02-Apr-2026
148331,Baroda BNP Paribas Mutual Fund,Baroda BNP Paribas Credit Risk Fund- Regular- Monthly IDCW Option- Segregated Portfolio- 1,INF955L01IR0,INF955L01IS8,Open Ended Schemes,Debt Scheme - Credit Risk Fund,0.0000,02-Apr-2026
148332,Baroda BNP Paribas Mutual Fund,Baroda BNP Paribas Credit Risk Fund- Regular- Quarterly IDCW Option- Segregated Portfolio- 1,INF955L01IP4,INF955L01IQ2,Open Ended Schemes,Debt Scheme - Credit Risk Fund,0.0000,02-Apr-2026
148333,Baroda BNP Paribas Mutual Fund,Baroda BNP Paribas Credit Risk Fund- Direct- Growth Option- Segregated Portfolio- 1,INF955L01IT6,,Open Ended Schemes,Debt Scheme - Credit Risk Fund,0.0000,02-Apr-2026
148334,Baroda BNP Paribas Mutual Fund,Baroda BNP Paribas Credit Risk Fund- Direct- Monthly IDCW Option- Segregated Portfolio- 1,INF955L01IW0,INF955L01IX8,Open Ended Schemes,Debt Scheme - Credit Risk Fund,0.0000,02-Apr-2026
148335,Baroda BNP Paribas Mutual Fund,Baroda BNP Paribas Credit Risk Fund-Direct- Quarterly IDCW Option- Segregated Portfolio- 1,INF955L01IU4,INF955L01IV2,Open Ended Schemes,Debt Scheme - Credit Risk Fund,0.0000,02-Apr-2026
148349,Baroda BNP Paribas Mutual Fund,Baroda BNP Paribas Credit Risk Fund- Regular- Bonus Option- Segregated Portfolio- 1,,,Open Ended Schemes,Debt Scheme - Credit Risk Fund,0,14-Mar-2022
148350,Baroda BNP Paribas Mutual Fund,Baroda BNP Paribas Credit Risk Fund- Direct - Bonus Option- Segregated Portfolio- 1,,,Open Ended Schemes,Debt Scheme - Credit Risk Fund,0,14-Mar-2022
148413,JM Financial Mutual Fund,JM Liquid Fund - Unclaimed Brokerage I.E.F. (Direct) - Growth Plan,,,Open Ended Schemes,Debt Scheme - Liquid Fund,41.4437,05-Apr-2026
148414,JM Financial Mutual Fund,JM Liquid Fund - Unclaimed Application Refund Amount I.E.F. (Direct) - Growth Plan,,,Open Ended Schemes,Debt Scheme - Liquid Fund,41.4437,05-Apr-2026
148415,JM Financial Mutual Fund,JM Liquid Fund - Withheld Brokerage I.E.F. (Direct) - Growth Plan,,,Open Ended Schemes,Debt Scheme - Liquid Fund,41.4437,27-Mar-2025
148416,Mirae Asset Mutual Fund,Mirae Asset Banking and PSU Fund - Regular Plan - Growth,INF769K01FV5,,Open Ended Schemes,Debt Scheme - Banking and PSU Fund,13.2703,02-Apr-2026
148417,Mirae Asset Mutual Fund,Mirae Asset Banking and PSU Fund - Direct Plan - IDCW,INF769K01FX1,INF769K01FZ6,Open Ended Schemes,Debt Scheme - Banking and PSU Fund,13.6072,02-Apr-2026
148418,Mirae Asset Mutual Fund,Mirae Asset Banking and PSU Fund - Regular plan - IDCW,INF769K01FU7,INF769K01FW3,Open Ended Schemes,Debt Scheme - Banking and PSU Fund,13.2714,02-Apr-2026
148419,Mirae Asset Mutual Fund,Mirae Asset Banking and PSU Fund - Direct Plan - Growth,INF769K01FY9,,Open Ended Schemes,Debt Scheme - Banking and PSU Fund,13.6134,02-Apr-2026
148420,UTI Mutual Fund,UTI - Credit Risk Fund (Segregated - 07072020) - Regular Plan - Annual Dividend Option,,,Open Ended Schemes,Debt Scheme - Credit Risk Fund,0,14-Jul-2020
148421,UTI Mutual Fund,UTI - Medium Term Fund (Segregated - 07072020) - Regular Plan - Annual Dividend Option,,,Open Ended Schemes,Debt Scheme - Medium Duration Fund,0,14-Jul-2020
148422,UTI Mutual Fund,UTI - Credit Risk Fund (Segregated - 07072020) - Regular Plan - Quarterly Dividend Option,,,Open Ended Schemes,Debt Scheme - Credit Risk Fund,0,14-Jul-2020
148423,UTI Mutual Fund,UTI - Credit Risk Fund (Segregated - 07072020) - Regular Plan - Monthly Dividend Option,,,Open Ended Schemes,Debt Scheme - Credit Risk Fund,0,14-Jul-2020
148424,UTI Mutual Fund,UTI - Credit Risk Fund (Segregated - 07072020) - Regular Plan - Half Yearly Dividend Option,,,Open Ended Schemes,Debt Scheme - Credit Risk Fund,0,14-Jul-2020
148425,UTI Mutual Fund,UTI - Credit Risk Fund (Segregated - 07072020) - Regular Plan - Growth Option,,,Open Ended Schemes,Debt Scheme - Credit Risk Fund,0,14-Jul-2020
148426,UTI Mutual Fund,UTI - Credit Risk Fund (Segregated - 07072020) - Regular Plan - Flexi  Dividend Option,,,Open Ended Schemes,Debt Scheme - Credit Risk Fund,0,14-Jul-2020
148427,UTI Mutual Fund,UTI - Credit Risk Fund (Segregated - 07072020) - Direct Plan - Annual Dividend Option,,,Open Ended Schemes,Debt Scheme - Credit Risk Fund,0,14-Jul-2020
148428,UTI Mutual Fund,UTI - Credit Risk Fund (Segregated - 07072020) - Direct Plan - Monthly Dividend Option,,,Open Ended Schemes,Debt Scheme - Credit Risk Fund,0,14-Jul-2020
148429,UTI Mutual Fund,UTI - Credit Risk Fund (Segregated - 07072020) - Direct Plan - Flexi  Dividend Option,,,Open Ended Schemes,Debt Scheme - Credit Risk Fund,0,14-Jul-2020
148430,UTI Mutual Fund,UTI - Credit Risk Fund (Segregated - 07072020) - Direct Plan - Growth Option,,,Open Ended Schemes,Debt Scheme - Credit Risk Fund,0,14-Jul-2020
148431,UTI Mutual Fund,UTI - Credit Risk Fund (Segregated - 07072020) - Direct Plan - Half Yearly Dividend Option,,,Open Ended Schemes,Debt Scheme - Credit Risk Fund,0,14-Jul-2020
148432,UTI Mutual Fund,UTI - Credit Risk Fund (Segregated - 07072020) - Direct  Plan - Quarterly Dividend Option,,,Open Ended Schemes,Debt Scheme - Credit Risk Fund,0,14-Jul-2020
148433,UTI Mutual Fund,UTI - Medium Term Fund (Segregated - 07072020) - Regular Plan - Growth Option,,,Open Ended Schemes,Debt Scheme - Medium Duration Fund,0,14-Jul-2020
148434,UTI Mutual Fund,UTI - Medium Term Fund (Segregated - 07072020) - Regular Plan - Flexi Dividend Option,,,Open Ended Schemes,Debt Scheme - Medium Duration Fund,0,14-Jul-2020
148435,UTI Mutual Fund,UTI - Medium Term Fund (Segregated - 07072020) - Regular Plan - Monthly Dividend Option,,,Open Ended Schemes,Debt Scheme - Medium Duration Fund,0,14-Jul-2020
148436,UTI Mutual Fund,UTI - Medium Term Fund (Segregated - 07072020) - Regular Plan - Quarterly Dividend Option,,,Open Ended Schemes,Debt Scheme - Medium Duration Fund,0,14-Jul-2020
148437,UTI Mutual Fund,UTI - Medium Term Fund (Segregated - 07072020) - Regular Plan - Half Yearly Dividend Option,,,Open Ended Schemes,Debt Scheme - Medium Duration Fund,0,14-Jul-2020
148438,UTI Mutual Fund,UTI - Medium Term Fund (Segregated - 07072020) - Direct Plan - Quarterly Dividend Option,,,Open Ended Schemes,Debt Scheme - Medium Duration Fund,0,14-Jul-2020
148439,UTI Mutual Fund,UTI - Medium Term Fund (Segregated - 07072020) - Direct  Plan - Monthly Dividend Option,,,Open Ended Schemes,Debt Scheme - Medium Duration Fund,0,14-Jul-2020
148440,UTI Mutual Fund,UTI - Medium Term Fund (Segregated - 07072020) - Direct Plan - Half Yearly Dividend Option,,,Open Ended Schemes,Debt Scheme - Medium Duration Fund,0,14-Jul-2020
148441,UTI Mutual Fund,UTI - Medium Term Fund (Segregated - 07072020) - Direct Plan - Growth Option,,,Open Ended Schemes,Debt Scheme - Medium Duration Fund,0,14-Jul-2020
148442,UTI Mutual Fund,UTI - Medium Term Fund (Segregated - 07072020) - Direct Plan - Annual Dividend Option,,,Open Ended Schemes,Debt Scheme - Medium Duration Fund,0,14-Jul-2020
148443,UTI Mutual Fund,UTI - Medium Term Fund (Segregated - 07072020) - Direct Plan - Flexi Dividend Option,,,Open Ended Schemes,Debt Scheme - Medium Duration Fund,0,14-Jul-2020
148510,quant Mutual Fund,quant Liquid Fund-Unclaimed Dividend-Growth Option,,,Open Ended Schemes,Debt Scheme - Liquid Fund,13.5232,15-Dec-2025
148511,quant Mutual Fund,quant Liquid Fund-Unclaimed Redemption Investor Education Plan-Growth Option,,,Open Ended Schemes,Debt Scheme - Liquid Fund,10,15-Dec-2025
148512,quant Mutual Fund,quant Liquid Fund-Unclaimed Redemption Plan-Growth Option,,,Open Ended Schemes,Debt Scheme - Liquid Fund,13.3371,15-Dec-2025
148513,quant Mutual Fund,quant Liquid Fund-Unclaimed Dividend Investor Education Plan-Growth Option,,,Open Ended Schemes,Debt Scheme - Liquid Fund,10,15-Dec-2025
148533,ITI Mutual Fund,ITI Banking & PSU Debt Fund - Regular Plan - IDCW Option,INF00XX01846,INF00XX01853,Open Ended Schemes,Debt Scheme - Banking and PSU Fund,13.4529,02-Apr-2026
148534,ITI Mutual Fund,ITI Banking & PSU Debt Fund - Direct Plan - Growth Option,INF00XX01861,,Open Ended Schemes,Debt Scheme - Banking and PSU Fund,13.8610,02-Apr-2026
148535,ITI Mutual Fund,ITI Banking & PSU Debt Fund - Regular Plan - Growth Option,INF00XX01838,,Open Ended Schemes,Debt Scheme - Banking and PSU Fund,13.4517,02-Apr-2026
148536,ITI Mutual Fund,ITI Banking & PSU Debt Fund - Direct Plan - IDCW Option,INF00XX01879,INF00XX01887,Open Ended Schemes,Debt Scheme - Banking and PSU Fund,13.8595,02-Apr-2026
148543,SBI Mutual Fund,SBI Floating Rate Debt Fund - Regular Plan - Growth,INF200KA1R15,,Open Ended Schemes,Debt Scheme - Floater Fund,13.8873,02-Apr-2026
148544,SBI Mutual Fund,SBI Floating Rate DEBT Fund - Regular Plan - Monthly Income Distribution cum Capital Withdrawal Option (IDCW),INF200KA1R23,INF200KA1R31,Open Ended Schemes,Debt Scheme - Floater Fund,13.8909,02-Apr-2026
148546,SBI Mutual Fund,SBI Floating Rate DEBT Fund - Regular Plan - Quarterly Income Distribution cum Capital Withdrawal Option (IDCW),INF200KA1R49,INF200KA1R56,Open Ended Schemes,Debt Scheme - Floater Fund,13.8883,02-Apr-2026
148549,SBI Mutual Fund,SBI Floating Rate DEBT Fund - Direct Plan - Quarterly Income Distribution cum Capital Withdrawal Option (IDCW),INF200KA1R98,INF200KA1S06,Open Ended Schemes,Debt Scheme - Floater Fund,14.0313,02-Apr-2026
148550,SBI Mutual Fund,SBI Floating Rate Debt Fund - Direct Plan - Growth,INF200KA1R64,,Open Ended Schemes,Debt Scheme - Floater Fund,14.0309,02-Apr-2026
148551,SBI Mutual Fund,SBI Floating Rate DEBT Fund - Direct Plan - Monthly Income Distribution cum Capital Withdrawal Option (IDCW),INF200KA1R72,INF200KA1R80,Open Ended Schemes,Debt Scheme - Floater Fund,14.0300,02-Apr-2026
148705,Bandhan Mutual Fund,BANDHAN FLOATER FUND  - REGULAR PLAN GROWTH,INF194KB1AP5,,Open Ended Schemes,Debt Scheme - Floater Fund,13.3592,02-Apr-2026
148706,Bandhan Mutual Fund,BANDHAN FLOATER FUND  - REGULAR PLAN QUARTERLY IDCW,INF194KB1AU5,INF194KB1AV3,Open Ended Schemes,Debt Scheme - Floater Fund,10.3154,02-Apr-2026
148707,Bandhan Mutual Fund,BANDHAN FLOATER FUND  - REGULAR PLAN MONTHLY IDCW,INF194KB1AS9,INF194KB1AT7,Open Ended Schemes,Debt Scheme - Floater Fund,10.1210,02-Apr-2026
148708,Bandhan Mutual Fund,BANDHAN FLOATER FUND  - REGULAR PLAN WEEKLY IDCW,,INF194KB1AR1,Open Ended Schemes,Debt Scheme - Floater Fund,10.1078,02-Apr-2026
148709,Bandhan Mutual Fund,BANDHAN FLOATER FUND  - REGULAR PLAN PERIODIC IDCW,INF194KB1AW1,INF194KB1AX9,Open Ended Schemes,Debt Scheme - Floater Fund,13.3608,02-Apr-2026
148710,Bandhan Mutual Fund,BANDHAN FLOATER FUND  - REGULAR PLAN DAILY IDCW,,INF194KB1AQ3,Open Ended Schemes,Debt Scheme - Floater Fund,10.1143,02-Apr-2026
148711,Bandhan Mutual Fund,BANDHAN FLOATER FUND  - DIRECT PLAN GROWTH,INF194KB1BA5,,Open Ended Schemes,Debt Scheme - Floater Fund,13.7119,02-Apr-2026
148712,Bandhan Mutual Fund,BANDHAN FLOATER FUND  - DIRECT PLAN QUARTERLY IDCW,INF194KB1BF4,INF194KB1BG2,Open Ended Schemes,Debt Scheme - Floater Fund,10.3490,02-Apr-2026
148713,Bandhan Mutual Fund,BANDHAN FLOATER FUND  - DIRECT PLAN MONTHLY IDCW,INF194KB1BD9,INF194KB1BE7,Open Ended Schemes,Debt Scheme - Floater Fund,10.1228,02-Apr-2026
148714,Bandhan Mutual Fund,BANDHAN FLOATER FUND  - DIRECT PLAN DAILY IDCW,,INF194KB1BB3,Open Ended Schemes,Debt Scheme - Floater Fund,10.1165,02-Apr-2026
148715,Bandhan Mutual Fund,BANDHAN FLOATER FUND  - DIRECT PLAN PERIODIC IDCW,INF194KB1BH0,INF194KB1BI8,Open Ended Schemes,Debt Scheme - Floater Fund,13.4113,02-Apr-2026
148716,Bandhan Mutual Fund,BANDHAN FLOATER FUND  - DIRECT PLAN WEEKLY IDCW,,INF194KB1BC1,Open Ended Schemes,Debt Scheme - Floater Fund,10.1101,02-Apr-2026
148717,Bandhan Mutual Fund,BANDHAN FLOATER FUND- DIRECT PLAN ANNUAL IDCW,INF194KB1BJ6,INF194KB1BK4,Open Ended Schemes,Debt Scheme - Floater Fund,10.1351,02-Apr-2026
148718,Bandhan Mutual Fund,BANDHAN FLOATER FUND  - REGULAR PLAN ANNUAL IDCW,INF194KB1AY7,INF194KB1AZ4,Open Ended Schemes,Debt Scheme - Floater Fund,10.1221,02-Apr-2026
148755,Mirae Asset Mutual Fund,Mirae Asset Corporate Bond Fund Direct Growth Plan,INF769K01HD9,,Open Ended Schemes,Debt Scheme - Corporate Bond Fund,13.3990,02-Apr-2026
148756,Mirae Asset Mutual Fund,Mirae Asset Corporate Bond Fund Direct IDCW,INF769K01HC1,INF769K01HE7,Open Ended Schemes,Debt Scheme - Corporate Bond Fund,13.3957,02-Apr-2026
148757,Mirae Asset Mutual Fund,Mirae Asset Corporate Bond Fund Regular Growth,INF769K01HA5,,Open Ended Schemes,Debt Scheme - Corporate Bond Fund,13.1054,02-Apr-2026
148758,Mirae Asset Mutual Fund,Mirae Asset Corporate Bond Fund Regular IDCW,INF769K01GZ4,INF769K01HB3,Open Ended Schemes,Debt Scheme - Corporate Bond Fund,13.1054,02-Apr-2026
148768,DSP Mutual Fund,DSP Floater Fund - Regular Plan - Growth,INF740KA1PS7,,Open Ended Schemes,Debt Scheme - Floater Fund,13.6391,02-Apr-2026
148769,DSP Mutual Fund,DSP Floater Fund - Direct Plan - IDCW,INF740KA1PW9,INF740KA1PX7,Open Ended Schemes,Debt Scheme - Floater Fund,13.8306,02-Apr-2026
148770,DSP Mutual Fund,DSP Floater Fund - Regular Plan - IDCW,INF740KA1PT5,INF740KA1PU3,Open Ended Schemes,Debt Scheme - Floater Fund,13.6391,02-Apr-2026
148771,DSP Mutual Fund,DSP Floater Fund - Direct Plan - Growth,INF740KA1PV1,,Open Ended Schemes,Debt Scheme - Floater Fund,13.8306,02-Apr-2026
148833,Trust Mutual Fund,TRUSTMF Liquid Fund-Regular Plan-Growth,INF0GCD01198,,Open Ended Schemes,Debt Scheme - Liquid Fund,1326.4164,05-Apr-2026
148834,Trust Mutual Fund,TRUSTMF Liquid Fund-Regular Plan-Daily Income Distribution cum Capital Withdrawal,,INF0GCD01206,Open Ended Schemes,Debt Scheme - Liquid Fund,1201.1310,05-Apr-2026
148836,Trust Mutual Fund,TRUSTMF Liquid Fund-Regular Plan-Weekly Income Distribution cum Capital Withdrawal,INF0GCD01214,INF0GCD01222,Open Ended Schemes,Debt Scheme - Liquid Fund,1176.6618,05-Apr-2026
148837,Trust Mutual Fund,TRUSTMF Liquid Fund-Direct Plan-Weekly Income Distribution cum Capital Withdrawal,INF0GCD01271,INF0GCD01289,Open Ended Schemes,Debt Scheme - Liquid Fund,1227.9559,05-Apr-2026
148839,Trust Mutual Fund,TRUSTMF Liquid Fund-Direct Plan-Monthly Income Distribution cum Capital Withdrawal,INF0GCD01305,INF0GCD01297,Open Ended Schemes,Debt Scheme - Liquid Fund,1200.0530,05-Apr-2026
148841,Trust Mutual Fund,TRUSTMF Liquid Fund-Direct Plan-Growth,INF0GCD01255,,Open Ended Schemes,Debt Scheme - Liquid Fund,1336.3897,05-Apr-2026
148842,Trust Mutual Fund,TRUSTMF Liquid Fund-Direct Plan-Daily Income Distribution cum Capital Withdrawal,,INF0GCD01263,Open Ended Schemes,Debt Scheme - Liquid Fund,1270.4129,05-Apr-2026
148843,Trust Mutual Fund,TRUSTMF Liquid Fund-Regular Plan-Monthly Income Distribution cum Capital Withdrawal,INF0GCD01248,INF0GCD01230,Open Ended Schemes,Debt Scheme - Liquid Fund,1191.1633,05-Apr-2026
149000,Tata Mutual Fund,Tata Floating Rate Fund-Direct Plan-IDCW Monthly Payout,INF277KA1042,,Open Ended Schemes,Debt Scheme - Floater Fund,13.5579,02-Apr-2026
149001,Tata Mutual Fund,Tata Floating Rate Fund-Direct Plan-IDCW Quarterly Payout,INF277KA1059,,Open Ended Schemes,Debt Scheme - Floater Fund,13.5579,02-Apr-2026
149002,Tata Mutual Fund,Tata Floating Rate Fund-Direct Plan-IDCW Periodic Payout,INF277KA1034,,Open Ended Schemes,Debt Scheme - Floater Fund,13.5579,02-Apr-2026
149003,Tata Mutual Fund,Tata Floating Rate Fund-Regular Plan-Growth,INF277KA1091,,Open Ended Schemes,Debt Scheme - Floater Fund,13.2828,02-Apr-2026
149004,Tata Mutual Fund,Tata Floating Rate Fund-Regular Plan-IDCW Monthly Payout,INF277KA1117,,Open Ended Schemes,Debt Scheme - Floater Fund,13.2828,02-Apr-2026
149005,Tata Mutual Fund,Tata Floating Rate Fund-Regular Plan-IDCW Quarterly Payout,INF277KA1125,,Open Ended Schemes,Debt Scheme - Floater Fund,13.2828,02-Apr-2026
149006,Tata Mutual Fund,Tata Floating Rate Fund-Regular Plan-IDCW Periodic Payout,INF277KA1109,,Open Ended Schemes,Debt Scheme - Floater Fund,13.2828,02-Apr-2026
149007,Tata Mutual Fund,Tata Floating Rate Fund -Direct Plan-Growth,INF277KA1026,,Open Ended Schemes,Debt Scheme - Floater Fund,13.5579,02-Apr-2026
149009,Invesco Mutual Fund,Invesco India Medium Duration Fund - Regular Plan - Quarterly IDCW (Payout / Reinvestment),INF205KA1353,INF205KA1387,Open Ended Schemes,Debt Scheme - Medium Duration Fund,1021.5397,02-Apr-2026
149010,Invesco Mutual Fund,Invesco India Medium Duration Fund - Regular Plan - Discretionary IDCW(Payout / Reinvestment)),INF205KA1361,INF205KA1395,Open Ended Schemes,Debt Scheme - Medium Duration Fund,1260.1481,02-Apr-2026
149011,Invesco Mutual Fund,Invesco India Medium Duration Fund - Direct Plan - Growth,INF205KA1429,,Open Ended Schemes,Debt Scheme - Medium Duration Fund,1310.9553,02-Apr-2026
149012,Invesco Mutual Fund,Invesco India Medium Duration Fund - Regular Plan - Growth,INF205KA1379,,Open Ended Schemes,Debt Scheme - Medium Duration Fund,1260.1439,02-Apr-2026
149013,Invesco Mutual Fund,Invesco India Medium Duration Fund - Direct Plan - Discretionary IDCW (Payout/Reinvestment),INF205KA1411,INF205KA1445,Open Ended Schemes,Debt Scheme - Medium Duration Fund,1310.9021,02-Apr-2026
149014,Invesco Mutual Fund,Invesco India Medium Duration Fund - Direct Plan - Quarterly IDCW (Payout / Reinvestment)),INF205KA1403,INF205KA1437,Open Ended Schemes,Debt Scheme - Medium Duration Fund,1022.4956,02-Apr-2026
149021,ITI Mutual Fund,ITI Dynamic Bond Fund - Regular Plan - Growth Option,INF00XX01AT0,,Open Ended Schemes,Debt Scheme - Dynamic Bond,12.6894,02-Apr-2026
149022,ITI Mutual Fund,ITI Dynamic Bond Fund - Regular Plan - Monthly IDCW Option,INF00XX01AY0,INF00XX01AU8,Open Ended Schemes,Debt Scheme - Dynamic Bond,10.0001,02-Apr-2026
149023,ITI Mutual Fund,ITI Dynamic Bond Fund - Direct Plan - Monthly IDCWOption,INF00XX01BH3,INF00XX01BD2,Open Ended Schemes,Debt Scheme - Dynamic Bond,10.1200,02-Apr-2026
149024,ITI Mutual Fund,ITI Dynamic Bond Fund - Regular Plan - Quarterly IDCW Option,INF00XX01AZ7,INF00XX01AV6,Open Ended Schemes,Debt Scheme - Dynamic Bond,12.6929,02-Apr-2026
149025,ITI Mutual Fund,ITI Dynamic Bond Fund - Direct Plan - Quarterly IDCW Option,INF00XX01BI1,INF00XX01BE0,Open Ended Schemes,Debt Scheme - Dynamic Bond,13.3685,02-Apr-2026
149026,ITI Mutual Fund,ITI Dynamic Bond Fund - Regular Plan - Half Yearly IDCW Option,INF00XX01BA8,INF00XX01AW4,Open Ended Schemes,Debt Scheme - Dynamic Bond,12.6926,02-Apr-2026
149027,ITI Mutual Fund,ITI Dynamic Bond Fund - Regular Plan - Annually IDCWOption,INF00XX01BB6,INF00XX01AX2,Open Ended Schemes,Debt Scheme - Dynamic Bond,12.6905,02-Apr-2026
149028,ITI Mutual Fund,ITI Dynamic Bond Fund - Direct Plan - Half Yearly IDCW Option,INF00XX01BJ9,INF00XX01BF7,Open Ended Schemes,Debt Scheme - Dynamic Bond,11.0899,02-Apr-2026
149029,ITI Mutual Fund,ITI Dynamic Bond Fund - Direct Plan - Growth Option,INF00XX01BC4,,Open Ended Schemes,Debt Scheme - Dynamic Bond,13.3401,02-Apr-2026
149030,ITI Mutual Fund,ITI Dynamic Bond Fund - Direct Plan - Annually IDCW Option,INF00XX01BK7,INF00XX01BG5,Open Ended Schemes,Debt Scheme - Dynamic Bond,13.3399,02-Apr-2026
149033,Tata Mutual Fund,Tata Floating Rate Fund-Direct Plan-IDCW Periodic Dividend Reinvestment,,INF277KA1067,Open Ended Schemes,Debt Scheme - Floater Fund,13.5579,02-Apr-2026
149034,Tata Mutual Fund,Tata Floating Rate Fund-Direct Plan-IDCW Quarterly Dividend Reinvestment,,INF277KA1083,Open Ended Schemes,Debt Scheme - Floater Fund,13.5579,02-Apr-2026
149035,Tata Mutual Fund,Tata Floating Rate Fund-Regular Plan-IDCW Monthly Dividend Reinvestment,,INF277KA1141,Open Ended Schemes,Debt Scheme - Floater Fund,13.2828,02-Apr-2026
149036,Tata Mutual Fund,Tata Floating Rate Fund-Regular Plan-IDCW Periodic Dividend Reinvestment,,INF277KA1133,Open Ended Schemes,Debt Scheme - Floater Fund,13.2828,02-Apr-2026
149037,Tata Mutual Fund,Tata Floating Rate Fund-Direct Plan-IDCW Monthly Dividend Reinvestment,,INF277KA1075,Open Ended Schemes,Debt Scheme - Floater Fund,13.5579,02-Apr-2026
149038,Tata Mutual Fund,Tata Floating Rate Fund-Regular Plan-IDCW Quarterly Dividend Reinvestment,,INF277KA1158,Open Ended Schemes,Debt Scheme - Floater Fund,13.2828,02-Apr-2026
149046,Axis Mutual Fund,Axis Floater Fund - Regular Plan - Quarterly IDCW,INF846K018B5,INF846K017B7,Open Ended Schemes,Debt Scheme - Floater Fund,1262.1700,02-Apr-2026
149047,Axis Mutual Fund,Axis Floater Fund - Regular Plan - Annual IDCW,INF846K014B4,INF846K013B6,Open Ended Schemes,Debt Scheme - Floater Fund,1299.4188,02-Apr-2026
149048,Axis Mutual Fund,Axis Floater Fund - Regular Plan - Growth,INF846K012B8,,Open Ended Schemes,Debt Scheme - Floater Fund,1333.8552,02-Apr-2026
149049,Axis Mutual Fund,Axis Floater Fund - Direct Plan - Growth,INF846K014A6,,Open Ended Schemes,Debt Scheme - Floater Fund,1356.6169,02-Apr-2026
149050,Axis Mutual Fund,Axis Floater Fund - Direct Plan - Daily IDCW,,INF846K011B0,Open Ended Schemes,Debt Scheme - Floater Fund,989.3478,02-Apr-2026
149051,Axis Mutual Fund,Axis Floater Fund - Direct Plan - Monthly IDCW,INF846K018A7,INF846K017A9,Open Ended Schemes,Debt Scheme - Floater Fund,996.9750,02-Apr-2026
149052,Axis Mutual Fund,Axis Floater Fund - Direct Plan - Quarterly IDCW,INF846K019A5,INF846K010B2,Open Ended Schemes,Debt Scheme - Floater Fund,1282.4414,02-Apr-2026
149053,Axis Mutual Fund,Axis Floater Fund - Regular Plan - Monthly IDCW,INF846K016B9,INF846K015B1,Open Ended Schemes,Debt Scheme - Floater Fund,996.1373,02-Apr-2026
149054,Axis Mutual Fund,Axis Floater Fund - Regular Plan - Daily IDCW,,INF846K019B3,Open Ended Schemes,Debt Scheme - Floater Fund,999.4664,02-Apr-2026
149055,Axis Mutual Fund,Axis Floater Fund - Direct Plan - Annual IDCW,INF846K016A1,INF846K015A3,Open Ended Schemes,Debt Scheme - Floater Fund,1320.0433,02-Apr-2026
149112,Mirae Asset Mutual Fund,Mirae Asset Money Market Fund Direct Growth,INF769K01HN8,,Open Ended Schemes,Debt Scheme - Money Market Fund,1336.7979,02-Apr-2026
149113,Mirae Asset Mutual Fund,Mirae Asset Money Market Fund Direct IDCW,INF769K01HM0,INF769K01HO6,Open Ended Schemes,Debt Scheme - Money Market Fund,1334.5963,02-Apr-2026
149114,Mirae Asset Mutual Fund,Mirae Asset Money Market Fund Regular IDCW,INF769K01HJ6,INF769K01HL2,Open Ended Schemes,Debt Scheme - Money Market Fund,1314.9368,02-Apr-2026
149115,Mirae Asset Mutual Fund,Mirae Asset Money Market Fund Regular Growth,INF769K01HK4,,Open Ended Schemes,Debt Scheme - Money Market Fund,1314.9461,02-Apr-2026
149116,Union Mutual Fund,Union Money Market Fund - Regular Plan -  Growth Option,INF582M01HO9,,Open Ended Schemes,Debt Scheme - Money Market Fund,1284.4888,02-Apr-2026
149117,Union Mutual Fund,Union Money Market Fund - Direct Plan -  Growth Option,INF582M01HG5,,Open Ended Schemes,Debt Scheme - Money Market Fund,1326.9678,02-Apr-2026
149118,Union Mutual Fund,Union Money Market Fund - Regular Plan - Daily IDCW Option,,INF582M01HP6,Open Ended Schemes,Debt Scheme - Money Market Fund,1000.6787,02-Apr-2026
149119,Union Mutual Fund,Union Money Market Fund - Direct Plan - Daily IDCW Option,,INF582M01HH3,Open Ended Schemes,Debt Scheme - Money Market Fund,1000.0024,17-Sep-2021
149120,Union Mutual Fund,Union Money Market Fund - Regular Plan -  Weekly IDCW Option,,INF582M01HQ4,Open Ended Schemes,Debt Scheme - Money Market Fund,1002.2894,11-Jun-2025
149121,Union Mutual Fund,Union Money Market Fund - Direct Plan -  Weekly IDCW Option,,INF582M01HI1,Open Ended Schemes,Debt Scheme - Money Market Fund,1000.2588,22-Oct-2021
149122,Union Mutual Fund,Union Money Market Fund - Regular Plan -  Monthly IDCW Option,INF582M01HS0,INF582M01HR2,Open Ended Schemes,Debt Scheme - Money Market Fund,1000.9295,30-Mar-2026
149123,Union Mutual Fund,Union Money Market Fund - Direct Plan -  Monthly IDCW Option,INF582M01HK7,INF582M01HJ9,Open Ended Schemes,Debt Scheme - Money Market Fund,1011.6933,02-Apr-2026
149310,DSP Mutual Fund,Unclaimed Redemption - Upto 3 years (Invested in DSP Overnight Fund),,,Open Ended Schemes,Debt Scheme - Overnight Fund,12.8561,02-Apr-2026
149311,DSP Mutual Fund,Unclaimed Redemption - Beyond 3 years (Invested in DSP Overnight Fund),,,Open Ended Schemes,Debt Scheme - Overnight Fund,10.0000,02-Apr-2026
149312,DSP Mutual Fund,Unclaimed IDCW - Upto 3 years (Invested in DSP Overnight Fund),,,Open Ended Schemes,Debt Scheme - Overnight Fund,12.8561,02-Apr-2026
149313,DSP Mutual Fund,Unclaimed IDCW - Beyond 3 years (Invested in DSP Overnight Fund),,,Open Ended Schemes,Debt Scheme - Overnight Fund,10.0000,02-Apr-2026
149351,Tata Mutual Fund,Tata Corporate Bond Fund-Regular Plan-Growth,INF277KA1299,,Open Ended Schemes,Debt Scheme - Corporate Bond Fund,12.6875,02-Apr-2026
149352,Tata Mutual Fund,Tata Corporate Bond Fund-Regular Plan-IDCW Periodic Reinvestment,,INF277KA1331,Open Ended Schemes,Debt Scheme - Corporate Bond Fund,12.6876,02-Apr-2026
149353,Tata Mutual Fund,Tata Corporate Bond Fund-Regular Plan-IDCW Monthly Payout,INF277KA1315,,Open Ended Schemes,Debt Scheme - Corporate Bond Fund,12.6875,02-Apr-2026
149354,Tata Mutual Fund,Tata Corporate Bond Fund-Regular Plan-IDCW Quarterly Payout,INF277KA1323,,Open Ended Schemes,Debt Scheme - Corporate Bond Fund,12.6875,02-Apr-2026
149355,Tata Mutual Fund,Tata Corporate Bond Fund-Direct Plan-IDCW Periodic Payout,INF277KA1232,,Open Ended Schemes,Debt Scheme - Corporate Bond Fund,13.0019,02-Apr-2026
149356,Tata Mutual Fund,Tata Corporate Bond Fund-Direct Plan-IDCW Periodic Reinvestment,,INF277KA1265,Open Ended Schemes,Debt Scheme - Corporate Bond Fund,13.0019,02-Apr-2026
149357,Tata Mutual Fund,Tata Corporate Bond Fund-Direct Plan-IDCW Monthly Reinvestment,,INF277KA1273,Open Ended Schemes,Debt Scheme - Corporate Bond Fund,13.0019,02-Apr-2026
149358,Tata Mutual Fund,Tata Corporate Bond Fund-Direct Plan-IDCW Quarterly Reinvestment,,INF277KA1281,Open Ended Schemes,Debt Scheme - Corporate Bond Fund,13.0019,02-Apr-2026
149359,Tata Mutual Fund,Tata Corporate Bond Fund-Regular Plan-IDCW Quarterly Reinvestment,,INF277KA1356,Open Ended Schemes,Debt Scheme - Corporate Bond Fund,12.6875,02-Apr-2026
149360,Tata Mutual Fund,Tata Corporate Bond Fund-Regular Plan-IDCW Periodic Payout,INF277KA1307,,Open Ended Schemes,Debt Scheme - Corporate Bond Fund,12.6876,02-Apr-2026
149361,Tata Mutual Fund,Tata Corporate Bond Fund-Direct Plan-Growth,INF277KA1224,,Open Ended Schemes,Debt Scheme - Corporate Bond Fund,13.0019,02-Apr-2026
149362,Tata Mutual Fund,Tata Corporate Bond Fund-Direct Plan-IDCW Quarterly Payout,INF277KA1257,,Open Ended Schemes,Debt Scheme - Corporate Bond Fund,13.0019,02-Apr-2026
149363,Tata Mutual Fund,Tata Corporate Bond Fund-Regular Plan-IDCW Monthly Reinvestment,,INF277KA1349,Open Ended Schemes,Debt Scheme - Corporate Bond Fund,12.6875,02-Apr-2026
149364,Tata Mutual Fund,Tata Corporate Bond Fund-Direct Plan-IDCW Monthly Payout,INF277KA1240,,Open Ended Schemes,Debt Scheme - Corporate Bond Fund,13.0019,02-Apr-2026
149393,Groww Mutual Fund,Groww Overnight Fund (formerly known as Indiabulls Overnight Fund)- Unclaimed Dividend > 3 Years,,,Open Ended Schemes,Debt Scheme - Overnight Fund,1183.0934,27-Nov-2024
149394,Groww Mutual Fund,Groww Overnight Fund (formerly known as Indiabulls Overnight Fund)- Unclaimed Dividend < 3 years,,,Open Ended Schemes,Debt Scheme - Overnight Fund,1286.5293,04-Apr-2026
149395,Groww Mutual Fund,Groww Overnight Fund (formerly known as Indiabulls Overnight Fund)- Unclaimed Redemption > 3 Years,,,Open Ended Schemes,Debt Scheme - Overnight Fund,1000,04-Apr-2026
149396,Groww Mutual Fund,Groww Overnight Fund (formerly known as Indiabulls Overnight Fund)- Unclaimed Redemption < 3 Years,,,Open Ended Schemes,Debt Scheme - Overnight Fund,1274.1367,04-Apr-2026
149408,ICICI Prudential Mutual Fund,ICICI Prudential Overnight fund - Direct Plan - Unclaimed IDCW Transitory Scheme,INF109KC16H8,,Open Ended Schemes,Debt Scheme - Overnight Fund,1281.0346,02-Apr-2026
149409,ICICI Prudential Mutual Fund,ICICI Prudential Overnight fund - Direct Plan - Unclaimed Redemption Stable Scheme,INF109KC17H6,,Open Ended Schemes,Debt Scheme - Overnight Fund,1000.0000,02-Apr-2026
149410,ICICI Prudential Mutual Fund,ICICI Prudential Overnight fund - Direct Plan - Unclaimed Redemption Transitory Scheme,INF109KC15H0,,Open Ended Schemes,Debt Scheme - Overnight Fund,1281.0500,02-Apr-2026
149411,ICICI Prudential Mutual Fund,ICICI Prudential Overnight fund - Direct Plan - Unclaimed IDCW Stable Scheme,INF109KC18H4,,Open Ended Schemes,Debt Scheme - Overnight Fund,1000.0000,02-Apr-2026
149412,Bank of India Mutual Fund,BANK OF INDIA Overnight Fund Unclaimed IDCW Plan - Greater than 3 Years,,,Open Ended Schemes,Debt Scheme - Overnight Fund,1000.0000,05-Apr-2026
149413,Bank of India Mutual Fund,BANK OF INDIA Overnight Fund Unclaimed Redemption Plan - Upto 3 Years,,,Open Ended Schemes,Debt Scheme - Overnight Fund,1287.3726,05-Apr-2026
149414,Bank of India Mutual Fund,BANK OF INDIA Overnight Fund Unclaimed IDCW Plan - Up to 3 Years,,,Open Ended Schemes,Debt Scheme - Overnight Fund,1287.0897,05-Apr-2026
149415,Bank of India Mutual Fund,BANK OF INDIA Overnight Fund Unclaimed Redemption Plan - Greater than 3 Years,,,Open Ended Schemes,Debt Scheme - Overnight Fund,1000.0000,05-Apr-2026
149443,Franklin Templeton Mutual Fund,Franklin India Overnight Fund- Unclaimed IDCW Plan,,,Open Ended Schemes,Debt Scheme - Overnight Fund,12.7559,02-Apr-2026
149444,Franklin Templeton Mutual Fund,Franklin India Overnight Fund- Unclaimed Redemption Investor EducationPlan,,,Open Ended Schemes,Debt Scheme - Overnight Fund,10.0000,02-Apr-2026
149445,Franklin Templeton Mutual Fund,Franklin India Overnight Fund- Unclaimed IDCW Investor Education Plan,,,Open Ended Schemes,Debt Scheme - Overnight Fund,10.0000,02-Apr-2026
149446,Franklin Templeton Mutual Fund,Franklin India Overnight Fund- Unclaimed Redemption Plan,,,Open Ended Schemes,Debt Scheme - Overnight Fund,12.7559,02-Apr-2026
149451,Union Mutual Fund,Union Overnight Fund - Unclaimed Amounts Plan - IDCW Beyond 3 years,,,Open Ended Schemes,Debt Scheme - Overnight Fund,1000.0000,05-Apr-2026
149452,Union Mutual Fund,Union Overnight Fund - Unclaimed Amounts Plan - IDCW Upto 3 years,,,Open Ended Schemes,Debt Scheme - Overnight Fund,1278.2106,05-Apr-2026
149453,Union Mutual Fund,Union Overnight Fund - Unclaimed Amounts Plan - Redemption Beyond 3 years,,,Open Ended Schemes,Debt Scheme - Overnight Fund,1000.0000,05-Apr-2026
149454,Union Mutual Fund,Union Overnight Fund - Unclaimed Amounts Plan - Redemption Upto 3 years,,,Open Ended Schemes,Debt Scheme - Overnight Fund,1278.3896,05-Apr-2026
149470,Mahindra Manulife Mutual Fund,Mahindra Manulife Overnight Fund - Unclaimed Redemption/IDCW upto 3 years,,,Open Ended Schemes,Debt Scheme - Overnight Fund,1279.3479,05-Apr-2026
149471,Mahindra Manulife Mutual Fund,Mahindra Manulife Overnight Fund - Unclaimed Redemption/IDCW beyond 3 years,,,Open Ended Schemes,Debt Scheme - Overnight Fund,1000.0000,05-Apr-2026
149476,Edelweiss Mutual Fund,Edelweiss Overnight Fund - Unclaimed IDCW Plan - Above 3 years,,,Open Ended Schemes,Debt Scheme - Overnight Fund,1000,05-Apr-2026
149477,Edelweiss Mutual Fund,Edelweiss Overnight Fund - Unclaimed IDCW Plan - Upto 3 years,,,Open Ended Schemes,Debt Scheme - Overnight Fund,1275.6659,05-Apr-2026
149478,Edelweiss Mutual Fund,Edelweiss Overnight Fund - Unclaimed Redemption Plan - Upto 3 years,,,Open Ended Schemes,Debt Scheme - Overnight Fund,1275.6642,05-Apr-2026
149479,Edelweiss Mutual Fund,Edelweiss Overnight Fund - Unclaimed Redemption Plan - Above 3 years,,,Open Ended Schemes,Debt Scheme - Overnight Fund,1000,05-Apr-2026
149519,Sundaram Mutual Fund,Sundaram Low Duration Fund (Formerly Known as Principal Low Duration Fund)- Growth Option,INF173K01DG6,,Open Ended Schemes,Debt Scheme - Low Duration Fund,3589.6456,02-Apr-2026
149520,Sundaram Mutual Fund,Sundaram Low Duration Fund (Formerly Known as Principal Low Duration Fund) - Weekly Income Distribution CUM Capital Withdrawal Option,INF903JA1JU2,INF173K01DI2,Open Ended Schemes,Debt Scheme - Low Duration Fund,1010.4171,28-Jun-2024
149521,Sundaram Mutual Fund,Sundaram Low Duration Fund (Formerly Known as Principal Low Duration Fund)- Income Distribution CUM Capital Withdrawal Option (IDCW),INF173K01DJ0,INF173K01DK8,Open Ended Schemes,Debt Scheme - Low Duration Fund,1096.0207,02-Apr-2026
149522,Sundaram Mutual Fund,Sundaram Low Duration Fund (Formerly Known as Principal Low Duration Fund) -Daily Income Distribution CUM Capital Withdrawal Option,,INF173K01DH4,Open Ended Schemes,Debt Scheme - Low Duration Fund,1015.7943,28-Jun-2024
149523,Sundaram Mutual Fund,Sundaram Low Duration Fund (Formerly Known as Principal Low Duration Fund) - Direct Plan - Daily Income Distribution CUM Capital Withdrawal Option,,INF173K01FR8,Open Ended Schemes,Debt Scheme - Low Duration Fund,1009.6449,28-Jun-2024
149524,Sundaram Mutual Fund,Sundaram Low Duration Fund (Formerly Known as Principal Low Duration Fund) - Direct Plan - Weekly Income Distribution CUM Capital Withdrawal Option,INF903JA1KA2,INF173K01FW8,Open Ended Schemes,Debt Scheme - Low Duration Fund,1006.3073,28-Jun-2024
149525,Sundaram Mutual Fund,Sundaram Low Duration Fund (Formerly Known as Principal Low Duration Fund) - Direct Plan - Income Distribution CUM Capital Withdrawal Option (IDCW),INF173K01FT4,INF173K01FU2,Open Ended Schemes,Debt Scheme - Low Duration Fund,1115.5775,02-Apr-2026
149526,Sundaram Mutual Fund,Sundaram Low Duration Fund (Formerly Known as Principal Low Duration Fund) - Direct Plan - Growth Option,INF173K01FS6,,Open Ended Schemes,Debt Scheme - Low Duration Fund,3871.3399,02-Apr-2026
149658,Sundaram Mutual Fund,Sundaram Liquid Fund (Formerly Known as Principal Cash Management Fund) - Daily Income Distribution CUM Capital Withdrawal,,INF173K01DB7,Open Ended Schemes,Debt Scheme - Liquid Fund,1000.8893,13-Sep-2024
149659,Sundaram Mutual Fund,Sundaram Liquid Fund (Formerly Principal Cash Management Fund) - Weekly Income Distribution CUM Capital Withdrawal Option,,INF173K01DC5,Open Ended Schemes,Debt Scheme - Liquid Fund,1007.8472,13-Sep-2024
149660,Sundaram Mutual Fund,Sundaram Liquid Fund (Formerly Known as Principal Cash Management Fund) - Regular Plan IDCW,INF173K01DD3,INF173K01DE1,Open Ended Schemes,Debt Scheme - Liquid Fund,1044.2289,05-Apr-2026
149661,Sundaram Mutual Fund,Sundaram Liquid Fund (Formerly Known as Principal Cash Management Fund) -Growth Option,INF173K01DA9,,Open Ended Schemes,Debt Scheme - Liquid Fund,2407.4150,05-Apr-2026
149662,Sundaram Mutual Fund,Sundaram Liquid Fund (Formerly Known as Principal Cash Management Fund) -Direct Plan - IDCW,INF173K01GV8,INF173K01GW6,Open Ended Schemes,Debt Scheme - Liquid Fund,1046.6192,05-Apr-2026
149663,Sundaram Mutual Fund,Sundaram Liquid Fund (Formerly Known as Principal Cash Management Fund )- Direct Plan - Income Distribution CUM Capital Withdrawal Option - Daily,,INF173K01GT2,Open Ended Schemes,Debt Scheme - Liquid Fund,1000.6367,13-Sep-2024
149664,Sundaram Mutual Fund,Sundaram Liquid Fund (Formerly Known as Principal Cash Management Fund) - Direct Plan - Growth Option,INF173K01GU0,,Open Ended Schemes,Debt Scheme - Liquid Fund,2439.2326,05-Apr-2026
149665,Sundaram Mutual Fund,Sundaram Liquid Fund(Formerly Known as Principal Cash Management Fund)- Direct Plan - Income Distribution CUM Capital Withdrawal Option - Weekly,,INF173K01GY2,Open Ended Schemes,Debt Scheme - Liquid Fund,1008.3385,13-Sep-2024
149737,Sundaram Mutual Fund,Sundaram Liquid Fund (Formerly Known as Principal Cash Management Fund) Direct Principal Units,,INF903JA1JH9,Open Ended Schemes,Debt Scheme - Liquid Fund,1280.5417,27-Jun-2025
149738,Sundaram Mutual Fund,Sundaram Liquid Fund (Formerly Known as Principal Cash Management Fund) Direct Fortnightly IDCW,,INF903JA1JJ5,Open Ended Schemes,Debt Scheme - Liquid Fund,1028.1920,13-Sep-2024
149739,Sundaram Mutual Fund,Sundaram Liquid Fund (Formerly Known as Principal Cash Management Fund) Regular Fortnightly IDCW,,INF903JA1JF3,Open Ended Schemes,Debt Scheme - Liquid Fund,1028.0322,13-Sep-2024
149740,Sundaram Mutual Fund,Sundaram Liquid Fund (Formerly Known as Principal Cash Management Fund) Regular IDCW,,INF903JA1JG1,Open Ended Schemes,Debt Scheme - Liquid Fund,1147.0639,27-Jun-2025
149742,Sundaram Mutual Fund,Sundaram Liquid Fund (Formerly Known as  Principal Cash Management Fund) Regular Plan Principal Units,,INF903JA1JI7,Open Ended Schemes,Debt Scheme - Liquid Fund,1274.1205,27-Jun-2025
149744,Sundaram Mutual Fund,Sundaram  Liquid Fund (Formerly Known as Principal Cash Management Fund) Direct IDCW,,INF903JA1JK3,Open Ended Schemes,Debt Scheme - Liquid Fund,1152.6698,27-Jun-2025
149745,Sundaram Mutual Fund,Sundaram Liquid Fund (Formerly Known as Principal Cash Management Fund) Unclaimed Redemption More 3 Years,,,Open Ended Schemes,Debt Scheme - Liquid Fund,1000.0000,21-Jan-2022
149747,Sundaram Mutual Fund,Sundaram Low Duration Fund (Formerly Know as Principal Low Duation Fund) Regular Principal Units,,INF903JA1JW8,Open Ended Schemes,Debt Scheme - Low Duration Fund,1341.6648,27-Jun-2025
149748,Sundaram Mutual Fund,Sundaram Low Duration Fund (Formerly Known as Principal Low Duration Fund) Direct Fortnightly IDCW,INF903JA1KB0,INF903JA1JX6,Open Ended Schemes,Debt Scheme - Low Duration Fund,1098.0393,28-Jun-2024
149750,Sundaram Mutual Fund,Sundaram Low Duration Fund(Formerly Known as Principal Low Duration Fund) Direct Plan - IDCW,INF903JA1JZ1,INF903JA1JY4,Open Ended Schemes,Debt Scheme - Low Duration Fund,1255.0849,27-Jun-2025
149751,Sundaram Mutual Fund,Sundaram Low Duration Fund (Formerly Known as Principal Low Duration Fund) Regular Fortnightly IDCW,INF903JA1JV0,INF903JA1JR8,Open Ended Schemes,Debt Scheme - Low Duration Fund,1088.0156,28-Jun-2024
149752,Sundaram Mutual Fund,Sundaram Low Duration Fund (Formerly Known as Principal Low Duration Fund) Regular Plan IDCW,INF903JA1JT4,INF903JA1JS6,Open Ended Schemes,Debt Scheme - Low Duration Fund,1210.1093,27-Jun-2025
149795,Trust Mutual Fund,TRUST MF OVERNIGHT FUND-REGULAR-GROWTH,INF0GCD01438,,Open Ended Schemes,Debt Scheme - Overnight Fund,1271.8953,05-Apr-2026
149796,Trust Mutual Fund,TRUST MF OVERNIGHT FUND-DIRECT PLAN-DAILY IDCW REINVESTMENT,,INF0GCD01461,Open Ended Schemes,Debt Scheme - Overnight Fund,1247.0217,05-Apr-2026
149797,Trust Mutual Fund,TRUST MF OVERNIGHT FUND-DIRECT PLAN-GROWTH,INF0GCD01453,,Open Ended Schemes,Debt Scheme - Overnight Fund,1274.5616,05-Apr-2026
149798,Trust Mutual Fund,TRUST MF OVERNIGHT FUND-REGULAR PLAN-DAILY IDCW REINVESTMENT,,INF0GCD01446,Open Ended Schemes,Debt Scheme - Overnight Fund,1243.3525,05-Apr-2026
149826,JM Financial Mutual Fund,JM Overnight Fund - (Direct) - Unclaimed Redemption I.E.F. - Growth Plan,INF192K01MK9,,Open Ended Schemes,Debt Scheme - Overnight Fund,1073.9936,05-Apr-2026
149827,JM Financial Mutual Fund,JM Overnight Fund - (Direct) - Unclaimed IDCW I.E.F. - Growth Plan,INF192K01ML7,,Open Ended Schemes,Debt Scheme - Overnight Fund,1073.9936,05-Apr-2026
149828,JM Financial Mutual Fund,JM Overnight Fund - (Direct) - Unclaimed IDCW - Growth Plan,INF192K01MJ1,,Open Ended Schemes,Debt Scheme - Overnight Fund,1372.4689,05-Apr-2026
149829,JM Financial Mutual Fund,JM Overnight Fund - (Direct) - Unclaimed Redemption - Growth Plan,INF192K01MI3,,Open Ended Schemes,Debt Scheme - Overnight Fund,1366.2458,05-Apr-2026
149988,Baroda BNP Paribas Mutual Fund,Baroda BNP Paribas Overnight Fund - Plan C - Unclaimed IDCW - Greater than 3 years,,,Open Ended Schemes,Debt Scheme - Overnight Fund,1000.0000,05-Apr-2026
149989,Baroda BNP Paribas Mutual Fund,Baroda BNP Paribas Overnight Fund - Plan C - Unclaimed Redemption - Up to 3 years,,,Open Ended Schemes,Debt Scheme - Overnight Fund,1270.2381,05-Apr-2026
149990,Baroda BNP Paribas Mutual Fund,Baroda BNP Paribas Overnight Fund - Plan C - Unclaimed Redemption - Greater than 3 years,,,Open Ended Schemes,Debt Scheme - Overnight Fund,1000.0000,05-Apr-2026
149991,Baroda BNP Paribas Mutual Fund,Baroda BNP Paribas Overnight Fund - Plan C - Unclaimed IDCW - Up to 3 years,,,Open Ended Schemes,Debt Scheme - Overnight Fund,1270.2678,05-Apr-2026
150160,Baroda BNP Paribas Mutual Fund,BARODA BNP PARIBAS LOW DURATION Fund-Defunct Plan-Growth Option,INF251K01DL0,,Open Ended Schemes,Debt Scheme - Low Duration Fund,41.7434,02-Apr-2026
150161,Baroda BNP Paribas Mutual Fund,BARODA BNP PARIBAS LOW DURATION Fund-Defunct Plan-Weekly IDCW Option,,INF251K01DN6,Open Ended Schemes,Debt Scheme - Low Duration Fund,10.0102,02-Apr-2026
150162,Baroda BNP Paribas Mutual Fund,BARODA BNP PARIBAS LOW DURATION Fund-Defunct Plan-Monthly IDCW Option,INF251K01DO4,INF251K01DP1,Open Ended Schemes,Debt Scheme - Low Duration Fund,10.4378,02-Apr-2026
150163,Baroda BNP Paribas Mutual Fund,BARODA BNP PARIBAS LOW DURATION Fund-Defunct Plan- Daily IDCW Option,,INF251K01DM8,Open Ended Schemes,Debt Scheme - Low Duration Fund,10.0499,02-Apr-2026
150164,Baroda BNP Paribas Mutual Fund,BARODA BNP PARIBAS LOW DURATION FUND - Regular Plan - DAILY IDCW OPTION,,INF251K01DR7,Open Ended Schemes,Debt Scheme - Low Duration Fund,10.0604,02-Apr-2026
150165,Baroda BNP Paribas Mutual Fund,BARODA BNP PARIBAS LOW DURATION FUND - Regular Plan - GROWTH OPTION,INF251K01DQ9,,Open Ended Schemes,Debt Scheme - Low Duration Fund,41.6710,02-Apr-2026
150166,Baroda BNP Paribas Mutual Fund,BARODA BNP PARIBAS LOW DURATION FUND - Regular Plan - WEEKLY IDCW OPTION,INF251K01DS5,INF251K01DT3,Open Ended Schemes,Debt Scheme - Low Duration Fund,10.0102,02-Apr-2026
150167,Baroda BNP Paribas Mutual Fund,BARODA BNP PARIBAS LOW DURATION FUND - Regular Plan - MONTHLY IDCW OPTION,INF251K01DU1,INF251K01DV9,Open Ended Schemes,Debt Scheme - Low Duration Fund,10.2134,02-Apr-2026
150168,Baroda BNP Paribas Mutual Fund,BARODA BNP PARIBAS LOW DURATION Fund - Direct Plan - Daily IDCW Option,,INF251K01GK5,Open Ended Schemes,Debt Scheme - Low Duration Fund,10.0943,02-Apr-2026
150169,Baroda BNP Paribas Mutual Fund,BARODA BNP PARIBAS LOW DURATION Fund - Direct Plan - Growth Option,INF251K01GJ7,,Open Ended Schemes,Debt Scheme - Low Duration Fund,45.8913,02-Apr-2026
150170,Baroda BNP Paribas Mutual Fund,BARODA BNP PARIBAS LOW DURATION Fund - Direct Plan - Monthly IDCW Option,INF251K01GN9,INF251K01GO7,Open Ended Schemes,Debt Scheme - Low Duration Fund,10.3484,02-Apr-2026
150171,Baroda BNP Paribas Mutual Fund,BARODA BNP PARIBAS LOW DURATION Fund - Direct Plan - Weekly IDCW Option,INF251K01GL3,INF251K01GM1,Open Ended Schemes,Debt Scheme - Low Duration Fund,10.0102,02-Apr-2026
150172,Baroda BNP Paribas Mutual Fund,Baroda BNP Paribas Dynamic Bond Fund-Defunct Plan - Growth Option,INF251K01EF0,,Open Ended Schemes,Debt Scheme - Dynamic Bond,31.8351,02-Apr-2026
150173,Baroda BNP Paribas Mutual Fund,Baroda BNP Paribas Dynamic Bond Fund - Regular Plan - Growth Option,INF251K01DW7,,Open Ended Schemes,Debt Scheme - Dynamic Bond,45.2064,02-Apr-2026
150174,Baroda BNP Paribas Mutual Fund,Baroda BNP Paribas Dynamic Bond Fund - Regular Plan - Daily IDCW Option,,INF251K01DX5,Open Ended Schemes,Debt Scheme - Dynamic Bond,9.8581,02-Apr-2026
150175,Baroda BNP Paribas Mutual Fund,Baroda BNP Paribas Dynamic Bond Fund - Regular Plan - Weekly IDCW Option,,INF251K01DY3,Open Ended Schemes,Debt Scheme - Dynamic Bond,9.8388,02-Apr-2026
150176,Baroda BNP Paribas Mutual Fund,Baroda BNP Paribas Dynamic Bond Fund - Regular Plan - Monthly IDCW Option,INF251K01DZ0,INF251K01EA1,Open Ended Schemes,Debt Scheme - Dynamic Bond,9.9398,02-Apr-2026
150177,Baroda BNP Paribas Mutual Fund,Baroda BNP Paribas Dynamic Bond Fund - Regular Plan - Quarterly IDCW Option,INF251K01EB9,INF251K01EC7,Open Ended Schemes,Debt Scheme - Dynamic Bond,9.8860,02-Apr-2026
150178,Baroda BNP Paribas Mutual Fund,Baroda BNP Paribas Dynamic Bond Fund - Regular Plan - Half Yearly IDCW Option,INF251K01ED5,INF251K01EE3,Open Ended Schemes,Debt Scheme - Dynamic Bond,9.9202,02-Apr-2026
150179,Baroda BNP Paribas Mutual Fund,Baroda BNP Paribas Dynamic Bond Fund - Direct Plan - Daily IDCW Option,,INF251K01GX8,Open Ended Schemes,Debt Scheme - Dynamic Bond,9.9376,02-Apr-2026
150180,Baroda BNP Paribas Mutual Fund,Baroda BNP Paribas Dynamic Bond Fund - Direct Plan - Growth Option,INF251K01GW0,,Open Ended Schemes,Debt Scheme - Dynamic Bond,50.7099,02-Apr-2026
150181,Baroda BNP Paribas Mutual Fund,Baroda BNP Paribas Dynamic Bond Fund - Direct Plan - Half Yearly IDCW Option,INF251K01HD8,INF251K01HE6,Open Ended Schemes,Debt Scheme - Dynamic Bond,10.0000,28-Jun-2024
150182,Baroda BNP Paribas Mutual Fund,Baroda BNP Paribas Dynamic Bond Fund - Direct Plan - Monthly IDCW Option,INF251K01GZ3,INF251K01HA4,Open Ended Schemes,Debt Scheme - Dynamic Bond,10.2687,02-Apr-2026
150183,Baroda BNP Paribas Mutual Fund,Baroda BNP Paribas Dynamic Bond Fund - Direct Plan - Quarterly IDCW Option,INF251K01HB2,INF251K01HC0,Open Ended Schemes,Debt Scheme - Dynamic Bond,10.1907,02-Apr-2026
150184,Baroda BNP Paribas Mutual Fund,Baroda BNP Paribas Dynamic Bond Fund - Direct Plan - Weekly IDCW Option,,INF251K01GY6,Open Ended Schemes,Debt Scheme - Dynamic Bond,9.9199,02-Apr-2026
150228,Baroda BNP Paribas Mutual Fund,BARODA BNP PARIBAS Corporate Bond Fund - Defunct Plan - Quarterly-IDCW Option,INF251K01EL8,INF251K01EM6,Open Ended Schemes,Debt Scheme - Corporate Bond Fund,10.2393,02-Apr-2026
150229,Baroda BNP Paribas Mutual Fund,BARODA BNP PARIBAS Corporate Bond Fund - Defunct Plan - Growth Option,INF251K01EI4,,Open Ended Schemes,Debt Scheme - Corporate Bond Fund,32.9179,02-Apr-2026
150230,Baroda BNP Paribas Mutual Fund,BARODA BNP PARIBAS Corporate Bond Fund - Defunct Plan - Annual-IDCW Option,INF251K01EN4,INF251K01EO2,Open Ended Schemes,Debt Scheme - Corporate Bond Fund,11.8493,02-Apr-2026
150231,Baroda BNP Paribas Mutual Fund,BARODA BNP PARIBAS Corporate Bond Fund - Defunct Plan - Monthly-IDCW Option,INF251K01EJ2,INF251K01EK0,Open Ended Schemes,Debt Scheme - Corporate Bond Fund,10.2355,02-Apr-2026
150232,Baroda BNP Paribas Mutual Fund,BARODA BNP PARIBAS CORPORATE BOND FUND - Regular Plan - QUARTERLY IDCW OPTION,INF251K01ES3,INF251K01ET1,Open Ended Schemes,Debt Scheme - Corporate Bond Fund,10.2515,02-Apr-2026
150233,Baroda BNP Paribas Mutual Fund,BARODA BNP PARIBAS CORPORATE BOND FUND - Regular Plan - ANNUAL IDCW OPTION,INF251K01EU9,INF251K01EV7,Open Ended Schemes,Debt Scheme - Corporate Bond Fund,11.7726,02-Apr-2026
150234,Baroda BNP Paribas Mutual Fund,BARODA BNP PARIBAS CORPORATE BOND FUND - Regular Plan - MONTHLY IDCW OPTION,INF251K01EQ7,INF251K01ER5,Open Ended Schemes,Debt Scheme - Corporate Bond Fund,10.2791,02-Apr-2026
150235,Baroda BNP Paribas Mutual Fund,BARODA BNP PARIBAS CORPORATE BOND FUND - Regular Plan - GROWTH OPTION,INF251K01EP9,,Open Ended Schemes,Debt Scheme - Corporate Bond Fund,28.4408,02-Apr-2026
150236,Baroda BNP Paribas Mutual Fund,BARODA BNP PARIBAS Corporate Bond Fund - Direct Plan - Annual IDCW Option,INF251K01GU4,INF251K01GV2,Open Ended Schemes,Debt Scheme - Corporate Bond Fund,12.1321,02-Apr-2026
150237,Baroda BNP Paribas Mutual Fund,BARODA BNP PARIBAS Corporate Bond Fund - Direct Plan - Growth Option,INF251K01GP4,,Open Ended Schemes,Debt Scheme - Corporate Bond Fund,30.2671,02-Apr-2026
150238,Baroda BNP Paribas Mutual Fund,BARODA BNP PARIBAS Corporate Bond Fund - Direct Plan - Monthly IDCW Option,INF251K01GQ2,INF251K01GR0,Open Ended Schemes,Debt Scheme - Corporate Bond Fund,10.4370,02-Apr-2026
150239,Baroda BNP Paribas Mutual Fund,BARODA BNP PARIBAS Corporate Bond Fund - Direct Plan - Quarterly IDCW Option,INF251K01GS8,INF251K01GT6,Open Ended Schemes,Debt Scheme - Corporate Bond Fund,10.4763,02-Apr-2026
150368,NJ Mutual Fund,NJ Overnight Fund - Regular Plan - Growth Option,INF0J8L01073,,Open Ended Schemes,Debt Scheme - Overnight Fund,1242.4092,03-Apr-2026
150369,NJ Mutual Fund,NJ Overnight Fund - Direct Plan - Growth Option,INF0J8L01081,,Open Ended Schemes,Debt Scheme - Overnight Fund,1247.0109,03-Apr-2026
150391,LIC Mutual Fund,LIC MF Money Market Fund-Direct Plan-IDCW,INF767K01RF7,INF767K01RG5,Open Ended Schemes,Debt Scheme - Money Market Fund,1260.651,02-Apr-2026
150392,LIC Mutual Fund,LIC MF Money Market Fund-Direct Plan-Growth,INF767K01RE0,,Open Ended Schemes,Debt Scheme - Money Market Fund,1260.651,02-Apr-2026
150393,LIC Mutual Fund,LIC MF Money Market Fund-Regular Plan-Growth,INF767K01RB6,,Open Ended Schemes,Debt Scheme - Money Market Fund,1242.5244,02-Apr-2026
150394,LIC Mutual Fund,LIC MF Money Market Fund-Regular Plan-IDCW,INF767K01RC4,INF767K01RD2,Open Ended Schemes,Debt Scheme - Money Market Fund,1242.5244,02-Apr-2026
150405,Union Mutual Fund,Union Gilt Fund - Regular Plan - Growth Option,INF582M01ID0,,Open Ended Schemes,Debt Scheme - Gilt Fund,11.5995,02-Apr-2026
150406,Union Mutual Fund,Union Gilt Fund - Regular Plan - Annual IDCW Option,INF582M01IH1,INF582M01II9,Open Ended Schemes,Debt Scheme - Gilt Fund,11.5995,02-Apr-2026
150407,Union Mutual Fund,Union Gilt Fund - Direct Plan - Growth Option,INF582M01HW2,,Open Ended Schemes,Debt Scheme - Gilt Fund,11.8096,02-Apr-2026
150408,Union Mutual Fund,Union Gilt Fund - Direct Plan - Annual IDCW Option,INF582M01IA6,INF582M01IB4,Open Ended Schemes,Debt Scheme - Gilt Fund,11.8096,02-Apr-2026
150409,UTI Mutual Fund,UTI Gilt Fund with 10 year Constant Duration - Regular Plan - Growth Option,INF789F1AVI6,,Open Ended Schemes,Debt Scheme - Gilt Fund with 10 year constant duration,12.585,02-Apr-2026
150410,UTI Mutual Fund,UTI Gilt Fund with 10 year Constant Duration - Direct Plan - Growth Option,INF789F1AVR7,,Open Ended Schemes,Debt Scheme - Gilt Fund with 10 year constant duration,12.8097,02-Apr-2026
150411,UTI Mutual Fund,UTI Gilt Fund with 10 year Constant Duration - Regular Plan - Quarterly IDCW Option,INF789F1AVJ4,INF789F1AVK2,Open Ended Schemes,Debt Scheme - Gilt Fund with 10 year constant duration,12.585,02-Apr-2026
150412,UTI Mutual Fund,UTI Gilt Fund with 10 year Constant Duration - Direct Plan - Quarterly IDCW Option,INF789F1AVS5,INF789F1AVT3,Open Ended Schemes,Debt Scheme - Gilt Fund with 10 year constant duration,12.8099,02-Apr-2026
150415,UTI Mutual Fund,UTI Gilt Fund with 10 year Constant Duration - Direct Plan - Half Yearly IDCW Option,INF789F1AVU1,INF789F1AVV9,Open Ended Schemes,Debt Scheme - Gilt Fund with 10 year constant duration,12.6833,02-Apr-2026
150416,UTI Mutual Fund,UTI Gilt Fund with 10 year Constant Duration - Regular Plan - Half Yearly IDCW Option,INF789F1AVL0,INF789F1AVM8,Open Ended Schemes,Debt Scheme - Gilt Fund with 10 year constant duration,12.5847,02-Apr-2026
150419,UTI Mutual Fund,UTI Gilt Fund with 10 year Constant Duration - Regular Plan - Annual IDCW Option,INF789F1AVN6,INF789F1AVO4,Open Ended Schemes,Debt Scheme - Gilt Fund with 10 year constant duration,10.954,02-Apr-2026
150420,UTI Mutual Fund,UTI Gilt Fund with 10 year Constant Duration - Regular Plan - Flexi IDCW Option,INF789F1AVP1,INF789F1AVQ9,Open Ended Schemes,Debt Scheme - Gilt Fund with 10 year constant duration,12.5845,02-Apr-2026
150423,UTI Mutual Fund,UTI Gilt Fund with 10 year Constant Duration - Direct Plan - Annual IDCW Option,INF789F1AVW7,INF789F1AVX5,Open Ended Schemes,Debt Scheme - Gilt Fund with 10 year constant duration,11.1677,02-Apr-2026
150424,UTI Mutual Fund,UTI Gilt Fund with 10 year Constant Duration - Direct Plan - Flexi IDCW Option,INF789F1AVY3,INF789F1AVZ0,Open Ended Schemes,Debt Scheme - Gilt Fund with 10 year constant duration,12.8098,02-Apr-2026
150456,Union Mutual Fund,Union Gilt Fund - Direct Plan - Half-yearly IDCW Option,INF582M01HX0,INF582M01HY8,Open Ended Schemes,Debt Scheme - Gilt Fund,11.8096,02-Apr-2026
150457,Union Mutual Fund,Union Gilt Fund - Regular Plan - Half-yearly IDCW Option,INF582M01IE8,INF582M01IF5,Open Ended Schemes,Debt Scheme - Gilt Fund,11.5995,02-Apr-2026
150482,Aditya Birla Sun Life Mutual Fund,Aditya Birla Sun Life Long Duration Fund-Regular Growth,INF209KB14J9,,Open Ended Schemes,Debt Scheme - Long Duration Fund,12.5269,02-Apr-2026
150483,Aditya Birla Sun Life Mutual Fund,Aditya Birla Sun Life Long Duration Fund-Regular IDCW Payout,INF209KB15J6,INF209KB16J4,Open Ended Schemes,Debt Scheme - Long Duration Fund,10.2226,02-Apr-2026
150484,Aditya Birla Sun Life Mutual Fund,Aditya Birla Sun Life Long Duration Fund-Direct Growth,INF209KB17J2,,Open Ended Schemes,Debt Scheme - Long Duration Fund,12.8228,02-Apr-2026
150485,Aditya Birla Sun Life Mutual Fund,Aditya Birla Sun Life Long Duration Fund-Direct IDCW Payout,INF209KB18J0,INF209KB19J8,Open Ended Schemes,Debt Scheme - Long Duration Fund,10.4689,02-Apr-2026
150499,HSBC Mutual Fund,HSBC Overnight Fund - Unclaimed IDCW Below three years,,,Open Ended Schemes,Debt Scheme - Overnight Fund,1251.8471,05-Apr-2026
150500,HSBC Mutual Fund,HSBC Overnight Fund - Unclaimed Redemption above three years,,,Open Ended Schemes,Debt Scheme - Overnight Fund,1000,05-Apr-2026
150501,HSBC Mutual Fund,HSBC Overnight Fund - Unclaimed IDCW Above three years,,,Open Ended Schemes,Debt Scheme - Overnight Fund,1000,05-Apr-2026
150502,HSBC Mutual Fund,HSBC Overnight Fund - Unclaimed Redemption Below three years,,,Open Ended Schemes,Debt Scheme - Overnight Fund,1251.8663,05-Apr-2026
150503,Canara Robeco Mutual Fund,Canara Robeco Banking and PSU Debt Fund- Regular Plan- Growth Option,INF760K01KF7,,Open Ended Schemes,Debt Scheme - Banking and PSU Fund,12.3767,02-Apr-2026
150504,Canara Robeco Mutual Fund,Canara Robeco Banking and PSU Debt Fund- Regular Plan- IDCW (Payout/ Reinvestment),INF760K01KH3,INF760K01KG5,Open Ended Schemes,Debt Scheme - Banking and PSU Fund,10.6482,02-Apr-2026
150505,Canara Robeco Mutual Fund,Canara Robeco Banking and PSU Debt Fund- Direct Plan- Growth Option,INF760K01KC4,,Open Ended Schemes,Debt Scheme - Banking and PSU Fund,12.5125,02-Apr-2026
150507,Canara Robeco Mutual Fund,Canara Robeco Banking and PSU Debt Fund- Direct Plan- IDCW Payout,INF760K01KE0,INF760K01KD2,Open Ended Schemes,Debt Scheme - Banking and PSU Fund,10.7532,02-Apr-2026
150511,Trust Mutual Fund,TRUSTMF MONEY MARKET FUND-REGULAR PLAN-GROWTH,INF0GCD01479,,Open Ended Schemes,Debt Scheme - Money Market Fund,1272.5914,02-Apr-2026
150512,Trust Mutual Fund,TRUSTMF MONEY MARKET FUND-REGULAR PLAN-MONTHLY IDCW,INF0GCD01495,INF0GCD01487,Open Ended Schemes,Debt Scheme - Money Market Fund,1139.0665,02-Apr-2026
150513,Trust Mutual Fund,TRUSTMF MONEY MARKET FUND-DIRECT PLAN-GROWTH,INF0GCD01503,,Open Ended Schemes,Debt Scheme - Money Market Fund,1281.8796,02-Apr-2026
150514,Trust Mutual Fund,TRUSTMF MONEY MARKET FUND-DIRECT PLAN-MONTHLY IDCW,INF0GCD01529,INF0GCD01511,Open Ended Schemes,Debt Scheme - Money Market Fund,1147.7333,02-Apr-2026
150558,Shriram Mutual Fund,Shriram Overnight Fund - Regular Daily IDCW,,INF680P01257,Open Ended Schemes,Debt Scheme - Overnight Fund,10.0001,05-Apr-2026
150559,Shriram Mutual Fund,Shriram Overnight Fund - Regular Weekly IDCW,INF680P01265,INF680P01273,Open Ended Schemes,Debt Scheme - Overnight Fund,10.0035,26-Jun-2024
150560,Shriram Mutual Fund,Shriram Overnight Fund - Regular Monthly IDCW,INF680P01307,INF680P01315,Open Ended Schemes,Debt Scheme - Overnight Fund,10.0309,05-Apr-2026
150561,Shriram Mutual Fund,Shriram Overnight Fund - Direct Daily IDCW,,INF680P01331,Open Ended Schemes,Debt Scheme - Overnight Fund,10.0001,05-Apr-2026
150562,Shriram Mutual Fund,Shriram Overnight Fund -  Direct Growth,INF680P01323,,Open Ended Schemes,Debt Scheme - Overnight Fund,12.4474,05-Apr-2026
150564,Shriram Mutual Fund,Shriram Overnight Fund - Direct Fortnightly IDCW,INF680P01364,INF680P01372,Open Ended Schemes,Debt Scheme - Overnight Fund,10.0046,22-Sep-2022
150565,Shriram Mutual Fund,Shriram Overnight Fund - Regular Growth,INF680P01232,,Open Ended Schemes,Debt Scheme - Overnight Fund,12.41,05-Apr-2026
150566,Shriram Mutual Fund,Shriram Overnight Fund -  Regular Fortnightly IDCW,INF680P01281,INF680P01299,Open Ended Schemes,Debt Scheme - Overnight Fund,10.0049,02-Feb-2023
150567,Shriram Mutual Fund,Shriram Overnight Fund - Direct Monthly IDCW,INF680P01380,INF680P01398,Open Ended Schemes,Debt Scheme - Overnight Fund,10.0311,05-Apr-2026
150631,Samco Mutual Fund,Samco Overnight Fund - Direct Plan - Growth Option,INF0K1H01040,,Open Ended Schemes,Debt Scheme - Overnight Fund,1230.6468,03-Apr-2026
150632,Samco Mutual Fund,Samco Overnight Fund - Regular Plan - Growth Option,INF0K1H01032,,Open Ended Schemes,Debt Scheme - Overnight Fund,1221.4684,03-Apr-2026
150992,HSBC Mutual Fund,HSBC Corporate Bond Fund - Regular Growth,INF917K01AH0,,Open Ended Schemes,Debt Scheme - Corporate Bond Fund,75.4635,02-Apr-2026
150993,HSBC Mutual Fund,HSBC Corporate Bond Fund - Regular Quarterly IDCW,INF917K01AF4,INF917K01AG2,Open Ended Schemes,Debt Scheme - Corporate Bond Fund,10.7653,02-Apr-2026
150994,HSBC Mutual Fund,HSBC Corporate Bond Fund - Regular Semi Annual IDCW,INF917K01AI8,INF917K01AJ6,Open Ended Schemes,Debt Scheme - Corporate Bond Fund,16.2462,02-Apr-2026
150995,HSBC Mutual Fund,HSBC Corporate Bond Fund -Regular Plan - Bonus,INF917K01AK4,,Open Ended Schemes,Debt Scheme - Corporate Bond Fund,28.6651,02-Apr-2026
150996,HSBC Mutual Fund,HSBC Corporate Bond Fund - Direct Growth,INF917K01HN3,,Open Ended Schemes,Debt Scheme - Corporate Bond Fund,80.5474,02-Apr-2026
150997,HSBC Mutual Fund,HSBC Corporate Bond Fund - Direct Semi Annual IDCW,INF917K01HR4,INF917K01HQ6,Open Ended Schemes,Debt Scheme - Corporate Bond Fund,19.4686,02-Apr-2026
150998,HSBC Mutual Fund,HSBC Corporate Bond Fund - Direct Quarterly IDCW,INF917K01HP8,INF917K01HO1,Open Ended Schemes,Debt Scheme - Corporate Bond Fund,11.1729,02-Apr-2026
151000,HSBC Mutual Fund,HSBC Corporate Bond Fund - Direct Annual IDCW,INF917K01VZ8,INF917K01VY1,Open Ended Schemes,Debt Scheme - Corporate Bond Fund,11.4411,02-Apr-2026
151001,HSBC Mutual Fund,HSBC Corporate Bond Fund - Regular Annual IDCW,INF917K01WB7,INF917K01WA9,Open Ended Schemes,Debt Scheme - Corporate Bond Fund,11.1704,02-Apr-2026
151012,HSBC Mutual Fund,HSBC Gilt Fund - Regular Quarterly IDCW,INF917K01BN6,INF917K01BO4,Open Ended Schemes,Debt Scheme - Gilt Fund,10.0159,02-Apr-2026
151013,HSBC Mutual Fund,HSBC Gilt Fund - Regular Growth,INF917K01BP1,,Open Ended Schemes,Debt Scheme - Gilt Fund,64.2546,02-Apr-2026
151014,HSBC Mutual Fund,HSBC Gilt Fund - Direct Growth,INF917K01FI7,,Open Ended Schemes,Debt Scheme - Gilt Fund,74.2949,02-Apr-2026
151015,HSBC Mutual Fund,HSBC Gilt Fund - Direct Quarterly IDCW,INF917K01FK3,INF917K01FJ5,Open Ended Schemes,Debt Scheme - Gilt Fund,11.6901,02-Apr-2026
151041,HSBC Mutual Fund,HSBC Credit Risk Fund- Regular Plan - Bonus,,INF917K01CU9,Open Ended Schemes,Debt Scheme - Credit Risk Fund,32.947,02-Apr-2026
151042,HSBC Mutual Fund,HSBC Credit Risk Fund - Regular IDCW,INF917K01114,INF917K01122,Open Ended Schemes,Debt Scheme - Credit Risk Fund,11.1936,02-Apr-2026
151043,HSBC Mutual Fund,HSBC Credit Risk Fund - Regular Growth,INF917K01130,,Open Ended Schemes,Debt Scheme - Credit Risk Fund,33.4757,02-Apr-2026
151044,HSBC Mutual Fund,HSBC Credit Risk Fund - Direct IDCW,INF917K01E29,INF917K01UI6,Open Ended Schemes,Debt Scheme - Credit Risk Fund,12.257,02-Apr-2026
151045,HSBC Mutual Fund,HSBC Credit Risk Fund - Direct Growth,INF917K01UH8,,Open Ended Schemes,Debt Scheme - Credit Risk Fund,36.4807,02-Apr-2026
151046,HSBC Mutual Fund,HSBC Credit Risk Fund - Regular Annual IDCW,INF917K01UN6,INF917K01UM8,Open Ended Schemes,Debt Scheme - Credit Risk Fund,12.1395,02-Apr-2026
151047,HSBC Mutual Fund,HSBC Credit Risk Fund - Direct Annual IDCW,INF917K01UL0,INF917K01UK2,Open Ended Schemes,Debt Scheme - Credit Risk Fund,13.2314,02-Apr-2026
151048,HSBC Mutual Fund,HSBC Money Market Fund - Regular Growth,INF917K01BC9,,Open Ended Schemes,Debt Scheme - Money Market Fund,27.5778,02-Apr-2026
151049,HSBC Mutual Fund,HSBC Money Market Fund - Regular Daily IDCW,,INF917K01AY5,Open Ended Schemes,Debt Scheme - Money Market Fund,10.8591,02-Apr-2026
151050,HSBC Mutual Fund,HSBC Money Market Fund - Regular Weekly IDCW,,INF917K01AZ2,Open Ended Schemes,Debt Scheme - Money Market Fund,13.1204,02-Apr-2026
151051,HSBC Mutual Fund,HSBC Money Market Fund - Regular Monthly IDCW,INF917K01BB1,INF917K01BA3,Open Ended Schemes,Debt Scheme - Money Market Fund,11.5634,02-Apr-2026
151052,HSBC Mutual Fund,HSBC Money Market Fund - Direct Monthly IDCW,INF917K01E86,INF917K01FF3,Open Ended Schemes,Debt Scheme - Money Market Fund,12.2147,02-Apr-2026
151053,HSBC Mutual Fund,HSBC Money Market Fund - Direct Weekly IDCW,,INF917K01FH9,Open Ended Schemes,Debt Scheme - Money Market Fund,13.2086,02-Apr-2026
151054,HSBC Mutual Fund,HSBC Money Market Fund - Direct Growth,INF917K01FE6,,Open Ended Schemes,Debt Scheme - Money Market Fund,28.964,02-Apr-2026
151055,HSBC Mutual Fund,HSBC Money Market Fund - Direct Daily IDCW,,INF917K01FD8,Open Ended Schemes,Debt Scheme - Money Market Fund,10.8591,02-Apr-2026
151062,HSBC Mutual Fund,HSBC Short Duration Fund - Bonus,INF917K01CM6,,Open Ended Schemes,Debt Scheme - Short Duration Fund,27.316,02-Apr-2026
151063,HSBC Mutual Fund,HSBC Short Duration Fund -  Regular Plan - Monthly IDCW,INF917K01CH6,INF917K01CI4,Open Ended Schemes,Debt Scheme - Short Duration Fund,11.0069,02-Apr-2026
151064,HSBC Mutual Fund,HSBC Short Duration Fund - Regular Quarterly IDCW,INF917K01CJ2,INF917K01CK0,Open Ended Schemes,Debt Scheme - Short Duration Fund,10.2931,02-Apr-2026
151065,HSBC Mutual Fund,HSBC Short Duration Fund - Regular Growth,INF917K01CL8,,Open Ended Schemes,Debt Scheme - Short Duration Fund,27.3173,02-Apr-2026
151067,HSBC Mutual Fund,HSBC Short Duration Fund - Direct Growth,INF917K01IQ4,,Open Ended Schemes,Debt Scheme - Short Duration Fund,29.0256,02-Apr-2026
151068,HSBC Mutual Fund,HSBC Short Duration Fund - Direct Plan -  Monthly IDCW,INF917K01IP6,INF917K01IO9,Open Ended Schemes,Debt Scheme - Short Duration Fund,11.6709,02-Apr-2026
151069,HSBC Mutual Fund,HSBC Short Duration Fund - Direct Quarterly IDCW,INF917K01IS0,INF917K01IR2,Open Ended Schemes,Debt Scheme - Short Duration Fund,11.1334,02-Apr-2026
151070,HSBC Mutual Fund,HSBC Short Duration Fund - Direct Annual IDCW,INF917K01VR5,INF917K01VQ7,Open Ended Schemes,Debt Scheme - Short Duration Fund,11.867,02-Apr-2026
151071,HSBC Mutual Fund,HSBC Short Duration Fund - Regular Annual IDCW,INF917K01VT1,INF917K01VS3,Open Ended Schemes,Debt Scheme - Short Duration Fund,11.3125,02-Apr-2026
151084,HSBC Mutual Fund,HSBC Dynamic Bond Fund - Regular Growth,INF677K01916,,Open Ended Schemes,Debt Scheme - Dynamic Bond,29.7472,02-Apr-2026
151085,HSBC Mutual Fund,HSBC Dynamic Bond Fund - Regular Monthly IDCW,INF677K01924,INF677K01932,Open Ended Schemes,Debt Scheme - Dynamic Bond,10.5454,02-Apr-2026
151086,HSBC Mutual Fund,HSBC Dynamic Bond Fund - Direct Monthly IDCW,INF917K01GZ9,INF917K01GY2,Open Ended Schemes,Debt Scheme - Dynamic Bond,12.5627,02-Apr-2026
151087,HSBC Mutual Fund,HSBC Dynamic Bond Fund - Direct Growth,INF917K01HA0,,Open Ended Schemes,Debt Scheme - Dynamic Bond,32.3385,02-Apr-2026
151088,HSBC Mutual Fund,HSBC Dynamic Bond Fund - Direct Annual IDCW,INF917K01VN4,INF917K01VM6,Open Ended Schemes,Debt Scheme - Dynamic Bond,10.4681,02-Apr-2026
151089,HSBC Mutual Fund,HSBC Dynamic Bond Fund - Regular Annual IDCW,INF917K01VP9,INF917K01VO2,Open Ended Schemes,Debt Scheme - Dynamic Bond,9.9435,02-Apr-2026
151102,HSBC Mutual Fund,HSBC Banking and PSU Debt Fund - Regular Daily IDCW,,INF677K01AF4,Open Ended Schemes,Debt Scheme - Banking and PSU Fund,11.0452,02-Apr-2026
151103,HSBC Mutual Fund,HSBC Banking and PSU Debt Fund - Regular Weekly IDCW,,INF917K01HM5,Open Ended Schemes,Debt Scheme - Banking and PSU Fund,10.2599,02-Apr-2026
151104,HSBC Mutual Fund,HSBC Banking and PSU Debt Fund - Regular Growth,INF677K01AE7,,Open Ended Schemes,Debt Scheme - Banking and PSU Fund,24.9667,02-Apr-2026
151105,HSBC Mutual Fund,HSBC Banking and PSU Debt Fund - Regular Monthly IDCW,INF677K01AI8,INF677K01AJ6,Open Ended Schemes,Debt Scheme - Banking and PSU Fund,10.3184,02-Apr-2026
151106,HSBC Mutual Fund,HSBC Banking and PSU Debt Fund - Direct Monthly IDCW,INF917K01HJ1,INF917K01HI3,Open Ended Schemes,Debt Scheme - Banking and PSU Fund,11.0943,02-Apr-2026
151107,HSBC Mutual Fund,HSBC Banking and PSU Debt Fund - Direct Growth,INF917K01HH5,,Open Ended Schemes,Debt Scheme - Banking and PSU Fund,26.3627,02-Apr-2026
151108,HSBC Mutual Fund,HSBC Banking and PSU Debt Fund - Direct Daily IDCW,,INF917K01HL7,Open Ended Schemes,Debt Scheme - Banking and PSU Fund,11.1226,02-Apr-2026
151109,HSBC Mutual Fund,HSBC Banking and PSU Debt Fund - Direct Weekly IDCW,,INF917K01HK9,Open Ended Schemes,Debt Scheme - Banking and PSU Fund,10.289,02-Apr-2026
151114,HSBC Mutual Fund,HSBC Low Duration Fund - Regular Growth,INF677K01452,,Open Ended Schemes,Debt Scheme - Low Duration Fund,29.8958,02-Apr-2026
151115,HSBC Mutual Fund,HSBC Low Duration Fund - Regular Monthly IDCW,INF677K01460,INF677K01478,Open Ended Schemes,Debt Scheme - Low Duration Fund,10.3563,02-Apr-2026
151116,HSBC Mutual Fund,HSBC Low Duration Fund - Direct Monthly IDCW,INF917K01E60,INF917K01GK1,Open Ended Schemes,Debt Scheme - Low Duration Fund,11.0662,02-Apr-2026
151117,HSBC Mutual Fund,HSBC Low Duration Fund - Direct Growth,INF917K01GM7,,Open Ended Schemes,Debt Scheme - Low Duration Fund,31.644,02-Apr-2026
151118,HSBC Mutual Fund,HSBC Low Duration Fund - Direct Annual IDCW,INF917K01VV7,INF917K01VU9,Open Ended Schemes,Debt Scheme - Low Duration Fund,10.2974,02-Apr-2026
151119,HSBC Mutual Fund,HSBC Low Duration Fund - Regular Annual IDCW,INF917K01VX3,INF917K01VW5,Open Ended Schemes,Debt Scheme - Low Duration Fund,10.1294,02-Apr-2026
151146,HSBC Mutual Fund,HSBC Medium Duration Fund - Direct Growth,INF917K01TK4,,Open Ended Schemes,Debt Scheme - Medium Duration Fund,23.1307,02-Apr-2026
151147,HSBC Mutual Fund,HSBC Medium Duration Fund - Regular IDCW,INF917K01TJ6,INF917K01TI8,Open Ended Schemes,Debt Scheme - Medium Duration Fund,10.4871,02-Apr-2026
151148,HSBC Mutual Fund,HSBC Medium Duration Fund - Direct IDCW,INF917K01TM0,INF917K01TL2,Open Ended Schemes,Debt Scheme - Medium Duration Fund,11.4657,02-Apr-2026
151149,HSBC Mutual Fund,HSBC Medium Duration Fund - Regular Growth,INF917K01TH0,,Open Ended Schemes,Debt Scheme - Medium Duration Fund,21.0924,02-Apr-2026
151150,HSBC Mutual Fund,HSBC Medium Duration Fund - Direct Annual IDCW,INF917K01WF8,INF917K01WC5,Open Ended Schemes,Debt Scheme - Medium Duration Fund,11.3349,02-Apr-2026
151151,HSBC Mutual Fund,HSBC Medium Duration Fund - Regular Annual IDCW,INF917K01WE1,INF917K01WD3,Open Ended Schemes,Debt Scheme - Medium Duration Fund,10.2919,02-Apr-2026
151176,Axis Mutual Fund,Axis Long Duration Fund - Direct Plan -Daily IDCW,,INF846K017L6,Open Ended Schemes,Debt Scheme - Long Duration Fund,965.1275,02-Apr-2026
151177,Axis Mutual Fund,Axis Long Duration Fund - Regular Plan - Daily IDCW,,INF846K016L8,Open Ended Schemes,Debt Scheme - Long Duration Fund,962.7258,02-Apr-2026
151178,Axis Mutual Fund,Axis Long Duration Fund - Regular Plan - Growth,INF846K015L0,,Open Ended Schemes,Debt Scheme - Long Duration Fund,1181.4757,02-Apr-2026
151179,Axis Mutual Fund,Axis Long Duration Fund - Direct Plan - Growth,INF846K014L3,,Open Ended Schemes,Debt Scheme - Long Duration Fund,1199.0320,02-Apr-2026
151190,quant Mutual Fund,quant Overnight Fund - Growth Option - Direct Plan,INF966L01AZ7,,Open Ended Schemes,Debt Scheme - Overnight Fund,12.3152,02-Apr-2026
151191,quant Mutual Fund,quant Overnight Fund - IDCW Option - Regular Plan,INF966L01BD2,INF966L01BE0,Open Ended Schemes,Debt Scheme - Overnight Fund,12.2607,02-Apr-2026
151193,quant Mutual Fund,quant Overnight Fund - IDCW Option - Direct Plan,INF966L01BA8,INF966L01BB6,Open Ended Schemes,Debt Scheme - Overnight Fund,12.3194,02-Apr-2026
151195,quant Mutual Fund,quant Overnight Fund - Growth Option - Regular Plan,INF966L01BC4,,Open Ended Schemes,Debt Scheme - Overnight Fund,12.2728,02-Apr-2026
151201,Axis Mutual Fund,Axis Long Duration Fund - Regular Plan - Monthly IDCW,INF846K018L4,INF846K010M9,Open Ended Schemes,Debt Scheme - Long Duration Fund,983.9398,02-Apr-2026
151202,Axis Mutual Fund,Axis Long Duration Fund - Direct Plan - Monthly IDCW,INF846K019L2,INF846K011M7,Open Ended Schemes,Debt Scheme - Long Duration Fund,983.4204,02-Apr-2026
151203,Axis Mutual Fund,Axis Long Duration Fund - Regular Plan - Quarterly IDCW,INF846K012M5,INF846K014M1,Open Ended Schemes,Debt Scheme - Long Duration Fund,1147.8754,02-Apr-2026
151204,Axis Mutual Fund,Axis Long Duration Fund - Direct Plan - Quarterly IDCW,INF846K013M3,INF846K015M8,Open Ended Schemes,Debt Scheme - Long Duration Fund,1165.2142,02-Apr-2026
151205,Axis Mutual Fund,Axis Long Duration Fund - Direct Plan - Annual IDCW,INF846K017M4,INF846K019M0,Open Ended Schemes,Debt Scheme - Long Duration Fund,1188.4332,02-Apr-2026
151206,Axis Mutual Fund,Axis Long Duration Fund - Regular Plan - Annual IDCW,INF846K016M6,INF846K018M2,Open Ended Schemes,Debt Scheme - Long Duration Fund,1171.0408,02-Apr-2026
151212,SBI Mutual Fund,SBI Long Duration Fund - Regular Plan - Growth,INF200KA13T1,,Open Ended Schemes,Debt Scheme - Long Duration Fund,12.0130,02-Apr-2026
151213,SBI Mutual Fund,SBI Long Duration Fund - Regular Plan - Income Distribution cum Capital Withdrawal Option (IDCW),INF200KA14T9,INF200KA15T6,Open Ended Schemes,Debt Scheme - Long Duration Fund,12.0132,02-Apr-2026
151214,SBI Mutual Fund,SBI Long Duration Fund - Direct Plan - Growth,INF200KA16T4,,Open Ended Schemes,Debt Scheme - Long Duration Fund,12.1778,02-Apr-2026
151215,SBI Mutual Fund,SBI Long Duration Fund - Direct Plan - Income Distribution cum Capital Withdrawal Option (IDCW),INF200KA17T2,INF200KA18T0,Open Ended Schemes,Debt Scheme - Long Duration Fund,12.1782,02-Apr-2026
151228,quant Mutual Fund,quant Gilt Fund - Growth Option - Direct Plan,INF966L01BF7,,Open Ended Schemes,Debt Scheme - Gilt Fund,12.0894,02-Apr-2026
151229,quant Mutual Fund,quant Gilt Fund - IDCW Option - Direct Plan,INF966L01BG5,INF966L01BH3,Open Ended Schemes,Debt Scheme - Gilt Fund,12.089,02-Apr-2026
151230,quant Mutual Fund,quant Gilt Fund - Growth Option - Regular Plan,INF966L01BI1,,Open Ended Schemes,Debt Scheme - Gilt Fund,11.7234,02-Apr-2026
151231,quant Mutual Fund,quant Gilt Fund - IDCW Option - Regular Plan,INF966L01BJ9,INF966L01BK7,Open Ended Schemes,Debt Scheme - Gilt Fund,11.7338,02-Apr-2026
151311,HDFC Mutual Fund,HDFC Long Duration Debt Fund - IDCW Option,INF179KC1EX9,INF179KC1EY7,Open Ended Schemes,Debt Scheme - Long Duration Fund,10.1597,02-Apr-2026
151312,HDFC Mutual Fund,HDFC Long Duration Debt Fund - IDCW Option - Direct Plan,INF179KC1EU5,INF179KC1EV3,Open Ended Schemes,Debt Scheme - Long Duration Fund,9.9351,02-Apr-2026
151313,HDFC Mutual Fund,HDFC Long Duration Debt Fund - Growth Option - Direct Plan,INF179KC1ET7,,Open Ended Schemes,Debt Scheme - Long Duration Fund,11.8564,02-Apr-2026
151314,HDFC Mutual Fund,HDFC Long Duration Debt Fund - Growth Option,INF179KC1EW1,,Open Ended Schemes,Debt Scheme - Long Duration Fund,11.725,02-Apr-2026
151319,Trust Mutual Fund,TRUSTMF CORPORATE BOND FUND-REGULAR PLAN-MONTHLY IDCW,INF0GCD01552,INF0GCD01545,Open Ended Schemes,Debt Scheme - Corporate Bond Fund,1147.0630,02-Apr-2026
151320,Trust Mutual Fund,TRUSTMF CORPORATE BOND FUND-DIRECT PLAN-GROWTH,INF0GCD01560,,Open Ended Schemes,Debt Scheme - Corporate Bond Fund,1237.4554,02-Apr-2026
151321,Trust Mutual Fund,TRUSTMF CORPORATE BOND FUND-DIRECT PLAN-MONTHLY IDCW,INF0GCD01586,INF0GCD01578,Open Ended Schemes,Debt Scheme - Corporate Bond Fund,1164.6733,02-Apr-2026
151322,Trust Mutual Fund,TRUSTMF CORPORATE BOND FUND-REGULAR PLAN-GROWTH,INF0GCD01537,,Open Ended Schemes,Debt Scheme - Corporate Bond Fund,1221.6356,02-Apr-2026
151523,UTI Mutual Fund,UTI Long Duration Fund - Direct Plan - Growth Option,INF789F1AYB5,,Open Ended Schemes,Debt Scheme - Long Duration Fund,11.7515,02-Apr-2026
151524,UTI Mutual Fund,UTI Long duration Fund - Direct Plan - Quarterly IDCW Option,INF789F1AYC3,INF789F1AYD1,Open Ended Schemes,Debt Scheme - Long Duration Fund,11.7515,02-Apr-2026
151525,UTI Mutual Fund,UTI Long Duration Fund - Direct Plan - Annual IDCW Option,INF789F1AYG4,INF789F1AYH2,Open Ended Schemes,Debt Scheme - Long Duration Fund,10.8344,02-Apr-2026
151526,UTI Mutual Fund,UTI Long Duration Fund - Direct Plan - Flexi IDCW Option,INF789F1AYI0,INF789F1AYJ8,Open Ended Schemes,Debt Scheme - Long Duration Fund,11.6028,02-Apr-2026
151527,UTI Mutual Fund,UTI Long Duration Fund - Regular Plan - Growth Option,INF789F1AXS1,,Open Ended Schemes,Debt Scheme - Long Duration Fund,11.4228,02-Apr-2026
151528,UTI Mutual Fund,UTI Long Duration Fund - Regular Plan - Quarterly IDCW Option,INF789F1AXT9,INF789F1AXU7,Open Ended Schemes,Debt Scheme - Long Duration Fund,11.4228,02-Apr-2026
151529,UTI Mutual Fund,UTI Long Duration Fund - Regular Plan - Half Yearly IDCW Option,INF789F1AXV5,INF789F1AXW3,Open Ended Schemes,Debt Scheme - Long Duration Fund,11.4229,02-Apr-2026
151530,UTI Mutual Fund,UTI Long Duration Fund - Direct Plan - Half Yearly IDCW Option,INF789F1AYE9,INF789F1AYF6,Open Ended Schemes,Debt Scheme - Long Duration Fund,11.7516,02-Apr-2026
151531,UTI Mutual Fund,UTI Long Duration Fund - Regular Plan - Annual IDCW Option,INF789F1AXX1,INF789F1AXY9,Open Ended Schemes,Debt Scheme - Long Duration Fund,10.5185,02-Apr-2026
151532,UTI Mutual Fund,UTI Long Duration Fund - Regular Plan - Flexi IDCW Option,INF789F1AXZ6,INF789F1AYA7,Open Ended Schemes,Debt Scheme - Long Duration Fund,11.423,02-Apr-2026
151833,Bajaj Finserv Mutual Fund,Bajaj Finserv Liquid Fund - Direct Plan - Growth,INF0QA701011,,Open Ended Schemes,Debt Scheme - Liquid Fund,1204.3256,03-Apr-2026
151834,Bajaj Finserv Mutual Fund,Bajaj Finserv Liquid Fund - Direct Plan - Weekly - IDCW,INF0QA701060,INF0QA701037,Open Ended Schemes,Debt Scheme - Liquid Fund,1036.4905,03-Apr-2026
151835,Bajaj Finserv Mutual Fund,Bajaj Finserv Liquid Fund - Direct Plan - Daily - IDCW,,INF0QA701029,Open Ended Schemes,Debt Scheme - Liquid Fund,1034.6939,03-Apr-2026
151836,Bajaj Finserv Mutual Fund,Bajaj Finserv Liquid Fund - Direct Plan - Monthly - IDCW,INF0QA701086,INF0QA701052,Open Ended Schemes,Debt Scheme - Liquid Fund,1039.4161,03-Apr-2026
151837,Bajaj Finserv Mutual Fund,Bajaj Finserv Liquid Fund - Regular Plan - Growth,INF0QA701094,,Open Ended Schemes,Debt Scheme - Liquid Fund,1198.5963,03-Apr-2026
151838,Bajaj Finserv Mutual Fund,Bajaj Finserv Liquid Fund - Direct Plan - Fortnightly - IDCW,INF0QA701078,INF0QA701045,Open Ended Schemes,Debt Scheme - Liquid Fund,1038.2016,03-Apr-2026
151839,Bajaj Finserv Mutual Fund,Bajaj Finserv Liquid Fund - Regular Plan - Daily - IDCW,,INF0QA701136,Open Ended Schemes,Debt Scheme - Liquid Fund,1033.8241,03-Apr-2026
151840,Bajaj Finserv Mutual Fund,Bajaj Finserv Liquid Fund - Regular Plan - Weekly - IDCW,INF0QA701144,INF0QA701102,Open Ended Schemes,Debt Scheme - Liquid Fund,1035.6036,03-Apr-2026
151841,Bajaj Finserv Mutual Fund,Bajaj Finserv Liquid Fund - Regular Plan - Fortnightly - IDCW,INF0QA701151,INF0QA701110,Open Ended Schemes,Debt Scheme - Liquid Fund,1037.2481,03-Apr-2026
151842,Bajaj Finserv Mutual Fund,Bajaj Finserv Liquid Fund - Regular Plan - Monthly - IDCW,INF0QA701169,INF0QA701128,Open Ended Schemes,Debt Scheme - Liquid Fund,1038.4393,03-Apr-2026
151843,Bajaj Finserv Mutual Fund,Bajaj Finserv Overnight Fund - Direct Plan - Daily - IDCW,,INF0QA701185,Open Ended Schemes,Debt Scheme - Overnight Fund,1033.1412,03-Apr-2026
151844,Bajaj Finserv Mutual Fund,Bajaj Finserv Overnight Fund - Direct Plan - Weekly - IDCW,INF0QA701227,INF0QA701193,Open Ended Schemes,Debt Scheme - Overnight Fund,1033.7621,03-Apr-2026
151845,Bajaj Finserv Mutual Fund,Bajaj Finserv Overnight Fund - Direct Plan - Monthly - IDCW,INF0QA701243,INF0QA701219,Open Ended Schemes,Debt Scheme - Overnight Fund,1035.8917,03-Apr-2026
151846,Bajaj Finserv Mutual Fund,Bajaj Finserv Overnight Fund - Regular Plan - Weekly - IDCW,INF0QA701300,INF0QA701268,Open Ended Schemes,Debt Scheme - Overnight Fund,1033.5154,03-Apr-2026
151847,Bajaj Finserv Mutual Fund,Bajaj Finserv Overnight Fund - Regular Plan - Fortnightly - IDCW,INF0QA701318,INF0QA701276,Open Ended Schemes,Debt Scheme - Overnight Fund,1034.6048,03-Apr-2026
151848,Bajaj Finserv Mutual Fund,Bajaj Finserv Overnight Fund - Regular Plan - Monthly - IDCW,INF0QA701326,INF0QA701284,Open Ended Schemes,Debt Scheme - Overnight Fund,1035.6063,03-Apr-2026
151849,Bajaj Finserv Mutual Fund,Bajaj Finserv Overnight Fund - Direct Plan - Growth,INF0QA701177,,Open Ended Schemes,Debt Scheme - Overnight Fund,1182.2678,03-Apr-2026
151850,Bajaj Finserv Mutual Fund,Bajaj Finserv Overnight Fund - Direct Plan - Fortnightly - IDCW,INF0QA701235,INF0QA701201,Open Ended Schemes,Debt Scheme - Overnight Fund,1034.8531,03-Apr-2026
151851,Bajaj Finserv Mutual Fund,Bajaj Finserv Overnight Fund - Regular Plan - Growth,INF0QA701250,,Open Ended Schemes,Debt Scheme - Overnight Fund,1180.6452,03-Apr-2026
151852,Bajaj Finserv Mutual Fund,Bajaj Finserv Overnight Fund - Regular Plan - Daily - IDCW,,INF0QA701292,Open Ended Schemes,Debt Scheme - Overnight Fund,1032.8859,03-Apr-2026
151889,Bajaj Finserv Mutual Fund,Bajaj Finserv Money Market Fund-Direct Plan-Growth,INF0QA701334,,Open Ended Schemes,Debt Scheme - Money Market Fund,1215.3830,02-Apr-2026
151890,Bajaj Finserv Mutual Fund,Bajaj Finserv Money Market Fund-Direct Plan-IDCW,INF0QA701391,INF0QA701375,Open Ended Schemes,Debt Scheme - Money Market Fund,1215.3830,02-Apr-2026
151891,Bajaj Finserv Mutual Fund,Bajaj Finserv Money Market Fund-Regular Plan-IDCW,INF0QA701466,INF0QA701458,Open Ended Schemes,Debt Scheme - Money Market Fund,1196.0614,02-Apr-2026
151892,Bajaj Finserv Mutual Fund,Bajaj Finserv Money Market Fund-Regular Plan-Monthly-IDCW,INF0QA701482,INF0QA701474,Open Ended Schemes,Debt Scheme - Money Market Fund,1045.7095,02-Apr-2026
151893,Bajaj Finserv Mutual Fund,Bajaj Finserv Money Market Fund-Regular Plan-Growth,INF0QA701441,,Open Ended Schemes,Debt Scheme - Money Market Fund,1196.0614,02-Apr-2026
151894,Bajaj Finserv Mutual Fund,Bajaj Finserv Money Market Fund-Direct Plan-Monthly-IDCW,INF0QA701433,INF0QA701425,Open Ended Schemes,Debt Scheme - Money Market Fund,1038.0389,02-Apr-2026
151927,LIC Mutual Fund,LIC MF Liquid Fund-Regular Plan-Weekly IDCW,INF397L01950,INF397L01943,Open Ended Schemes,Debt Scheme - Liquid Fund,1003.7142,05-Apr-2026
151928,LIC Mutual Fund,LIC MF Liquid Fund-Regular Plan-Monthly IDCW,INF397L01976,INF397L01968,Open Ended Schemes,Debt Scheme - Liquid Fund,1196.3627,05-Apr-2026
151930,LIC Mutual Fund,LIC MF Liquid Fund-Direct Plan-Monthly IDCW,INF397L01AK7,INF397L01AJ9,Open Ended Schemes,Debt Scheme - Liquid Fund,1216.861,05-Apr-2026
151932,LIC Mutual Fund,LIC MF Liquid Fund-Direct Plan-Weekly IDCW,INF397L01AM3,INF397L01AL5,Open Ended Schemes,Debt Scheme - Liquid Fund,1086.9089,05-Apr-2026
151986,LIC Mutual Fund,LIC MF Medium to Long Duration Fund-Regular Plan-Quarterly IDCW,INF397L01FU5,,Open Ended Schemes,Debt Scheme - Medium to Long Duration Fund,15.9609,02-Apr-2026
151988,LIC Mutual Fund,LIC MF Medium to Long Duration Fund-Direct Plan-Quarterly IDCW,INF397L01GA5,,Open Ended Schemes,Debt Scheme - Medium to Long Duration Fund,19.0779,02-Apr-2026
151989,LIC Mutual Fund,LIC MF Medium to Long Duration Fund-Regular Plan-Annual IDCW,INF397L01FX9,,Open Ended Schemes,Debt Scheme - Medium to Long Duration Fund,15.9609,02-Apr-2026
151990,LIC Mutual Fund,LIC MF Medium to Long Duration Fund-Direct Plan-Annual IDCW,INF397L01GD9,,Open Ended Schemes,Debt Scheme - Medium to Long Duration Fund,19.0777,02-Apr-2026
152111,PGIM India Mutual Fund,PGIM India Money Market Fund - Segregated Portfolio 1 - Direct Plan - Annual IDCW option,,,Open Ended Schemes,Debt Scheme - Money Market Fund,0,02-Apr-2026
152112,PGIM India Mutual Fund,PGIM India Money Market Fund - Segregated Portfolio 1 - Direct Plan - Monthly IDCW Option,,,Open Ended Schemes,Debt Scheme - Money Market Fund,0,02-Apr-2026
152113,PGIM India Mutual Fund,PGIM India Money Market Fund - Segregated Portfolio 1 - Direct Plan - Quarterly IDCW option,,,Open Ended Schemes,Debt Scheme - Money Market Fund,0,02-Apr-2026
152114,PGIM India Mutual Fund,PGIM India Money Market Fund - Segregated Portfolio 1 - Direct Plan - Growth Option,,,Open Ended Schemes,Debt Scheme - Money Market Fund,0,02-Apr-2026
152116,NJ Mutual Fund,NJ Overnight Fund - Unclaimed Redemption Plan - Upto 3 Years,,,Open Ended Schemes,Debt Scheme - Overnight Fund,1083.1961,03-Apr-2026
152119,PGIM India Mutual Fund,PGIM India Money Market Fund - Segregated Portfolio 1 - Regular Plan - Monthly IDCW option,,,Open Ended Schemes,Debt Scheme - Money Market Fund,0,02-Apr-2026
152120,PGIM India Mutual Fund,PGIM India Money Market Fund - Segregated Portfolio 1 - Regular Plan - Annual IDCW Option,,,Open Ended Schemes,Debt Scheme - Money Market Fund,0,02-Apr-2026
152121,PGIM India Mutual Fund,PGIM India Money Market Fund - Segregated Portfolio 1 - Regular Plan - Quarterly IDCW Option,,,Open Ended Schemes,Debt Scheme - Money Market Fund,0,02-Apr-2026
152122,PGIM India Mutual Fund,PGIM India Money Market Fund - Segregated Portfolio 1 - Regular plan - Growth option,,,Open Ended Schemes,Debt Scheme - Money Market Fund,0,02-Apr-2026
152151,Helios Mutual Fund,Helios Overnight Fund - Direct Plan - Daily IDCW Option,INF0R8701087,,Open Ended Schemes,Debt Scheme - Overnight Fund,1000.0000,05-Apr-2026
152152,Helios Mutual Fund,Helios Overnight Fund - Direct Plan - Growth Option,INF0R8701079,,Open Ended Schemes,Debt Scheme - Overnight Fund,1156.0831,05-Apr-2026
152153,Helios Mutual Fund,Helios Overnight Fund - Regular Plan - Growth Option,INF0R8701095,,Open Ended Schemes,Debt Scheme - Overnight Fund,1154.6682,05-Apr-2026
152154,Helios Mutual Fund,Helios Overnight Fund - Regular Plan - Daily IDCW Option,INF0R8701103,,Open Ended Schemes,Debt Scheme - Overnight Fund,1000.0000,05-Apr-2026
152162,Bajaj Finserv Mutual Fund,Bajaj Finserv Banking and PSU Fund-Direct Plan- Growth,INF0QA701607,,Open Ended Schemes,Debt Scheme - Banking and PSU Fund,11.8514,02-Apr-2026
152163,Bajaj Finserv Mutual Fund,Bajaj Finserv Banking and PSU Fund- Direct Plan- IDCW,INF0QA701615,INF0QA701623,Open Ended Schemes,Debt Scheme - Banking and PSU Fund,11.8514,02-Apr-2026
152164,Bajaj Finserv Mutual Fund,Bajaj Finserv Banking and PSU Fund-  Direct Plan-Monthly- IDCW,INF0QA701649,INF0QA701631,Open Ended Schemes,Debt Scheme - Banking and PSU Fund,10.9236,02-Apr-2026
152165,Bajaj Finserv Mutual Fund,Bajaj Finserv Banking and PSU Fund- Regular Plan- Growth,INF0QA701557,,Open Ended Schemes,Debt Scheme - Banking and PSU Fund,11.6968,02-Apr-2026
152166,Bajaj Finserv Mutual Fund,Bajaj Finserv Banking and PSU Fund- Regular Plan- IDCW,INF0QA701565,INF0QA701573,Open Ended Schemes,Debt Scheme - Banking and PSU Fund,11.6968,02-Apr-2026
152167,Bajaj Finserv Mutual Fund,Bajaj Finserv Banking and PSU Fund-Regular Plan-Monthly-IDCW,INF0QA701599,INF0QA701581,Open Ended Schemes,Debt Scheme - Banking and PSU Fund,10.8477,02-Apr-2026
152199,Franklin Templeton Mutual Fund,Franklin India Money Market Fund Wkly IDCW R,INF090I01WT9,INF090I01WU7,Open Ended Schemes,Debt Scheme - Money Market Fund,10.0948,02-Apr-2026
152200,Franklin Templeton Mutual Fund,Franklin India Money Market Fund - DP - Wkly IDCW R,INF090I01WV5,INF090I01WW3,Open Ended Schemes,Debt Scheme - Money Market Fund,10.1055,02-Apr-2026
152298,Quantum Mutual Fund,Quantum Liquid Fund - Unclaimed IDCW Plan Below 3 years,,,Open Ended Schemes,Debt Scheme - Liquid Fund,11.5628,05-Apr-2026
152299,Quantum Mutual Fund,Quantum Liquid Fund - Unclaimed IDCW Plan Above 3 years,,,Open Ended Schemes,Debt Scheme - Liquid Fund,10.0000,05-Apr-2026
152300,Quantum Mutual Fund,Quantum Liquid Fund - Unclaimed Redemption Plan Below 3 years,,,Open Ended Schemes,Debt Scheme - Liquid Fund,11.1021,05-Apr-2026
152301,Quantum Mutual Fund,Quantum Liquid Fund - Unclaimed Redemption Plan Above 3 years,,,Open Ended Schemes,Debt Scheme - Liquid Fund,10.0000,05-Apr-2026
152489,Kotak Mahindra Mutual Fund,Kotak Long Duration Fund - Regular Plan - Growth,INF174KA1RC2,,Open Ended Schemes,Debt Scheme - Long Duration Fund,10.5765,02-Apr-2026
152490,Kotak Mahindra Mutual Fund,Kotak Long Duration Fund - Regular Plan - IDCW,INF174KA1RD0,INF174KA1RE8,Open Ended Schemes,Debt Scheme - Long Duration Fund,10.5767,02-Apr-2026
152491,Kotak Mahindra Mutual Fund,Kotak Long Duration Fund - Direct Plan - Growth,INF174KA1RF5,,Open Ended Schemes,Debt Scheme - Long Duration Fund,10.64,02-Apr-2026
152492,Kotak Mahindra Mutual Fund,Kotak Long Duration Fund - Direct Plan - IDCW,INF174KA1RG3,INF174KA1RH1,Open Ended Schemes,Debt Scheme - Long Duration Fund,10.6403,02-Apr-2026
152517,Bandhan Mutual Fund,Bandhan Long Duration Fund - Regular Plan - IDCW,INF194KB1HW6,INF194KB1HX4,Open Ended Schemes,Debt Scheme - Long Duration Fund,9.8097,02-Apr-2026
152518,Bandhan Mutual Fund,Bandhan Long Duration Fund - Regular Plan - Growth,INF194KB1HV8,,Open Ended Schemes,Debt Scheme - Long Duration Fund,10.7436,02-Apr-2026
152519,Bandhan Mutual Fund,Bandhan Long Duration Fund - Direct Plan - IDCW,INF194KB1HZ9,INF194KB1IA0,Open Ended Schemes,Debt Scheme - Long Duration Fund,9.9821,02-Apr-2026
152520,Bandhan Mutual Fund,Bandhan Long Duration Fund - Direct Plan - Growth,INF194KB1HY2,,Open Ended Schemes,Debt Scheme - Long Duration Fund,10.8332,02-Apr-2026
152580,Invesco Mutual Fund,Invesco India Money Market Fund - Weekly IDCW (Payout / Reinvestment),INF205KA1833,INF205KA1841,Open Ended Schemes,Debt Scheme - Money Market Fund,1000.8249,02-Apr-2026
152581,Invesco Mutual Fund,Invesco India Money Market Fund - Direct Plan - Weekly IDCW (Payout / Reinvestment),INF205KA1858,INF205KA1866,Open Ended Schemes,Debt Scheme - Money Market Fund,1000.8004,23-Feb-2026
152851,Franklin Templeton Mutual Fund,Franklin India Medium to Long Duration Fund - Direct Growth,INF090I01XG4,,Open Ended Schemes,Debt Scheme - Medium to Long Duration Fund,10.8448,02-Apr-2026
152852,Franklin Templeton Mutual Fund,Franklin India Medium to Long Duration Fund - Direct - IDCW,INF090I01XH2,INF090I01XI0,Open Ended Schemes,Debt Scheme - Medium to Long Duration Fund,10.3445,02-Apr-2026
152853,Franklin Templeton Mutual Fund,Franklin India Medium to Long Duration Fund - Growth,INF090I01XD1,,Open Ended Schemes,Debt Scheme - Medium to Long Duration Fund,10.7604,02-Apr-2026
152854,Franklin Templeton Mutual Fund,Franklin India Medium to Long Duration Fund - IDCW,INF090I01XE9,INF090I01XF6,Open Ended Schemes,Debt Scheme - Medium to Long Duration Fund,10.2760,02-Apr-2026
152892,Baroda BNP Paribas Mutual Fund,Baroda BNP Paribas Credit risk fund -Defunct -Growth option -Seg-Portfolio 2 (erstwhile BBNPP Medium Duration Fund-Defunct Growth Option Seg.Portfolio1),INF955L01JM9,,Open Ended Schemes,Debt Scheme - Credit Risk Fund,0.0000,02-Apr-2026
152893,Baroda BNP Paribas Mutual Fund,Baroda BNP Paribas Credit Risk Fund-Defunct -Daily IDCW option - seg Portfolio 2 (erstwhile BBNPP Medium Duration fund Defunct Daily IDCW daily option Seg Portfolio 1),,INF955L01JN7,Open Ended Schemes,Debt Scheme - Credit Risk Fund,0.0000,02-Apr-2026
152894,Baroda BNP Paribas Mutual Fund,Baroda BNP Paribas Credit Risk fund -Defunct -Weekly IDCW option -Seg. Portfolio 2 (erstwhile BBNPP Medium Duration Fund Defunct-Weekly IDCW option Seg. Portfolio 1),,INF955L01JO5,Open Ended Schemes,Debt Scheme - Credit Risk Fund,0.0000,02-Apr-2026
152895,Baroda BNP Paribas Mutual Fund,Baroda BNP Paribas Credit Risk fund -Direct -Weekly IDCW option -Seg. Portfolio 2 (erstwhile BBNPP Medium Duration Fund Direct-weekly IDCW option Seg. Portfolio 1),,INF955L01JL1,Open Ended Schemes,Debt Scheme - Credit Risk Fund,0.0000,02-Apr-2026
152896,Baroda BNP Paribas Mutual Fund,Baroda BNP Paribas Credit Risk fund -Direct -Quarterly IDCW option -Seg. Portfolio 2 (erstwhile BBNPP Medium Duration Fund Direct-Quarterly IDCW option Seg. Portfolio 1),INF955L01JG1,INF955L01JH9,Open Ended Schemes,Debt Scheme - Credit Risk Fund,0.0000,02-Apr-2026
152897,Baroda BNP Paribas Mutual Fund,Baroda BNP Paribas Credit Risk fund -Direct -Monthly IDCW option -Seg. Portfolio 2 (erstwhile BBNPP Medium Duration Fund Direct-Monthly IDCW option Seg. Portfolio 1),,INF955L01JJ5,Open Ended Schemes,Debt Scheme - Credit Risk Fund,0.0000,02-Apr-2026
152898,Baroda BNP Paribas Mutual Fund,Baroda BNP Paribas Credit Risk fund -Direct - Growth option -Seg. Portfolio 2 (erstwhile BBNPP Medium Duration Fund Direct-Growth option Seg. Portfolio 1),INF955L01JF3,,Open Ended Schemes,Debt Scheme - Credit Risk Fund,0.0000,02-Apr-2026
152899,Baroda BNP Paribas Mutual Fund,Baroda BNP Paribas Credit Risk fund -Defunct -Monthly IDCW option -Seg. Portfolio 2 (erstwhile BBNPP Medium Duration Fund Defunct-Monthly IDCW option Seg. Portfolio 1),INF955L01JP2,INF955L01JQ0,Open Ended Schemes,Debt Scheme - Credit Risk Fund,0.0000,02-Apr-2026
152900,Baroda BNP Paribas Mutual Fund,Baroda BNP Paribas Credit Risk fund -Direct-Daily IDCW option -Seg. Portfolio 2 (erstwhile BBNPP Medium Duration Fund Direct-daily-IDCW option Seg. Portfolio 1),INF955L01JI7,INF955L01JK3,Open Ended Schemes,Debt Scheme - Credit Risk Fund,0.0000,02-Apr-2026
152901,Baroda BNP Paribas Mutual Fund,Baroda BNP Paribas Credit Risk fund -Regular -Daily-IDCW option -Seg. Portfolio 2 (erstwhile BBNPP Medium Duration Fund Regular-Daily-IDCW option Seg. Portfolio 1),,INF955L01JD8,Open Ended Schemes,Debt Scheme - Credit Risk Fund,0.0000,02-Apr-2026
152902,Baroda BNP Paribas Mutual Fund,Baroda BNP Paribas Credit Risk fund -Regular -Monthly IDCW option -Seg. Portfolio 2 (erstwhile BBNPP Medium Duration Fund Regular-Monthly IDCW option Seg. Portfolio 1),INF955L01JB2,INF955L01JC0,Open Ended Schemes,Debt Scheme - Credit Risk Fund,0.0000,02-Apr-2026
152903,Baroda BNP Paribas Mutual Fund,Baroda BNP Paribas Credit Risk fund - Regular-Quarterly- IDCW option -Seg. Portfolio 2 (erstwhile BBNPP Medium Duration Fund Regular-Quarterly IDCW option Seg. Portfolio 1),INF955L01IZ3,INF955L01JA4,Open Ended Schemes,Debt Scheme - Credit Risk Fund,0.0000,02-Apr-2026
152904,Baroda BNP Paribas Mutual Fund,Baroda BNP Paribas Credit Risk fund -Regular-Growth -Seg. Portfolio 2 (erstwhile BBNPP Medium Duration Fund Regular Growth Seg. Portfolio 1),INF955L01IY6,,Open Ended Schemes,Debt Scheme - Credit Risk Fund,0.0000,02-Apr-2026
152905,Baroda BNP Paribas Mutual Fund,Baroda BNP Paribas Credit Risk fund - Regular-Weekly-IDCW option -Seg. Portfolio 2 (erstwhile BBNPP Medium Duration Fund Regular-Weekly IDCW option Seg. Portfolio 1),,INF955L01JE6,Open Ended Schemes,Debt Scheme - Credit Risk Fund,0.0000,02-Apr-2026
153021,Samco Mutual Fund,Samco Overnight Fund - Unclaimed Redemption Upto 3 years,,,Open Ended Schemes,Debt Scheme - Overnight Fund,1076.7082,03-Apr-2026
153035,Shriram Mutual Fund,Shriram Liquid Fund - Direct Plan Growth Option,INF680P01430,,Open Ended Schemes,Debt Scheme - Liquid Fund,1090.5782,05-Apr-2026
153036,Shriram Mutual Fund,Shriram Liquid Fund - Regular Plan Growth Option,INF680P01448,,Open Ended Schemes,Debt Scheme - Liquid Fund,1088.4723,05-Apr-2026
153101,Franklin Templeton Mutual Fund,Franklin India Long Duration Fund - IDCW,INF090I01XX9,INF090I01XW1,Open Ended Schemes,Debt Scheme - Long Duration Fund,10.1055,02-Apr-2026
153102,Franklin Templeton Mutual Fund,Franklin India Long Duration Fund - Direct - Growth,INF090I01XY7,,Open Ended Schemes,Debt Scheme - Long Duration Fund,10.4126,02-Apr-2026
153103,Franklin Templeton Mutual Fund,Franklin India Long Duration Fund - Direct - IDCW,INF090I01YA5,INF090I01XZ4,Open Ended Schemes,Debt Scheme - Long Duration Fund,10.1324,02-Apr-2026
153104,Franklin Templeton Mutual Fund,Franklin India Long Duration Fund - Growth,INF090I01XV3,,Open Ended Schemes,Debt Scheme - Long Duration Fund,10.3456,02-Apr-2026
153105,Mirae Asset Mutual Fund,Mirae Asset Long Duration Fund - Direct Plan - Growth,INF769K01NC9,,Open Ended Schemes,Debt Scheme - Long Duration Fund,9.9915,02-Apr-2026
153106,Mirae Asset Mutual Fund,Mirae Asset Long Duration Fund - Direct Plan - IDCW,INF769K01ND7,INF769K01NF2,Open Ended Schemes,Debt Scheme - Long Duration Fund,9.9861,02-Apr-2026
153107,Mirae Asset Mutual Fund,Mirae Asset Long Duration Fund - Regular Plan - Growth,INF769K01MZ2,,Open Ended Schemes,Debt Scheme - Long Duration Fund,9.9252,02-Apr-2026
153108,Mirae Asset Mutual Fund,Mirae Asset Long Duration Fund - Regular Plan - IDCW,INF769K01NA3,INF769K01NB1,Open Ended Schemes,Debt Scheme - Long Duration Fund,9.9251,02-Apr-2026
153206,Bajaj Finserv Mutual Fund,Bajaj Finserv Gilt Fund - Direct - Growth,INF0QA701AP9,,Open Ended Schemes,Debt Scheme - Gilt Fund,1029.9743,02-Apr-2026
153207,Bajaj Finserv Mutual Fund,Bajaj Finserv Gilt Fund - Direct - IDCW,INF0QA701AQ7,INF0QA701AR5,Open Ended Schemes,Debt Scheme - Gilt Fund,1029.9743,02-Apr-2026
153209,Bajaj Finserv Mutual Fund,Bajaj Finserv Gilt Fund - Regular - IDCW,INF0QA701AN4,INF0QA701AO2,Open Ended Schemes,Debt Scheme - Gilt Fund,1020.0906,02-Apr-2026
153211,Bajaj Finserv Mutual Fund,Bajaj Finserv Gilt Fund - Regular - Growth,INF0QA701AM6,,Open Ended Schemes,Debt Scheme - Gilt Fund,1020.0906,02-Apr-2026
153280,Shriram Mutual Fund,Shriram Unclaimed Redemption Liquid Fund,,,Open Ended Schemes,Debt Scheme - Liquid Fund,1076.0221,05-Apr-2026
153281,Shriram Mutual Fund,Shriram Unclaimed Redemption Stable Scheme Liquid Fund,,,Open Ended Schemes,Debt Scheme - Liquid Fund,1000,05-Apr-2026
153282,Shriram Mutual Fund,Shriram Unclaimed IDCW Liquid Fund,,,Open Ended Schemes,Debt Scheme - Liquid Fund,1063.3017,05-Apr-2026
153283,Shriram Mutual Fund,Shriram Unclaimed IDCW Stable Scheme Liquid Fund,,,Open Ended Schemes,Debt Scheme - Liquid Fund,1000,05-Apr-2026
153293,Bank of India Mutual Fund,Bank of India Money Market Fund - Regular - Growth,INF761K01GS6,,Open Ended Schemes,Debt Scheme - Money Market Fund,10.7683,02-Apr-2026
153294,Bank of India Mutual Fund,Bank of India Money Market Fund - Direct - Growth,INF761K01GO5,,Open Ended Schemes,Debt Scheme - Money Market Fund,10.8322,02-Apr-2026
153295,Bank of India Mutual Fund,Bank of India Money Market Fund - Direct - Monthly IDCW,INF761K01GR8,INF761K01GX6,Open Ended Schemes,Debt Scheme - Money Market Fund,10.0621,02-Apr-2026
153296,Bank of India Mutual Fund,Bank of India Money Market Fund - Direct - Daily IDCW,,INF761K01GP2,Open Ended Schemes,Debt Scheme - Money Market Fund,10.0500,02-Apr-2026
153298,Bank of India Mutual Fund,Bank of India Money Market Fund - Regular - Daily IDCW,,INF761K01GT4,Open Ended Schemes,Debt Scheme - Money Market Fund,10.0500,02-Apr-2026
153299,Bank of India Mutual Fund,Bank of India Money Market Fund - Regular - Monthly IDCW,INF761K01GW8,INF761K01GV0,Open Ended Schemes,Debt Scheme - Money Market Fund,10.0615,02-Apr-2026
153301,Bank of India Mutual Fund,Bank of India Money Market Fund - Regular - Weekly IDCW,,INF761K01GU2,Open Ended Schemes,Debt Scheme - Money Market Fund,10.0510,02-Apr-2026
153368,Franklin Templeton Mutual Fund,Franklin India Low Duration Fund-Direct-Growth,INF090I01YE7,,Open Ended Schemes,Debt Scheme - Low Duration Fund,10.8291,02-Apr-2026
153369,Franklin Templeton Mutual Fund,Franklin India Low Duration Fund-Direct-IDCW,INF090I01YG2,INF090I01YF4,Open Ended Schemes,Debt Scheme - Low Duration Fund,10.4993,02-Apr-2026
153370,Franklin Templeton Mutual Fund,Franklin India Low Duration Fund-IDCW,INF090I01YD9,INF090I01YC1,Open Ended Schemes,Debt Scheme - Low Duration Fund,10.4503,02-Apr-2026
153371,Franklin Templeton Mutual Fund,Franklin India Low Duration Fund-Growth,INF090I01YB3,,Open Ended Schemes,Debt Scheme - Low Duration Fund,10.7650,02-Apr-2026
153416,Edelweiss Mutual Fund,Edelweiss Low Duration Fund - Direct Plan Growth,INF754K01UP8,,Open Ended Schemes,Debt Scheme - Low Duration Fund,1071.0198,02-Apr-2026
153417,Edelweiss Mutual Fund,Edelweiss Low Duration Fund - Regular Plan IDCW Payout,INF754K01UU8,INF754K01UV6,Open Ended Schemes,Debt Scheme - Low Duration Fund,1062.2723,02-Apr-2026
153418,Edelweiss Mutual Fund,Edelweiss Low Duration Fund - Direct Plan IDCW Payout,INF754K01UQ6,INF754K01UR4,Open Ended Schemes,Debt Scheme - Low Duration Fund,1070.9906,02-Apr-2026
153419,Edelweiss Mutual Fund,Edelweiss Low Duration Fund - Regular Plan Growth,INF754K01UT0,,Open Ended Schemes,Debt Scheme - Low Duration Fund,1062.2729,02-Apr-2026
153436,Zerodha Mutual Fund,Zerodha Overnight Fund - Direct Plan - Growth Option,INF0R8F01075,,Open Ended Schemes,Debt Scheme - Overnight Fund,10.5447,02-Apr-2026
153437,Bajaj Finserv Mutual Fund,Bajaj Finserv Overnight Fund - Direct - Unclaimed less than 3 years IDCW Plan,INF0QA701AE3,,Open Ended Schemes,Debt Scheme - Overnight Fund,1050.3448,03-Apr-2026
153438,Bajaj Finserv Mutual Fund,Bajaj Finserv Overnight Fund - Direct - Unclaimed less than 3 years Redemption Plan,INF0QA701AF0,,Open Ended Schemes,Debt Scheme - Overnight Fund,1056.9385,03-Apr-2026
153477,Groww Mutual Fund,Groww Gilt Fund - Direct - Growth,INF666M01KK2,,Open Ended Schemes,Debt Scheme - Gilt Fund,9.7977,02-Apr-2026
153502,Groww Mutual Fund,Groww Gilt Fund - Direct - IDCW,INF666M01KL0,INF666M01KM8,Open Ended Schemes,Debt Scheme - Gilt Fund,9.796,02-Apr-2026
153503,Groww Mutual Fund,Groww Gilt Fund - Regular - Growth,INF666M01KN6,,Open Ended Schemes,Debt Scheme - Gilt Fund,9.7098,02-Apr-2026
153504,Groww Mutual Fund,Groww Gilt Fund - Regular - IDCW,INF666M01KO4,INF666M01KP1,Open Ended Schemes,Debt Scheme - Gilt Fund,9.7099,02-Apr-2026
153570,Unifi Mutual Fund,Unifi Liquid Fund- Direct Growth,INF1MIY01056,,Open Ended Schemes,Debt Scheme - Liquid Fund,1050.0759,05-Apr-2026
153571,Unifi Mutual Fund,Unifi Liquid Fund- Regular Growth,INF1MIY01064,,Open Ended Schemes,Debt Scheme - Liquid Fund,1049.5597,05-Apr-2026
153585,Kotak Mahindra Mutual Fund,Kotak Liquid Fund - Direct Plan - Weekly - Reinvestment & Payout of Income Distribution cum capital withdrawal option,INF174KA1WL3,INF174KA1WJ7,Open Ended Schemes,Debt Scheme - Liquid Fund,1001.527,10-Jul-2025
153586,Kotak Mahindra Mutual Fund,Kotak Liquid Fund - Regular Plan - Weekly - Reinvestment & Payout of Income Distribution cum capital withdrawal option,INF174KA1WK5,INF174KA1WM1,Open Ended Schemes,Debt Scheme - Liquid Fund,1025.4121,04-Apr-2026
153649,Jio BlackRock Mutual Fund,JioBlackRock Money Market Fund - Direct Plan - Growth Option,INF22M001028,,Open Ended Schemes,Debt Scheme - Money Market Fund,1043.2236,02-Apr-2026
153650,Jio BlackRock Mutual Fund,JioBlackRock Overnight Fund - Direct Plan - Growth Option,INF22M001036,,Open Ended Schemes,Debt Scheme - Overnight Fund,1040.8167,05-Apr-2026
153651,Jio BlackRock Mutual Fund,JioBlackRock Liquid Fund - Direct Plan - Growth Option,INF22M001010,,Open Ended Schemes,Debt Scheme - Liquid Fund,1046.7247,05-Apr-2026
153652,Union Mutual Fund,Union Low Duration Fund - Regular Plan - Growth Option,INF582M01LU8,,Open Ended Schemes,Debt Scheme - Low Duration Fund,10.3183,02-Apr-2026
153653,Union Mutual Fund,Union Low Duration Fund - Regular Plan - IDCW Option,INF582M01LN3,INF582M01LO1,Open Ended Schemes,Debt Scheme - Low Duration Fund,10.3183,02-Apr-2026
153654,Union Mutual Fund,Union Low Duration Fund - Direct Plan - Growth Option,INF582M01LQ6,,Open Ended Schemes,Debt Scheme - Low Duration Fund,10.3743,02-Apr-2026
153655,Union Mutual Fund,Union Low Duration Fund - Direct Plan - IDCW Option,INF582M01LR4,INF582M01LS2,Open Ended Schemes,Debt Scheme - Low Duration Fund,10.3743,02-Apr-2026
153688,Tata Mutual Fund,Tata Liquid Fund - Regular Plan - Weekly IDCW Reinvestment,,INF277KA1EF9,Open Ended Schemes,Debt Scheme - Liquid Fund,1043.1452,05-Apr-2026
153689,Tata Mutual Fund,Tata Liquid Fund - Direct Plan - Weekly IDCW Reinvestment,,INF277KA1EE2,Open Ended Schemes,Debt Scheme - Liquid Fund,1047.7514,05-Apr-2026
153700,360 ONE Mutual Fund,360 ONE Overnight Fund - Regular Plan - Growth,INF579M01BD1,,Open Ended Schemes,Debt Scheme - Overnight Fund,1039.5507,05-Apr-2026
153701,360 ONE Mutual Fund,360 ONE Overnight Fund- Direct Plan - IDCW,INF579M01BH2,INF579M01BI0,Open Ended Schemes,Debt Scheme - Overnight Fund,1040.1663,05-Apr-2026
153702,360 ONE Mutual Fund,360 ONE Overnight Fund - Regular Plan - IDCW,INF579M01BE9,INF579M01BF6,Open Ended Schemes,Debt Scheme - Overnight Fund,1039.5507,05-Apr-2026
153703,360 ONE Mutual Fund,360 ONE Overnight Fund - Direct Plan - Growth,INF579M01BG4,,Open Ended Schemes,Debt Scheme - Overnight Fund,1040.1663,05-Apr-2026
153883,The Wealth Company Mutual Fund,THE WEALTH COMPANY LIQUID FUND DIRECT GROWTH,INF2F0001081,,Open Ended Schemes,Debt Scheme - Liquid Fund,1030.8718,05-Apr-2026
153884,The Wealth Company Mutual Fund,THE WEALTH COMPANY LIQUID FUND DIRECT MONTHLY IDCW,INF2F0001107,INF2F0001099,Open Ended Schemes,Debt Scheme - Liquid Fund,1005.7904,05-Apr-2026
153885,The Wealth Company Mutual Fund,THE WEALTH COMPANY LIQUID FUND REGULAR WEEKLY IDCW,INF2F0001180,INF2F0001172,Open Ended Schemes,Debt Scheme - Liquid Fund,1004.3814,05-Apr-2026
153886,The Wealth Company Mutual Fund,THE WEALTH COMPANY LIQUID FUND REGULAR DAILY IDCW,,INF2F0001131,Open Ended Schemes,Debt Scheme - Liquid Fund,1002,05-Apr-2026
153887,The Wealth Company Mutual Fund,THE WEALTH COMPANY LIQUID FUND DIRECT DAILY ICDW,,INF2F0001073,Open Ended Schemes,Debt Scheme - Liquid Fund,1002,05-Apr-2026
153888,The Wealth Company Mutual Fund,THE WEALTH COMPANY LIQUID FUND REGULAR GROWTH,INF2F0001149,,Open Ended Schemes,Debt Scheme - Liquid Fund,1030.1319,05-Apr-2026
153889,The Wealth Company Mutual Fund,THE WEALTH COMPANY LIQUID FUND DIRECT WEEKLY,INF2F0001123,INF2F0001115,Open Ended Schemes,Debt Scheme - Liquid Fund,1004.4109,05-Apr-2026
153890,The Wealth Company Mutual Fund,THE WEALTH COMPANY LIQUID FUND REGULAR MONTHLY IDCW,INF2F0001164,INF2F0001156,Open Ended Schemes,Debt Scheme - Liquid Fund,1005.7857,05-Apr-2026
153982,Groww Mutual Fund,Groww Money Market Fund Direct Growth,INF666M01MW3,,Open Ended Schemes,Debt Scheme - Money Market Fund,10.1978,02-Apr-2026
153991,Groww Mutual Fund,Groww Money Market Fund Direct IDCW,INF666M01MX1,INF666M01MY9,Open Ended Schemes,Debt Scheme - Money Market Fund,10.1977,02-Apr-2026
153992,Groww Mutual Fund,Groww Money Market Fund Regular Growth,INF666M01MZ6,,Open Ended Schemes,Debt Scheme - Money Market Fund,10.1772,02-Apr-2026
153993,Groww Mutual Fund,Groww Money Market Fund Regular IDCW,INF666M01NA7,INF666M01NB5,Open Ended Schemes,Debt Scheme - Money Market Fund,10.1773,02-Apr-2026
154010,Capitalmind Mutual Fund,Capitalmind Liquid Fund - Regular-Growth,INF226401042,,Open Ended Schemes,Debt Scheme - Liquid Fund,1023.1880,05-Apr-2026
154011,Capitalmind Mutual Fund,Capitalmind Liquid Fund - Direct-Growth,INF226401034,,Open Ended Schemes,Debt Scheme - Liquid Fund,1023.9130,05-Apr-2026
154047,Abakkus Mutual Fund,Abakkus Liquid Fund - Regular Plan - Growth,INF2JJD01078,,Open Ended Schemes,Debt Scheme - Liquid Fund,101.7149,05-Apr-2026
154048,Abakkus Mutual Fund,Abakkus Liquid Fund - Regular Plan - Monthly IDCW Reinvestment,,INF2JJD01086,Open Ended Schemes,Debt Scheme - Liquid Fund,100.4034,05-Apr-2026
154049,Abakkus Mutual Fund,Abakkus Liquid Fund - Direct Plan - Daily IDCW Reinvestment,,INF2JJD01011,Open Ended Schemes,Debt Scheme - Liquid Fund,100.0301,05-Apr-2026
154050,Abakkus Mutual Fund,Abakkus Liquid Fund - Direct Plan - Weekly IDCW Reinvestment,,INF2JJD01045,Open Ended Schemes,Debt Scheme - Liquid Fund,100.1657,05-Apr-2026
154051,Abakkus Mutual Fund,Abakkus Liquid Fund - Direct Plan - Growth,INF2JJD01029,,Open Ended Schemes,Debt Scheme - Liquid Fund,101.7406,05-Apr-2026
154052,Abakkus Mutual Fund,Abakkus Liquid Fund - Direct Plan - Quarterly IDCW Reinvestment,,INF2JJD01052,Open Ended Schemes,Debt Scheme - Liquid Fund,101.7399,05-Apr-2026
154053,Abakkus Mutual Fund,Abakkus Liquid Fund - Regular Plan - Daily IDCW Reinvestment,,INF2JJD01060,Open Ended Schemes,Debt Scheme - Liquid Fund,100.0317,05-Apr-2026
154054,Abakkus Mutual Fund,Abakkus Liquid Fund - Regular Plan - Quarterly IDCW Reinvestment,,INF2JJD01102,Open Ended Schemes,Debt Scheme - Liquid Fund,101.7151,05-Apr-2026
154055,Abakkus Mutual Fund,Abakkus Liquid Fund - Direct Plan - Monthly IDCW Reinvestment,,INF2JJD01037,Open Ended Schemes,Debt Scheme - Liquid Fund,100.4074,05-Apr-2026
154056,Abakkus Mutual Fund,Abakkus Liquid Fund - Regular Plan - Weekly IDCW Reinvestment,,INF2JJD01094,Open Ended Schemes,Debt Scheme - Liquid Fund,100.1695,05-Apr-2026
154070,Jio BlackRock Mutual Fund,JioBlackRock Overnight Fund - Unclaimed Redemption - Upto 3 years - Growth Option,,,Open Ended Schemes,Debt Scheme - Overnight Fund,1017.7624,05-Apr-2026
154081,Jio BlackRock Mutual Fund,JioBlackRock Low Duration Fund - Direct Plan - Growth Option,INF22M001150,,Open Ended Schemes,Debt Scheme - Low Duration Fund,1011.1633,02-Apr-2026
154083,quant Mutual Fund,quant Overnight Fund - Unclaimed IDCW Greater than 3 years,,,Open Ended Schemes,Debt Scheme - Overnight Fund,10,02-Apr-2026
154084,quant Mutual Fund,quant Overnight Fund - Unclaimed Redemption Less than 3 years,,,Open Ended Schemes,Debt Scheme - Overnight Fund,10.143,02-Apr-2026
154085,quant Mutual Fund,quant Overnight Fund - Unclaimed Redemption Greater than 3 years,,,Open Ended Schemes,Debt Scheme - Overnight Fund,10,02-Apr-2026
154086,quant Mutual Fund,quant Overnight Fund - Unclaimed IDCW Less than 3 years,,,Open Ended Schemes,Debt Scheme - Overnight Fund,10.1469,02-Apr-2026
154143,Shriram Mutual Fund,Shriram Money Market Fund - Regular Plan Growth Option,INF680P01489,,Open Ended Schemes,Debt Scheme - Money Market Fund,1010.3825,02-Apr-2026
154144,Shriram Mutual Fund,Shriram Money Market Fund - Direct Plan Growth Option,INF680P01471,,Open Ended Schemes,Debt Scheme - Money Market Fund,1010.8044,02-Apr-2026
154201,Bajaj Finserv Mutual Fund,Bajaj Finserv Low Duration Fund - Regular - IDCW,INF0QA701CD1,INF0QA701CE9,Open Ended Schemes,Debt Scheme - Low Duration Fund,1003.4182,02-Apr-2026
154202,Bajaj Finserv Mutual Fund,Bajaj Finserv Low Duration Fund - Direct - IDCW,INF0QA701CG4,INF0QA701CH2,Open Ended Schemes,Debt Scheme - Low Duration Fund,1004.3194,02-Apr-2026
154203,Bajaj Finserv Mutual Fund,Bajaj Finserv Low Duration Fund - Regular - Growth,INF0QA701CC3,,Open Ended Schemes,Debt Scheme - Low Duration Fund,1003.4182,02-Apr-2026
154204,Bajaj Finserv Mutual Fund,Bajaj Finserv Low Duration Fund - Direct - Growth,INF0QA701CF6,,Open Ended Schemes,Debt Scheme - Low Duration Fund,1004.3194,02-Apr-2026
